Copyright 1986-2020 Xilinx, Inc. All Rights Reserved.
-----------------------------------------------------------------------------------------------------------------------------------------------------------------------------------------------------------------------
| Tool Version : Vivado v.2020.2 (win64) Build 3064766 Wed Nov 18 09:12:45 MST 2020
| Date         : Tue Sep 29 22:33:23 2026
| Host         : MSI running 64-bit major release  (build 9200)
| Command      : report_timing_summary -max_paths 10 -file design_1_wrapper_timing_summary_routed.rpt -pb design_1_wrapper_timing_summary_routed.pb -rpx design_1_wrapper_timing_summary_routed.rpx -warn_on_violation
| Design       : design_1_wrapper
| Device       : 7z010-clg400
| Speed File   : -1  PRODUCTION 1.12 2019-11-22
-----------------------------------------------------------------------------------------------------------------------------------------------------------------------------------------------------------------------

Timing Summary Report

------------------------------------------------------------------------------------------------
| Timer Settings
| --------------
------------------------------------------------------------------------------------------------

  Enable Multi Corner Analysis               :  Yes
  Enable Pessimism Removal                   :  Yes
  Pessimism Removal Resolution               :  Nearest Common Node
  Enable Input Delay Default Clock           :  No
  Enable Preset / Clear Arcs                 :  No
  Disable Flight Delays                      :  No
  Ignore I/O Paths                           :  No
  Timing Early Launch at Borrowing Latches   :  No
  Borrow Time for Max Delay Exceptions       :  Yes
  Merge Timing Exceptions                    :  Yes

  Corner  Analyze    Analyze    
  Name    Max Paths  Min Paths  
  ------  ---------  ---------  
  Slow    Yes        Yes        
  Fast    Yes        Yes        



check_timing report

Table of Contents
-----------------
1. checking no_clock (2)
2. checking constant_clock (0)
3. checking pulse_width_clock (0)
4. checking unconstrained_internal_endpoints (2)
5. checking no_input_delay (0)
6. checking no_output_delay (14)
7. checking multiple_clock (0)
8. checking generated_clocks (0)
9. checking loops (0)
10. checking partial_input_delay (0)
11. checking partial_output_delay (0)
12. checking latch_loops (0)

1. checking no_clock (2)
------------------------
 There are 2 register/latch pins with no clock driven by root clock pin: design_1_i/proc_sys_reset_0/U0/ACTIVE_LOW_PR_OUT_DFF[0].FDRE_PER_N/Q (HIGH)


2. checking constant_clock (0)
------------------------------
 There are 0 register/latch pins with constant_clock.


3. checking pulse_width_clock (0)
---------------------------------
 There are 0 register/latch pins which need pulse_width check


4. checking unconstrained_internal_endpoints (2)
------------------------------------------------
 There are 2 pins that are not constrained for maximum delay. (HIGH)

 There are 0 pins that are not constrained for maximum delay due to constant clock.


5. checking no_input_delay (0)
------------------------------
 There are 0 input ports with no input delay specified.

 There are 0 input ports with no input delay but user has a false path constraint.


6. checking no_output_delay (14)
--------------------------------
 There are 14 ports with no output delay specified. (HIGH)

 There are 0 ports with no output delay but user has a false path constraint

 There are 0 ports with no output delay but with a timing clock defined on it or propagating through it


7. checking multiple_clock (0)
------------------------------
 There are 0 register/latch pins with multiple clocks.


8. checking generated_clocks (0)
--------------------------------
 There are 0 generated clocks that are not connected to a clock source.


9. checking loops (0)
---------------------
 There are 0 combinational loops in the design.


10. checking partial_input_delay (0)
------------------------------------
 There are 0 input ports with partial input delay specified.


11. checking partial_output_delay (0)
-------------------------------------
 There are 0 ports with partial output delay specified.


12. checking latch_loops (0)
----------------------------
 There are 0 combinational latch loops in the design through latch input



------------------------------------------------------------------------------------------------
| Design Timing Summary
| ---------------------
------------------------------------------------------------------------------------------------

    WNS(ns)      TNS(ns)  TNS Failing Endpoints  TNS Total Endpoints      WHS(ns)      THS(ns)  THS Failing Endpoints  THS Total Endpoints     WPWS(ns)     TPWS(ns)  TPWS Failing Endpoints  TPWS Total Endpoints  
    -------      -------  ---------------------  -------------------      -------      -------  ---------------------  -------------------     --------     --------  ----------------------  --------------------  
      2.440        0.000                      0                18727        0.026        0.000                      0                18727        3.500        0.000                       0                  7093  


All user specified timing constraints are met.


------------------------------------------------------------------------------------------------
| Clock Summary
| -------------
------------------------------------------------------------------------------------------------

Clock        Waveform(ns)         Period(ns)      Frequency(MHz)
-----        ------------         ----------      --------------
clk_fpga_0   {0.000 20.000}       40.000          25.000          
sys_clk_pin  {0.000 4.000}        8.000           125.000         


------------------------------------------------------------------------------------------------
| Intra Clock Table
| -----------------
------------------------------------------------------------------------------------------------

Clock             WNS(ns)      TNS(ns)  TNS Failing Endpoints  TNS Total Endpoints      WHS(ns)      THS(ns)  THS Failing Endpoints  THS Total Endpoints     WPWS(ns)     TPWS(ns)  TPWS Failing Endpoints  TPWS Total Endpoints  
-----             -------      -------  ---------------------  -------------------      -------      -------  ---------------------  -------------------     --------     --------  ----------------------  --------------------  
clk_fpga_0         24.968        0.000                      0                18180        0.026        0.000                      0                18180       18.750        0.000                       0                  7043  
sys_clk_pin         3.275        0.000                      0                   62        0.274        0.000                      0                   62        3.500        0.000                       0                    50  


------------------------------------------------------------------------------------------------
| Inter Clock Table
| -----------------
------------------------------------------------------------------------------------------------

From Clock    To Clock          WNS(ns)      TNS(ns)  TNS Failing Endpoints  TNS Total Endpoints      WHS(ns)      THS(ns)  THS Failing Endpoints  THS Total Endpoints  
----------    --------          -------      -------  ---------------------  -------------------      -------      -------  ---------------------  -------------------  
sys_clk_pin   clk_fpga_0          2.725        0.000                      0                    5        0.384        0.000                      0                    5  
clk_fpga_0    sys_clk_pin         3.555        0.000                      0                   60        0.137        0.000                      0                   60  


------------------------------------------------------------------------------------------------
| Other Path Groups Table
| -----------------------
------------------------------------------------------------------------------------------------

Path Group         From Clock         To Clock               WNS(ns)      TNS(ns)  TNS Failing Endpoints  TNS Total Endpoints      WHS(ns)      THS(ns)  THS Failing Endpoints  THS Total Endpoints  
----------         ----------         --------               -------      -------  ---------------------  -------------------      -------      -------  ---------------------  -------------------  
**async_default**  clk_fpga_0         clk_fpga_0              33.814        0.000                      0                  412        0.433        0.000                      0                  412  
**async_default**  clk_fpga_0         sys_clk_pin              2.440        0.000                      0                   48        0.625        0.000                      0                   48  


------------------------------------------------------------------------------------------------
| Timing Details
| --------------
------------------------------------------------------------------------------------------------


---------------------------------------------------------------------------------------------------
From Clock:  clk_fpga_0
  To Clock:  clk_fpga_0

Setup :            0  Failing Endpoints,  Worst Slack       24.968ns,  Total Violation        0.000ns
Hold  :            0  Failing Endpoints,  Worst Slack        0.026ns,  Total Violation        0.000ns
PW    :            0  Failing Endpoints,  Worst Slack       18.750ns,  Total Violation        0.000ns
---------------------------------------------------------------------------------------------------


Max Delay Paths
--------------------------------------------------------------------------------------
Slack (MET) :             24.968ns  (required time - arrival time)
  Source:                 design_1_i/ps7_0_axi_periph/xbar/inst/gen_samd.crossbar_samd/gen_slave_slots[0].gen_si_write.wdata_router_w/wrouter_aw_fifo/m_valid_i_reg/C
                            (rising edge-triggered cell FDRE clocked by clk_fpga_0  {rise@0.000ns fall@20.000ns period=40.000ns})
  Destination:            design_1_i/ps7_0_axi_periph/s00_couplers/auto_us/inst/gen_upsizer.gen_full_upsizer.axi_upsizer_inst/USE_WRITE.gen_non_fifo_w_upsizer.write_data_inst/WORD_LANE[1].USE_ALWAYS_PACKER.BYTE_LANE[0].USE_RTL_DATA.USE_REGISTER.M_AXI_WDATA_I_reg[35]/CE
                            (rising edge-triggered cell FDRE clocked by clk_fpga_0  {rise@0.000ns fall@20.000ns period=40.000ns})
  Path Group:             clk_fpga_0
  Path Type:              Setup (Max at Slow Process Corner)
  Requirement:            40.000ns  (clk_fpga_0 rise@40.000ns - clk_fpga_0 rise@0.000ns)
  Data Path Delay:        14.152ns  (logic 2.680ns (18.937%)  route 11.472ns (81.063%))
  Logic Levels:           11  (LUT2=2 LUT3=2 LUT4=1 LUT5=3 LUT6=3)
  Clock Path Skew:        -0.074ns (DCD - SCD + CPR)
    Destination Clock Delay (DCD):    2.686ns = ( 42.686 - 40.000 ) 
    Source Clock Delay      (SCD):    2.990ns
    Clock Pessimism Removal (CPR):    0.230ns
  Clock Uncertainty:      0.601ns  ((TSJ^2 + TIJ^2)^1/2 + DJ) / 2 + PE
    Total System Jitter     (TSJ):    0.071ns
    Total Input Jitter      (TIJ):    1.200ns
    Discrete Jitter          (DJ):    0.000ns
    Phase Error              (PE):    0.000ns

    Location             Delay type                Incr(ns)  Path(ns)    Netlist Resource(s)
  -------------------------------------------------------------------    -------------------
                         (clock clk_fpga_0 rise edge)
                                                      0.000     0.000 r  
    PS7_X0Y0             PS7                          0.000     0.000 r  design_1_i/processing_system7_0/inst/PS7_i/FCLKCLK[0]
                         net (fo=1, routed)           1.207     1.207    design_1_i/processing_system7_0/inst/FCLK_CLK_unbuffered[0]
    BUFGCTRL_X0Y0        BUFG (Prop_bufg_I_O)         0.101     1.308 r  design_1_i/processing_system7_0/inst/buffer_fclk_clk_0.FCLK_CLK_0_BUFG/O
                         net (fo=7094, routed)        1.682     2.990    design_1_i/ps7_0_axi_periph/xbar/inst/gen_samd.crossbar_samd/gen_slave_slots[0].gen_si_write.wdata_router_w/wrouter_aw_fifo/aclk
    SLICE_X6Y49          FDRE                                         r  design_1_i/ps7_0_axi_periph/xbar/inst/gen_samd.crossbar_samd/gen_slave_slots[0].gen_si_write.wdata_router_w/wrouter_aw_fifo/m_valid_i_reg/C
  -------------------------------------------------------------------    -------------------
    SLICE_X6Y49          FDRE (Prop_fdre_C_Q)         0.478     3.468 r  design_1_i/ps7_0_axi_periph/xbar/inst/gen_samd.crossbar_samd/gen_slave_slots[0].gen_si_write.wdata_router_w/wrouter_aw_fifo/m_valid_i_reg/Q
                         net (fo=3, routed)           1.057     4.525    design_1_i/ps7_0_axi_periph/xbar/inst/gen_samd.crossbar_samd/gen_slave_slots[0].gen_si_write.wdata_router_w/wrouter_aw_fifo/m_avalid_0
    SLICE_X5Y48          LUT2 (Prop_lut2_I0_O)        0.295     4.820 r  design_1_i/ps7_0_axi_periph/xbar/inst/gen_samd.crossbar_samd/gen_slave_slots[0].gen_si_write.wdata_router_w/wrouter_aw_fifo/m_axi_wvalid[1]_INST_0_i_2/O
                         net (fo=3, routed)           0.319     5.139    design_1_i/ps7_0_axi_periph/xbar/inst/gen_samd.crossbar_samd/gen_slave_slots[0].gen_si_write.wdata_router_w/wrouter_aw_fifo/m_axi_wvalid[1]_INST_0_i_2_n_0
    SLICE_X5Y47          LUT5 (Prop_lut5_I0_O)        0.124     5.263 r  design_1_i/ps7_0_axi_periph/xbar/inst/gen_samd.crossbar_samd/gen_slave_slots[0].gen_si_write.wdata_router_w/wrouter_aw_fifo/m_axi_wvalid[1]_INST_0/O
                         net (fo=5, routed)           1.761     7.024    design_1_i/ps7_0_axi_periph/m01_couplers/auto_ds/inst/gen_downsizer.gen_cascaded_downsizer.gen_axi3_conv.axi3_conv_inst/gen_axi4_axi3.axi3_conv_inst/USE_WRITE.write_addr_inst/USE_BURSTS.cmd_queue/inst/s_axi_wvalid
    SLICE_X5Y3           LUT3 (Prop_lut3_I1_O)        0.124     7.148 r  design_1_i/ps7_0_axi_periph/m01_couplers/auto_ds/inst/gen_downsizer.gen_cascaded_downsizer.gen_axi3_conv.axi3_conv_inst/gen_axi4_axi3.axi3_conv_inst/USE_WRITE.write_addr_inst/USE_BURSTS.cmd_queue/inst/m_axi_wvalid_INST_0/O
                         net (fo=4, routed)           0.437     7.585    design_1_i/ps7_0_axi_periph/m01_couplers/auto_pc/inst/gen_axi4_axi3.axi3_conv_inst/USE_WRITE.write_addr_inst/USE_BURSTS.cmd_queue/inst/s_axi_wvalid
    SLICE_X2Y3           LUT3 (Prop_lut3_I1_O)        0.119     7.704 r  design_1_i/ps7_0_axi_periph/m01_couplers/auto_pc/inst/gen_axi4_axi3.axi3_conv_inst/USE_WRITE.write_addr_inst/USE_BURSTS.cmd_queue/inst/s_axi_wready_INST_0/O
                         net (fo=11, routed)          1.057     8.761    design_1_i/ps7_0_axi_periph/m01_couplers/auto_ds/inst/gen_downsizer.gen_cascaded_downsizer.first_downsizer_inst/USE_WRITE.write_addr_inst/cmd_queue/inst/m_axi_wready
    SLICE_X5Y3           LUT5 (Prop_lut5_I3_O)        0.360     9.121 r  design_1_i/ps7_0_axi_periph/m01_couplers/auto_ds/inst/gen_downsizer.gen_cascaded_downsizer.first_downsizer_inst/USE_WRITE.write_addr_inst/cmd_queue/inst/s_axi_wready_INST_0/O
                         net (fo=3, routed)           1.752    10.873    design_1_i/ps7_0_axi_periph/xbar/inst/gen_samd.crossbar_samd/gen_slave_slots[0].gen_si_write.wdata_router_w/wrouter_aw_fifo/m_axi_wready[1]
    SLICE_X5Y47          LUT6 (Prop_lut6_I3_O)        0.326    11.199 r  design_1_i/ps7_0_axi_periph/xbar/inst/gen_samd.crossbar_samd/gen_slave_slots[0].gen_si_write.wdata_router_w/wrouter_aw_fifo/s_axi_wready[0]_INST_0_i_2/O
                         net (fo=1, routed)           0.550    11.750    design_1_i/ps7_0_axi_periph/xbar/inst/gen_samd.crossbar_samd/gen_slave_slots[0].gen_si_write.wdata_router_w/wrouter_aw_fifo/s_axi_wready[0]_INST_0_i_2_n_0
    SLICE_X5Y50          LUT6 (Prop_lut6_I0_O)        0.124    11.874 r  design_1_i/ps7_0_axi_periph/xbar/inst/gen_samd.crossbar_samd/gen_slave_slots[0].gen_si_write.wdata_router_w/wrouter_aw_fifo/s_axi_wready[0]_INST_0_i_1/O
                         net (fo=1, routed)           0.576    12.450    design_1_i/ps7_0_axi_periph/xbar/inst/gen_samd.crossbar_samd/gen_slave_slots[0].gen_si_write.wdata_router_w/wrouter_aw_fifo/m_aready0
    SLICE_X5Y48          LUT2 (Prop_lut2_I1_O)        0.150    12.600 r  design_1_i/ps7_0_axi_periph/xbar/inst/gen_samd.crossbar_samd/gen_slave_slots[0].gen_si_write.wdata_router_w/wrouter_aw_fifo/s_axi_wready[0]_INST_0/O
                         net (fo=38, routed)          1.261    13.861    design_1_i/ps7_0_axi_periph/s00_couplers/auto_us/inst/gen_upsizer.gen_full_upsizer.axi_upsizer_inst/USE_WRITE.gen_non_fifo_w_upsizer.write_data_inst/m_axi_wready
    SLICE_X6Y31          LUT6 (Prop_lut6_I0_O)        0.332    14.193 r  design_1_i/ps7_0_axi_periph/s00_couplers/auto_us/inst/gen_upsizer.gen_full_upsizer.axi_upsizer_inst/USE_WRITE.gen_non_fifo_w_upsizer.write_data_inst/USE_RTL_LENGTH.first_mi_word_q_i_2/O
                         net (fo=36, routed)          1.234    15.427    design_1_i/ps7_0_axi_periph/s00_couplers/auto_us/inst/gen_upsizer.gen_full_upsizer.axi_upsizer_inst/USE_WRITE.write_addr_inst/GEN_CMD_QUEUE.cmd_queue/USE_FF_OUT.USE_RTL_OUTPUT_PIPELINE.M_MESG_Q_reg[0]_0
    SLICE_X5Y28          LUT4 (Prop_lut4_I2_O)        0.124    15.551 r  design_1_i/ps7_0_axi_periph/s00_couplers/auto_us/inst/gen_upsizer.gen_full_upsizer.axi_upsizer_inst/USE_WRITE.write_addr_inst/GEN_CMD_QUEUE.cmd_queue/WORD_LANE[1].USE_ALWAYS_PACKER.BYTE_LANE[0].USE_RTL_DATA.USE_REGISTER.M_AXI_WDATA_I[39]_i_3/O
                         net (fo=9, routed)           0.964    16.515    design_1_i/ps7_0_axi_periph/s00_couplers/auto_us/inst/gen_upsizer.gen_full_upsizer.axi_upsizer_inst/USE_WRITE.gen_non_fifo_w_upsizer.write_data_inst/WORD_LANE[1].USE_ALWAYS_PACKER.BYTE_LANE[0].USE_RTL_DATA.USE_REGISTER.M_AXI_WDATA_I_reg[32]_0
    SLICE_X10Y27         LUT5 (Prop_lut5_I4_O)        0.124    16.639 r  design_1_i/ps7_0_axi_periph/s00_couplers/auto_us/inst/gen_upsizer.gen_full_upsizer.axi_upsizer_inst/USE_WRITE.gen_non_fifo_w_upsizer.write_data_inst/WORD_LANE[1].USE_ALWAYS_PACKER.BYTE_LANE[0].USE_RTL_DATA.USE_REGISTER.M_AXI_WDATA_I[39]_i_1/O
                         net (fo=8, routed)           0.503    17.142    design_1_i/ps7_0_axi_periph/s00_couplers/auto_us/inst/gen_upsizer.gen_full_upsizer.axi_upsizer_inst/USE_WRITE.gen_non_fifo_w_upsizer.write_data_inst/WORD_LANE[1].USE_ALWAYS_PACKER.BYTE_LANE[0].USE_RTL_DATA.USE_REGISTER.M_AXI_WDATA_I[39]_i_1_n_0
    SLICE_X9Y27          FDRE                                         r  design_1_i/ps7_0_axi_periph/s00_couplers/auto_us/inst/gen_upsizer.gen_full_upsizer.axi_upsizer_inst/USE_WRITE.gen_non_fifo_w_upsizer.write_data_inst/WORD_LANE[1].USE_ALWAYS_PACKER.BYTE_LANE[0].USE_RTL_DATA.USE_REGISTER.M_AXI_WDATA_I_reg[35]/CE
  -------------------------------------------------------------------    -------------------

                         (clock clk_fpga_0 rise edge)
                                                     40.000    40.000 r  
    PS7_X0Y0             PS7                          0.000    40.000 r  design_1_i/processing_system7_0/inst/PS7_i/FCLKCLK[0]
                         net (fo=1, routed)           1.101    41.101    design_1_i/processing_system7_0/inst/FCLK_CLK_unbuffered[0]
    BUFGCTRL_X0Y0        BUFG (Prop_bufg_I_O)         0.091    41.192 r  design_1_i/processing_system7_0/inst/buffer_fclk_clk_0.FCLK_CLK_0_BUFG/O
                         net (fo=7094, routed)        1.493    42.686    design_1_i/ps7_0_axi_periph/s00_couplers/auto_us/inst/gen_upsizer.gen_full_upsizer.axi_upsizer_inst/USE_WRITE.gen_non_fifo_w_upsizer.write_data_inst/USE_RTL_LENGTH.length_counter_q_reg[0]_0
    SLICE_X9Y27          FDRE                                         r  design_1_i/ps7_0_axi_periph/s00_couplers/auto_us/inst/gen_upsizer.gen_full_upsizer.axi_upsizer_inst/USE_WRITE.gen_non_fifo_w_upsizer.write_data_inst/WORD_LANE[1].USE_ALWAYS_PACKER.BYTE_LANE[0].USE_RTL_DATA.USE_REGISTER.M_AXI_WDATA_I_reg[35]/C
                         clock pessimism              0.230    42.916    
                         clock uncertainty           -0.601    42.315    
    SLICE_X9Y27          FDRE (Setup_fdre_C_CE)      -0.205    42.110    design_1_i/ps7_0_axi_periph/s00_couplers/auto_us/inst/gen_upsizer.gen_full_upsizer.axi_upsizer_inst/USE_WRITE.gen_non_fifo_w_upsizer.write_data_inst/WORD_LANE[1].USE_ALWAYS_PACKER.BYTE_LANE[0].USE_RTL_DATA.USE_REGISTER.M_AXI_WDATA_I_reg[35]
  -------------------------------------------------------------------
                         required time                         42.110    
                         arrival time                         -17.142    
  -------------------------------------------------------------------
                         slack                                 24.968    

Slack (MET) :             24.968ns  (required time - arrival time)
  Source:                 design_1_i/ps7_0_axi_periph/xbar/inst/gen_samd.crossbar_samd/gen_slave_slots[0].gen_si_write.wdata_router_w/wrouter_aw_fifo/m_valid_i_reg/C
                            (rising edge-triggered cell FDRE clocked by clk_fpga_0  {rise@0.000ns fall@20.000ns period=40.000ns})
  Destination:            design_1_i/ps7_0_axi_periph/s00_couplers/auto_us/inst/gen_upsizer.gen_full_upsizer.axi_upsizer_inst/USE_WRITE.gen_non_fifo_w_upsizer.write_data_inst/WORD_LANE[1].USE_ALWAYS_PACKER.BYTE_LANE[0].USE_RTL_DATA.USE_REGISTER.M_AXI_WDATA_I_reg[36]/CE
                            (rising edge-triggered cell FDRE clocked by clk_fpga_0  {rise@0.000ns fall@20.000ns period=40.000ns})
  Path Group:             clk_fpga_0
  Path Type:              Setup (Max at Slow Process Corner)
  Requirement:            40.000ns  (clk_fpga_0 rise@40.000ns - clk_fpga_0 rise@0.000ns)
  Data Path Delay:        14.152ns  (logic 2.680ns (18.937%)  route 11.472ns (81.063%))
  Logic Levels:           11  (LUT2=2 LUT3=2 LUT4=1 LUT5=3 LUT6=3)
  Clock Path Skew:        -0.074ns (DCD - SCD + CPR)
    Destination Clock Delay (DCD):    2.686ns = ( 42.686 - 40.000 ) 
    Source Clock Delay      (SCD):    2.990ns
    Clock Pessimism Removal (CPR):    0.230ns
  Clock Uncertainty:      0.601ns  ((TSJ^2 + TIJ^2)^1/2 + DJ) / 2 + PE
    Total System Jitter     (TSJ):    0.071ns
    Total Input Jitter      (TIJ):    1.200ns
    Discrete Jitter          (DJ):    0.000ns
    Phase Error              (PE):    0.000ns

    Location             Delay type                Incr(ns)  Path(ns)    Netlist Resource(s)
  -------------------------------------------------------------------    -------------------
                         (clock clk_fpga_0 rise edge)
                                                      0.000     0.000 r  
    PS7_X0Y0             PS7                          0.000     0.000 r  design_1_i/processing_system7_0/inst/PS7_i/FCLKCLK[0]
                         net (fo=1, routed)           1.207     1.207    design_1_i/processing_system7_0/inst/FCLK_CLK_unbuffered[0]
    BUFGCTRL_X0Y0        BUFG (Prop_bufg_I_O)         0.101     1.308 r  design_1_i/processing_system7_0/inst/buffer_fclk_clk_0.FCLK_CLK_0_BUFG/O
                         net (fo=7094, routed)        1.682     2.990    design_1_i/ps7_0_axi_periph/xbar/inst/gen_samd.crossbar_samd/gen_slave_slots[0].gen_si_write.wdata_router_w/wrouter_aw_fifo/aclk
    SLICE_X6Y49          FDRE                                         r  design_1_i/ps7_0_axi_periph/xbar/inst/gen_samd.crossbar_samd/gen_slave_slots[0].gen_si_write.wdata_router_w/wrouter_aw_fifo/m_valid_i_reg/C
  -------------------------------------------------------------------    -------------------
    SLICE_X6Y49          FDRE (Prop_fdre_C_Q)         0.478     3.468 r  design_1_i/ps7_0_axi_periph/xbar/inst/gen_samd.crossbar_samd/gen_slave_slots[0].gen_si_write.wdata_router_w/wrouter_aw_fifo/m_valid_i_reg/Q
                         net (fo=3, routed)           1.057     4.525    design_1_i/ps7_0_axi_periph/xbar/inst/gen_samd.crossbar_samd/gen_slave_slots[0].gen_si_write.wdata_router_w/wrouter_aw_fifo/m_avalid_0
    SLICE_X5Y48          LUT2 (Prop_lut2_I0_O)        0.295     4.820 r  design_1_i/ps7_0_axi_periph/xbar/inst/gen_samd.crossbar_samd/gen_slave_slots[0].gen_si_write.wdata_router_w/wrouter_aw_fifo/m_axi_wvalid[1]_INST_0_i_2/O
                         net (fo=3, routed)           0.319     5.139    design_1_i/ps7_0_axi_periph/xbar/inst/gen_samd.crossbar_samd/gen_slave_slots[0].gen_si_write.wdata_router_w/wrouter_aw_fifo/m_axi_wvalid[1]_INST_0_i_2_n_0
    SLICE_X5Y47          LUT5 (Prop_lut5_I0_O)        0.124     5.263 r  design_1_i/ps7_0_axi_periph/xbar/inst/gen_samd.crossbar_samd/gen_slave_slots[0].gen_si_write.wdata_router_w/wrouter_aw_fifo/m_axi_wvalid[1]_INST_0/O
                         net (fo=5, routed)           1.761     7.024    design_1_i/ps7_0_axi_periph/m01_couplers/auto_ds/inst/gen_downsizer.gen_cascaded_downsizer.gen_axi3_conv.axi3_conv_inst/gen_axi4_axi3.axi3_conv_inst/USE_WRITE.write_addr_inst/USE_BURSTS.cmd_queue/inst/s_axi_wvalid
    SLICE_X5Y3           LUT3 (Prop_lut3_I1_O)        0.124     7.148 r  design_1_i/ps7_0_axi_periph/m01_couplers/auto_ds/inst/gen_downsizer.gen_cascaded_downsizer.gen_axi3_conv.axi3_conv_inst/gen_axi4_axi3.axi3_conv_inst/USE_WRITE.write_addr_inst/USE_BURSTS.cmd_queue/inst/m_axi_wvalid_INST_0/O
                         net (fo=4, routed)           0.437     7.585    design_1_i/ps7_0_axi_periph/m01_couplers/auto_pc/inst/gen_axi4_axi3.axi3_conv_inst/USE_WRITE.write_addr_inst/USE_BURSTS.cmd_queue/inst/s_axi_wvalid
    SLICE_X2Y3           LUT3 (Prop_lut3_I1_O)        0.119     7.704 r  design_1_i/ps7_0_axi_periph/m01_couplers/auto_pc/inst/gen_axi4_axi3.axi3_conv_inst/USE_WRITE.write_addr_inst/USE_BURSTS.cmd_queue/inst/s_axi_wready_INST_0/O
                         net (fo=11, routed)          1.057     8.761    design_1_i/ps7_0_axi_periph/m01_couplers/auto_ds/inst/gen_downsizer.gen_cascaded_downsizer.first_downsizer_inst/USE_WRITE.write_addr_inst/cmd_queue/inst/m_axi_wready
    SLICE_X5Y3           LUT5 (Prop_lut5_I3_O)        0.360     9.121 r  design_1_i/ps7_0_axi_periph/m01_couplers/auto_ds/inst/gen_downsizer.gen_cascaded_downsizer.first_downsizer_inst/USE_WRITE.write_addr_inst/cmd_queue/inst/s_axi_wready_INST_0/O
                         net (fo=3, routed)           1.752    10.873    design_1_i/ps7_0_axi_periph/xbar/inst/gen_samd.crossbar_samd/gen_slave_slots[0].gen_si_write.wdata_router_w/wrouter_aw_fifo/m_axi_wready[1]
    SLICE_X5Y47          LUT6 (Prop_lut6_I3_O)        0.326    11.199 r  design_1_i/ps7_0_axi_periph/xbar/inst/gen_samd.crossbar_samd/gen_slave_slots[0].gen_si_write.wdata_router_w/wrouter_aw_fifo/s_axi_wready[0]_INST_0_i_2/O
                         net (fo=1, routed)           0.550    11.750    design_1_i/ps7_0_axi_periph/xbar/inst/gen_samd.crossbar_samd/gen_slave_slots[0].gen_si_write.wdata_router_w/wrouter_aw_fifo/s_axi_wready[0]_INST_0_i_2_n_0
    SLICE_X5Y50          LUT6 (Prop_lut6_I0_O)        0.124    11.874 r  design_1_i/ps7_0_axi_periph/xbar/inst/gen_samd.crossbar_samd/gen_slave_slots[0].gen_si_write.wdata_router_w/wrouter_aw_fifo/s_axi_wready[0]_INST_0_i_1/O
                         net (fo=1, routed)           0.576    12.450    design_1_i/ps7_0_axi_periph/xbar/inst/gen_samd.crossbar_samd/gen_slave_slots[0].gen_si_write.wdata_router_w/wrouter_aw_fifo/m_aready0
    SLICE_X5Y48          LUT2 (Prop_lut2_I1_O)        0.150    12.600 r  design_1_i/ps7_0_axi_periph/xbar/inst/gen_samd.crossbar_samd/gen_slave_slots[0].gen_si_write.wdata_router_w/wrouter_aw_fifo/s_axi_wready[0]_INST_0/O
                         net (fo=38, routed)          1.261    13.861    design_1_i/ps7_0_axi_periph/s00_couplers/auto_us/inst/gen_upsizer.gen_full_upsizer.axi_upsizer_inst/USE_WRITE.gen_non_fifo_w_upsizer.write_data_inst/m_axi_wready
    SLICE_X6Y31          LUT6 (Prop_lut6_I0_O)        0.332    14.193 r  design_1_i/ps7_0_axi_periph/s00_couplers/auto_us/inst/gen_upsizer.gen_full_upsizer.axi_upsizer_inst/USE_WRITE.gen_non_fifo_w_upsizer.write_data_inst/USE_RTL_LENGTH.first_mi_word_q_i_2/O
                         net (fo=36, routed)          1.234    15.427    design_1_i/ps7_0_axi_periph/s00_couplers/auto_us/inst/gen_upsizer.gen_full_upsizer.axi_upsizer_inst/USE_WRITE.write_addr_inst/GEN_CMD_QUEUE.cmd_queue/USE_FF_OUT.USE_RTL_OUTPUT_PIPELINE.M_MESG_Q_reg[0]_0
    SLICE_X5Y28          LUT4 (Prop_lut4_I2_O)        0.124    15.551 r  design_1_i/ps7_0_axi_periph/s00_couplers/auto_us/inst/gen_upsizer.gen_full_upsizer.axi_upsizer_inst/USE_WRITE.write_addr_inst/GEN_CMD_QUEUE.cmd_queue/WORD_LANE[1].USE_ALWAYS_PACKER.BYTE_LANE[0].USE_RTL_DATA.USE_REGISTER.M_AXI_WDATA_I[39]_i_3/O
                         net (fo=9, routed)           0.964    16.515    design_1_i/ps7_0_axi_periph/s00_couplers/auto_us/inst/gen_upsizer.gen_full_upsizer.axi_upsizer_inst/USE_WRITE.gen_non_fifo_w_upsizer.write_data_inst/WORD_LANE[1].USE_ALWAYS_PACKER.BYTE_LANE[0].USE_RTL_DATA.USE_REGISTER.M_AXI_WDATA_I_reg[32]_0
    SLICE_X10Y27         LUT5 (Prop_lut5_I4_O)        0.124    16.639 r  design_1_i/ps7_0_axi_periph/s00_couplers/auto_us/inst/gen_upsizer.gen_full_upsizer.axi_upsizer_inst/USE_WRITE.gen_non_fifo_w_upsizer.write_data_inst/WORD_LANE[1].USE_ALWAYS_PACKER.BYTE_LANE[0].USE_RTL_DATA.USE_REGISTER.M_AXI_WDATA_I[39]_i_1/O
                         net (fo=8, routed)           0.503    17.142    design_1_i/ps7_0_axi_periph/s00_couplers/auto_us/inst/gen_upsizer.gen_full_upsizer.axi_upsizer_inst/USE_WRITE.gen_non_fifo_w_upsizer.write_data_inst/WORD_LANE[1].USE_ALWAYS_PACKER.BYTE_LANE[0].USE_RTL_DATA.USE_REGISTER.M_AXI_WDATA_I[39]_i_1_n_0
    SLICE_X9Y27          FDRE                                         r  design_1_i/ps7_0_axi_periph/s00_couplers/auto_us/inst/gen_upsizer.gen_full_upsizer.axi_upsizer_inst/USE_WRITE.gen_non_fifo_w_upsizer.write_data_inst/WORD_LANE[1].USE_ALWAYS_PACKER.BYTE_LANE[0].USE_RTL_DATA.USE_REGISTER.M_AXI_WDATA_I_reg[36]/CE
  -------------------------------------------------------------------    -------------------

                         (clock clk_fpga_0 rise edge)
                                                     40.000    40.000 r  
    PS7_X0Y0             PS7                          0.000    40.000 r  design_1_i/processing_system7_0/inst/PS7_i/FCLKCLK[0]
                         net (fo=1, routed)           1.101    41.101    design_1_i/processing_system7_0/inst/FCLK_CLK_unbuffered[0]
    BUFGCTRL_X0Y0        BUFG (Prop_bufg_I_O)         0.091    41.192 r  design_1_i/processing_system7_0/inst/buffer_fclk_clk_0.FCLK_CLK_0_BUFG/O
                         net (fo=7094, routed)        1.493    42.686    design_1_i/ps7_0_axi_periph/s00_couplers/auto_us/inst/gen_upsizer.gen_full_upsizer.axi_upsizer_inst/USE_WRITE.gen_non_fifo_w_upsizer.write_data_inst/USE_RTL_LENGTH.length_counter_q_reg[0]_0
    SLICE_X9Y27          FDRE                                         r  design_1_i/ps7_0_axi_periph/s00_couplers/auto_us/inst/gen_upsizer.gen_full_upsizer.axi_upsizer_inst/USE_WRITE.gen_non_fifo_w_upsizer.write_data_inst/WORD_LANE[1].USE_ALWAYS_PACKER.BYTE_LANE[0].USE_RTL_DATA.USE_REGISTER.M_AXI_WDATA_I_reg[36]/C
                         clock pessimism              0.230    42.916    
                         clock uncertainty           -0.601    42.315    
    SLICE_X9Y27          FDRE (Setup_fdre_C_CE)      -0.205    42.110    design_1_i/ps7_0_axi_periph/s00_couplers/auto_us/inst/gen_upsizer.gen_full_upsizer.axi_upsizer_inst/USE_WRITE.gen_non_fifo_w_upsizer.write_data_inst/WORD_LANE[1].USE_ALWAYS_PACKER.BYTE_LANE[0].USE_RTL_DATA.USE_REGISTER.M_AXI_WDATA_I_reg[36]
  -------------------------------------------------------------------
                         required time                         42.110    
                         arrival time                         -17.142    
  -------------------------------------------------------------------
                         slack                                 24.968    

Slack (MET) :             24.968ns  (required time - arrival time)
  Source:                 design_1_i/ps7_0_axi_periph/xbar/inst/gen_samd.crossbar_samd/gen_slave_slots[0].gen_si_write.wdata_router_w/wrouter_aw_fifo/m_valid_i_reg/C
                            (rising edge-triggered cell FDRE clocked by clk_fpga_0  {rise@0.000ns fall@20.000ns period=40.000ns})
  Destination:            design_1_i/ps7_0_axi_periph/s00_couplers/auto_us/inst/gen_upsizer.gen_full_upsizer.axi_upsizer_inst/USE_WRITE.gen_non_fifo_w_upsizer.write_data_inst/WORD_LANE[1].USE_ALWAYS_PACKER.BYTE_LANE[0].USE_RTL_DATA.USE_REGISTER.M_AXI_WDATA_I_reg[38]/CE
                            (rising edge-triggered cell FDRE clocked by clk_fpga_0  {rise@0.000ns fall@20.000ns period=40.000ns})
  Path Group:             clk_fpga_0
  Path Type:              Setup (Max at Slow Process Corner)
  Requirement:            40.000ns  (clk_fpga_0 rise@40.000ns - clk_fpga_0 rise@0.000ns)
  Data Path Delay:        14.152ns  (logic 2.680ns (18.937%)  route 11.472ns (81.063%))
  Logic Levels:           11  (LUT2=2 LUT3=2 LUT4=1 LUT5=3 LUT6=3)
  Clock Path Skew:        -0.074ns (DCD - SCD + CPR)
    Destination Clock Delay (DCD):    2.686ns = ( 42.686 - 40.000 ) 
    Source Clock Delay      (SCD):    2.990ns
    Clock Pessimism Removal (CPR):    0.230ns
  Clock Uncertainty:      0.601ns  ((TSJ^2 + TIJ^2)^1/2 + DJ) / 2 + PE
    Total System Jitter     (TSJ):    0.071ns
    Total Input Jitter      (TIJ):    1.200ns
    Discrete Jitter          (DJ):    0.000ns
    Phase Error              (PE):    0.000ns

    Location             Delay type                Incr(ns)  Path(ns)    Netlist Resource(s)
  -------------------------------------------------------------------    -------------------
                         (clock clk_fpga_0 rise edge)
                                                      0.000     0.000 r  
    PS7_X0Y0             PS7                          0.000     0.000 r  design_1_i/processing_system7_0/inst/PS7_i/FCLKCLK[0]
                         net (fo=1, routed)           1.207     1.207    design_1_i/processing_system7_0/inst/FCLK_CLK_unbuffered[0]
    BUFGCTRL_X0Y0        BUFG (Prop_bufg_I_O)         0.101     1.308 r  design_1_i/processing_system7_0/inst/buffer_fclk_clk_0.FCLK_CLK_0_BUFG/O
                         net (fo=7094, routed)        1.682     2.990    design_1_i/ps7_0_axi_periph/xbar/inst/gen_samd.crossbar_samd/gen_slave_slots[0].gen_si_write.wdata_router_w/wrouter_aw_fifo/aclk
    SLICE_X6Y49          FDRE                                         r  design_1_i/ps7_0_axi_periph/xbar/inst/gen_samd.crossbar_samd/gen_slave_slots[0].gen_si_write.wdata_router_w/wrouter_aw_fifo/m_valid_i_reg/C
  -------------------------------------------------------------------    -------------------
    SLICE_X6Y49          FDRE (Prop_fdre_C_Q)         0.478     3.468 r  design_1_i/ps7_0_axi_periph/xbar/inst/gen_samd.crossbar_samd/gen_slave_slots[0].gen_si_write.wdata_router_w/wrouter_aw_fifo/m_valid_i_reg/Q
                         net (fo=3, routed)           1.057     4.525    design_1_i/ps7_0_axi_periph/xbar/inst/gen_samd.crossbar_samd/gen_slave_slots[0].gen_si_write.wdata_router_w/wrouter_aw_fifo/m_avalid_0
    SLICE_X5Y48          LUT2 (Prop_lut2_I0_O)        0.295     4.820 r  design_1_i/ps7_0_axi_periph/xbar/inst/gen_samd.crossbar_samd/gen_slave_slots[0].gen_si_write.wdata_router_w/wrouter_aw_fifo/m_axi_wvalid[1]_INST_0_i_2/O
                         net (fo=3, routed)           0.319     5.139    design_1_i/ps7_0_axi_periph/xbar/inst/gen_samd.crossbar_samd/gen_slave_slots[0].gen_si_write.wdata_router_w/wrouter_aw_fifo/m_axi_wvalid[1]_INST_0_i_2_n_0
    SLICE_X5Y47          LUT5 (Prop_lut5_I0_O)        0.124     5.263 r  design_1_i/ps7_0_axi_periph/xbar/inst/gen_samd.crossbar_samd/gen_slave_slots[0].gen_si_write.wdata_router_w/wrouter_aw_fifo/m_axi_wvalid[1]_INST_0/O
                         net (fo=5, routed)           1.761     7.024    design_1_i/ps7_0_axi_periph/m01_couplers/auto_ds/inst/gen_downsizer.gen_cascaded_downsizer.gen_axi3_conv.axi3_conv_inst/gen_axi4_axi3.axi3_conv_inst/USE_WRITE.write_addr_inst/USE_BURSTS.cmd_queue/inst/s_axi_wvalid
    SLICE_X5Y3           LUT3 (Prop_lut3_I1_O)        0.124     7.148 r  design_1_i/ps7_0_axi_periph/m01_couplers/auto_ds/inst/gen_downsizer.gen_cascaded_downsizer.gen_axi3_conv.axi3_conv_inst/gen_axi4_axi3.axi3_conv_inst/USE_WRITE.write_addr_inst/USE_BURSTS.cmd_queue/inst/m_axi_wvalid_INST_0/O
                         net (fo=4, routed)           0.437     7.585    design_1_i/ps7_0_axi_periph/m01_couplers/auto_pc/inst/gen_axi4_axi3.axi3_conv_inst/USE_WRITE.write_addr_inst/USE_BURSTS.cmd_queue/inst/s_axi_wvalid
    SLICE_X2Y3           LUT3 (Prop_lut3_I1_O)        0.119     7.704 r  design_1_i/ps7_0_axi_periph/m01_couplers/auto_pc/inst/gen_axi4_axi3.axi3_conv_inst/USE_WRITE.write_addr_inst/USE_BURSTS.cmd_queue/inst/s_axi_wready_INST_0/O
                         net (fo=11, routed)          1.057     8.761    design_1_i/ps7_0_axi_periph/m01_couplers/auto_ds/inst/gen_downsizer.gen_cascaded_downsizer.first_downsizer_inst/USE_WRITE.write_addr_inst/cmd_queue/inst/m_axi_wready
    SLICE_X5Y3           LUT5 (Prop_lut5_I3_O)        0.360     9.121 r  design_1_i/ps7_0_axi_periph/m01_couplers/auto_ds/inst/gen_downsizer.gen_cascaded_downsizer.first_downsizer_inst/USE_WRITE.write_addr_inst/cmd_queue/inst/s_axi_wready_INST_0/O
                         net (fo=3, routed)           1.752    10.873    design_1_i/ps7_0_axi_periph/xbar/inst/gen_samd.crossbar_samd/gen_slave_slots[0].gen_si_write.wdata_router_w/wrouter_aw_fifo/m_axi_wready[1]
    SLICE_X5Y47          LUT6 (Prop_lut6_I3_O)        0.326    11.199 r  design_1_i/ps7_0_axi_periph/xbar/inst/gen_samd.crossbar_samd/gen_slave_slots[0].gen_si_write.wdata_router_w/wrouter_aw_fifo/s_axi_wready[0]_INST_0_i_2/O
                         net (fo=1, routed)           0.550    11.750    design_1_i/ps7_0_axi_periph/xbar/inst/gen_samd.crossbar_samd/gen_slave_slots[0].gen_si_write.wdata_router_w/wrouter_aw_fifo/s_axi_wready[0]_INST_0_i_2_n_0
    SLICE_X5Y50          LUT6 (Prop_lut6_I0_O)        0.124    11.874 r  design_1_i/ps7_0_axi_periph/xbar/inst/gen_samd.crossbar_samd/gen_slave_slots[0].gen_si_write.wdata_router_w/wrouter_aw_fifo/s_axi_wready[0]_INST_0_i_1/O
                         net (fo=1, routed)           0.576    12.450    design_1_i/ps7_0_axi_periph/xbar/inst/gen_samd.crossbar_samd/gen_slave_slots[0].gen_si_write.wdata_router_w/wrouter_aw_fifo/m_aready0
    SLICE_X5Y48          LUT2 (Prop_lut2_I1_O)        0.150    12.600 r  design_1_i/ps7_0_axi_periph/xbar/inst/gen_samd.crossbar_samd/gen_slave_slots[0].gen_si_write.wdata_router_w/wrouter_aw_fifo/s_axi_wready[0]_INST_0/O
                         net (fo=38, routed)          1.261    13.861    design_1_i/ps7_0_axi_periph/s00_couplers/auto_us/inst/gen_upsizer.gen_full_upsizer.axi_upsizer_inst/USE_WRITE.gen_non_fifo_w_upsizer.write_data_inst/m_axi_wready
    SLICE_X6Y31          LUT6 (Prop_lut6_I0_O)        0.332    14.193 r  design_1_i/ps7_0_axi_periph/s00_couplers/auto_us/inst/gen_upsizer.gen_full_upsizer.axi_upsizer_inst/USE_WRITE.gen_non_fifo_w_upsizer.write_data_inst/USE_RTL_LENGTH.first_mi_word_q_i_2/O
                         net (fo=36, routed)          1.234    15.427    design_1_i/ps7_0_axi_periph/s00_couplers/auto_us/inst/gen_upsizer.gen_full_upsizer.axi_upsizer_inst/USE_WRITE.write_addr_inst/GEN_CMD_QUEUE.cmd_queue/USE_FF_OUT.USE_RTL_OUTPUT_PIPELINE.M_MESG_Q_reg[0]_0
    SLICE_X5Y28          LUT4 (Prop_lut4_I2_O)        0.124    15.551 r  design_1_i/ps7_0_axi_periph/s00_couplers/auto_us/inst/gen_upsizer.gen_full_upsizer.axi_upsizer_inst/USE_WRITE.write_addr_inst/GEN_CMD_QUEUE.cmd_queue/WORD_LANE[1].USE_ALWAYS_PACKER.BYTE_LANE[0].USE_RTL_DATA.USE_REGISTER.M_AXI_WDATA_I[39]_i_3/O
                         net (fo=9, routed)           0.964    16.515    design_1_i/ps7_0_axi_periph/s00_couplers/auto_us/inst/gen_upsizer.gen_full_upsizer.axi_upsizer_inst/USE_WRITE.gen_non_fifo_w_upsizer.write_data_inst/WORD_LANE[1].USE_ALWAYS_PACKER.BYTE_LANE[0].USE_RTL_DATA.USE_REGISTER.M_AXI_WDATA_I_reg[32]_0
    SLICE_X10Y27         LUT5 (Prop_lut5_I4_O)        0.124    16.639 r  design_1_i/ps7_0_axi_periph/s00_couplers/auto_us/inst/gen_upsizer.gen_full_upsizer.axi_upsizer_inst/USE_WRITE.gen_non_fifo_w_upsizer.write_data_inst/WORD_LANE[1].USE_ALWAYS_PACKER.BYTE_LANE[0].USE_RTL_DATA.USE_REGISTER.M_AXI_WDATA_I[39]_i_1/O
                         net (fo=8, routed)           0.503    17.142    design_1_i/ps7_0_axi_periph/s00_couplers/auto_us/inst/gen_upsizer.gen_full_upsizer.axi_upsizer_inst/USE_WRITE.gen_non_fifo_w_upsizer.write_data_inst/WORD_LANE[1].USE_ALWAYS_PACKER.BYTE_LANE[0].USE_RTL_DATA.USE_REGISTER.M_AXI_WDATA_I[39]_i_1_n_0
    SLICE_X9Y27          FDRE                                         r  design_1_i/ps7_0_axi_periph/s00_couplers/auto_us/inst/gen_upsizer.gen_full_upsizer.axi_upsizer_inst/USE_WRITE.gen_non_fifo_w_upsizer.write_data_inst/WORD_LANE[1].USE_ALWAYS_PACKER.BYTE_LANE[0].USE_RTL_DATA.USE_REGISTER.M_AXI_WDATA_I_reg[38]/CE
  -------------------------------------------------------------------    -------------------

                         (clock clk_fpga_0 rise edge)
                                                     40.000    40.000 r  
    PS7_X0Y0             PS7                          0.000    40.000 r  design_1_i/processing_system7_0/inst/PS7_i/FCLKCLK[0]
                         net (fo=1, routed)           1.101    41.101    design_1_i/processing_system7_0/inst/FCLK_CLK_unbuffered[0]
    BUFGCTRL_X0Y0        BUFG (Prop_bufg_I_O)         0.091    41.192 r  design_1_i/processing_system7_0/inst/buffer_fclk_clk_0.FCLK_CLK_0_BUFG/O
                         net (fo=7094, routed)        1.493    42.686    design_1_i/ps7_0_axi_periph/s00_couplers/auto_us/inst/gen_upsizer.gen_full_upsizer.axi_upsizer_inst/USE_WRITE.gen_non_fifo_w_upsizer.write_data_inst/USE_RTL_LENGTH.length_counter_q_reg[0]_0
    SLICE_X9Y27          FDRE                                         r  design_1_i/ps7_0_axi_periph/s00_couplers/auto_us/inst/gen_upsizer.gen_full_upsizer.axi_upsizer_inst/USE_WRITE.gen_non_fifo_w_upsizer.write_data_inst/WORD_LANE[1].USE_ALWAYS_PACKER.BYTE_LANE[0].USE_RTL_DATA.USE_REGISTER.M_AXI_WDATA_I_reg[38]/C
                         clock pessimism              0.230    42.916    
                         clock uncertainty           -0.601    42.315    
    SLICE_X9Y27          FDRE (Setup_fdre_C_CE)      -0.205    42.110    design_1_i/ps7_0_axi_periph/s00_couplers/auto_us/inst/gen_upsizer.gen_full_upsizer.axi_upsizer_inst/USE_WRITE.gen_non_fifo_w_upsizer.write_data_inst/WORD_LANE[1].USE_ALWAYS_PACKER.BYTE_LANE[0].USE_RTL_DATA.USE_REGISTER.M_AXI_WDATA_I_reg[38]
  -------------------------------------------------------------------
                         required time                         42.110    
                         arrival time                         -17.142    
  -------------------------------------------------------------------
                         slack                                 24.968    

Slack (MET) :             24.968ns  (required time - arrival time)
  Source:                 design_1_i/ps7_0_axi_periph/xbar/inst/gen_samd.crossbar_samd/gen_slave_slots[0].gen_si_write.wdata_router_w/wrouter_aw_fifo/m_valid_i_reg/C
                            (rising edge-triggered cell FDRE clocked by clk_fpga_0  {rise@0.000ns fall@20.000ns period=40.000ns})
  Destination:            design_1_i/ps7_0_axi_periph/s00_couplers/auto_us/inst/gen_upsizer.gen_full_upsizer.axi_upsizer_inst/USE_WRITE.gen_non_fifo_w_upsizer.write_data_inst/WORD_LANE[1].USE_ALWAYS_PACKER.BYTE_LANE[0].USE_RTL_DATA.USE_REGISTER.M_AXI_WDATA_I_reg[39]/CE
                            (rising edge-triggered cell FDRE clocked by clk_fpga_0  {rise@0.000ns fall@20.000ns period=40.000ns})
  Path Group:             clk_fpga_0
  Path Type:              Setup (Max at Slow Process Corner)
  Requirement:            40.000ns  (clk_fpga_0 rise@40.000ns - clk_fpga_0 rise@0.000ns)
  Data Path Delay:        14.152ns  (logic 2.680ns (18.937%)  route 11.472ns (81.063%))
  Logic Levels:           11  (LUT2=2 LUT3=2 LUT4=1 LUT5=3 LUT6=3)
  Clock Path Skew:        -0.074ns (DCD - SCD + CPR)
    Destination Clock Delay (DCD):    2.686ns = ( 42.686 - 40.000 ) 
    Source Clock Delay      (SCD):    2.990ns
    Clock Pessimism Removal (CPR):    0.230ns
  Clock Uncertainty:      0.601ns  ((TSJ^2 + TIJ^2)^1/2 + DJ) / 2 + PE
    Total System Jitter     (TSJ):    0.071ns
    Total Input Jitter      (TIJ):    1.200ns
    Discrete Jitter          (DJ):    0.000ns
    Phase Error              (PE):    0.000ns

    Location             Delay type                Incr(ns)  Path(ns)    Netlist Resource(s)
  -------------------------------------------------------------------    -------------------
                         (clock clk_fpga_0 rise edge)
                                                      0.000     0.000 r  
    PS7_X0Y0             PS7                          0.000     0.000 r  design_1_i/processing_system7_0/inst/PS7_i/FCLKCLK[0]
                         net (fo=1, routed)           1.207     1.207    design_1_i/processing_system7_0/inst/FCLK_CLK_unbuffered[0]
    BUFGCTRL_X0Y0        BUFG (Prop_bufg_I_O)         0.101     1.308 r  design_1_i/processing_system7_0/inst/buffer_fclk_clk_0.FCLK_CLK_0_BUFG/O
                         net (fo=7094, routed)        1.682     2.990    design_1_i/ps7_0_axi_periph/xbar/inst/gen_samd.crossbar_samd/gen_slave_slots[0].gen_si_write.wdata_router_w/wrouter_aw_fifo/aclk
    SLICE_X6Y49          FDRE                                         r  design_1_i/ps7_0_axi_periph/xbar/inst/gen_samd.crossbar_samd/gen_slave_slots[0].gen_si_write.wdata_router_w/wrouter_aw_fifo/m_valid_i_reg/C
  -------------------------------------------------------------------    -------------------
    SLICE_X6Y49          FDRE (Prop_fdre_C_Q)         0.478     3.468 r  design_1_i/ps7_0_axi_periph/xbar/inst/gen_samd.crossbar_samd/gen_slave_slots[0].gen_si_write.wdata_router_w/wrouter_aw_fifo/m_valid_i_reg/Q
                         net (fo=3, routed)           1.057     4.525    design_1_i/ps7_0_axi_periph/xbar/inst/gen_samd.crossbar_samd/gen_slave_slots[0].gen_si_write.wdata_router_w/wrouter_aw_fifo/m_avalid_0
    SLICE_X5Y48          LUT2 (Prop_lut2_I0_O)        0.295     4.820 r  design_1_i/ps7_0_axi_periph/xbar/inst/gen_samd.crossbar_samd/gen_slave_slots[0].gen_si_write.wdata_router_w/wrouter_aw_fifo/m_axi_wvalid[1]_INST_0_i_2/O
                         net (fo=3, routed)           0.319     5.139    design_1_i/ps7_0_axi_periph/xbar/inst/gen_samd.crossbar_samd/gen_slave_slots[0].gen_si_write.wdata_router_w/wrouter_aw_fifo/m_axi_wvalid[1]_INST_0_i_2_n_0
    SLICE_X5Y47          LUT5 (Prop_lut5_I0_O)        0.124     5.263 r  design_1_i/ps7_0_axi_periph/xbar/inst/gen_samd.crossbar_samd/gen_slave_slots[0].gen_si_write.wdata_router_w/wrouter_aw_fifo/m_axi_wvalid[1]_INST_0/O
                         net (fo=5, routed)           1.761     7.024    design_1_i/ps7_0_axi_periph/m01_couplers/auto_ds/inst/gen_downsizer.gen_cascaded_downsizer.gen_axi3_conv.axi3_conv_inst/gen_axi4_axi3.axi3_conv_inst/USE_WRITE.write_addr_inst/USE_BURSTS.cmd_queue/inst/s_axi_wvalid
    SLICE_X5Y3           LUT3 (Prop_lut3_I1_O)        0.124     7.148 r  design_1_i/ps7_0_axi_periph/m01_couplers/auto_ds/inst/gen_downsizer.gen_cascaded_downsizer.gen_axi3_conv.axi3_conv_inst/gen_axi4_axi3.axi3_conv_inst/USE_WRITE.write_addr_inst/USE_BURSTS.cmd_queue/inst/m_axi_wvalid_INST_0/O
                         net (fo=4, routed)           0.437     7.585    design_1_i/ps7_0_axi_periph/m01_couplers/auto_pc/inst/gen_axi4_axi3.axi3_conv_inst/USE_WRITE.write_addr_inst/USE_BURSTS.cmd_queue/inst/s_axi_wvalid
    SLICE_X2Y3           LUT3 (Prop_lut3_I1_O)        0.119     7.704 r  design_1_i/ps7_0_axi_periph/m01_couplers/auto_pc/inst/gen_axi4_axi3.axi3_conv_inst/USE_WRITE.write_addr_inst/USE_BURSTS.cmd_queue/inst/s_axi_wready_INST_0/O
                         net (fo=11, routed)          1.057     8.761    design_1_i/ps7_0_axi_periph/m01_couplers/auto_ds/inst/gen_downsizer.gen_cascaded_downsizer.first_downsizer_inst/USE_WRITE.write_addr_inst/cmd_queue/inst/m_axi_wready
    SLICE_X5Y3           LUT5 (Prop_lut5_I3_O)        0.360     9.121 r  design_1_i/ps7_0_axi_periph/m01_couplers/auto_ds/inst/gen_downsizer.gen_cascaded_downsizer.first_downsizer_inst/USE_WRITE.write_addr_inst/cmd_queue/inst/s_axi_wready_INST_0/O
                         net (fo=3, routed)           1.752    10.873    design_1_i/ps7_0_axi_periph/xbar/inst/gen_samd.crossbar_samd/gen_slave_slots[0].gen_si_write.wdata_router_w/wrouter_aw_fifo/m_axi_wready[1]
    SLICE_X5Y47          LUT6 (Prop_lut6_I3_O)        0.326    11.199 r  design_1_i/ps7_0_axi_periph/xbar/inst/gen_samd.crossbar_samd/gen_slave_slots[0].gen_si_write.wdata_router_w/wrouter_aw_fifo/s_axi_wready[0]_INST_0_i_2/O
                         net (fo=1, routed)           0.550    11.750    design_1_i/ps7_0_axi_periph/xbar/inst/gen_samd.crossbar_samd/gen_slave_slots[0].gen_si_write.wdata_router_w/wrouter_aw_fifo/s_axi_wready[0]_INST_0_i_2_n_0
    SLICE_X5Y50          LUT6 (Prop_lut6_I0_O)        0.124    11.874 r  design_1_i/ps7_0_axi_periph/xbar/inst/gen_samd.crossbar_samd/gen_slave_slots[0].gen_si_write.wdata_router_w/wrouter_aw_fifo/s_axi_wready[0]_INST_0_i_1/O
                         net (fo=1, routed)           0.576    12.450    design_1_i/ps7_0_axi_periph/xbar/inst/gen_samd.crossbar_samd/gen_slave_slots[0].gen_si_write.wdata_router_w/wrouter_aw_fifo/m_aready0
    SLICE_X5Y48          LUT2 (Prop_lut2_I1_O)        0.150    12.600 r  design_1_i/ps7_0_axi_periph/xbar/inst/gen_samd.crossbar_samd/gen_slave_slots[0].gen_si_write.wdata_router_w/wrouter_aw_fifo/s_axi_wready[0]_INST_0/O
                         net (fo=38, routed)          1.261    13.861    design_1_i/ps7_0_axi_periph/s00_couplers/auto_us/inst/gen_upsizer.gen_full_upsizer.axi_upsizer_inst/USE_WRITE.gen_non_fifo_w_upsizer.write_data_inst/m_axi_wready
    SLICE_X6Y31          LUT6 (Prop_lut6_I0_O)        0.332    14.193 r  design_1_i/ps7_0_axi_periph/s00_couplers/auto_us/inst/gen_upsizer.gen_full_upsizer.axi_upsizer_inst/USE_WRITE.gen_non_fifo_w_upsizer.write_data_inst/USE_RTL_LENGTH.first_mi_word_q_i_2/O
                         net (fo=36, routed)          1.234    15.427    design_1_i/ps7_0_axi_periph/s00_couplers/auto_us/inst/gen_upsizer.gen_full_upsizer.axi_upsizer_inst/USE_WRITE.write_addr_inst/GEN_CMD_QUEUE.cmd_queue/USE_FF_OUT.USE_RTL_OUTPUT_PIPELINE.M_MESG_Q_reg[0]_0
    SLICE_X5Y28          LUT4 (Prop_lut4_I2_O)        0.124    15.551 r  design_1_i/ps7_0_axi_periph/s00_couplers/auto_us/inst/gen_upsizer.gen_full_upsizer.axi_upsizer_inst/USE_WRITE.write_addr_inst/GEN_CMD_QUEUE.cmd_queue/WORD_LANE[1].USE_ALWAYS_PACKER.BYTE_LANE[0].USE_RTL_DATA.USE_REGISTER.M_AXI_WDATA_I[39]_i_3/O
                         net (fo=9, routed)           0.964    16.515    design_1_i/ps7_0_axi_periph/s00_couplers/auto_us/inst/gen_upsizer.gen_full_upsizer.axi_upsizer_inst/USE_WRITE.gen_non_fifo_w_upsizer.write_data_inst/WORD_LANE[1].USE_ALWAYS_PACKER.BYTE_LANE[0].USE_RTL_DATA.USE_REGISTER.M_AXI_WDATA_I_reg[32]_0
    SLICE_X10Y27         LUT5 (Prop_lut5_I4_O)        0.124    16.639 r  design_1_i/ps7_0_axi_periph/s00_couplers/auto_us/inst/gen_upsizer.gen_full_upsizer.axi_upsizer_inst/USE_WRITE.gen_non_fifo_w_upsizer.write_data_inst/WORD_LANE[1].USE_ALWAYS_PACKER.BYTE_LANE[0].USE_RTL_DATA.USE_REGISTER.M_AXI_WDATA_I[39]_i_1/O
                         net (fo=8, routed)           0.503    17.142    design_1_i/ps7_0_axi_periph/s00_couplers/auto_us/inst/gen_upsizer.gen_full_upsizer.axi_upsizer_inst/USE_WRITE.gen_non_fifo_w_upsizer.write_data_inst/WORD_LANE[1].USE_ALWAYS_PACKER.BYTE_LANE[0].USE_RTL_DATA.USE_REGISTER.M_AXI_WDATA_I[39]_i_1_n_0
    SLICE_X9Y27          FDRE                                         r  design_1_i/ps7_0_axi_periph/s00_couplers/auto_us/inst/gen_upsizer.gen_full_upsizer.axi_upsizer_inst/USE_WRITE.gen_non_fifo_w_upsizer.write_data_inst/WORD_LANE[1].USE_ALWAYS_PACKER.BYTE_LANE[0].USE_RTL_DATA.USE_REGISTER.M_AXI_WDATA_I_reg[39]/CE
  -------------------------------------------------------------------    -------------------

                         (clock clk_fpga_0 rise edge)
                                                     40.000    40.000 r  
    PS7_X0Y0             PS7                          0.000    40.000 r  design_1_i/processing_system7_0/inst/PS7_i/FCLKCLK[0]
                         net (fo=1, routed)           1.101    41.101    design_1_i/processing_system7_0/inst/FCLK_CLK_unbuffered[0]
    BUFGCTRL_X0Y0        BUFG (Prop_bufg_I_O)         0.091    41.192 r  design_1_i/processing_system7_0/inst/buffer_fclk_clk_0.FCLK_CLK_0_BUFG/O
                         net (fo=7094, routed)        1.493    42.686    design_1_i/ps7_0_axi_periph/s00_couplers/auto_us/inst/gen_upsizer.gen_full_upsizer.axi_upsizer_inst/USE_WRITE.gen_non_fifo_w_upsizer.write_data_inst/USE_RTL_LENGTH.length_counter_q_reg[0]_0
    SLICE_X9Y27          FDRE                                         r  design_1_i/ps7_0_axi_periph/s00_couplers/auto_us/inst/gen_upsizer.gen_full_upsizer.axi_upsizer_inst/USE_WRITE.gen_non_fifo_w_upsizer.write_data_inst/WORD_LANE[1].USE_ALWAYS_PACKER.BYTE_LANE[0].USE_RTL_DATA.USE_REGISTER.M_AXI_WDATA_I_reg[39]/C
                         clock pessimism              0.230    42.916    
                         clock uncertainty           -0.601    42.315    
    SLICE_X9Y27          FDRE (Setup_fdre_C_CE)      -0.205    42.110    design_1_i/ps7_0_axi_periph/s00_couplers/auto_us/inst/gen_upsizer.gen_full_upsizer.axi_upsizer_inst/USE_WRITE.gen_non_fifo_w_upsizer.write_data_inst/WORD_LANE[1].USE_ALWAYS_PACKER.BYTE_LANE[0].USE_RTL_DATA.USE_REGISTER.M_AXI_WDATA_I_reg[39]
  -------------------------------------------------------------------
                         required time                         42.110    
                         arrival time                         -17.142    
  -------------------------------------------------------------------
                         slack                                 24.968    

Slack (MET) :             24.973ns  (required time - arrival time)
  Source:                 design_1_i/ps7_0_axi_periph/xbar/inst/gen_samd.crossbar_samd/gen_slave_slots[0].gen_si_write.wdata_router_w/wrouter_aw_fifo/m_valid_i_reg/C
                            (rising edge-triggered cell FDRE clocked by clk_fpga_0  {rise@0.000ns fall@20.000ns period=40.000ns})
  Destination:            design_1_i/ps7_0_axi_periph/s00_couplers/auto_us/inst/gen_upsizer.gen_full_upsizer.axi_upsizer_inst/USE_WRITE.gen_non_fifo_w_upsizer.write_data_inst/WORD_LANE[1].USE_ALWAYS_PACKER.BYTE_LANE[3].USE_RTL_DATA.USE_REGISTER.M_AXI_WDATA_I_reg[56]/CE
                            (rising edge-triggered cell FDRE clocked by clk_fpga_0  {rise@0.000ns fall@20.000ns period=40.000ns})
  Path Group:             clk_fpga_0
  Path Type:              Setup (Max at Slow Process Corner)
  Requirement:            40.000ns  (clk_fpga_0 rise@40.000ns - clk_fpga_0 rise@0.000ns)
  Data Path Delay:        14.188ns  (logic 2.916ns (20.552%)  route 11.272ns (79.448%))
  Logic Levels:           11  (LUT2=2 LUT3=2 LUT4=1 LUT5=3 LUT6=3)
  Clock Path Skew:        -0.033ns (DCD - SCD + CPR)
    Destination Clock Delay (DCD):    2.691ns = ( 42.692 - 40.000 ) 
    Source Clock Delay      (SCD):    2.990ns
    Clock Pessimism Removal (CPR):    0.265ns
  Clock Uncertainty:      0.601ns  ((TSJ^2 + TIJ^2)^1/2 + DJ) / 2 + PE
    Total System Jitter     (TSJ):    0.071ns
    Total Input Jitter      (TIJ):    1.200ns
    Discrete Jitter          (DJ):    0.000ns
    Phase Error              (PE):    0.000ns

    Location             Delay type                Incr(ns)  Path(ns)    Netlist Resource(s)
  -------------------------------------------------------------------    -------------------
                         (clock clk_fpga_0 rise edge)
                                                      0.000     0.000 r  
    PS7_X0Y0             PS7                          0.000     0.000 r  design_1_i/processing_system7_0/inst/PS7_i/FCLKCLK[0]
                         net (fo=1, routed)           1.207     1.207    design_1_i/processing_system7_0/inst/FCLK_CLK_unbuffered[0]
    BUFGCTRL_X0Y0        BUFG (Prop_bufg_I_O)         0.101     1.308 r  design_1_i/processing_system7_0/inst/buffer_fclk_clk_0.FCLK_CLK_0_BUFG/O
                         net (fo=7094, routed)        1.682     2.990    design_1_i/ps7_0_axi_periph/xbar/inst/gen_samd.crossbar_samd/gen_slave_slots[0].gen_si_write.wdata_router_w/wrouter_aw_fifo/aclk
    SLICE_X6Y49          FDRE                                         r  design_1_i/ps7_0_axi_periph/xbar/inst/gen_samd.crossbar_samd/gen_slave_slots[0].gen_si_write.wdata_router_w/wrouter_aw_fifo/m_valid_i_reg/C
  -------------------------------------------------------------------    -------------------
    SLICE_X6Y49          FDRE (Prop_fdre_C_Q)         0.478     3.468 r  design_1_i/ps7_0_axi_periph/xbar/inst/gen_samd.crossbar_samd/gen_slave_slots[0].gen_si_write.wdata_router_w/wrouter_aw_fifo/m_valid_i_reg/Q
                         net (fo=3, routed)           1.057     4.525    design_1_i/ps7_0_axi_periph/xbar/inst/gen_samd.crossbar_samd/gen_slave_slots[0].gen_si_write.wdata_router_w/wrouter_aw_fifo/m_avalid_0
    SLICE_X5Y48          LUT2 (Prop_lut2_I0_O)        0.295     4.820 r  design_1_i/ps7_0_axi_periph/xbar/inst/gen_samd.crossbar_samd/gen_slave_slots[0].gen_si_write.wdata_router_w/wrouter_aw_fifo/m_axi_wvalid[1]_INST_0_i_2/O
                         net (fo=3, routed)           0.319     5.139    design_1_i/ps7_0_axi_periph/xbar/inst/gen_samd.crossbar_samd/gen_slave_slots[0].gen_si_write.wdata_router_w/wrouter_aw_fifo/m_axi_wvalid[1]_INST_0_i_2_n_0
    SLICE_X5Y47          LUT5 (Prop_lut5_I0_O)        0.124     5.263 r  design_1_i/ps7_0_axi_periph/xbar/inst/gen_samd.crossbar_samd/gen_slave_slots[0].gen_si_write.wdata_router_w/wrouter_aw_fifo/m_axi_wvalid[1]_INST_0/O
                         net (fo=5, routed)           1.761     7.024    design_1_i/ps7_0_axi_periph/m01_couplers/auto_ds/inst/gen_downsizer.gen_cascaded_downsizer.gen_axi3_conv.axi3_conv_inst/gen_axi4_axi3.axi3_conv_inst/USE_WRITE.write_addr_inst/USE_BURSTS.cmd_queue/inst/s_axi_wvalid
    SLICE_X5Y3           LUT3 (Prop_lut3_I1_O)        0.124     7.148 r  design_1_i/ps7_0_axi_periph/m01_couplers/auto_ds/inst/gen_downsizer.gen_cascaded_downsizer.gen_axi3_conv.axi3_conv_inst/gen_axi4_axi3.axi3_conv_inst/USE_WRITE.write_addr_inst/USE_BURSTS.cmd_queue/inst/m_axi_wvalid_INST_0/O
                         net (fo=4, routed)           0.437     7.585    design_1_i/ps7_0_axi_periph/m01_couplers/auto_pc/inst/gen_axi4_axi3.axi3_conv_inst/USE_WRITE.write_addr_inst/USE_BURSTS.cmd_queue/inst/s_axi_wvalid
    SLICE_X2Y3           LUT3 (Prop_lut3_I1_O)        0.119     7.704 r  design_1_i/ps7_0_axi_periph/m01_couplers/auto_pc/inst/gen_axi4_axi3.axi3_conv_inst/USE_WRITE.write_addr_inst/USE_BURSTS.cmd_queue/inst/s_axi_wready_INST_0/O
                         net (fo=11, routed)          1.057     8.761    design_1_i/ps7_0_axi_periph/m01_couplers/auto_ds/inst/gen_downsizer.gen_cascaded_downsizer.first_downsizer_inst/USE_WRITE.write_addr_inst/cmd_queue/inst/m_axi_wready
    SLICE_X5Y3           LUT5 (Prop_lut5_I3_O)        0.360     9.121 r  design_1_i/ps7_0_axi_periph/m01_couplers/auto_ds/inst/gen_downsizer.gen_cascaded_downsizer.first_downsizer_inst/USE_WRITE.write_addr_inst/cmd_queue/inst/s_axi_wready_INST_0/O
                         net (fo=3, routed)           1.752    10.873    design_1_i/ps7_0_axi_periph/xbar/inst/gen_samd.crossbar_samd/gen_slave_slots[0].gen_si_write.wdata_router_w/wrouter_aw_fifo/m_axi_wready[1]
    SLICE_X5Y47          LUT6 (Prop_lut6_I3_O)        0.326    11.199 r  design_1_i/ps7_0_axi_periph/xbar/inst/gen_samd.crossbar_samd/gen_slave_slots[0].gen_si_write.wdata_router_w/wrouter_aw_fifo/s_axi_wready[0]_INST_0_i_2/O
                         net (fo=1, routed)           0.550    11.750    design_1_i/ps7_0_axi_periph/xbar/inst/gen_samd.crossbar_samd/gen_slave_slots[0].gen_si_write.wdata_router_w/wrouter_aw_fifo/s_axi_wready[0]_INST_0_i_2_n_0
    SLICE_X5Y50          LUT6 (Prop_lut6_I0_O)        0.124    11.874 r  design_1_i/ps7_0_axi_periph/xbar/inst/gen_samd.crossbar_samd/gen_slave_slots[0].gen_si_write.wdata_router_w/wrouter_aw_fifo/s_axi_wready[0]_INST_0_i_1/O
                         net (fo=1, routed)           0.576    12.450    design_1_i/ps7_0_axi_periph/xbar/inst/gen_samd.crossbar_samd/gen_slave_slots[0].gen_si_write.wdata_router_w/wrouter_aw_fifo/m_aready0
    SLICE_X5Y48          LUT2 (Prop_lut2_I1_O)        0.150    12.600 r  design_1_i/ps7_0_axi_periph/xbar/inst/gen_samd.crossbar_samd/gen_slave_slots[0].gen_si_write.wdata_router_w/wrouter_aw_fifo/s_axi_wready[0]_INST_0/O
                         net (fo=38, routed)          1.261    13.861    design_1_i/ps7_0_axi_periph/s00_couplers/auto_us/inst/gen_upsizer.gen_full_upsizer.axi_upsizer_inst/USE_WRITE.gen_non_fifo_w_upsizer.write_data_inst/m_axi_wready
    SLICE_X6Y31          LUT6 (Prop_lut6_I0_O)        0.332    14.193 r  design_1_i/ps7_0_axi_periph/s00_couplers/auto_us/inst/gen_upsizer.gen_full_upsizer.axi_upsizer_inst/USE_WRITE.gen_non_fifo_w_upsizer.write_data_inst/USE_RTL_LENGTH.first_mi_word_q_i_2/O
                         net (fo=36, routed)          1.130    15.323    design_1_i/ps7_0_axi_periph/s00_couplers/auto_us/inst/gen_upsizer.gen_full_upsizer.axi_upsizer_inst/USE_WRITE.write_addr_inst/GEN_CMD_QUEUE.cmd_queue/USE_FF_OUT.USE_RTL_OUTPUT_PIPELINE.M_MESG_Q_reg[0]_0
    SLICE_X5Y33          LUT4 (Prop_lut4_I2_O)        0.152    15.475 r  design_1_i/ps7_0_axi_periph/s00_couplers/auto_us/inst/gen_upsizer.gen_full_upsizer.axi_upsizer_inst/USE_WRITE.write_addr_inst/GEN_CMD_QUEUE.cmd_queue/WORD_LANE[1].USE_ALWAYS_PACKER.BYTE_LANE[3].USE_RTL_DATA.USE_REGISTER.M_AXI_WDATA_I[63]_i_3/O
                         net (fo=9, routed)           0.728    16.203    design_1_i/ps7_0_axi_periph/s00_couplers/auto_us/inst/gen_upsizer.gen_full_upsizer.axi_upsizer_inst/USE_WRITE.gen_non_fifo_w_upsizer.write_data_inst/WORD_LANE[1].USE_ALWAYS_PACKER.BYTE_LANE[3].USE_RTL_DATA.USE_REGISTER.M_AXI_WDATA_I_reg[56]_0
    SLICE_X8Y34          LUT5 (Prop_lut5_I4_O)        0.332    16.535 r  design_1_i/ps7_0_axi_periph/s00_couplers/auto_us/inst/gen_upsizer.gen_full_upsizer.axi_upsizer_inst/USE_WRITE.gen_non_fifo_w_upsizer.write_data_inst/WORD_LANE[1].USE_ALWAYS_PACKER.BYTE_LANE[3].USE_RTL_DATA.USE_REGISTER.M_AXI_WDATA_I[63]_i_1/O
                         net (fo=8, routed)           0.643    17.178    design_1_i/ps7_0_axi_periph/s00_couplers/auto_us/inst/gen_upsizer.gen_full_upsizer.axi_upsizer_inst/USE_WRITE.gen_non_fifo_w_upsizer.write_data_inst/WORD_LANE[1].USE_ALWAYS_PACKER.BYTE_LANE[3].USE_RTL_DATA.USE_REGISTER.M_AXI_WDATA_I[63]_i_1_n_0
    SLICE_X7Y33          FDRE                                         r  design_1_i/ps7_0_axi_periph/s00_couplers/auto_us/inst/gen_upsizer.gen_full_upsizer.axi_upsizer_inst/USE_WRITE.gen_non_fifo_w_upsizer.write_data_inst/WORD_LANE[1].USE_ALWAYS_PACKER.BYTE_LANE[3].USE_RTL_DATA.USE_REGISTER.M_AXI_WDATA_I_reg[56]/CE
  -------------------------------------------------------------------    -------------------

                         (clock clk_fpga_0 rise edge)
                                                     40.000    40.000 r  
    PS7_X0Y0             PS7                          0.000    40.000 r  design_1_i/processing_system7_0/inst/PS7_i/FCLKCLK[0]
                         net (fo=1, routed)           1.101    41.101    design_1_i/processing_system7_0/inst/FCLK_CLK_unbuffered[0]
    BUFGCTRL_X0Y0        BUFG (Prop_bufg_I_O)         0.091    41.192 r  design_1_i/processing_system7_0/inst/buffer_fclk_clk_0.FCLK_CLK_0_BUFG/O
                         net (fo=7094, routed)        1.499    42.692    design_1_i/ps7_0_axi_periph/s00_couplers/auto_us/inst/gen_upsizer.gen_full_upsizer.axi_upsizer_inst/USE_WRITE.gen_non_fifo_w_upsizer.write_data_inst/USE_RTL_LENGTH.length_counter_q_reg[0]_0
    SLICE_X7Y33          FDRE                                         r  design_1_i/ps7_0_axi_periph/s00_couplers/auto_us/inst/gen_upsizer.gen_full_upsizer.axi_upsizer_inst/USE_WRITE.gen_non_fifo_w_upsizer.write_data_inst/WORD_LANE[1].USE_ALWAYS_PACKER.BYTE_LANE[3].USE_RTL_DATA.USE_REGISTER.M_AXI_WDATA_I_reg[56]/C
                         clock pessimism              0.265    42.957    
                         clock uncertainty           -0.601    42.356    
    SLICE_X7Y33          FDRE (Setup_fdre_C_CE)      -0.205    42.151    design_1_i/ps7_0_axi_periph/s00_couplers/auto_us/inst/gen_upsizer.gen_full_upsizer.axi_upsizer_inst/USE_WRITE.gen_non_fifo_w_upsizer.write_data_inst/WORD_LANE[1].USE_ALWAYS_PACKER.BYTE_LANE[3].USE_RTL_DATA.USE_REGISTER.M_AXI_WDATA_I_reg[56]
  -------------------------------------------------------------------
                         required time                         42.151    
                         arrival time                         -17.178    
  -------------------------------------------------------------------
                         slack                                 24.973    

Slack (MET) :             24.973ns  (required time - arrival time)
  Source:                 design_1_i/ps7_0_axi_periph/xbar/inst/gen_samd.crossbar_samd/gen_slave_slots[0].gen_si_write.wdata_router_w/wrouter_aw_fifo/m_valid_i_reg/C
                            (rising edge-triggered cell FDRE clocked by clk_fpga_0  {rise@0.000ns fall@20.000ns period=40.000ns})
  Destination:            design_1_i/ps7_0_axi_periph/s00_couplers/auto_us/inst/gen_upsizer.gen_full_upsizer.axi_upsizer_inst/USE_WRITE.gen_non_fifo_w_upsizer.write_data_inst/WORD_LANE[1].USE_ALWAYS_PACKER.BYTE_LANE[3].USE_RTL_DATA.USE_REGISTER.M_AXI_WDATA_I_reg[57]/CE
                            (rising edge-triggered cell FDRE clocked by clk_fpga_0  {rise@0.000ns fall@20.000ns period=40.000ns})
  Path Group:             clk_fpga_0
  Path Type:              Setup (Max at Slow Process Corner)
  Requirement:            40.000ns  (clk_fpga_0 rise@40.000ns - clk_fpga_0 rise@0.000ns)
  Data Path Delay:        14.188ns  (logic 2.916ns (20.552%)  route 11.272ns (79.448%))
  Logic Levels:           11  (LUT2=2 LUT3=2 LUT4=1 LUT5=3 LUT6=3)
  Clock Path Skew:        -0.033ns (DCD - SCD + CPR)
    Destination Clock Delay (DCD):    2.691ns = ( 42.692 - 40.000 ) 
    Source Clock Delay      (SCD):    2.990ns
    Clock Pessimism Removal (CPR):    0.265ns
  Clock Uncertainty:      0.601ns  ((TSJ^2 + TIJ^2)^1/2 + DJ) / 2 + PE
    Total System Jitter     (TSJ):    0.071ns
    Total Input Jitter      (TIJ):    1.200ns
    Discrete Jitter          (DJ):    0.000ns
    Phase Error              (PE):    0.000ns

    Location             Delay type                Incr(ns)  Path(ns)    Netlist Resource(s)
  -------------------------------------------------------------------    -------------------
                         (clock clk_fpga_0 rise edge)
                                                      0.000     0.000 r  
    PS7_X0Y0             PS7                          0.000     0.000 r  design_1_i/processing_system7_0/inst/PS7_i/FCLKCLK[0]
                         net (fo=1, routed)           1.207     1.207    design_1_i/processing_system7_0/inst/FCLK_CLK_unbuffered[0]
    BUFGCTRL_X0Y0        BUFG (Prop_bufg_I_O)         0.101     1.308 r  design_1_i/processing_system7_0/inst/buffer_fclk_clk_0.FCLK_CLK_0_BUFG/O
                         net (fo=7094, routed)        1.682     2.990    design_1_i/ps7_0_axi_periph/xbar/inst/gen_samd.crossbar_samd/gen_slave_slots[0].gen_si_write.wdata_router_w/wrouter_aw_fifo/aclk
    SLICE_X6Y49          FDRE                                         r  design_1_i/ps7_0_axi_periph/xbar/inst/gen_samd.crossbar_samd/gen_slave_slots[0].gen_si_write.wdata_router_w/wrouter_aw_fifo/m_valid_i_reg/C
  -------------------------------------------------------------------    -------------------
    SLICE_X6Y49          FDRE (Prop_fdre_C_Q)         0.478     3.468 r  design_1_i/ps7_0_axi_periph/xbar/inst/gen_samd.crossbar_samd/gen_slave_slots[0].gen_si_write.wdata_router_w/wrouter_aw_fifo/m_valid_i_reg/Q
                         net (fo=3, routed)           1.057     4.525    design_1_i/ps7_0_axi_periph/xbar/inst/gen_samd.crossbar_samd/gen_slave_slots[0].gen_si_write.wdata_router_w/wrouter_aw_fifo/m_avalid_0
    SLICE_X5Y48          LUT2 (Prop_lut2_I0_O)        0.295     4.820 r  design_1_i/ps7_0_axi_periph/xbar/inst/gen_samd.crossbar_samd/gen_slave_slots[0].gen_si_write.wdata_router_w/wrouter_aw_fifo/m_axi_wvalid[1]_INST_0_i_2/O
                         net (fo=3, routed)           0.319     5.139    design_1_i/ps7_0_axi_periph/xbar/inst/gen_samd.crossbar_samd/gen_slave_slots[0].gen_si_write.wdata_router_w/wrouter_aw_fifo/m_axi_wvalid[1]_INST_0_i_2_n_0
    SLICE_X5Y47          LUT5 (Prop_lut5_I0_O)        0.124     5.263 r  design_1_i/ps7_0_axi_periph/xbar/inst/gen_samd.crossbar_samd/gen_slave_slots[0].gen_si_write.wdata_router_w/wrouter_aw_fifo/m_axi_wvalid[1]_INST_0/O
                         net (fo=5, routed)           1.761     7.024    design_1_i/ps7_0_axi_periph/m01_couplers/auto_ds/inst/gen_downsizer.gen_cascaded_downsizer.gen_axi3_conv.axi3_conv_inst/gen_axi4_axi3.axi3_conv_inst/USE_WRITE.write_addr_inst/USE_BURSTS.cmd_queue/inst/s_axi_wvalid
    SLICE_X5Y3           LUT3 (Prop_lut3_I1_O)        0.124     7.148 r  design_1_i/ps7_0_axi_periph/m01_couplers/auto_ds/inst/gen_downsizer.gen_cascaded_downsizer.gen_axi3_conv.axi3_conv_inst/gen_axi4_axi3.axi3_conv_inst/USE_WRITE.write_addr_inst/USE_BURSTS.cmd_queue/inst/m_axi_wvalid_INST_0/O
                         net (fo=4, routed)           0.437     7.585    design_1_i/ps7_0_axi_periph/m01_couplers/auto_pc/inst/gen_axi4_axi3.axi3_conv_inst/USE_WRITE.write_addr_inst/USE_BURSTS.cmd_queue/inst/s_axi_wvalid
    SLICE_X2Y3           LUT3 (Prop_lut3_I1_O)        0.119     7.704 r  design_1_i/ps7_0_axi_periph/m01_couplers/auto_pc/inst/gen_axi4_axi3.axi3_conv_inst/USE_WRITE.write_addr_inst/USE_BURSTS.cmd_queue/inst/s_axi_wready_INST_0/O
                         net (fo=11, routed)          1.057     8.761    design_1_i/ps7_0_axi_periph/m01_couplers/auto_ds/inst/gen_downsizer.gen_cascaded_downsizer.first_downsizer_inst/USE_WRITE.write_addr_inst/cmd_queue/inst/m_axi_wready
    SLICE_X5Y3           LUT5 (Prop_lut5_I3_O)        0.360     9.121 r  design_1_i/ps7_0_axi_periph/m01_couplers/auto_ds/inst/gen_downsizer.gen_cascaded_downsizer.first_downsizer_inst/USE_WRITE.write_addr_inst/cmd_queue/inst/s_axi_wready_INST_0/O
                         net (fo=3, routed)           1.752    10.873    design_1_i/ps7_0_axi_periph/xbar/inst/gen_samd.crossbar_samd/gen_slave_slots[0].gen_si_write.wdata_router_w/wrouter_aw_fifo/m_axi_wready[1]
    SLICE_X5Y47          LUT6 (Prop_lut6_I3_O)        0.326    11.199 r  design_1_i/ps7_0_axi_periph/xbar/inst/gen_samd.crossbar_samd/gen_slave_slots[0].gen_si_write.wdata_router_w/wrouter_aw_fifo/s_axi_wready[0]_INST_0_i_2/O
                         net (fo=1, routed)           0.550    11.750    design_1_i/ps7_0_axi_periph/xbar/inst/gen_samd.crossbar_samd/gen_slave_slots[0].gen_si_write.wdata_router_w/wrouter_aw_fifo/s_axi_wready[0]_INST_0_i_2_n_0
    SLICE_X5Y50          LUT6 (Prop_lut6_I0_O)        0.124    11.874 r  design_1_i/ps7_0_axi_periph/xbar/inst/gen_samd.crossbar_samd/gen_slave_slots[0].gen_si_write.wdata_router_w/wrouter_aw_fifo/s_axi_wready[0]_INST_0_i_1/O
                         net (fo=1, routed)           0.576    12.450    design_1_i/ps7_0_axi_periph/xbar/inst/gen_samd.crossbar_samd/gen_slave_slots[0].gen_si_write.wdata_router_w/wrouter_aw_fifo/m_aready0
    SLICE_X5Y48          LUT2 (Prop_lut2_I1_O)        0.150    12.600 r  design_1_i/ps7_0_axi_periph/xbar/inst/gen_samd.crossbar_samd/gen_slave_slots[0].gen_si_write.wdata_router_w/wrouter_aw_fifo/s_axi_wready[0]_INST_0/O
                         net (fo=38, routed)          1.261    13.861    design_1_i/ps7_0_axi_periph/s00_couplers/auto_us/inst/gen_upsizer.gen_full_upsizer.axi_upsizer_inst/USE_WRITE.gen_non_fifo_w_upsizer.write_data_inst/m_axi_wready
    SLICE_X6Y31          LUT6 (Prop_lut6_I0_O)        0.332    14.193 r  design_1_i/ps7_0_axi_periph/s00_couplers/auto_us/inst/gen_upsizer.gen_full_upsizer.axi_upsizer_inst/USE_WRITE.gen_non_fifo_w_upsizer.write_data_inst/USE_RTL_LENGTH.first_mi_word_q_i_2/O
                         net (fo=36, routed)          1.130    15.323    design_1_i/ps7_0_axi_periph/s00_couplers/auto_us/inst/gen_upsizer.gen_full_upsizer.axi_upsizer_inst/USE_WRITE.write_addr_inst/GEN_CMD_QUEUE.cmd_queue/USE_FF_OUT.USE_RTL_OUTPUT_PIPELINE.M_MESG_Q_reg[0]_0
    SLICE_X5Y33          LUT4 (Prop_lut4_I2_O)        0.152    15.475 r  design_1_i/ps7_0_axi_periph/s00_couplers/auto_us/inst/gen_upsizer.gen_full_upsizer.axi_upsizer_inst/USE_WRITE.write_addr_inst/GEN_CMD_QUEUE.cmd_queue/WORD_LANE[1].USE_ALWAYS_PACKER.BYTE_LANE[3].USE_RTL_DATA.USE_REGISTER.M_AXI_WDATA_I[63]_i_3/O
                         net (fo=9, routed)           0.728    16.203    design_1_i/ps7_0_axi_periph/s00_couplers/auto_us/inst/gen_upsizer.gen_full_upsizer.axi_upsizer_inst/USE_WRITE.gen_non_fifo_w_upsizer.write_data_inst/WORD_LANE[1].USE_ALWAYS_PACKER.BYTE_LANE[3].USE_RTL_DATA.USE_REGISTER.M_AXI_WDATA_I_reg[56]_0
    SLICE_X8Y34          LUT5 (Prop_lut5_I4_O)        0.332    16.535 r  design_1_i/ps7_0_axi_periph/s00_couplers/auto_us/inst/gen_upsizer.gen_full_upsizer.axi_upsizer_inst/USE_WRITE.gen_non_fifo_w_upsizer.write_data_inst/WORD_LANE[1].USE_ALWAYS_PACKER.BYTE_LANE[3].USE_RTL_DATA.USE_REGISTER.M_AXI_WDATA_I[63]_i_1/O
                         net (fo=8, routed)           0.643    17.178    design_1_i/ps7_0_axi_periph/s00_couplers/auto_us/inst/gen_upsizer.gen_full_upsizer.axi_upsizer_inst/USE_WRITE.gen_non_fifo_w_upsizer.write_data_inst/WORD_LANE[1].USE_ALWAYS_PACKER.BYTE_LANE[3].USE_RTL_DATA.USE_REGISTER.M_AXI_WDATA_I[63]_i_1_n_0
    SLICE_X7Y33          FDRE                                         r  design_1_i/ps7_0_axi_periph/s00_couplers/auto_us/inst/gen_upsizer.gen_full_upsizer.axi_upsizer_inst/USE_WRITE.gen_non_fifo_w_upsizer.write_data_inst/WORD_LANE[1].USE_ALWAYS_PACKER.BYTE_LANE[3].USE_RTL_DATA.USE_REGISTER.M_AXI_WDATA_I_reg[57]/CE
  -------------------------------------------------------------------    -------------------

                         (clock clk_fpga_0 rise edge)
                                                     40.000    40.000 r  
    PS7_X0Y0             PS7                          0.000    40.000 r  design_1_i/processing_system7_0/inst/PS7_i/FCLKCLK[0]
                         net (fo=1, routed)           1.101    41.101    design_1_i/processing_system7_0/inst/FCLK_CLK_unbuffered[0]
    BUFGCTRL_X0Y0        BUFG (Prop_bufg_I_O)         0.091    41.192 r  design_1_i/processing_system7_0/inst/buffer_fclk_clk_0.FCLK_CLK_0_BUFG/O
                         net (fo=7094, routed)        1.499    42.692    design_1_i/ps7_0_axi_periph/s00_couplers/auto_us/inst/gen_upsizer.gen_full_upsizer.axi_upsizer_inst/USE_WRITE.gen_non_fifo_w_upsizer.write_data_inst/USE_RTL_LENGTH.length_counter_q_reg[0]_0
    SLICE_X7Y33          FDRE                                         r  design_1_i/ps7_0_axi_periph/s00_couplers/auto_us/inst/gen_upsizer.gen_full_upsizer.axi_upsizer_inst/USE_WRITE.gen_non_fifo_w_upsizer.write_data_inst/WORD_LANE[1].USE_ALWAYS_PACKER.BYTE_LANE[3].USE_RTL_DATA.USE_REGISTER.M_AXI_WDATA_I_reg[57]/C
                         clock pessimism              0.265    42.957    
                         clock uncertainty           -0.601    42.356    
    SLICE_X7Y33          FDRE (Setup_fdre_C_CE)      -0.205    42.151    design_1_i/ps7_0_axi_periph/s00_couplers/auto_us/inst/gen_upsizer.gen_full_upsizer.axi_upsizer_inst/USE_WRITE.gen_non_fifo_w_upsizer.write_data_inst/WORD_LANE[1].USE_ALWAYS_PACKER.BYTE_LANE[3].USE_RTL_DATA.USE_REGISTER.M_AXI_WDATA_I_reg[57]
  -------------------------------------------------------------------
                         required time                         42.151    
                         arrival time                         -17.178    
  -------------------------------------------------------------------
                         slack                                 24.973    

Slack (MET) :             24.973ns  (required time - arrival time)
  Source:                 design_1_i/ps7_0_axi_periph/xbar/inst/gen_samd.crossbar_samd/gen_slave_slots[0].gen_si_write.wdata_router_w/wrouter_aw_fifo/m_valid_i_reg/C
                            (rising edge-triggered cell FDRE clocked by clk_fpga_0  {rise@0.000ns fall@20.000ns period=40.000ns})
  Destination:            design_1_i/ps7_0_axi_periph/s00_couplers/auto_us/inst/gen_upsizer.gen_full_upsizer.axi_upsizer_inst/USE_WRITE.gen_non_fifo_w_upsizer.write_data_inst/WORD_LANE[1].USE_ALWAYS_PACKER.BYTE_LANE[3].USE_RTL_DATA.USE_REGISTER.M_AXI_WDATA_I_reg[58]/CE
                            (rising edge-triggered cell FDRE clocked by clk_fpga_0  {rise@0.000ns fall@20.000ns period=40.000ns})
  Path Group:             clk_fpga_0
  Path Type:              Setup (Max at Slow Process Corner)
  Requirement:            40.000ns  (clk_fpga_0 rise@40.000ns - clk_fpga_0 rise@0.000ns)
  Data Path Delay:        14.188ns  (logic 2.916ns (20.552%)  route 11.272ns (79.448%))
  Logic Levels:           11  (LUT2=2 LUT3=2 LUT4=1 LUT5=3 LUT6=3)
  Clock Path Skew:        -0.033ns (DCD - SCD + CPR)
    Destination Clock Delay (DCD):    2.691ns = ( 42.692 - 40.000 ) 
    Source Clock Delay      (SCD):    2.990ns
    Clock Pessimism Removal (CPR):    0.265ns
  Clock Uncertainty:      0.601ns  ((TSJ^2 + TIJ^2)^1/2 + DJ) / 2 + PE
    Total System Jitter     (TSJ):    0.071ns
    Total Input Jitter      (TIJ):    1.200ns
    Discrete Jitter          (DJ):    0.000ns
    Phase Error              (PE):    0.000ns

    Location             Delay type                Incr(ns)  Path(ns)    Netlist Resource(s)
  -------------------------------------------------------------------    -------------------
                         (clock clk_fpga_0 rise edge)
                                                      0.000     0.000 r  
    PS7_X0Y0             PS7                          0.000     0.000 r  design_1_i/processing_system7_0/inst/PS7_i/FCLKCLK[0]
                         net (fo=1, routed)           1.207     1.207    design_1_i/processing_system7_0/inst/FCLK_CLK_unbuffered[0]
    BUFGCTRL_X0Y0        BUFG (Prop_bufg_I_O)         0.101     1.308 r  design_1_i/processing_system7_0/inst/buffer_fclk_clk_0.FCLK_CLK_0_BUFG/O
                         net (fo=7094, routed)        1.682     2.990    design_1_i/ps7_0_axi_periph/xbar/inst/gen_samd.crossbar_samd/gen_slave_slots[0].gen_si_write.wdata_router_w/wrouter_aw_fifo/aclk
    SLICE_X6Y49          FDRE                                         r  design_1_i/ps7_0_axi_periph/xbar/inst/gen_samd.crossbar_samd/gen_slave_slots[0].gen_si_write.wdata_router_w/wrouter_aw_fifo/m_valid_i_reg/C
  -------------------------------------------------------------------    -------------------
    SLICE_X6Y49          FDRE (Prop_fdre_C_Q)         0.478     3.468 r  design_1_i/ps7_0_axi_periph/xbar/inst/gen_samd.crossbar_samd/gen_slave_slots[0].gen_si_write.wdata_router_w/wrouter_aw_fifo/m_valid_i_reg/Q
                         net (fo=3, routed)           1.057     4.525    design_1_i/ps7_0_axi_periph/xbar/inst/gen_samd.crossbar_samd/gen_slave_slots[0].gen_si_write.wdata_router_w/wrouter_aw_fifo/m_avalid_0
    SLICE_X5Y48          LUT2 (Prop_lut2_I0_O)        0.295     4.820 r  design_1_i/ps7_0_axi_periph/xbar/inst/gen_samd.crossbar_samd/gen_slave_slots[0].gen_si_write.wdata_router_w/wrouter_aw_fifo/m_axi_wvalid[1]_INST_0_i_2/O
                         net (fo=3, routed)           0.319     5.139    design_1_i/ps7_0_axi_periph/xbar/inst/gen_samd.crossbar_samd/gen_slave_slots[0].gen_si_write.wdata_router_w/wrouter_aw_fifo/m_axi_wvalid[1]_INST_0_i_2_n_0
    SLICE_X5Y47          LUT5 (Prop_lut5_I0_O)        0.124     5.263 r  design_1_i/ps7_0_axi_periph/xbar/inst/gen_samd.crossbar_samd/gen_slave_slots[0].gen_si_write.wdata_router_w/wrouter_aw_fifo/m_axi_wvalid[1]_INST_0/O
                         net (fo=5, routed)           1.761     7.024    design_1_i/ps7_0_axi_periph/m01_couplers/auto_ds/inst/gen_downsizer.gen_cascaded_downsizer.gen_axi3_conv.axi3_conv_inst/gen_axi4_axi3.axi3_conv_inst/USE_WRITE.write_addr_inst/USE_BURSTS.cmd_queue/inst/s_axi_wvalid
    SLICE_X5Y3           LUT3 (Prop_lut3_I1_O)        0.124     7.148 r  design_1_i/ps7_0_axi_periph/m01_couplers/auto_ds/inst/gen_downsizer.gen_cascaded_downsizer.gen_axi3_conv.axi3_conv_inst/gen_axi4_axi3.axi3_conv_inst/USE_WRITE.write_addr_inst/USE_BURSTS.cmd_queue/inst/m_axi_wvalid_INST_0/O
                         net (fo=4, routed)           0.437     7.585    design_1_i/ps7_0_axi_periph/m01_couplers/auto_pc/inst/gen_axi4_axi3.axi3_conv_inst/USE_WRITE.write_addr_inst/USE_BURSTS.cmd_queue/inst/s_axi_wvalid
    SLICE_X2Y3           LUT3 (Prop_lut3_I1_O)        0.119     7.704 r  design_1_i/ps7_0_axi_periph/m01_couplers/auto_pc/inst/gen_axi4_axi3.axi3_conv_inst/USE_WRITE.write_addr_inst/USE_BURSTS.cmd_queue/inst/s_axi_wready_INST_0/O
                         net (fo=11, routed)          1.057     8.761    design_1_i/ps7_0_axi_periph/m01_couplers/auto_ds/inst/gen_downsizer.gen_cascaded_downsizer.first_downsizer_inst/USE_WRITE.write_addr_inst/cmd_queue/inst/m_axi_wready
    SLICE_X5Y3           LUT5 (Prop_lut5_I3_O)        0.360     9.121 r  design_1_i/ps7_0_axi_periph/m01_couplers/auto_ds/inst/gen_downsizer.gen_cascaded_downsizer.first_downsizer_inst/USE_WRITE.write_addr_inst/cmd_queue/inst/s_axi_wready_INST_0/O
                         net (fo=3, routed)           1.752    10.873    design_1_i/ps7_0_axi_periph/xbar/inst/gen_samd.crossbar_samd/gen_slave_slots[0].gen_si_write.wdata_router_w/wrouter_aw_fifo/m_axi_wready[1]
    SLICE_X5Y47          LUT6 (Prop_lut6_I3_O)        0.326    11.199 r  design_1_i/ps7_0_axi_periph/xbar/inst/gen_samd.crossbar_samd/gen_slave_slots[0].gen_si_write.wdata_router_w/wrouter_aw_fifo/s_axi_wready[0]_INST_0_i_2/O
                         net (fo=1, routed)           0.550    11.750    design_1_i/ps7_0_axi_periph/xbar/inst/gen_samd.crossbar_samd/gen_slave_slots[0].gen_si_write.wdata_router_w/wrouter_aw_fifo/s_axi_wready[0]_INST_0_i_2_n_0
    SLICE_X5Y50          LUT6 (Prop_lut6_I0_O)        0.124    11.874 r  design_1_i/ps7_0_axi_periph/xbar/inst/gen_samd.crossbar_samd/gen_slave_slots[0].gen_si_write.wdata_router_w/wrouter_aw_fifo/s_axi_wready[0]_INST_0_i_1/O
                         net (fo=1, routed)           0.576    12.450    design_1_i/ps7_0_axi_periph/xbar/inst/gen_samd.crossbar_samd/gen_slave_slots[0].gen_si_write.wdata_router_w/wrouter_aw_fifo/m_aready0
    SLICE_X5Y48          LUT2 (Prop_lut2_I1_O)        0.150    12.600 r  design_1_i/ps7_0_axi_periph/xbar/inst/gen_samd.crossbar_samd/gen_slave_slots[0].gen_si_write.wdata_router_w/wrouter_aw_fifo/s_axi_wready[0]_INST_0/O
                         net (fo=38, routed)          1.261    13.861    design_1_i/ps7_0_axi_periph/s00_couplers/auto_us/inst/gen_upsizer.gen_full_upsizer.axi_upsizer_inst/USE_WRITE.gen_non_fifo_w_upsizer.write_data_inst/m_axi_wready
    SLICE_X6Y31          LUT6 (Prop_lut6_I0_O)        0.332    14.193 r  design_1_i/ps7_0_axi_periph/s00_couplers/auto_us/inst/gen_upsizer.gen_full_upsizer.axi_upsizer_inst/USE_WRITE.gen_non_fifo_w_upsizer.write_data_inst/USE_RTL_LENGTH.first_mi_word_q_i_2/O
                         net (fo=36, routed)          1.130    15.323    design_1_i/ps7_0_axi_periph/s00_couplers/auto_us/inst/gen_upsizer.gen_full_upsizer.axi_upsizer_inst/USE_WRITE.write_addr_inst/GEN_CMD_QUEUE.cmd_queue/USE_FF_OUT.USE_RTL_OUTPUT_PIPELINE.M_MESG_Q_reg[0]_0
    SLICE_X5Y33          LUT4 (Prop_lut4_I2_O)        0.152    15.475 r  design_1_i/ps7_0_axi_periph/s00_couplers/auto_us/inst/gen_upsizer.gen_full_upsizer.axi_upsizer_inst/USE_WRITE.write_addr_inst/GEN_CMD_QUEUE.cmd_queue/WORD_LANE[1].USE_ALWAYS_PACKER.BYTE_LANE[3].USE_RTL_DATA.USE_REGISTER.M_AXI_WDATA_I[63]_i_3/O
                         net (fo=9, routed)           0.728    16.203    design_1_i/ps7_0_axi_periph/s00_couplers/auto_us/inst/gen_upsizer.gen_full_upsizer.axi_upsizer_inst/USE_WRITE.gen_non_fifo_w_upsizer.write_data_inst/WORD_LANE[1].USE_ALWAYS_PACKER.BYTE_LANE[3].USE_RTL_DATA.USE_REGISTER.M_AXI_WDATA_I_reg[56]_0
    SLICE_X8Y34          LUT5 (Prop_lut5_I4_O)        0.332    16.535 r  design_1_i/ps7_0_axi_periph/s00_couplers/auto_us/inst/gen_upsizer.gen_full_upsizer.axi_upsizer_inst/USE_WRITE.gen_non_fifo_w_upsizer.write_data_inst/WORD_LANE[1].USE_ALWAYS_PACKER.BYTE_LANE[3].USE_RTL_DATA.USE_REGISTER.M_AXI_WDATA_I[63]_i_1/O
                         net (fo=8, routed)           0.643    17.178    design_1_i/ps7_0_axi_periph/s00_couplers/auto_us/inst/gen_upsizer.gen_full_upsizer.axi_upsizer_inst/USE_WRITE.gen_non_fifo_w_upsizer.write_data_inst/WORD_LANE[1].USE_ALWAYS_PACKER.BYTE_LANE[3].USE_RTL_DATA.USE_REGISTER.M_AXI_WDATA_I[63]_i_1_n_0
    SLICE_X7Y33          FDRE                                         r  design_1_i/ps7_0_axi_periph/s00_couplers/auto_us/inst/gen_upsizer.gen_full_upsizer.axi_upsizer_inst/USE_WRITE.gen_non_fifo_w_upsizer.write_data_inst/WORD_LANE[1].USE_ALWAYS_PACKER.BYTE_LANE[3].USE_RTL_DATA.USE_REGISTER.M_AXI_WDATA_I_reg[58]/CE
  -------------------------------------------------------------------    -------------------

                         (clock clk_fpga_0 rise edge)
                                                     40.000    40.000 r  
    PS7_X0Y0             PS7                          0.000    40.000 r  design_1_i/processing_system7_0/inst/PS7_i/FCLKCLK[0]
                         net (fo=1, routed)           1.101    41.101    design_1_i/processing_system7_0/inst/FCLK_CLK_unbuffered[0]
    BUFGCTRL_X0Y0        BUFG (Prop_bufg_I_O)         0.091    41.192 r  design_1_i/processing_system7_0/inst/buffer_fclk_clk_0.FCLK_CLK_0_BUFG/O
                         net (fo=7094, routed)        1.499    42.692    design_1_i/ps7_0_axi_periph/s00_couplers/auto_us/inst/gen_upsizer.gen_full_upsizer.axi_upsizer_inst/USE_WRITE.gen_non_fifo_w_upsizer.write_data_inst/USE_RTL_LENGTH.length_counter_q_reg[0]_0
    SLICE_X7Y33          FDRE                                         r  design_1_i/ps7_0_axi_periph/s00_couplers/auto_us/inst/gen_upsizer.gen_full_upsizer.axi_upsizer_inst/USE_WRITE.gen_non_fifo_w_upsizer.write_data_inst/WORD_LANE[1].USE_ALWAYS_PACKER.BYTE_LANE[3].USE_RTL_DATA.USE_REGISTER.M_AXI_WDATA_I_reg[58]/C
                         clock pessimism              0.265    42.957    
                         clock uncertainty           -0.601    42.356    
    SLICE_X7Y33          FDRE (Setup_fdre_C_CE)      -0.205    42.151    design_1_i/ps7_0_axi_periph/s00_couplers/auto_us/inst/gen_upsizer.gen_full_upsizer.axi_upsizer_inst/USE_WRITE.gen_non_fifo_w_upsizer.write_data_inst/WORD_LANE[1].USE_ALWAYS_PACKER.BYTE_LANE[3].USE_RTL_DATA.USE_REGISTER.M_AXI_WDATA_I_reg[58]
  -------------------------------------------------------------------
                         required time                         42.151    
                         arrival time                         -17.178    
  -------------------------------------------------------------------
                         slack                                 24.973    

Slack (MET) :             24.988ns  (required time - arrival time)
  Source:                 design_1_i/ps7_0_axi_periph/xbar/inst/gen_samd.crossbar_samd/gen_slave_slots[0].gen_si_write.wdata_router_w/wrouter_aw_fifo/m_valid_i_reg/C
                            (rising edge-triggered cell FDRE clocked by clk_fpga_0  {rise@0.000ns fall@20.000ns period=40.000ns})
  Destination:            design_1_i/ps7_0_axi_periph/s00_couplers/auto_us/inst/gen_upsizer.gen_full_upsizer.axi_upsizer_inst/USE_WRITE.gen_non_fifo_w_upsizer.write_data_inst/WORD_LANE[1].USE_ALWAYS_PACKER.BYTE_LANE[0].USE_RTL_DATA.USE_REGISTER.M_AXI_WDATA_I_reg[32]/CE
                            (rising edge-triggered cell FDRE clocked by clk_fpga_0  {rise@0.000ns fall@20.000ns period=40.000ns})
  Path Group:             clk_fpga_0
  Path Type:              Setup (Max at Slow Process Corner)
  Requirement:            40.000ns  (clk_fpga_0 rise@40.000ns - clk_fpga_0 rise@0.000ns)
  Data Path Delay:        14.170ns  (logic 2.680ns (18.913%)  route 11.490ns (81.087%))
  Logic Levels:           11  (LUT2=2 LUT3=2 LUT4=1 LUT5=3 LUT6=3)
  Clock Path Skew:        -0.072ns (DCD - SCD + CPR)
    Destination Clock Delay (DCD):    2.688ns = ( 42.688 - 40.000 ) 
    Source Clock Delay      (SCD):    2.990ns
    Clock Pessimism Removal (CPR):    0.230ns
  Clock Uncertainty:      0.601ns  ((TSJ^2 + TIJ^2)^1/2 + DJ) / 2 + PE
    Total System Jitter     (TSJ):    0.071ns
    Total Input Jitter      (TIJ):    1.200ns
    Discrete Jitter          (DJ):    0.000ns
    Phase Error              (PE):    0.000ns

    Location             Delay type                Incr(ns)  Path(ns)    Netlist Resource(s)
  -------------------------------------------------------------------    -------------------
                         (clock clk_fpga_0 rise edge)
                                                      0.000     0.000 r  
    PS7_X0Y0             PS7                          0.000     0.000 r  design_1_i/processing_system7_0/inst/PS7_i/FCLKCLK[0]
                         net (fo=1, routed)           1.207     1.207    design_1_i/processing_system7_0/inst/FCLK_CLK_unbuffered[0]
    BUFGCTRL_X0Y0        BUFG (Prop_bufg_I_O)         0.101     1.308 r  design_1_i/processing_system7_0/inst/buffer_fclk_clk_0.FCLK_CLK_0_BUFG/O
                         net (fo=7094, routed)        1.682     2.990    design_1_i/ps7_0_axi_periph/xbar/inst/gen_samd.crossbar_samd/gen_slave_slots[0].gen_si_write.wdata_router_w/wrouter_aw_fifo/aclk
    SLICE_X6Y49          FDRE                                         r  design_1_i/ps7_0_axi_periph/xbar/inst/gen_samd.crossbar_samd/gen_slave_slots[0].gen_si_write.wdata_router_w/wrouter_aw_fifo/m_valid_i_reg/C
  -------------------------------------------------------------------    -------------------
    SLICE_X6Y49          FDRE (Prop_fdre_C_Q)         0.478     3.468 r  design_1_i/ps7_0_axi_periph/xbar/inst/gen_samd.crossbar_samd/gen_slave_slots[0].gen_si_write.wdata_router_w/wrouter_aw_fifo/m_valid_i_reg/Q
                         net (fo=3, routed)           1.057     4.525    design_1_i/ps7_0_axi_periph/xbar/inst/gen_samd.crossbar_samd/gen_slave_slots[0].gen_si_write.wdata_router_w/wrouter_aw_fifo/m_avalid_0
    SLICE_X5Y48          LUT2 (Prop_lut2_I0_O)        0.295     4.820 r  design_1_i/ps7_0_axi_periph/xbar/inst/gen_samd.crossbar_samd/gen_slave_slots[0].gen_si_write.wdata_router_w/wrouter_aw_fifo/m_axi_wvalid[1]_INST_0_i_2/O
                         net (fo=3, routed)           0.319     5.139    design_1_i/ps7_0_axi_periph/xbar/inst/gen_samd.crossbar_samd/gen_slave_slots[0].gen_si_write.wdata_router_w/wrouter_aw_fifo/m_axi_wvalid[1]_INST_0_i_2_n_0
    SLICE_X5Y47          LUT5 (Prop_lut5_I0_O)        0.124     5.263 r  design_1_i/ps7_0_axi_periph/xbar/inst/gen_samd.crossbar_samd/gen_slave_slots[0].gen_si_write.wdata_router_w/wrouter_aw_fifo/m_axi_wvalid[1]_INST_0/O
                         net (fo=5, routed)           1.761     7.024    design_1_i/ps7_0_axi_periph/m01_couplers/auto_ds/inst/gen_downsizer.gen_cascaded_downsizer.gen_axi3_conv.axi3_conv_inst/gen_axi4_axi3.axi3_conv_inst/USE_WRITE.write_addr_inst/USE_BURSTS.cmd_queue/inst/s_axi_wvalid
    SLICE_X5Y3           LUT3 (Prop_lut3_I1_O)        0.124     7.148 r  design_1_i/ps7_0_axi_periph/m01_couplers/auto_ds/inst/gen_downsizer.gen_cascaded_downsizer.gen_axi3_conv.axi3_conv_inst/gen_axi4_axi3.axi3_conv_inst/USE_WRITE.write_addr_inst/USE_BURSTS.cmd_queue/inst/m_axi_wvalid_INST_0/O
                         net (fo=4, routed)           0.437     7.585    design_1_i/ps7_0_axi_periph/m01_couplers/auto_pc/inst/gen_axi4_axi3.axi3_conv_inst/USE_WRITE.write_addr_inst/USE_BURSTS.cmd_queue/inst/s_axi_wvalid
    SLICE_X2Y3           LUT3 (Prop_lut3_I1_O)        0.119     7.704 r  design_1_i/ps7_0_axi_periph/m01_couplers/auto_pc/inst/gen_axi4_axi3.axi3_conv_inst/USE_WRITE.write_addr_inst/USE_BURSTS.cmd_queue/inst/s_axi_wready_INST_0/O
                         net (fo=11, routed)          1.057     8.761    design_1_i/ps7_0_axi_periph/m01_couplers/auto_ds/inst/gen_downsizer.gen_cascaded_downsizer.first_downsizer_inst/USE_WRITE.write_addr_inst/cmd_queue/inst/m_axi_wready
    SLICE_X5Y3           LUT5 (Prop_lut5_I3_O)        0.360     9.121 r  design_1_i/ps7_0_axi_periph/m01_couplers/auto_ds/inst/gen_downsizer.gen_cascaded_downsizer.first_downsizer_inst/USE_WRITE.write_addr_inst/cmd_queue/inst/s_axi_wready_INST_0/O
                         net (fo=3, routed)           1.752    10.873    design_1_i/ps7_0_axi_periph/xbar/inst/gen_samd.crossbar_samd/gen_slave_slots[0].gen_si_write.wdata_router_w/wrouter_aw_fifo/m_axi_wready[1]
    SLICE_X5Y47          LUT6 (Prop_lut6_I3_O)        0.326    11.199 r  design_1_i/ps7_0_axi_periph/xbar/inst/gen_samd.crossbar_samd/gen_slave_slots[0].gen_si_write.wdata_router_w/wrouter_aw_fifo/s_axi_wready[0]_INST_0_i_2/O
                         net (fo=1, routed)           0.550    11.750    design_1_i/ps7_0_axi_periph/xbar/inst/gen_samd.crossbar_samd/gen_slave_slots[0].gen_si_write.wdata_router_w/wrouter_aw_fifo/s_axi_wready[0]_INST_0_i_2_n_0
    SLICE_X5Y50          LUT6 (Prop_lut6_I0_O)        0.124    11.874 r  design_1_i/ps7_0_axi_periph/xbar/inst/gen_samd.crossbar_samd/gen_slave_slots[0].gen_si_write.wdata_router_w/wrouter_aw_fifo/s_axi_wready[0]_INST_0_i_1/O
                         net (fo=1, routed)           0.576    12.450    design_1_i/ps7_0_axi_periph/xbar/inst/gen_samd.crossbar_samd/gen_slave_slots[0].gen_si_write.wdata_router_w/wrouter_aw_fifo/m_aready0
    SLICE_X5Y48          LUT2 (Prop_lut2_I1_O)        0.150    12.600 r  design_1_i/ps7_0_axi_periph/xbar/inst/gen_samd.crossbar_samd/gen_slave_slots[0].gen_si_write.wdata_router_w/wrouter_aw_fifo/s_axi_wready[0]_INST_0/O
                         net (fo=38, routed)          1.261    13.861    design_1_i/ps7_0_axi_periph/s00_couplers/auto_us/inst/gen_upsizer.gen_full_upsizer.axi_upsizer_inst/USE_WRITE.gen_non_fifo_w_upsizer.write_data_inst/m_axi_wready
    SLICE_X6Y31          LUT6 (Prop_lut6_I0_O)        0.332    14.193 r  design_1_i/ps7_0_axi_periph/s00_couplers/auto_us/inst/gen_upsizer.gen_full_upsizer.axi_upsizer_inst/USE_WRITE.gen_non_fifo_w_upsizer.write_data_inst/USE_RTL_LENGTH.first_mi_word_q_i_2/O
                         net (fo=36, routed)          1.234    15.427    design_1_i/ps7_0_axi_periph/s00_couplers/auto_us/inst/gen_upsizer.gen_full_upsizer.axi_upsizer_inst/USE_WRITE.write_addr_inst/GEN_CMD_QUEUE.cmd_queue/USE_FF_OUT.USE_RTL_OUTPUT_PIPELINE.M_MESG_Q_reg[0]_0
    SLICE_X5Y28          LUT4 (Prop_lut4_I2_O)        0.124    15.551 r  design_1_i/ps7_0_axi_periph/s00_couplers/auto_us/inst/gen_upsizer.gen_full_upsizer.axi_upsizer_inst/USE_WRITE.write_addr_inst/GEN_CMD_QUEUE.cmd_queue/WORD_LANE[1].USE_ALWAYS_PACKER.BYTE_LANE[0].USE_RTL_DATA.USE_REGISTER.M_AXI_WDATA_I[39]_i_3/O
                         net (fo=9, routed)           0.964    16.515    design_1_i/ps7_0_axi_periph/s00_couplers/auto_us/inst/gen_upsizer.gen_full_upsizer.axi_upsizer_inst/USE_WRITE.gen_non_fifo_w_upsizer.write_data_inst/WORD_LANE[1].USE_ALWAYS_PACKER.BYTE_LANE[0].USE_RTL_DATA.USE_REGISTER.M_AXI_WDATA_I_reg[32]_0
    SLICE_X10Y27         LUT5 (Prop_lut5_I4_O)        0.124    16.639 r  design_1_i/ps7_0_axi_periph/s00_couplers/auto_us/inst/gen_upsizer.gen_full_upsizer.axi_upsizer_inst/USE_WRITE.gen_non_fifo_w_upsizer.write_data_inst/WORD_LANE[1].USE_ALWAYS_PACKER.BYTE_LANE[0].USE_RTL_DATA.USE_REGISTER.M_AXI_WDATA_I[39]_i_1/O
                         net (fo=8, routed)           0.521    17.160    design_1_i/ps7_0_axi_periph/s00_couplers/auto_us/inst/gen_upsizer.gen_full_upsizer.axi_upsizer_inst/USE_WRITE.gen_non_fifo_w_upsizer.write_data_inst/WORD_LANE[1].USE_ALWAYS_PACKER.BYTE_LANE[0].USE_RTL_DATA.USE_REGISTER.M_AXI_WDATA_I[39]_i_1_n_0
    SLICE_X8Y28          FDRE                                         r  design_1_i/ps7_0_axi_periph/s00_couplers/auto_us/inst/gen_upsizer.gen_full_upsizer.axi_upsizer_inst/USE_WRITE.gen_non_fifo_w_upsizer.write_data_inst/WORD_LANE[1].USE_ALWAYS_PACKER.BYTE_LANE[0].USE_RTL_DATA.USE_REGISTER.M_AXI_WDATA_I_reg[32]/CE
  -------------------------------------------------------------------    -------------------

                         (clock clk_fpga_0 rise edge)
                                                     40.000    40.000 r  
    PS7_X0Y0             PS7                          0.000    40.000 r  design_1_i/processing_system7_0/inst/PS7_i/FCLKCLK[0]
                         net (fo=1, routed)           1.101    41.101    design_1_i/processing_system7_0/inst/FCLK_CLK_unbuffered[0]
    BUFGCTRL_X0Y0        BUFG (Prop_bufg_I_O)         0.091    41.192 r  design_1_i/processing_system7_0/inst/buffer_fclk_clk_0.FCLK_CLK_0_BUFG/O
                         net (fo=7094, routed)        1.495    42.688    design_1_i/ps7_0_axi_periph/s00_couplers/auto_us/inst/gen_upsizer.gen_full_upsizer.axi_upsizer_inst/USE_WRITE.gen_non_fifo_w_upsizer.write_data_inst/USE_RTL_LENGTH.length_counter_q_reg[0]_0
    SLICE_X8Y28          FDRE                                         r  design_1_i/ps7_0_axi_periph/s00_couplers/auto_us/inst/gen_upsizer.gen_full_upsizer.axi_upsizer_inst/USE_WRITE.gen_non_fifo_w_upsizer.write_data_inst/WORD_LANE[1].USE_ALWAYS_PACKER.BYTE_LANE[0].USE_RTL_DATA.USE_REGISTER.M_AXI_WDATA_I_reg[32]/C
                         clock pessimism              0.230    42.918    
                         clock uncertainty           -0.601    42.317    
    SLICE_X8Y28          FDRE (Setup_fdre_C_CE)      -0.169    42.148    design_1_i/ps7_0_axi_periph/s00_couplers/auto_us/inst/gen_upsizer.gen_full_upsizer.axi_upsizer_inst/USE_WRITE.gen_non_fifo_w_upsizer.write_data_inst/WORD_LANE[1].USE_ALWAYS_PACKER.BYTE_LANE[0].USE_RTL_DATA.USE_REGISTER.M_AXI_WDATA_I_reg[32]
  -------------------------------------------------------------------
                         required time                         42.148    
                         arrival time                         -17.160    
  -------------------------------------------------------------------
                         slack                                 24.988    

Slack (MET) :             24.988ns  (required time - arrival time)
  Source:                 design_1_i/ps7_0_axi_periph/xbar/inst/gen_samd.crossbar_samd/gen_slave_slots[0].gen_si_write.wdata_router_w/wrouter_aw_fifo/m_valid_i_reg/C
                            (rising edge-triggered cell FDRE clocked by clk_fpga_0  {rise@0.000ns fall@20.000ns period=40.000ns})
  Destination:            design_1_i/ps7_0_axi_periph/s00_couplers/auto_us/inst/gen_upsizer.gen_full_upsizer.axi_upsizer_inst/USE_WRITE.gen_non_fifo_w_upsizer.write_data_inst/WORD_LANE[1].USE_ALWAYS_PACKER.BYTE_LANE[0].USE_RTL_DATA.USE_REGISTER.M_AXI_WDATA_I_reg[33]/CE
                            (rising edge-triggered cell FDRE clocked by clk_fpga_0  {rise@0.000ns fall@20.000ns period=40.000ns})
  Path Group:             clk_fpga_0
  Path Type:              Setup (Max at Slow Process Corner)
  Requirement:            40.000ns  (clk_fpga_0 rise@40.000ns - clk_fpga_0 rise@0.000ns)
  Data Path Delay:        14.170ns  (logic 2.680ns (18.913%)  route 11.490ns (81.087%))
  Logic Levels:           11  (LUT2=2 LUT3=2 LUT4=1 LUT5=3 LUT6=3)
  Clock Path Skew:        -0.072ns (DCD - SCD + CPR)
    Destination Clock Delay (DCD):    2.688ns = ( 42.688 - 40.000 ) 
    Source Clock Delay      (SCD):    2.990ns
    Clock Pessimism Removal (CPR):    0.230ns
  Clock Uncertainty:      0.601ns  ((TSJ^2 + TIJ^2)^1/2 + DJ) / 2 + PE
    Total System Jitter     (TSJ):    0.071ns
    Total Input Jitter      (TIJ):    1.200ns
    Discrete Jitter          (DJ):    0.000ns
    Phase Error              (PE):    0.000ns

    Location             Delay type                Incr(ns)  Path(ns)    Netlist Resource(s)
  -------------------------------------------------------------------    -------------------
                         (clock clk_fpga_0 rise edge)
                                                      0.000     0.000 r  
    PS7_X0Y0             PS7                          0.000     0.000 r  design_1_i/processing_system7_0/inst/PS7_i/FCLKCLK[0]
                         net (fo=1, routed)           1.207     1.207    design_1_i/processing_system7_0/inst/FCLK_CLK_unbuffered[0]
    BUFGCTRL_X0Y0        BUFG (Prop_bufg_I_O)         0.101     1.308 r  design_1_i/processing_system7_0/inst/buffer_fclk_clk_0.FCLK_CLK_0_BUFG/O
                         net (fo=7094, routed)        1.682     2.990    design_1_i/ps7_0_axi_periph/xbar/inst/gen_samd.crossbar_samd/gen_slave_slots[0].gen_si_write.wdata_router_w/wrouter_aw_fifo/aclk
    SLICE_X6Y49          FDRE                                         r  design_1_i/ps7_0_axi_periph/xbar/inst/gen_samd.crossbar_samd/gen_slave_slots[0].gen_si_write.wdata_router_w/wrouter_aw_fifo/m_valid_i_reg/C
  -------------------------------------------------------------------    -------------------
    SLICE_X6Y49          FDRE (Prop_fdre_C_Q)         0.478     3.468 r  design_1_i/ps7_0_axi_periph/xbar/inst/gen_samd.crossbar_samd/gen_slave_slots[0].gen_si_write.wdata_router_w/wrouter_aw_fifo/m_valid_i_reg/Q
                         net (fo=3, routed)           1.057     4.525    design_1_i/ps7_0_axi_periph/xbar/inst/gen_samd.crossbar_samd/gen_slave_slots[0].gen_si_write.wdata_router_w/wrouter_aw_fifo/m_avalid_0
    SLICE_X5Y48          LUT2 (Prop_lut2_I0_O)        0.295     4.820 r  design_1_i/ps7_0_axi_periph/xbar/inst/gen_samd.crossbar_samd/gen_slave_slots[0].gen_si_write.wdata_router_w/wrouter_aw_fifo/m_axi_wvalid[1]_INST_0_i_2/O
                         net (fo=3, routed)           0.319     5.139    design_1_i/ps7_0_axi_periph/xbar/inst/gen_samd.crossbar_samd/gen_slave_slots[0].gen_si_write.wdata_router_w/wrouter_aw_fifo/m_axi_wvalid[1]_INST_0_i_2_n_0
    SLICE_X5Y47          LUT5 (Prop_lut5_I0_O)        0.124     5.263 r  design_1_i/ps7_0_axi_periph/xbar/inst/gen_samd.crossbar_samd/gen_slave_slots[0].gen_si_write.wdata_router_w/wrouter_aw_fifo/m_axi_wvalid[1]_INST_0/O
                         net (fo=5, routed)           1.761     7.024    design_1_i/ps7_0_axi_periph/m01_couplers/auto_ds/inst/gen_downsizer.gen_cascaded_downsizer.gen_axi3_conv.axi3_conv_inst/gen_axi4_axi3.axi3_conv_inst/USE_WRITE.write_addr_inst/USE_BURSTS.cmd_queue/inst/s_axi_wvalid
    SLICE_X5Y3           LUT3 (Prop_lut3_I1_O)        0.124     7.148 r  design_1_i/ps7_0_axi_periph/m01_couplers/auto_ds/inst/gen_downsizer.gen_cascaded_downsizer.gen_axi3_conv.axi3_conv_inst/gen_axi4_axi3.axi3_conv_inst/USE_WRITE.write_addr_inst/USE_BURSTS.cmd_queue/inst/m_axi_wvalid_INST_0/O
                         net (fo=4, routed)           0.437     7.585    design_1_i/ps7_0_axi_periph/m01_couplers/auto_pc/inst/gen_axi4_axi3.axi3_conv_inst/USE_WRITE.write_addr_inst/USE_BURSTS.cmd_queue/inst/s_axi_wvalid
    SLICE_X2Y3           LUT3 (Prop_lut3_I1_O)        0.119     7.704 r  design_1_i/ps7_0_axi_periph/m01_couplers/auto_pc/inst/gen_axi4_axi3.axi3_conv_inst/USE_WRITE.write_addr_inst/USE_BURSTS.cmd_queue/inst/s_axi_wready_INST_0/O
                         net (fo=11, routed)          1.057     8.761    design_1_i/ps7_0_axi_periph/m01_couplers/auto_ds/inst/gen_downsizer.gen_cascaded_downsizer.first_downsizer_inst/USE_WRITE.write_addr_inst/cmd_queue/inst/m_axi_wready
    SLICE_X5Y3           LUT5 (Prop_lut5_I3_O)        0.360     9.121 r  design_1_i/ps7_0_axi_periph/m01_couplers/auto_ds/inst/gen_downsizer.gen_cascaded_downsizer.first_downsizer_inst/USE_WRITE.write_addr_inst/cmd_queue/inst/s_axi_wready_INST_0/O
                         net (fo=3, routed)           1.752    10.873    design_1_i/ps7_0_axi_periph/xbar/inst/gen_samd.crossbar_samd/gen_slave_slots[0].gen_si_write.wdata_router_w/wrouter_aw_fifo/m_axi_wready[1]
    SLICE_X5Y47          LUT6 (Prop_lut6_I3_O)        0.326    11.199 r  design_1_i/ps7_0_axi_periph/xbar/inst/gen_samd.crossbar_samd/gen_slave_slots[0].gen_si_write.wdata_router_w/wrouter_aw_fifo/s_axi_wready[0]_INST_0_i_2/O
                         net (fo=1, routed)           0.550    11.750    design_1_i/ps7_0_axi_periph/xbar/inst/gen_samd.crossbar_samd/gen_slave_slots[0].gen_si_write.wdata_router_w/wrouter_aw_fifo/s_axi_wready[0]_INST_0_i_2_n_0
    SLICE_X5Y50          LUT6 (Prop_lut6_I0_O)        0.124    11.874 r  design_1_i/ps7_0_axi_periph/xbar/inst/gen_samd.crossbar_samd/gen_slave_slots[0].gen_si_write.wdata_router_w/wrouter_aw_fifo/s_axi_wready[0]_INST_0_i_1/O
                         net (fo=1, routed)           0.576    12.450    design_1_i/ps7_0_axi_periph/xbar/inst/gen_samd.crossbar_samd/gen_slave_slots[0].gen_si_write.wdata_router_w/wrouter_aw_fifo/m_aready0
    SLICE_X5Y48          LUT2 (Prop_lut2_I1_O)        0.150    12.600 r  design_1_i/ps7_0_axi_periph/xbar/inst/gen_samd.crossbar_samd/gen_slave_slots[0].gen_si_write.wdata_router_w/wrouter_aw_fifo/s_axi_wready[0]_INST_0/O
                         net (fo=38, routed)          1.261    13.861    design_1_i/ps7_0_axi_periph/s00_couplers/auto_us/inst/gen_upsizer.gen_full_upsizer.axi_upsizer_inst/USE_WRITE.gen_non_fifo_w_upsizer.write_data_inst/m_axi_wready
    SLICE_X6Y31          LUT6 (Prop_lut6_I0_O)        0.332    14.193 r  design_1_i/ps7_0_axi_periph/s00_couplers/auto_us/inst/gen_upsizer.gen_full_upsizer.axi_upsizer_inst/USE_WRITE.gen_non_fifo_w_upsizer.write_data_inst/USE_RTL_LENGTH.first_mi_word_q_i_2/O
                         net (fo=36, routed)          1.234    15.427    design_1_i/ps7_0_axi_periph/s00_couplers/auto_us/inst/gen_upsizer.gen_full_upsizer.axi_upsizer_inst/USE_WRITE.write_addr_inst/GEN_CMD_QUEUE.cmd_queue/USE_FF_OUT.USE_RTL_OUTPUT_PIPELINE.M_MESG_Q_reg[0]_0
    SLICE_X5Y28          LUT4 (Prop_lut4_I2_O)        0.124    15.551 r  design_1_i/ps7_0_axi_periph/s00_couplers/auto_us/inst/gen_upsizer.gen_full_upsizer.axi_upsizer_inst/USE_WRITE.write_addr_inst/GEN_CMD_QUEUE.cmd_queue/WORD_LANE[1].USE_ALWAYS_PACKER.BYTE_LANE[0].USE_RTL_DATA.USE_REGISTER.M_AXI_WDATA_I[39]_i_3/O
                         net (fo=9, routed)           0.964    16.515    design_1_i/ps7_0_axi_periph/s00_couplers/auto_us/inst/gen_upsizer.gen_full_upsizer.axi_upsizer_inst/USE_WRITE.gen_non_fifo_w_upsizer.write_data_inst/WORD_LANE[1].USE_ALWAYS_PACKER.BYTE_LANE[0].USE_RTL_DATA.USE_REGISTER.M_AXI_WDATA_I_reg[32]_0
    SLICE_X10Y27         LUT5 (Prop_lut5_I4_O)        0.124    16.639 r  design_1_i/ps7_0_axi_periph/s00_couplers/auto_us/inst/gen_upsizer.gen_full_upsizer.axi_upsizer_inst/USE_WRITE.gen_non_fifo_w_upsizer.write_data_inst/WORD_LANE[1].USE_ALWAYS_PACKER.BYTE_LANE[0].USE_RTL_DATA.USE_REGISTER.M_AXI_WDATA_I[39]_i_1/O
                         net (fo=8, routed)           0.521    17.160    design_1_i/ps7_0_axi_periph/s00_couplers/auto_us/inst/gen_upsizer.gen_full_upsizer.axi_upsizer_inst/USE_WRITE.gen_non_fifo_w_upsizer.write_data_inst/WORD_LANE[1].USE_ALWAYS_PACKER.BYTE_LANE[0].USE_RTL_DATA.USE_REGISTER.M_AXI_WDATA_I[39]_i_1_n_0
    SLICE_X8Y28          FDRE                                         r  design_1_i/ps7_0_axi_periph/s00_couplers/auto_us/inst/gen_upsizer.gen_full_upsizer.axi_upsizer_inst/USE_WRITE.gen_non_fifo_w_upsizer.write_data_inst/WORD_LANE[1].USE_ALWAYS_PACKER.BYTE_LANE[0].USE_RTL_DATA.USE_REGISTER.M_AXI_WDATA_I_reg[33]/CE
  -------------------------------------------------------------------    -------------------

                         (clock clk_fpga_0 rise edge)
                                                     40.000    40.000 r  
    PS7_X0Y0             PS7                          0.000    40.000 r  design_1_i/processing_system7_0/inst/PS7_i/FCLKCLK[0]
                         net (fo=1, routed)           1.101    41.101    design_1_i/processing_system7_0/inst/FCLK_CLK_unbuffered[0]
    BUFGCTRL_X0Y0        BUFG (Prop_bufg_I_O)         0.091    41.192 r  design_1_i/processing_system7_0/inst/buffer_fclk_clk_0.FCLK_CLK_0_BUFG/O
                         net (fo=7094, routed)        1.495    42.688    design_1_i/ps7_0_axi_periph/s00_couplers/auto_us/inst/gen_upsizer.gen_full_upsizer.axi_upsizer_inst/USE_WRITE.gen_non_fifo_w_upsizer.write_data_inst/USE_RTL_LENGTH.length_counter_q_reg[0]_0
    SLICE_X8Y28          FDRE                                         r  design_1_i/ps7_0_axi_periph/s00_couplers/auto_us/inst/gen_upsizer.gen_full_upsizer.axi_upsizer_inst/USE_WRITE.gen_non_fifo_w_upsizer.write_data_inst/WORD_LANE[1].USE_ALWAYS_PACKER.BYTE_LANE[0].USE_RTL_DATA.USE_REGISTER.M_AXI_WDATA_I_reg[33]/C
                         clock pessimism              0.230    42.918    
                         clock uncertainty           -0.601    42.317    
    SLICE_X8Y28          FDRE (Setup_fdre_C_CE)      -0.169    42.148    design_1_i/ps7_0_axi_periph/s00_couplers/auto_us/inst/gen_upsizer.gen_full_upsizer.axi_upsizer_inst/USE_WRITE.gen_non_fifo_w_upsizer.write_data_inst/WORD_LANE[1].USE_ALWAYS_PACKER.BYTE_LANE[0].USE_RTL_DATA.USE_REGISTER.M_AXI_WDATA_I_reg[33]
  -------------------------------------------------------------------
                         required time                         42.148    
                         arrival time                         -17.160    
  -------------------------------------------------------------------
                         slack                                 24.988    

Slack (MET) :             24.988ns  (required time - arrival time)
  Source:                 design_1_i/ps7_0_axi_periph/xbar/inst/gen_samd.crossbar_samd/gen_slave_slots[0].gen_si_write.wdata_router_w/wrouter_aw_fifo/m_valid_i_reg/C
                            (rising edge-triggered cell FDRE clocked by clk_fpga_0  {rise@0.000ns fall@20.000ns period=40.000ns})
  Destination:            design_1_i/ps7_0_axi_periph/s00_couplers/auto_us/inst/gen_upsizer.gen_full_upsizer.axi_upsizer_inst/USE_WRITE.gen_non_fifo_w_upsizer.write_data_inst/WORD_LANE[1].USE_ALWAYS_PACKER.BYTE_LANE[0].USE_RTL_DATA.USE_REGISTER.M_AXI_WDATA_I_reg[34]/CE
                            (rising edge-triggered cell FDRE clocked by clk_fpga_0  {rise@0.000ns fall@20.000ns period=40.000ns})
  Path Group:             clk_fpga_0
  Path Type:              Setup (Max at Slow Process Corner)
  Requirement:            40.000ns  (clk_fpga_0 rise@40.000ns - clk_fpga_0 rise@0.000ns)
  Data Path Delay:        14.170ns  (logic 2.680ns (18.913%)  route 11.490ns (81.087%))
  Logic Levels:           11  (LUT2=2 LUT3=2 LUT4=1 LUT5=3 LUT6=3)
  Clock Path Skew:        -0.072ns (DCD - SCD + CPR)
    Destination Clock Delay (DCD):    2.688ns = ( 42.688 - 40.000 ) 
    Source Clock Delay      (SCD):    2.990ns
    Clock Pessimism Removal (CPR):    0.230ns
  Clock Uncertainty:      0.601ns  ((TSJ^2 + TIJ^2)^1/2 + DJ) / 2 + PE
    Total System Jitter     (TSJ):    0.071ns
    Total Input Jitter      (TIJ):    1.200ns
    Discrete Jitter          (DJ):    0.000ns
    Phase Error              (PE):    0.000ns

    Location             Delay type                Incr(ns)  Path(ns)    Netlist Resource(s)
  -------------------------------------------------------------------    -------------------
                         (clock clk_fpga_0 rise edge)
                                                      0.000     0.000 r  
    PS7_X0Y0             PS7                          0.000     0.000 r  design_1_i/processing_system7_0/inst/PS7_i/FCLKCLK[0]
                         net (fo=1, routed)           1.207     1.207    design_1_i/processing_system7_0/inst/FCLK_CLK_unbuffered[0]
    BUFGCTRL_X0Y0        BUFG (Prop_bufg_I_O)         0.101     1.308 r  design_1_i/processing_system7_0/inst/buffer_fclk_clk_0.FCLK_CLK_0_BUFG/O
                         net (fo=7094, routed)        1.682     2.990    design_1_i/ps7_0_axi_periph/xbar/inst/gen_samd.crossbar_samd/gen_slave_slots[0].gen_si_write.wdata_router_w/wrouter_aw_fifo/aclk
    SLICE_X6Y49          FDRE                                         r  design_1_i/ps7_0_axi_periph/xbar/inst/gen_samd.crossbar_samd/gen_slave_slots[0].gen_si_write.wdata_router_w/wrouter_aw_fifo/m_valid_i_reg/C
  -------------------------------------------------------------------    -------------------
    SLICE_X6Y49          FDRE (Prop_fdre_C_Q)         0.478     3.468 r  design_1_i/ps7_0_axi_periph/xbar/inst/gen_samd.crossbar_samd/gen_slave_slots[0].gen_si_write.wdata_router_w/wrouter_aw_fifo/m_valid_i_reg/Q
                         net (fo=3, routed)           1.057     4.525    design_1_i/ps7_0_axi_periph/xbar/inst/gen_samd.crossbar_samd/gen_slave_slots[0].gen_si_write.wdata_router_w/wrouter_aw_fifo/m_avalid_0
    SLICE_X5Y48          LUT2 (Prop_lut2_I0_O)        0.295     4.820 r  design_1_i/ps7_0_axi_periph/xbar/inst/gen_samd.crossbar_samd/gen_slave_slots[0].gen_si_write.wdata_router_w/wrouter_aw_fifo/m_axi_wvalid[1]_INST_0_i_2/O
                         net (fo=3, routed)           0.319     5.139    design_1_i/ps7_0_axi_periph/xbar/inst/gen_samd.crossbar_samd/gen_slave_slots[0].gen_si_write.wdata_router_w/wrouter_aw_fifo/m_axi_wvalid[1]_INST_0_i_2_n_0
    SLICE_X5Y47          LUT5 (Prop_lut5_I0_O)        0.124     5.263 r  design_1_i/ps7_0_axi_periph/xbar/inst/gen_samd.crossbar_samd/gen_slave_slots[0].gen_si_write.wdata_router_w/wrouter_aw_fifo/m_axi_wvalid[1]_INST_0/O
                         net (fo=5, routed)           1.761     7.024    design_1_i/ps7_0_axi_periph/m01_couplers/auto_ds/inst/gen_downsizer.gen_cascaded_downsizer.gen_axi3_conv.axi3_conv_inst/gen_axi4_axi3.axi3_conv_inst/USE_WRITE.write_addr_inst/USE_BURSTS.cmd_queue/inst/s_axi_wvalid
    SLICE_X5Y3           LUT3 (Prop_lut3_I1_O)        0.124     7.148 r  design_1_i/ps7_0_axi_periph/m01_couplers/auto_ds/inst/gen_downsizer.gen_cascaded_downsizer.gen_axi3_conv.axi3_conv_inst/gen_axi4_axi3.axi3_conv_inst/USE_WRITE.write_addr_inst/USE_BURSTS.cmd_queue/inst/m_axi_wvalid_INST_0/O
                         net (fo=4, routed)           0.437     7.585    design_1_i/ps7_0_axi_periph/m01_couplers/auto_pc/inst/gen_axi4_axi3.axi3_conv_inst/USE_WRITE.write_addr_inst/USE_BURSTS.cmd_queue/inst/s_axi_wvalid
    SLICE_X2Y3           LUT3 (Prop_lut3_I1_O)        0.119     7.704 r  design_1_i/ps7_0_axi_periph/m01_couplers/auto_pc/inst/gen_axi4_axi3.axi3_conv_inst/USE_WRITE.write_addr_inst/USE_BURSTS.cmd_queue/inst/s_axi_wready_INST_0/O
                         net (fo=11, routed)          1.057     8.761    design_1_i/ps7_0_axi_periph/m01_couplers/auto_ds/inst/gen_downsizer.gen_cascaded_downsizer.first_downsizer_inst/USE_WRITE.write_addr_inst/cmd_queue/inst/m_axi_wready
    SLICE_X5Y3           LUT5 (Prop_lut5_I3_O)        0.360     9.121 r  design_1_i/ps7_0_axi_periph/m01_couplers/auto_ds/inst/gen_downsizer.gen_cascaded_downsizer.first_downsizer_inst/USE_WRITE.write_addr_inst/cmd_queue/inst/s_axi_wready_INST_0/O
                         net (fo=3, routed)           1.752    10.873    design_1_i/ps7_0_axi_periph/xbar/inst/gen_samd.crossbar_samd/gen_slave_slots[0].gen_si_write.wdata_router_w/wrouter_aw_fifo/m_axi_wready[1]
    SLICE_X5Y47          LUT6 (Prop_lut6_I3_O)        0.326    11.199 r  design_1_i/ps7_0_axi_periph/xbar/inst/gen_samd.crossbar_samd/gen_slave_slots[0].gen_si_write.wdata_router_w/wrouter_aw_fifo/s_axi_wready[0]_INST_0_i_2/O
                         net (fo=1, routed)           0.550    11.750    design_1_i/ps7_0_axi_periph/xbar/inst/gen_samd.crossbar_samd/gen_slave_slots[0].gen_si_write.wdata_router_w/wrouter_aw_fifo/s_axi_wready[0]_INST_0_i_2_n_0
    SLICE_X5Y50          LUT6 (Prop_lut6_I0_O)        0.124    11.874 r  design_1_i/ps7_0_axi_periph/xbar/inst/gen_samd.crossbar_samd/gen_slave_slots[0].gen_si_write.wdata_router_w/wrouter_aw_fifo/s_axi_wready[0]_INST_0_i_1/O
                         net (fo=1, routed)           0.576    12.450    design_1_i/ps7_0_axi_periph/xbar/inst/gen_samd.crossbar_samd/gen_slave_slots[0].gen_si_write.wdata_router_w/wrouter_aw_fifo/m_aready0
    SLICE_X5Y48          LUT2 (Prop_lut2_I1_O)        0.150    12.600 r  design_1_i/ps7_0_axi_periph/xbar/inst/gen_samd.crossbar_samd/gen_slave_slots[0].gen_si_write.wdata_router_w/wrouter_aw_fifo/s_axi_wready[0]_INST_0/O
                         net (fo=38, routed)          1.261    13.861    design_1_i/ps7_0_axi_periph/s00_couplers/auto_us/inst/gen_upsizer.gen_full_upsizer.axi_upsizer_inst/USE_WRITE.gen_non_fifo_w_upsizer.write_data_inst/m_axi_wready
    SLICE_X6Y31          LUT6 (Prop_lut6_I0_O)        0.332    14.193 r  design_1_i/ps7_0_axi_periph/s00_couplers/auto_us/inst/gen_upsizer.gen_full_upsizer.axi_upsizer_inst/USE_WRITE.gen_non_fifo_w_upsizer.write_data_inst/USE_RTL_LENGTH.first_mi_word_q_i_2/O
                         net (fo=36, routed)          1.234    15.427    design_1_i/ps7_0_axi_periph/s00_couplers/auto_us/inst/gen_upsizer.gen_full_upsizer.axi_upsizer_inst/USE_WRITE.write_addr_inst/GEN_CMD_QUEUE.cmd_queue/USE_FF_OUT.USE_RTL_OUTPUT_PIPELINE.M_MESG_Q_reg[0]_0
    SLICE_X5Y28          LUT4 (Prop_lut4_I2_O)        0.124    15.551 r  design_1_i/ps7_0_axi_periph/s00_couplers/auto_us/inst/gen_upsizer.gen_full_upsizer.axi_upsizer_inst/USE_WRITE.write_addr_inst/GEN_CMD_QUEUE.cmd_queue/WORD_LANE[1].USE_ALWAYS_PACKER.BYTE_LANE[0].USE_RTL_DATA.USE_REGISTER.M_AXI_WDATA_I[39]_i_3/O
                         net (fo=9, routed)           0.964    16.515    design_1_i/ps7_0_axi_periph/s00_couplers/auto_us/inst/gen_upsizer.gen_full_upsizer.axi_upsizer_inst/USE_WRITE.gen_non_fifo_w_upsizer.write_data_inst/WORD_LANE[1].USE_ALWAYS_PACKER.BYTE_LANE[0].USE_RTL_DATA.USE_REGISTER.M_AXI_WDATA_I_reg[32]_0
    SLICE_X10Y27         LUT5 (Prop_lut5_I4_O)        0.124    16.639 r  design_1_i/ps7_0_axi_periph/s00_couplers/auto_us/inst/gen_upsizer.gen_full_upsizer.axi_upsizer_inst/USE_WRITE.gen_non_fifo_w_upsizer.write_data_inst/WORD_LANE[1].USE_ALWAYS_PACKER.BYTE_LANE[0].USE_RTL_DATA.USE_REGISTER.M_AXI_WDATA_I[39]_i_1/O
                         net (fo=8, routed)           0.521    17.160    design_1_i/ps7_0_axi_periph/s00_couplers/auto_us/inst/gen_upsizer.gen_full_upsizer.axi_upsizer_inst/USE_WRITE.gen_non_fifo_w_upsizer.write_data_inst/WORD_LANE[1].USE_ALWAYS_PACKER.BYTE_LANE[0].USE_RTL_DATA.USE_REGISTER.M_AXI_WDATA_I[39]_i_1_n_0
    SLICE_X8Y28          FDRE                                         r  design_1_i/ps7_0_axi_periph/s00_couplers/auto_us/inst/gen_upsizer.gen_full_upsizer.axi_upsizer_inst/USE_WRITE.gen_non_fifo_w_upsizer.write_data_inst/WORD_LANE[1].USE_ALWAYS_PACKER.BYTE_LANE[0].USE_RTL_DATA.USE_REGISTER.M_AXI_WDATA_I_reg[34]/CE
  -------------------------------------------------------------------    -------------------

                         (clock clk_fpga_0 rise edge)
                                                     40.000    40.000 r  
    PS7_X0Y0             PS7                          0.000    40.000 r  design_1_i/processing_system7_0/inst/PS7_i/FCLKCLK[0]
                         net (fo=1, routed)           1.101    41.101    design_1_i/processing_system7_0/inst/FCLK_CLK_unbuffered[0]
    BUFGCTRL_X0Y0        BUFG (Prop_bufg_I_O)         0.091    41.192 r  design_1_i/processing_system7_0/inst/buffer_fclk_clk_0.FCLK_CLK_0_BUFG/O
                         net (fo=7094, routed)        1.495    42.688    design_1_i/ps7_0_axi_periph/s00_couplers/auto_us/inst/gen_upsizer.gen_full_upsizer.axi_upsizer_inst/USE_WRITE.gen_non_fifo_w_upsizer.write_data_inst/USE_RTL_LENGTH.length_counter_q_reg[0]_0
    SLICE_X8Y28          FDRE                                         r  design_1_i/ps7_0_axi_periph/s00_couplers/auto_us/inst/gen_upsizer.gen_full_upsizer.axi_upsizer_inst/USE_WRITE.gen_non_fifo_w_upsizer.write_data_inst/WORD_LANE[1].USE_ALWAYS_PACKER.BYTE_LANE[0].USE_RTL_DATA.USE_REGISTER.M_AXI_WDATA_I_reg[34]/C
                         clock pessimism              0.230    42.918    
                         clock uncertainty           -0.601    42.317    
    SLICE_X8Y28          FDRE (Setup_fdre_C_CE)      -0.169    42.148    design_1_i/ps7_0_axi_periph/s00_couplers/auto_us/inst/gen_upsizer.gen_full_upsizer.axi_upsizer_inst/USE_WRITE.gen_non_fifo_w_upsizer.write_data_inst/WORD_LANE[1].USE_ALWAYS_PACKER.BYTE_LANE[0].USE_RTL_DATA.USE_REGISTER.M_AXI_WDATA_I_reg[34]
  -------------------------------------------------------------------
                         required time                         42.148    
                         arrival time                         -17.160    
  -------------------------------------------------------------------
                         slack                                 24.988    





Min Delay Paths
--------------------------------------------------------------------------------------
Slack (MET) :             0.026ns  (arrival time - required time)
  Source:                 design_1_i/ps7_0_axi_periph/m01_couplers/auto_ds/inst/gen_downsizer.gen_cascaded_downsizer.first_downsizer_inst/USE_READ.read_addr_inst/cmd_queue/inst/fifo_gen_inst/inst_fifo_gen/gconvfifo.rf/grf.rf/gntv_or_sync_fifo.mem/gdm.dm_gen.dm/gpr1.dout_i_reg[22]/C
                            (rising edge-triggered cell FDRE clocked by clk_fpga_0  {rise@0.000ns fall@20.000ns period=40.000ns})
  Destination:            design_1_i/ps7_0_axi_periph/m01_couplers/auto_ds/inst/gen_downsizer.gen_cascaded_downsizer.first_downsizer_inst/USE_READ.read_addr_inst/cmd_queue/inst/fifo_gen_inst/inst_fifo_gen/gconvfifo.rf/grf.rf/gntv_or_sync_fifo.mem/goreg_dm.dout_i_reg[22]/D
                            (rising edge-triggered cell FDRE clocked by clk_fpga_0  {rise@0.000ns fall@20.000ns period=40.000ns})
  Path Group:             clk_fpga_0
  Path Type:              Hold (Min at Fast Process Corner)
  Requirement:            0.000ns  (clk_fpga_0 rise@0.000ns - clk_fpga_0 rise@0.000ns)
  Data Path Delay:        0.309ns  (logic 0.148ns (47.933%)  route 0.161ns (52.067%))
  Logic Levels:           0  
  Clock Path Skew:        0.263ns (DCD - SCD - CPR)
    Destination Clock Delay (DCD):    1.198ns
    Source Clock Delay      (SCD):    0.901ns
    Clock Pessimism Removal (CPR):    0.034ns

    Location             Delay type                Incr(ns)  Path(ns)    Netlist Resource(s)
  -------------------------------------------------------------------    -------------------
                         (clock clk_fpga_0 rise edge)
                                                      0.000     0.000 r  
    PS7_X0Y0             PS7                          0.000     0.000 r  design_1_i/processing_system7_0/inst/PS7_i/FCLKCLK[0]
                         net (fo=1, routed)           0.315     0.315    design_1_i/processing_system7_0/inst/FCLK_CLK_unbuffered[0]
    BUFGCTRL_X0Y0        BUFG (Prop_bufg_I_O)         0.026     0.341 r  design_1_i/processing_system7_0/inst/buffer_fclk_clk_0.FCLK_CLK_0_BUFG/O
                         net (fo=7094, routed)        0.560     0.901    design_1_i/ps7_0_axi_periph/m01_couplers/auto_ds/inst/gen_downsizer.gen_cascaded_downsizer.first_downsizer_inst/USE_READ.read_addr_inst/cmd_queue/inst/fifo_gen_inst/inst_fifo_gen/gconvfifo.rf/grf.rf/gntv_or_sync_fifo.mem/gdm.dm_gen.dm/clk
    SLICE_X20Y3          FDRE                                         r  design_1_i/ps7_0_axi_periph/m01_couplers/auto_ds/inst/gen_downsizer.gen_cascaded_downsizer.first_downsizer_inst/USE_READ.read_addr_inst/cmd_queue/inst/fifo_gen_inst/inst_fifo_gen/gconvfifo.rf/grf.rf/gntv_or_sync_fifo.mem/gdm.dm_gen.dm/gpr1.dout_i_reg[22]/C
  -------------------------------------------------------------------    -------------------
    SLICE_X20Y3          FDRE (Prop_fdre_C_Q)         0.148     1.049 r  design_1_i/ps7_0_axi_periph/m01_couplers/auto_ds/inst/gen_downsizer.gen_cascaded_downsizer.first_downsizer_inst/USE_READ.read_addr_inst/cmd_queue/inst/fifo_gen_inst/inst_fifo_gen/gconvfifo.rf/grf.rf/gntv_or_sync_fifo.mem/gdm.dm_gen.dm/gpr1.dout_i_reg[22]/Q
                         net (fo=1, routed)           0.161     1.209    design_1_i/ps7_0_axi_periph/m01_couplers/auto_ds/inst/gen_downsizer.gen_cascaded_downsizer.first_downsizer_inst/USE_READ.read_addr_inst/cmd_queue/inst/fifo_gen_inst/inst_fifo_gen/gconvfifo.rf/grf.rf/gntv_or_sync_fifo.mem/dout_i[22]
    SLICE_X22Y3          FDRE                                         r  design_1_i/ps7_0_axi_periph/m01_couplers/auto_ds/inst/gen_downsizer.gen_cascaded_downsizer.first_downsizer_inst/USE_READ.read_addr_inst/cmd_queue/inst/fifo_gen_inst/inst_fifo_gen/gconvfifo.rf/grf.rf/gntv_or_sync_fifo.mem/goreg_dm.dout_i_reg[22]/D
  -------------------------------------------------------------------    -------------------

                         (clock clk_fpga_0 rise edge)
                                                      0.000     0.000 r  
    PS7_X0Y0             PS7                          0.000     0.000 r  design_1_i/processing_system7_0/inst/PS7_i/FCLKCLK[0]
                         net (fo=1, routed)           0.341     0.341    design_1_i/processing_system7_0/inst/FCLK_CLK_unbuffered[0]
    BUFGCTRL_X0Y0        BUFG (Prop_bufg_I_O)         0.029     0.370 r  design_1_i/processing_system7_0/inst/buffer_fclk_clk_0.FCLK_CLK_0_BUFG/O
                         net (fo=7094, routed)        0.828     1.198    design_1_i/ps7_0_axi_periph/m01_couplers/auto_ds/inst/gen_downsizer.gen_cascaded_downsizer.first_downsizer_inst/USE_READ.read_addr_inst/cmd_queue/inst/fifo_gen_inst/inst_fifo_gen/gconvfifo.rf/grf.rf/gntv_or_sync_fifo.mem/clk
    SLICE_X22Y3          FDRE                                         r  design_1_i/ps7_0_axi_periph/m01_couplers/auto_ds/inst/gen_downsizer.gen_cascaded_downsizer.first_downsizer_inst/USE_READ.read_addr_inst/cmd_queue/inst/fifo_gen_inst/inst_fifo_gen/gconvfifo.rf/grf.rf/gntv_or_sync_fifo.mem/goreg_dm.dout_i_reg[22]/C
                         clock pessimism             -0.034     1.164    
    SLICE_X22Y3          FDRE (Hold_fdre_C_D)         0.019     1.183    design_1_i/ps7_0_axi_periph/m01_couplers/auto_ds/inst/gen_downsizer.gen_cascaded_downsizer.first_downsizer_inst/USE_READ.read_addr_inst/cmd_queue/inst/fifo_gen_inst/inst_fifo_gen/gconvfifo.rf/grf.rf/gntv_or_sync_fifo.mem/goreg_dm.dout_i_reg[22]
  -------------------------------------------------------------------
                         required time                         -1.183    
                         arrival time                           1.209    
  -------------------------------------------------------------------
                         slack                                  0.026    

Slack (MET) :             0.027ns  (arrival time - required time)
  Source:                 design_1_i/ps7_0_axi_periph/m01_couplers/auto_ds/inst/gen_downsizer.gen_cascaded_downsizer.first_downsizer_inst/USE_READ.read_addr_inst/cmd_queue/inst/fifo_gen_inst/inst_fifo_gen/gconvfifo.rf/grf.rf/gntv_or_sync_fifo.mem/gdm.dm_gen.dm/gpr1.dout_i_reg[8]/C
                            (rising edge-triggered cell FDRE clocked by clk_fpga_0  {rise@0.000ns fall@20.000ns period=40.000ns})
  Destination:            design_1_i/ps7_0_axi_periph/m01_couplers/auto_ds/inst/gen_downsizer.gen_cascaded_downsizer.first_downsizer_inst/USE_READ.read_addr_inst/cmd_queue/inst/fifo_gen_inst/inst_fifo_gen/gconvfifo.rf/grf.rf/gntv_or_sync_fifo.mem/goreg_dm.dout_i_reg[8]/D
                            (rising edge-triggered cell FDRE clocked by clk_fpga_0  {rise@0.000ns fall@20.000ns period=40.000ns})
  Path Group:             clk_fpga_0
  Path Type:              Hold (Min at Fast Process Corner)
  Requirement:            0.000ns  (clk_fpga_0 rise@0.000ns - clk_fpga_0 rise@0.000ns)
  Data Path Delay:        0.312ns  (logic 0.148ns (47.499%)  route 0.164ns (52.501%))
  Logic Levels:           0  
  Clock Path Skew:        0.263ns (DCD - SCD - CPR)
    Destination Clock Delay (DCD):    1.199ns
    Source Clock Delay      (SCD):    0.902ns
    Clock Pessimism Removal (CPR):    0.034ns

    Location             Delay type                Incr(ns)  Path(ns)    Netlist Resource(s)
  -------------------------------------------------------------------    -------------------
                         (clock clk_fpga_0 rise edge)
                                                      0.000     0.000 r  
    PS7_X0Y0             PS7                          0.000     0.000 r  design_1_i/processing_system7_0/inst/PS7_i/FCLKCLK[0]
                         net (fo=1, routed)           0.315     0.315    design_1_i/processing_system7_0/inst/FCLK_CLK_unbuffered[0]
    BUFGCTRL_X0Y0        BUFG (Prop_bufg_I_O)         0.026     0.341 r  design_1_i/processing_system7_0/inst/buffer_fclk_clk_0.FCLK_CLK_0_BUFG/O
                         net (fo=7094, routed)        0.561     0.902    design_1_i/ps7_0_axi_periph/m01_couplers/auto_ds/inst/gen_downsizer.gen_cascaded_downsizer.first_downsizer_inst/USE_READ.read_addr_inst/cmd_queue/inst/fifo_gen_inst/inst_fifo_gen/gconvfifo.rf/grf.rf/gntv_or_sync_fifo.mem/gdm.dm_gen.dm/clk
    SLICE_X20Y1          FDRE                                         r  design_1_i/ps7_0_axi_periph/m01_couplers/auto_ds/inst/gen_downsizer.gen_cascaded_downsizer.first_downsizer_inst/USE_READ.read_addr_inst/cmd_queue/inst/fifo_gen_inst/inst_fifo_gen/gconvfifo.rf/grf.rf/gntv_or_sync_fifo.mem/gdm.dm_gen.dm/gpr1.dout_i_reg[8]/C
  -------------------------------------------------------------------    -------------------
    SLICE_X20Y1          FDRE (Prop_fdre_C_Q)         0.148     1.049 r  design_1_i/ps7_0_axi_periph/m01_couplers/auto_ds/inst/gen_downsizer.gen_cascaded_downsizer.first_downsizer_inst/USE_READ.read_addr_inst/cmd_queue/inst/fifo_gen_inst/inst_fifo_gen/gconvfifo.rf/grf.rf/gntv_or_sync_fifo.mem/gdm.dm_gen.dm/gpr1.dout_i_reg[8]/Q
                         net (fo=1, routed)           0.164     1.213    design_1_i/ps7_0_axi_periph/m01_couplers/auto_ds/inst/gen_downsizer.gen_cascaded_downsizer.first_downsizer_inst/USE_READ.read_addr_inst/cmd_queue/inst/fifo_gen_inst/inst_fifo_gen/gconvfifo.rf/grf.rf/gntv_or_sync_fifo.mem/dout_i[8]
    SLICE_X22Y1          FDRE                                         r  design_1_i/ps7_0_axi_periph/m01_couplers/auto_ds/inst/gen_downsizer.gen_cascaded_downsizer.first_downsizer_inst/USE_READ.read_addr_inst/cmd_queue/inst/fifo_gen_inst/inst_fifo_gen/gconvfifo.rf/grf.rf/gntv_or_sync_fifo.mem/goreg_dm.dout_i_reg[8]/D
  -------------------------------------------------------------------    -------------------

                         (clock clk_fpga_0 rise edge)
                                                      0.000     0.000 r  
    PS7_X0Y0             PS7                          0.000     0.000 r  design_1_i/processing_system7_0/inst/PS7_i/FCLKCLK[0]
                         net (fo=1, routed)           0.341     0.341    design_1_i/processing_system7_0/inst/FCLK_CLK_unbuffered[0]
    BUFGCTRL_X0Y0        BUFG (Prop_bufg_I_O)         0.029     0.370 r  design_1_i/processing_system7_0/inst/buffer_fclk_clk_0.FCLK_CLK_0_BUFG/O
                         net (fo=7094, routed)        0.829     1.199    design_1_i/ps7_0_axi_periph/m01_couplers/auto_ds/inst/gen_downsizer.gen_cascaded_downsizer.first_downsizer_inst/USE_READ.read_addr_inst/cmd_queue/inst/fifo_gen_inst/inst_fifo_gen/gconvfifo.rf/grf.rf/gntv_or_sync_fifo.mem/clk
    SLICE_X22Y1          FDRE                                         r  design_1_i/ps7_0_axi_periph/m01_couplers/auto_ds/inst/gen_downsizer.gen_cascaded_downsizer.first_downsizer_inst/USE_READ.read_addr_inst/cmd_queue/inst/fifo_gen_inst/inst_fifo_gen/gconvfifo.rf/grf.rf/gntv_or_sync_fifo.mem/goreg_dm.dout_i_reg[8]/C
                         clock pessimism             -0.034     1.165    
    SLICE_X22Y1          FDRE (Hold_fdre_C_D)         0.021     1.186    design_1_i/ps7_0_axi_periph/m01_couplers/auto_ds/inst/gen_downsizer.gen_cascaded_downsizer.first_downsizer_inst/USE_READ.read_addr_inst/cmd_queue/inst/fifo_gen_inst/inst_fifo_gen/gconvfifo.rf/grf.rf/gntv_or_sync_fifo.mem/goreg_dm.dout_i_reg[8]
  -------------------------------------------------------------------
                         required time                         -1.186    
                         arrival time                           1.213    
  -------------------------------------------------------------------
                         slack                                  0.027    

Slack (MET) :             0.028ns  (arrival time - required time)
  Source:                 design_1_i/ps7_0_axi_periph/s00_couplers/auto_us/inst/gen_upsizer.gen_full_upsizer.axi_upsizer_inst/USE_READ.gen_non_fifo_r_upsizer.mi_register_slice_inst/r.r_pipe/m_payload_i_reg[98]/C
                            (rising edge-triggered cell FDRE clocked by clk_fpga_0  {rise@0.000ns fall@20.000ns period=40.000ns})
  Destination:            design_1_i/ps7_0_axi_periph/s00_couplers/auto_us/inst/gen_upsizer.gen_full_upsizer.axi_upsizer_inst/USE_READ.gen_non_fifo_r_upsizer.read_data_inst/M_AXI_RDATA_I_reg[98]/D
                            (rising edge-triggered cell FDRE clocked by clk_fpga_0  {rise@0.000ns fall@20.000ns period=40.000ns})
  Path Group:             clk_fpga_0
  Path Type:              Hold (Min at Fast Process Corner)
  Requirement:            0.000ns  (clk_fpga_0 rise@0.000ns - clk_fpga_0 rise@0.000ns)
  Data Path Delay:        0.302ns  (logic 0.128ns (42.331%)  route 0.174ns (57.669%))
  Logic Levels:           0  
  Clock Path Skew:        0.263ns (DCD - SCD - CPR)
    Destination Clock Delay (DCD):    1.185ns
    Source Clock Delay      (SCD):    0.888ns
    Clock Pessimism Removal (CPR):    0.034ns

    Location             Delay type                Incr(ns)  Path(ns)    Netlist Resource(s)
  -------------------------------------------------------------------    -------------------
                         (clock clk_fpga_0 rise edge)
                                                      0.000     0.000 r  
    PS7_X0Y0             PS7                          0.000     0.000 r  design_1_i/processing_system7_0/inst/PS7_i/FCLKCLK[0]
                         net (fo=1, routed)           0.315     0.315    design_1_i/processing_system7_0/inst/FCLK_CLK_unbuffered[0]
    BUFGCTRL_X0Y0        BUFG (Prop_bufg_I_O)         0.026     0.341 r  design_1_i/processing_system7_0/inst/buffer_fclk_clk_0.FCLK_CLK_0_BUFG/O
                         net (fo=7094, routed)        0.547     0.888    design_1_i/ps7_0_axi_periph/s00_couplers/auto_us/inst/gen_upsizer.gen_full_upsizer.axi_upsizer_inst/USE_READ.gen_non_fifo_r_upsizer.mi_register_slice_inst/r.r_pipe/m_payload_i_reg[130]_0
    SLICE_X23Y25         FDRE                                         r  design_1_i/ps7_0_axi_periph/s00_couplers/auto_us/inst/gen_upsizer.gen_full_upsizer.axi_upsizer_inst/USE_READ.gen_non_fifo_r_upsizer.mi_register_slice_inst/r.r_pipe/m_payload_i_reg[98]/C
  -------------------------------------------------------------------    -------------------
    SLICE_X23Y25         FDRE (Prop_fdre_C_Q)         0.128     1.016 r  design_1_i/ps7_0_axi_periph/s00_couplers/auto_us/inst/gen_upsizer.gen_full_upsizer.axi_upsizer_inst/USE_READ.gen_non_fifo_r_upsizer.mi_register_slice_inst/r.r_pipe/m_payload_i_reg[98]/Q
                         net (fo=2, routed)           0.174     1.190    design_1_i/ps7_0_axi_periph/s00_couplers/auto_us/inst/gen_upsizer.gen_full_upsizer.axi_upsizer_inst/USE_READ.gen_non_fifo_r_upsizer.read_data_inst/Q[98]
    SLICE_X20Y26         FDRE                                         r  design_1_i/ps7_0_axi_periph/s00_couplers/auto_us/inst/gen_upsizer.gen_full_upsizer.axi_upsizer_inst/USE_READ.gen_non_fifo_r_upsizer.read_data_inst/M_AXI_RDATA_I_reg[98]/D
  -------------------------------------------------------------------    -------------------

                         (clock clk_fpga_0 rise edge)
                                                      0.000     0.000 r  
    PS7_X0Y0             PS7                          0.000     0.000 r  design_1_i/processing_system7_0/inst/PS7_i/FCLKCLK[0]
                         net (fo=1, routed)           0.341     0.341    design_1_i/processing_system7_0/inst/FCLK_CLK_unbuffered[0]
    BUFGCTRL_X0Y0        BUFG (Prop_bufg_I_O)         0.029     0.370 r  design_1_i/processing_system7_0/inst/buffer_fclk_clk_0.FCLK_CLK_0_BUFG/O
                         net (fo=7094, routed)        0.815     1.185    design_1_i/ps7_0_axi_periph/s00_couplers/auto_us/inst/gen_upsizer.gen_full_upsizer.axi_upsizer_inst/USE_READ.gen_non_fifo_r_upsizer.read_data_inst/USE_RTL_LENGTH.length_counter_q_reg[0]_0
    SLICE_X20Y26         FDRE                                         r  design_1_i/ps7_0_axi_periph/s00_couplers/auto_us/inst/gen_upsizer.gen_full_upsizer.axi_upsizer_inst/USE_READ.gen_non_fifo_r_upsizer.read_data_inst/M_AXI_RDATA_I_reg[98]/C
                         clock pessimism             -0.034     1.151    
    SLICE_X20Y26         FDRE (Hold_fdre_C_D)         0.011     1.162    design_1_i/ps7_0_axi_periph/s00_couplers/auto_us/inst/gen_upsizer.gen_full_upsizer.axi_upsizer_inst/USE_READ.gen_non_fifo_r_upsizer.read_data_inst/M_AXI_RDATA_I_reg[98]
  -------------------------------------------------------------------
                         required time                         -1.162    
                         arrival time                           1.190    
  -------------------------------------------------------------------
                         slack                                  0.028    

Slack (MET) :             0.029ns  (arrival time - required time)
  Source:                 design_1_i/DMA24bUnit_mm2s_0/U0/gmem_m_axi_U/bus_read/align_len_reg[31]/C
                            (rising edge-triggered cell FDRE clocked by clk_fpga_0  {rise@0.000ns fall@20.000ns period=40.000ns})
  Destination:            design_1_i/DMA24bUnit_mm2s_0/U0/gmem_m_axi_U/bus_read/end_addr_buf_reg[31]/D
                            (rising edge-triggered cell FDRE clocked by clk_fpga_0  {rise@0.000ns fall@20.000ns period=40.000ns})
  Path Group:             clk_fpga_0
  Path Type:              Hold (Min at Fast Process Corner)
  Requirement:            0.000ns  (clk_fpga_0 rise@0.000ns - clk_fpga_0 rise@0.000ns)
  Data Path Delay:        0.398ns  (logic 0.249ns (62.520%)  route 0.149ns (37.480%))
  Logic Levels:           2  (CARRY4=1 LUT2=1)
  Clock Path Skew:        0.264ns (DCD - SCD - CPR)
    Destination Clock Delay (DCD):    1.195ns
    Source Clock Delay      (SCD):    0.897ns
    Clock Pessimism Removal (CPR):    0.034ns

    Location             Delay type                Incr(ns)  Path(ns)    Netlist Resource(s)
  -------------------------------------------------------------------    -------------------
                         (clock clk_fpga_0 rise edge)
                                                      0.000     0.000 r  
    PS7_X0Y0             PS7                          0.000     0.000 r  design_1_i/processing_system7_0/inst/PS7_i/FCLKCLK[0]
                         net (fo=1, routed)           0.315     0.315    design_1_i/processing_system7_0/inst/FCLK_CLK_unbuffered[0]
    BUFGCTRL_X0Y0        BUFG (Prop_bufg_I_O)         0.026     0.341 r  design_1_i/processing_system7_0/inst/buffer_fclk_clk_0.FCLK_CLK_0_BUFG/O
                         net (fo=7094, routed)        0.556     0.897    design_1_i/DMA24bUnit_mm2s_0/U0/gmem_m_axi_U/bus_read/ap_clk
    SLICE_X22Y35         FDRE                                         r  design_1_i/DMA24bUnit_mm2s_0/U0/gmem_m_axi_U/bus_read/align_len_reg[31]/C
  -------------------------------------------------------------------    -------------------
    SLICE_X22Y35         FDRE (Prop_fdre_C_Q)         0.141     1.038 r  design_1_i/DMA24bUnit_mm2s_0/U0/gmem_m_axi_U/bus_read/align_len_reg[31]/Q
                         net (fo=1, routed)           0.149     1.187    design_1_i/DMA24bUnit_mm2s_0/U0/gmem_m_axi_U/bus_read/align_len_reg_n_2_[31]
    SLICE_X21Y35         LUT2 (Prop_lut2_I1_O)        0.045     1.232 r  design_1_i/DMA24bUnit_mm2s_0/U0/gmem_m_axi_U/bus_read/end_addr_buf[31]_i_2/O
                         net (fo=1, routed)           0.000     1.232    design_1_i/DMA24bUnit_mm2s_0/U0/gmem_m_axi_U/bus_read/end_addr_buf[31]_i_2_n_2
    SLICE_X21Y35         CARRY4 (Prop_carry4_S[3]_O[3])
                                                      0.063     1.295 r  design_1_i/DMA24bUnit_mm2s_0/U0/gmem_m_axi_U/bus_read/end_addr_buf_reg[31]_i_1/O[3]
                         net (fo=1, routed)           0.000     1.295    design_1_i/DMA24bUnit_mm2s_0/U0/gmem_m_axi_U/bus_read/end_addr[31]
    SLICE_X21Y35         FDRE                                         r  design_1_i/DMA24bUnit_mm2s_0/U0/gmem_m_axi_U/bus_read/end_addr_buf_reg[31]/D
  -------------------------------------------------------------------    -------------------

                         (clock clk_fpga_0 rise edge)
                                                      0.000     0.000 r  
    PS7_X0Y0             PS7                          0.000     0.000 r  design_1_i/processing_system7_0/inst/PS7_i/FCLKCLK[0]
                         net (fo=1, routed)           0.341     0.341    design_1_i/processing_system7_0/inst/FCLK_CLK_unbuffered[0]
    BUFGCTRL_X0Y0        BUFG (Prop_bufg_I_O)         0.029     0.370 r  design_1_i/processing_system7_0/inst/buffer_fclk_clk_0.FCLK_CLK_0_BUFG/O
                         net (fo=7094, routed)        0.825     1.195    design_1_i/DMA24bUnit_mm2s_0/U0/gmem_m_axi_U/bus_read/ap_clk
    SLICE_X21Y35         FDRE                                         r  design_1_i/DMA24bUnit_mm2s_0/U0/gmem_m_axi_U/bus_read/end_addr_buf_reg[31]/C
                         clock pessimism             -0.034     1.161    
    SLICE_X21Y35         FDRE (Hold_fdre_C_D)         0.105     1.266    design_1_i/DMA24bUnit_mm2s_0/U0/gmem_m_axi_U/bus_read/end_addr_buf_reg[31]
  -------------------------------------------------------------------
                         required time                         -1.266    
                         arrival time                           1.295    
  -------------------------------------------------------------------
                         slack                                  0.029    

Slack (MET) :             0.030ns  (arrival time - required time)
  Source:                 design_1_i/DMA24bUnit_mm2s_0/U0/gmem_m_axi_U/bus_read/align_len_reg[19]/C
                            (rising edge-triggered cell FDRE clocked by clk_fpga_0  {rise@0.000ns fall@20.000ns period=40.000ns})
  Destination:            design_1_i/DMA24bUnit_mm2s_0/U0/gmem_m_axi_U/bus_read/end_addr_buf_reg[19]/D
                            (rising edge-triggered cell FDRE clocked by clk_fpga_0  {rise@0.000ns fall@20.000ns period=40.000ns})
  Path Group:             clk_fpga_0
  Path Type:              Hold (Min at Fast Process Corner)
  Requirement:            0.000ns  (clk_fpga_0 rise@0.000ns - clk_fpga_0 rise@0.000ns)
  Data Path Delay:        0.398ns  (logic 0.249ns (62.520%)  route 0.149ns (37.480%))
  Logic Levels:           2  (CARRY4=1 LUT2=1)
  Clock Path Skew:        0.263ns (DCD - SCD - CPR)
    Destination Clock Delay (DCD):    1.192ns
    Source Clock Delay      (SCD):    0.895ns
    Clock Pessimism Removal (CPR):    0.034ns

    Location             Delay type                Incr(ns)  Path(ns)    Netlist Resource(s)
  -------------------------------------------------------------------    -------------------
                         (clock clk_fpga_0 rise edge)
                                                      0.000     0.000 r  
    PS7_X0Y0             PS7                          0.000     0.000 r  design_1_i/processing_system7_0/inst/PS7_i/FCLKCLK[0]
                         net (fo=1, routed)           0.315     0.315    design_1_i/processing_system7_0/inst/FCLK_CLK_unbuffered[0]
    BUFGCTRL_X0Y0        BUFG (Prop_bufg_I_O)         0.026     0.341 r  design_1_i/processing_system7_0/inst/buffer_fclk_clk_0.FCLK_CLK_0_BUFG/O
                         net (fo=7094, routed)        0.554     0.895    design_1_i/DMA24bUnit_mm2s_0/U0/gmem_m_axi_U/bus_read/ap_clk
    SLICE_X22Y32         FDRE                                         r  design_1_i/DMA24bUnit_mm2s_0/U0/gmem_m_axi_U/bus_read/align_len_reg[19]/C
  -------------------------------------------------------------------    -------------------
    SLICE_X22Y32         FDRE (Prop_fdre_C_Q)         0.141     1.036 r  design_1_i/DMA24bUnit_mm2s_0/U0/gmem_m_axi_U/bus_read/align_len_reg[19]/Q
                         net (fo=1, routed)           0.149     1.185    design_1_i/DMA24bUnit_mm2s_0/U0/gmem_m_axi_U/bus_read/align_len_reg_n_2_[19]
    SLICE_X21Y32         LUT2 (Prop_lut2_I1_O)        0.045     1.230 r  design_1_i/DMA24bUnit_mm2s_0/U0/gmem_m_axi_U/bus_read/end_addr_buf[19]_i_2/O
                         net (fo=1, routed)           0.000     1.230    design_1_i/DMA24bUnit_mm2s_0/U0/gmem_m_axi_U/bus_read/end_addr_buf[19]_i_2_n_2
    SLICE_X21Y32         CARRY4 (Prop_carry4_S[3]_O[3])
                                                      0.063     1.293 r  design_1_i/DMA24bUnit_mm2s_0/U0/gmem_m_axi_U/bus_read/end_addr_buf_reg[19]_i_1/O[3]
                         net (fo=1, routed)           0.000     1.293    design_1_i/DMA24bUnit_mm2s_0/U0/gmem_m_axi_U/bus_read/end_addr[19]
    SLICE_X21Y32         FDRE                                         r  design_1_i/DMA24bUnit_mm2s_0/U0/gmem_m_axi_U/bus_read/end_addr_buf_reg[19]/D
  -------------------------------------------------------------------    -------------------

                         (clock clk_fpga_0 rise edge)
                                                      0.000     0.000 r  
    PS7_X0Y0             PS7                          0.000     0.000 r  design_1_i/processing_system7_0/inst/PS7_i/FCLKCLK[0]
                         net (fo=1, routed)           0.341     0.341    design_1_i/processing_system7_0/inst/FCLK_CLK_unbuffered[0]
    BUFGCTRL_X0Y0        BUFG (Prop_bufg_I_O)         0.029     0.370 r  design_1_i/processing_system7_0/inst/buffer_fclk_clk_0.FCLK_CLK_0_BUFG/O
                         net (fo=7094, routed)        0.822     1.192    design_1_i/DMA24bUnit_mm2s_0/U0/gmem_m_axi_U/bus_read/ap_clk
    SLICE_X21Y32         FDRE                                         r  design_1_i/DMA24bUnit_mm2s_0/U0/gmem_m_axi_U/bus_read/end_addr_buf_reg[19]/C
                         clock pessimism             -0.034     1.158    
    SLICE_X21Y32         FDRE (Hold_fdre_C_D)         0.105     1.263    design_1_i/DMA24bUnit_mm2s_0/U0/gmem_m_axi_U/bus_read/end_addr_buf_reg[19]
  -------------------------------------------------------------------
                         required time                         -1.263    
                         arrival time                           1.293    
  -------------------------------------------------------------------
                         slack                                  0.030    

Slack (MET) :             0.030ns  (arrival time - required time)
  Source:                 design_1_i/ps7_0_axi_periph/m01_couplers/auto_ds/inst/gen_downsizer.gen_cascaded_downsizer.first_downsizer_inst/USE_READ.read_addr_inst/cmd_queue/inst/fifo_gen_inst/inst_fifo_gen/gconvfifo.rf/grf.rf/gntv_or_sync_fifo.mem/gdm.dm_gen.dm/gpr1.dout_i_reg[14]/C
                            (rising edge-triggered cell FDRE clocked by clk_fpga_0  {rise@0.000ns fall@20.000ns period=40.000ns})
  Destination:            design_1_i/ps7_0_axi_periph/m01_couplers/auto_ds/inst/gen_downsizer.gen_cascaded_downsizer.first_downsizer_inst/USE_READ.read_addr_inst/cmd_queue/inst/fifo_gen_inst/inst_fifo_gen/gconvfifo.rf/grf.rf/gntv_or_sync_fifo.mem/goreg_dm.dout_i_reg[14]/D
                            (rising edge-triggered cell FDRE clocked by clk_fpga_0  {rise@0.000ns fall@20.000ns period=40.000ns})
  Path Group:             clk_fpga_0
  Path Type:              Hold (Min at Fast Process Corner)
  Requirement:            0.000ns  (clk_fpga_0 rise@0.000ns - clk_fpga_0 rise@0.000ns)
  Data Path Delay:        0.306ns  (logic 0.148ns (48.409%)  route 0.158ns (51.591%))
  Logic Levels:           0  
  Clock Path Skew:        0.263ns (DCD - SCD - CPR)
    Destination Clock Delay (DCD):    1.198ns
    Source Clock Delay      (SCD):    0.901ns
    Clock Pessimism Removal (CPR):    0.034ns

    Location             Delay type                Incr(ns)  Path(ns)    Netlist Resource(s)
  -------------------------------------------------------------------    -------------------
                         (clock clk_fpga_0 rise edge)
                                                      0.000     0.000 r  
    PS7_X0Y0             PS7                          0.000     0.000 r  design_1_i/processing_system7_0/inst/PS7_i/FCLKCLK[0]
                         net (fo=1, routed)           0.315     0.315    design_1_i/processing_system7_0/inst/FCLK_CLK_unbuffered[0]
    BUFGCTRL_X0Y0        BUFG (Prop_bufg_I_O)         0.026     0.341 r  design_1_i/processing_system7_0/inst/buffer_fclk_clk_0.FCLK_CLK_0_BUFG/O
                         net (fo=7094, routed)        0.560     0.901    design_1_i/ps7_0_axi_periph/m01_couplers/auto_ds/inst/gen_downsizer.gen_cascaded_downsizer.first_downsizer_inst/USE_READ.read_addr_inst/cmd_queue/inst/fifo_gen_inst/inst_fifo_gen/gconvfifo.rf/grf.rf/gntv_or_sync_fifo.mem/gdm.dm_gen.dm/clk
    SLICE_X20Y4          FDRE                                         r  design_1_i/ps7_0_axi_periph/m01_couplers/auto_ds/inst/gen_downsizer.gen_cascaded_downsizer.first_downsizer_inst/USE_READ.read_addr_inst/cmd_queue/inst/fifo_gen_inst/inst_fifo_gen/gconvfifo.rf/grf.rf/gntv_or_sync_fifo.mem/gdm.dm_gen.dm/gpr1.dout_i_reg[14]/C
  -------------------------------------------------------------------    -------------------
    SLICE_X20Y4          FDRE (Prop_fdre_C_Q)         0.148     1.049 r  design_1_i/ps7_0_axi_periph/m01_couplers/auto_ds/inst/gen_downsizer.gen_cascaded_downsizer.first_downsizer_inst/USE_READ.read_addr_inst/cmd_queue/inst/fifo_gen_inst/inst_fifo_gen/gconvfifo.rf/grf.rf/gntv_or_sync_fifo.mem/gdm.dm_gen.dm/gpr1.dout_i_reg[14]/Q
                         net (fo=1, routed)           0.158     1.206    design_1_i/ps7_0_axi_periph/m01_couplers/auto_ds/inst/gen_downsizer.gen_cascaded_downsizer.first_downsizer_inst/USE_READ.read_addr_inst/cmd_queue/inst/fifo_gen_inst/inst_fifo_gen/gconvfifo.rf/grf.rf/gntv_or_sync_fifo.mem/dout_i[14]
    SLICE_X22Y4          FDRE                                         r  design_1_i/ps7_0_axi_periph/m01_couplers/auto_ds/inst/gen_downsizer.gen_cascaded_downsizer.first_downsizer_inst/USE_READ.read_addr_inst/cmd_queue/inst/fifo_gen_inst/inst_fifo_gen/gconvfifo.rf/grf.rf/gntv_or_sync_fifo.mem/goreg_dm.dout_i_reg[14]/D
  -------------------------------------------------------------------    -------------------

                         (clock clk_fpga_0 rise edge)
                                                      0.000     0.000 r  
    PS7_X0Y0             PS7                          0.000     0.000 r  design_1_i/processing_system7_0/inst/PS7_i/FCLKCLK[0]
                         net (fo=1, routed)           0.341     0.341    design_1_i/processing_system7_0/inst/FCLK_CLK_unbuffered[0]
    BUFGCTRL_X0Y0        BUFG (Prop_bufg_I_O)         0.029     0.370 r  design_1_i/processing_system7_0/inst/buffer_fclk_clk_0.FCLK_CLK_0_BUFG/O
                         net (fo=7094, routed)        0.828     1.198    design_1_i/ps7_0_axi_periph/m01_couplers/auto_ds/inst/gen_downsizer.gen_cascaded_downsizer.first_downsizer_inst/USE_READ.read_addr_inst/cmd_queue/inst/fifo_gen_inst/inst_fifo_gen/gconvfifo.rf/grf.rf/gntv_or_sync_fifo.mem/clk
    SLICE_X22Y4          FDRE                                         r  design_1_i/ps7_0_axi_periph/m01_couplers/auto_ds/inst/gen_downsizer.gen_cascaded_downsizer.first_downsizer_inst/USE_READ.read_addr_inst/cmd_queue/inst/fifo_gen_inst/inst_fifo_gen/gconvfifo.rf/grf.rf/gntv_or_sync_fifo.mem/goreg_dm.dout_i_reg[14]/C
                         clock pessimism             -0.034     1.164    
    SLICE_X22Y4          FDRE (Hold_fdre_C_D)         0.012     1.176    design_1_i/ps7_0_axi_periph/m01_couplers/auto_ds/inst/gen_downsizer.gen_cascaded_downsizer.first_downsizer_inst/USE_READ.read_addr_inst/cmd_queue/inst/fifo_gen_inst/inst_fifo_gen/gconvfifo.rf/grf.rf/gntv_or_sync_fifo.mem/goreg_dm.dout_i_reg[14]
  -------------------------------------------------------------------
                         required time                         -1.176    
                         arrival time                           1.206    
  -------------------------------------------------------------------
                         slack                                  0.030    

Slack (MET) :             0.032ns  (arrival time - required time)
  Source:                 design_1_i/DMA24bUnit_mm2s_0/U0/gmem_m_axi_U/bus_read/align_len_reg[29]/C
                            (rising edge-triggered cell FDRE clocked by clk_fpga_0  {rise@0.000ns fall@20.000ns period=40.000ns})
  Destination:            design_1_i/DMA24bUnit_mm2s_0/U0/gmem_m_axi_U/bus_read/end_addr_buf_reg[29]/D
                            (rising edge-triggered cell FDRE clocked by clk_fpga_0  {rise@0.000ns fall@20.000ns period=40.000ns})
  Path Group:             clk_fpga_0
  Path Type:              Hold (Min at Fast Process Corner)
  Requirement:            0.000ns  (clk_fpga_0 rise@0.000ns - clk_fpga_0 rise@0.000ns)
  Data Path Delay:        0.402ns  (logic 0.251ns (62.485%)  route 0.151ns (37.515%))
  Logic Levels:           2  (CARRY4=1 LUT2=1)
  Clock Path Skew:        0.264ns (DCD - SCD - CPR)
    Destination Clock Delay (DCD):    1.195ns
    Source Clock Delay      (SCD):    0.897ns
    Clock Pessimism Removal (CPR):    0.034ns

    Location             Delay type                Incr(ns)  Path(ns)    Netlist Resource(s)
  -------------------------------------------------------------------    -------------------
                         (clock clk_fpga_0 rise edge)
                                                      0.000     0.000 r  
    PS7_X0Y0             PS7                          0.000     0.000 r  design_1_i/processing_system7_0/inst/PS7_i/FCLKCLK[0]
                         net (fo=1, routed)           0.315     0.315    design_1_i/processing_system7_0/inst/FCLK_CLK_unbuffered[0]
    BUFGCTRL_X0Y0        BUFG (Prop_bufg_I_O)         0.026     0.341 r  design_1_i/processing_system7_0/inst/buffer_fclk_clk_0.FCLK_CLK_0_BUFG/O
                         net (fo=7094, routed)        0.556     0.897    design_1_i/DMA24bUnit_mm2s_0/U0/gmem_m_axi_U/bus_read/ap_clk
    SLICE_X22Y35         FDRE                                         r  design_1_i/DMA24bUnit_mm2s_0/U0/gmem_m_axi_U/bus_read/align_len_reg[29]/C
  -------------------------------------------------------------------    -------------------
    SLICE_X22Y35         FDRE (Prop_fdre_C_Q)         0.141     1.038 r  design_1_i/DMA24bUnit_mm2s_0/U0/gmem_m_axi_U/bus_read/align_len_reg[29]/Q
                         net (fo=1, routed)           0.151     1.188    design_1_i/DMA24bUnit_mm2s_0/U0/gmem_m_axi_U/bus_read/align_len_reg_n_2_[29]
    SLICE_X21Y35         LUT2 (Prop_lut2_I1_O)        0.045     1.233 r  design_1_i/DMA24bUnit_mm2s_0/U0/gmem_m_axi_U/bus_read/end_addr_buf[31]_i_4/O
                         net (fo=1, routed)           0.000     1.233    design_1_i/DMA24bUnit_mm2s_0/U0/gmem_m_axi_U/bus_read/end_addr_buf[31]_i_4_n_2
    SLICE_X21Y35         CARRY4 (Prop_carry4_S[1]_O[1])
                                                      0.065     1.298 r  design_1_i/DMA24bUnit_mm2s_0/U0/gmem_m_axi_U/bus_read/end_addr_buf_reg[31]_i_1/O[1]
                         net (fo=1, routed)           0.000     1.298    design_1_i/DMA24bUnit_mm2s_0/U0/gmem_m_axi_U/bus_read/end_addr[29]
    SLICE_X21Y35         FDRE                                         r  design_1_i/DMA24bUnit_mm2s_0/U0/gmem_m_axi_U/bus_read/end_addr_buf_reg[29]/D
  -------------------------------------------------------------------    -------------------

                         (clock clk_fpga_0 rise edge)
                                                      0.000     0.000 r  
    PS7_X0Y0             PS7                          0.000     0.000 r  design_1_i/processing_system7_0/inst/PS7_i/FCLKCLK[0]
                         net (fo=1, routed)           0.341     0.341    design_1_i/processing_system7_0/inst/FCLK_CLK_unbuffered[0]
    BUFGCTRL_X0Y0        BUFG (Prop_bufg_I_O)         0.029     0.370 r  design_1_i/processing_system7_0/inst/buffer_fclk_clk_0.FCLK_CLK_0_BUFG/O
                         net (fo=7094, routed)        0.825     1.195    design_1_i/DMA24bUnit_mm2s_0/U0/gmem_m_axi_U/bus_read/ap_clk
    SLICE_X21Y35         FDRE                                         r  design_1_i/DMA24bUnit_mm2s_0/U0/gmem_m_axi_U/bus_read/end_addr_buf_reg[29]/C
                         clock pessimism             -0.034     1.161    
    SLICE_X21Y35         FDRE (Hold_fdre_C_D)         0.105     1.266    design_1_i/DMA24bUnit_mm2s_0/U0/gmem_m_axi_U/bus_read/end_addr_buf_reg[29]
  -------------------------------------------------------------------
                         required time                         -1.266    
                         arrival time                           1.298    
  -------------------------------------------------------------------
                         slack                                  0.032    

Slack (MET) :             0.034ns  (arrival time - required time)
  Source:                 design_1_i/DMA24bUnit_mm2s_0/U0/gmem_m_axi_U/bus_read/align_len_reg[13]/C
                            (rising edge-triggered cell FDRE clocked by clk_fpga_0  {rise@0.000ns fall@20.000ns period=40.000ns})
  Destination:            design_1_i/DMA24bUnit_mm2s_0/U0/gmem_m_axi_U/bus_read/end_addr_buf_reg[13]/D
                            (rising edge-triggered cell FDRE clocked by clk_fpga_0  {rise@0.000ns fall@20.000ns period=40.000ns})
  Path Group:             clk_fpga_0
  Path Type:              Hold (Min at Fast Process Corner)
  Requirement:            0.000ns  (clk_fpga_0 rise@0.000ns - clk_fpga_0 rise@0.000ns)
  Data Path Delay:        0.402ns  (logic 0.251ns (62.438%)  route 0.151ns (37.562%))
  Logic Levels:           2  (CARRY4=1 LUT2=1)
  Clock Path Skew:        0.263ns (DCD - SCD - CPR)
    Destination Clock Delay (DCD):    1.191ns
    Source Clock Delay      (SCD):    0.894ns
    Clock Pessimism Removal (CPR):    0.034ns

    Location             Delay type                Incr(ns)  Path(ns)    Netlist Resource(s)
  -------------------------------------------------------------------    -------------------
                         (clock clk_fpga_0 rise edge)
                                                      0.000     0.000 r  
    PS7_X0Y0             PS7                          0.000     0.000 r  design_1_i/processing_system7_0/inst/PS7_i/FCLKCLK[0]
                         net (fo=1, routed)           0.315     0.315    design_1_i/processing_system7_0/inst/FCLK_CLK_unbuffered[0]
    BUFGCTRL_X0Y0        BUFG (Prop_bufg_I_O)         0.026     0.341 r  design_1_i/processing_system7_0/inst/buffer_fclk_clk_0.FCLK_CLK_0_BUFG/O
                         net (fo=7094, routed)        0.553     0.894    design_1_i/DMA24bUnit_mm2s_0/U0/gmem_m_axi_U/bus_read/ap_clk
    SLICE_X22Y31         FDRE                                         r  design_1_i/DMA24bUnit_mm2s_0/U0/gmem_m_axi_U/bus_read/align_len_reg[13]/C
  -------------------------------------------------------------------    -------------------
    SLICE_X22Y31         FDRE (Prop_fdre_C_Q)         0.141     1.035 r  design_1_i/DMA24bUnit_mm2s_0/U0/gmem_m_axi_U/bus_read/align_len_reg[13]/Q
                         net (fo=1, routed)           0.151     1.185    design_1_i/DMA24bUnit_mm2s_0/U0/gmem_m_axi_U/bus_read/align_len_reg_n_2_[13]
    SLICE_X21Y31         LUT2 (Prop_lut2_I1_O)        0.045     1.230 r  design_1_i/DMA24bUnit_mm2s_0/U0/gmem_m_axi_U/bus_read/end_addr_buf[15]_i_4/O
                         net (fo=1, routed)           0.000     1.230    design_1_i/DMA24bUnit_mm2s_0/U0/gmem_m_axi_U/bus_read/end_addr_buf[15]_i_4_n_2
    SLICE_X21Y31         CARRY4 (Prop_carry4_S[1]_O[1])
                                                      0.065     1.295 r  design_1_i/DMA24bUnit_mm2s_0/U0/gmem_m_axi_U/bus_read/end_addr_buf_reg[15]_i_1/O[1]
                         net (fo=1, routed)           0.000     1.295    design_1_i/DMA24bUnit_mm2s_0/U0/gmem_m_axi_U/bus_read/end_addr[13]
    SLICE_X21Y31         FDRE                                         r  design_1_i/DMA24bUnit_mm2s_0/U0/gmem_m_axi_U/bus_read/end_addr_buf_reg[13]/D
  -------------------------------------------------------------------    -------------------

                         (clock clk_fpga_0 rise edge)
                                                      0.000     0.000 r  
    PS7_X0Y0             PS7                          0.000     0.000 r  design_1_i/processing_system7_0/inst/PS7_i/FCLKCLK[0]
                         net (fo=1, routed)           0.341     0.341    design_1_i/processing_system7_0/inst/FCLK_CLK_unbuffered[0]
    BUFGCTRL_X0Y0        BUFG (Prop_bufg_I_O)         0.029     0.370 r  design_1_i/processing_system7_0/inst/buffer_fclk_clk_0.FCLK_CLK_0_BUFG/O
                         net (fo=7094, routed)        0.821     1.191    design_1_i/DMA24bUnit_mm2s_0/U0/gmem_m_axi_U/bus_read/ap_clk
    SLICE_X21Y31         FDRE                                         r  design_1_i/DMA24bUnit_mm2s_0/U0/gmem_m_axi_U/bus_read/end_addr_buf_reg[13]/C
                         clock pessimism             -0.034     1.157    
    SLICE_X21Y31         FDRE (Hold_fdre_C_D)         0.105     1.262    design_1_i/DMA24bUnit_mm2s_0/U0/gmem_m_axi_U/bus_read/end_addr_buf_reg[13]
  -------------------------------------------------------------------
                         required time                         -1.262    
                         arrival time                           1.295    
  -------------------------------------------------------------------
                         slack                                  0.034    

Slack (MET) :             0.034ns  (arrival time - required time)
  Source:                 design_1_i/DMA24bUnit_mm2s_0/U0/gmem_m_axi_U/bus_read/align_len_reg[21]/C
                            (rising edge-triggered cell FDRE clocked by clk_fpga_0  {rise@0.000ns fall@20.000ns period=40.000ns})
  Destination:            design_1_i/DMA24bUnit_mm2s_0/U0/gmem_m_axi_U/bus_read/end_addr_buf_reg[21]/D
                            (rising edge-triggered cell FDRE clocked by clk_fpga_0  {rise@0.000ns fall@20.000ns period=40.000ns})
  Path Group:             clk_fpga_0
  Path Type:              Hold (Min at Fast Process Corner)
  Requirement:            0.000ns  (clk_fpga_0 rise@0.000ns - clk_fpga_0 rise@0.000ns)
  Data Path Delay:        0.402ns  (logic 0.251ns (62.438%)  route 0.151ns (37.562%))
  Logic Levels:           2  (CARRY4=1 LUT2=1)
  Clock Path Skew:        0.263ns (DCD - SCD - CPR)
    Destination Clock Delay (DCD):    1.193ns
    Source Clock Delay      (SCD):    0.896ns
    Clock Pessimism Removal (CPR):    0.034ns

    Location             Delay type                Incr(ns)  Path(ns)    Netlist Resource(s)
  -------------------------------------------------------------------    -------------------
                         (clock clk_fpga_0 rise edge)
                                                      0.000     0.000 r  
    PS7_X0Y0             PS7                          0.000     0.000 r  design_1_i/processing_system7_0/inst/PS7_i/FCLKCLK[0]
                         net (fo=1, routed)           0.315     0.315    design_1_i/processing_system7_0/inst/FCLK_CLK_unbuffered[0]
    BUFGCTRL_X0Y0        BUFG (Prop_bufg_I_O)         0.026     0.341 r  design_1_i/processing_system7_0/inst/buffer_fclk_clk_0.FCLK_CLK_0_BUFG/O
                         net (fo=7094, routed)        0.555     0.896    design_1_i/DMA24bUnit_mm2s_0/U0/gmem_m_axi_U/bus_read/ap_clk
    SLICE_X22Y33         FDRE                                         r  design_1_i/DMA24bUnit_mm2s_0/U0/gmem_m_axi_U/bus_read/align_len_reg[21]/C
  -------------------------------------------------------------------    -------------------
    SLICE_X22Y33         FDRE (Prop_fdre_C_Q)         0.141     1.037 r  design_1_i/DMA24bUnit_mm2s_0/U0/gmem_m_axi_U/bus_read/align_len_reg[21]/Q
                         net (fo=1, routed)           0.151     1.187    design_1_i/DMA24bUnit_mm2s_0/U0/gmem_m_axi_U/bus_read/align_len_reg_n_2_[21]
    SLICE_X21Y33         LUT2 (Prop_lut2_I1_O)        0.045     1.232 r  design_1_i/DMA24bUnit_mm2s_0/U0/gmem_m_axi_U/bus_read/end_addr_buf[23]_i_4/O
                         net (fo=1, routed)           0.000     1.232    design_1_i/DMA24bUnit_mm2s_0/U0/gmem_m_axi_U/bus_read/end_addr_buf[23]_i_4_n_2
    SLICE_X21Y33         CARRY4 (Prop_carry4_S[1]_O[1])
                                                      0.065     1.297 r  design_1_i/DMA24bUnit_mm2s_0/U0/gmem_m_axi_U/bus_read/end_addr_buf_reg[23]_i_1/O[1]
                         net (fo=1, routed)           0.000     1.297    design_1_i/DMA24bUnit_mm2s_0/U0/gmem_m_axi_U/bus_read/end_addr[21]
    SLICE_X21Y33         FDRE                                         r  design_1_i/DMA24bUnit_mm2s_0/U0/gmem_m_axi_U/bus_read/end_addr_buf_reg[21]/D
  -------------------------------------------------------------------    -------------------

                         (clock clk_fpga_0 rise edge)
                                                      0.000     0.000 r  
    PS7_X0Y0             PS7                          0.000     0.000 r  design_1_i/processing_system7_0/inst/PS7_i/FCLKCLK[0]
                         net (fo=1, routed)           0.341     0.341    design_1_i/processing_system7_0/inst/FCLK_CLK_unbuffered[0]
    BUFGCTRL_X0Y0        BUFG (Prop_bufg_I_O)         0.029     0.370 r  design_1_i/processing_system7_0/inst/buffer_fclk_clk_0.FCLK_CLK_0_BUFG/O
                         net (fo=7094, routed)        0.823     1.193    design_1_i/DMA24bUnit_mm2s_0/U0/gmem_m_axi_U/bus_read/ap_clk
    SLICE_X21Y33         FDRE                                         r  design_1_i/DMA24bUnit_mm2s_0/U0/gmem_m_axi_U/bus_read/end_addr_buf_reg[21]/C
                         clock pessimism             -0.034     1.159    
    SLICE_X21Y33         FDRE (Hold_fdre_C_D)         0.105     1.264    design_1_i/DMA24bUnit_mm2s_0/U0/gmem_m_axi_U/bus_read/end_addr_buf_reg[21]
  -------------------------------------------------------------------
                         required time                         -1.264    
                         arrival time                           1.297    
  -------------------------------------------------------------------
                         slack                                  0.034    

Slack (MET) :             0.034ns  (arrival time - required time)
  Source:                 design_1_i/DMA24bUnit_mm2s_0/U0/gmem_m_axi_U/bus_read/align_len_reg[25]/C
                            (rising edge-triggered cell FDRE clocked by clk_fpga_0  {rise@0.000ns fall@20.000ns period=40.000ns})
  Destination:            design_1_i/DMA24bUnit_mm2s_0/U0/gmem_m_axi_U/bus_read/end_addr_buf_reg[25]/D
                            (rising edge-triggered cell FDRE clocked by clk_fpga_0  {rise@0.000ns fall@20.000ns period=40.000ns})
  Path Group:             clk_fpga_0
  Path Type:              Hold (Min at Fast Process Corner)
  Requirement:            0.000ns  (clk_fpga_0 rise@0.000ns - clk_fpga_0 rise@0.000ns)
  Data Path Delay:        0.402ns  (logic 0.251ns (62.438%)  route 0.151ns (37.562%))
  Logic Levels:           2  (CARRY4=1 LUT2=1)
  Clock Path Skew:        0.263ns (DCD - SCD - CPR)
    Destination Clock Delay (DCD):    1.194ns
    Source Clock Delay      (SCD):    0.897ns
    Clock Pessimism Removal (CPR):    0.034ns

    Location             Delay type                Incr(ns)  Path(ns)    Netlist Resource(s)
  -------------------------------------------------------------------    -------------------
                         (clock clk_fpga_0 rise edge)
                                                      0.000     0.000 r  
    PS7_X0Y0             PS7                          0.000     0.000 r  design_1_i/processing_system7_0/inst/PS7_i/FCLKCLK[0]
                         net (fo=1, routed)           0.315     0.315    design_1_i/processing_system7_0/inst/FCLK_CLK_unbuffered[0]
    BUFGCTRL_X0Y0        BUFG (Prop_bufg_I_O)         0.026     0.341 r  design_1_i/processing_system7_0/inst/buffer_fclk_clk_0.FCLK_CLK_0_BUFG/O
                         net (fo=7094, routed)        0.556     0.897    design_1_i/DMA24bUnit_mm2s_0/U0/gmem_m_axi_U/bus_read/ap_clk
    SLICE_X22Y34         FDRE                                         r  design_1_i/DMA24bUnit_mm2s_0/U0/gmem_m_axi_U/bus_read/align_len_reg[25]/C
  -------------------------------------------------------------------    -------------------
    SLICE_X22Y34         FDRE (Prop_fdre_C_Q)         0.141     1.038 r  design_1_i/DMA24bUnit_mm2s_0/U0/gmem_m_axi_U/bus_read/align_len_reg[25]/Q
                         net (fo=1, routed)           0.151     1.188    design_1_i/DMA24bUnit_mm2s_0/U0/gmem_m_axi_U/bus_read/align_len_reg_n_2_[25]
    SLICE_X21Y34         LUT2 (Prop_lut2_I1_O)        0.045     1.233 r  design_1_i/DMA24bUnit_mm2s_0/U0/gmem_m_axi_U/bus_read/end_addr_buf[27]_i_4/O
                         net (fo=1, routed)           0.000     1.233    design_1_i/DMA24bUnit_mm2s_0/U0/gmem_m_axi_U/bus_read/end_addr_buf[27]_i_4_n_2
    SLICE_X21Y34         CARRY4 (Prop_carry4_S[1]_O[1])
                                                      0.065     1.298 r  design_1_i/DMA24bUnit_mm2s_0/U0/gmem_m_axi_U/bus_read/end_addr_buf_reg[27]_i_1/O[1]
                         net (fo=1, routed)           0.000     1.298    design_1_i/DMA24bUnit_mm2s_0/U0/gmem_m_axi_U/bus_read/end_addr[25]
    SLICE_X21Y34         FDRE                                         r  design_1_i/DMA24bUnit_mm2s_0/U0/gmem_m_axi_U/bus_read/end_addr_buf_reg[25]/D
  -------------------------------------------------------------------    -------------------

                         (clock clk_fpga_0 rise edge)
                                                      0.000     0.000 r  
    PS7_X0Y0             PS7                          0.000     0.000 r  design_1_i/processing_system7_0/inst/PS7_i/FCLKCLK[0]
                         net (fo=1, routed)           0.341     0.341    design_1_i/processing_system7_0/inst/FCLK_CLK_unbuffered[0]
    BUFGCTRL_X0Y0        BUFG (Prop_bufg_I_O)         0.029     0.370 r  design_1_i/processing_system7_0/inst/buffer_fclk_clk_0.FCLK_CLK_0_BUFG/O
                         net (fo=7094, routed)        0.824     1.194    design_1_i/DMA24bUnit_mm2s_0/U0/gmem_m_axi_U/bus_read/ap_clk
    SLICE_X21Y34         FDRE                                         r  design_1_i/DMA24bUnit_mm2s_0/U0/gmem_m_axi_U/bus_read/end_addr_buf_reg[25]/C
                         clock pessimism             -0.034     1.160    
    SLICE_X21Y34         FDRE (Hold_fdre_C_D)         0.105     1.265    design_1_i/DMA24bUnit_mm2s_0/U0/gmem_m_axi_U/bus_read/end_addr_buf_reg[25]
  -------------------------------------------------------------------
                         required time                         -1.265    
                         arrival time                           1.298    
  -------------------------------------------------------------------
                         slack                                  0.034    





Pulse Width Checks
--------------------------------------------------------------------------------------
Clock Name:         clk_fpga_0
Waveform(ns):       { 0.000 20.000 }
Period(ns):         40.000
Sources:            { design_1_i/processing_system7_0/inst/PS7_i/FCLKCLK[0] }

Check Type        Corner  Lib Pin             Reference Pin  Required(ns)  Actual(ns)  Slack(ns)  Location      Pin
Min Period        n/a     RAMB36E1/CLKARDCLK  n/a            2.944         40.000      37.056     RAMB36_X1Y3   design_1_i/DMA24bUnit_mm2s_0/U0/gmem_m_axi_U/bus_read/fifo_rdata/mem_reg_3/CLKARDCLK
Min Period        n/a     RAMB36E1/CLKARDCLK  n/a            2.944         40.000      37.056     RAMB36_X2Y1   design_1_i/DMA24bUnit_mm2s_0/U0/grp_DMA24b_mm2s_fu_78/mm_fifo_U/U_DMA24bUnit_mm2s_fifo_w128_d256_A_ram/mem_reg_0/CLKARDCLK
Min Period        n/a     RAMB36E1/CLKBWRCLK  n/a            2.944         40.000      37.056     RAMB36_X2Y1   design_1_i/DMA24bUnit_mm2s_0/U0/grp_DMA24b_mm2s_fu_78/mm_fifo_U/U_DMA24bUnit_mm2s_fifo_w128_d256_A_ram/mem_reg_0/CLKBWRCLK
Min Period        n/a     RAMB36E1/CLKARDCLK  n/a            2.944         40.000      37.056     RAMB36_X2Y2   design_1_i/DMA24bUnit_mm2s_0/U0/grp_DMA24b_mm2s_fu_78/mm_fifo_U/U_DMA24bUnit_mm2s_fifo_w128_d256_A_ram/mem_reg_1/CLKARDCLK
Min Period        n/a     RAMB36E1/CLKBWRCLK  n/a            2.944         40.000      37.056     RAMB36_X2Y2   design_1_i/DMA24bUnit_mm2s_0/U0/grp_DMA24b_mm2s_fu_78/mm_fifo_U/U_DMA24bUnit_mm2s_fifo_w128_d256_A_ram/mem_reg_1/CLKBWRCLK
Min Period        n/a     RAMB36E1/CLKARDCLK  n/a            2.944         40.000      37.056     RAMB36_X1Y0   design_1_i/DMA24bUnit_mm2s_0/U0/gmem_m_axi_U/bus_read/fifo_rdata/mem_reg_0/CLKARDCLK
Min Period        n/a     RAMB36E1/CLKARDCLK  n/a            2.944         40.000      37.056     RAMB36_X1Y2   design_1_i/DMA24bUnit_mm2s_0/U0/gmem_m_axi_U/bus_read/fifo_rdata/mem_reg_1/CLKARDCLK
Min Period        n/a     RAMB36E1/CLKARDCLK  n/a            2.944         40.000      37.056     RAMB36_X1Y1   design_1_i/DMA24bUnit_mm2s_0/U0/gmem_m_axi_U/bus_read/fifo_rdata/mem_reg_2/CLKARDCLK
Min Period        n/a     RAMB36E1/CLKBWRCLK  n/a            2.576         40.000      37.424     RAMB36_X1Y3   design_1_i/DMA24bUnit_mm2s_0/U0/gmem_m_axi_U/bus_read/fifo_rdata/mem_reg_3/CLKBWRCLK
Min Period        n/a     RAMB36E1/CLKBWRCLK  n/a            2.576         40.000      37.424     RAMB36_X1Y0   design_1_i/DMA24bUnit_mm2s_0/U0/gmem_m_axi_U/bus_read/fifo_rdata/mem_reg_0/CLKBWRCLK
Low Pulse Width   Slow    RAMD32/CLK          n/a            1.250         20.000      18.750     SLICE_X34Y45  design_1_i/ps7_0_axi_periph/m00_couplers/auto_ds/inst/gen_downsizer.gen_simple_downsizer.axi_downsizer_inst/USE_READ.read_addr_inst/cmd_queue/inst/fifo_gen_inst/inst_fifo_gen/gconvfifo.rf/grf.rf/gntv_or_sync_fifo.mem/gdm.dm_gen.dm/RAM_reg_0_31_0_5/RAMA/CLK
Low Pulse Width   Slow    RAMD32/CLK          n/a            1.250         20.000      18.750     SLICE_X34Y45  design_1_i/ps7_0_axi_periph/m00_couplers/auto_ds/inst/gen_downsizer.gen_simple_downsizer.axi_downsizer_inst/USE_READ.read_addr_inst/cmd_queue/inst/fifo_gen_inst/inst_fifo_gen/gconvfifo.rf/grf.rf/gntv_or_sync_fifo.mem/gdm.dm_gen.dm/RAM_reg_0_31_0_5/RAMA_D1/CLK
Low Pulse Width   Slow    RAMD32/CLK          n/a            1.250         20.000      18.750     SLICE_X34Y45  design_1_i/ps7_0_axi_periph/m00_couplers/auto_ds/inst/gen_downsizer.gen_simple_downsizer.axi_downsizer_inst/USE_READ.read_addr_inst/cmd_queue/inst/fifo_gen_inst/inst_fifo_gen/gconvfifo.rf/grf.rf/gntv_or_sync_fifo.mem/gdm.dm_gen.dm/RAM_reg_0_31_0_5/RAMB/CLK
Low Pulse Width   Slow    RAMD32/CLK          n/a            1.250         20.000      18.750     SLICE_X34Y45  design_1_i/ps7_0_axi_periph/m00_couplers/auto_ds/inst/gen_downsizer.gen_simple_downsizer.axi_downsizer_inst/USE_READ.read_addr_inst/cmd_queue/inst/fifo_gen_inst/inst_fifo_gen/gconvfifo.rf/grf.rf/gntv_or_sync_fifo.mem/gdm.dm_gen.dm/RAM_reg_0_31_0_5/RAMB_D1/CLK
Low Pulse Width   Slow    RAMD32/CLK          n/a            1.250         20.000      18.750     SLICE_X34Y45  design_1_i/ps7_0_axi_periph/m00_couplers/auto_ds/inst/gen_downsizer.gen_simple_downsizer.axi_downsizer_inst/USE_READ.read_addr_inst/cmd_queue/inst/fifo_gen_inst/inst_fifo_gen/gconvfifo.rf/grf.rf/gntv_or_sync_fifo.mem/gdm.dm_gen.dm/RAM_reg_0_31_0_5/RAMC/CLK
Low Pulse Width   Slow    RAMD32/CLK          n/a            1.250         20.000      18.750     SLICE_X34Y45  design_1_i/ps7_0_axi_periph/m00_couplers/auto_ds/inst/gen_downsizer.gen_simple_downsizer.axi_downsizer_inst/USE_READ.read_addr_inst/cmd_queue/inst/fifo_gen_inst/inst_fifo_gen/gconvfifo.rf/grf.rf/gntv_or_sync_fifo.mem/gdm.dm_gen.dm/RAM_reg_0_31_0_5/RAMC_D1/CLK
Low Pulse Width   Slow    RAMS32/CLK          n/a            1.250         20.000      18.750     SLICE_X34Y45  design_1_i/ps7_0_axi_periph/m00_couplers/auto_ds/inst/gen_downsizer.gen_simple_downsizer.axi_downsizer_inst/USE_READ.read_addr_inst/cmd_queue/inst/fifo_gen_inst/inst_fifo_gen/gconvfifo.rf/grf.rf/gntv_or_sync_fifo.mem/gdm.dm_gen.dm/RAM_reg_0_31_0_5/RAMD/CLK
Low Pulse Width   Slow    RAMS32/CLK          n/a            1.250         20.000      18.750     SLICE_X34Y45  design_1_i/ps7_0_axi_periph/m00_couplers/auto_ds/inst/gen_downsizer.gen_simple_downsizer.axi_downsizer_inst/USE_READ.read_addr_inst/cmd_queue/inst/fifo_gen_inst/inst_fifo_gen/gconvfifo.rf/grf.rf/gntv_or_sync_fifo.mem/gdm.dm_gen.dm/RAM_reg_0_31_0_5/RAMD_D1/CLK
Low Pulse Width   Slow    RAMD32/CLK          n/a            1.250         20.000      18.750     SLICE_X34Y46  design_1_i/ps7_0_axi_periph/m00_couplers/auto_ds/inst/gen_downsizer.gen_simple_downsizer.axi_downsizer_inst/USE_READ.read_addr_inst/cmd_queue/inst/fifo_gen_inst/inst_fifo_gen/gconvfifo.rf/grf.rf/gntv_or_sync_fifo.mem/gdm.dm_gen.dm/RAM_reg_0_31_12_17/RAMA/CLK
Low Pulse Width   Slow    RAMD32/CLK          n/a            1.250         20.000      18.750     SLICE_X34Y46  design_1_i/ps7_0_axi_periph/m00_couplers/auto_ds/inst/gen_downsizer.gen_simple_downsizer.axi_downsizer_inst/USE_READ.read_addr_inst/cmd_queue/inst/fifo_gen_inst/inst_fifo_gen/gconvfifo.rf/grf.rf/gntv_or_sync_fifo.mem/gdm.dm_gen.dm/RAM_reg_0_31_12_17/RAMA_D1/CLK
High Pulse Width  Slow    RAMD32/CLK          n/a            1.250         20.000      18.750     SLICE_X34Y45  design_1_i/ps7_0_axi_periph/m00_couplers/auto_ds/inst/gen_downsizer.gen_simple_downsizer.axi_downsizer_inst/USE_READ.read_addr_inst/cmd_queue/inst/fifo_gen_inst/inst_fifo_gen/gconvfifo.rf/grf.rf/gntv_or_sync_fifo.mem/gdm.dm_gen.dm/RAM_reg_0_31_0_5/RAMA/CLK
High Pulse Width  Fast    RAMD32/CLK          n/a            1.250         20.000      18.750     SLICE_X34Y45  design_1_i/ps7_0_axi_periph/m00_couplers/auto_ds/inst/gen_downsizer.gen_simple_downsizer.axi_downsizer_inst/USE_READ.read_addr_inst/cmd_queue/inst/fifo_gen_inst/inst_fifo_gen/gconvfifo.rf/grf.rf/gntv_or_sync_fifo.mem/gdm.dm_gen.dm/RAM_reg_0_31_0_5/RAMA/CLK
High Pulse Width  Slow    RAMD32/CLK          n/a            1.250         20.000      18.750     SLICE_X34Y45  design_1_i/ps7_0_axi_periph/m00_couplers/auto_ds/inst/gen_downsizer.gen_simple_downsizer.axi_downsizer_inst/USE_READ.read_addr_inst/cmd_queue/inst/fifo_gen_inst/inst_fifo_gen/gconvfifo.rf/grf.rf/gntv_or_sync_fifo.mem/gdm.dm_gen.dm/RAM_reg_0_31_0_5/RAMA_D1/CLK
High Pulse Width  Fast    RAMD32/CLK          n/a            1.250         20.000      18.750     SLICE_X34Y45  design_1_i/ps7_0_axi_periph/m00_couplers/auto_ds/inst/gen_downsizer.gen_simple_downsizer.axi_downsizer_inst/USE_READ.read_addr_inst/cmd_queue/inst/fifo_gen_inst/inst_fifo_gen/gconvfifo.rf/grf.rf/gntv_or_sync_fifo.mem/gdm.dm_gen.dm/RAM_reg_0_31_0_5/RAMA_D1/CLK
High Pulse Width  Slow    RAMD32/CLK          n/a            1.250         20.000      18.750     SLICE_X34Y45  design_1_i/ps7_0_axi_periph/m00_couplers/auto_ds/inst/gen_downsizer.gen_simple_downsizer.axi_downsizer_inst/USE_READ.read_addr_inst/cmd_queue/inst/fifo_gen_inst/inst_fifo_gen/gconvfifo.rf/grf.rf/gntv_or_sync_fifo.mem/gdm.dm_gen.dm/RAM_reg_0_31_0_5/RAMB/CLK
High Pulse Width  Fast    RAMD32/CLK          n/a            1.250         20.000      18.750     SLICE_X34Y45  design_1_i/ps7_0_axi_periph/m00_couplers/auto_ds/inst/gen_downsizer.gen_simple_downsizer.axi_downsizer_inst/USE_READ.read_addr_inst/cmd_queue/inst/fifo_gen_inst/inst_fifo_gen/gconvfifo.rf/grf.rf/gntv_or_sync_fifo.mem/gdm.dm_gen.dm/RAM_reg_0_31_0_5/RAMB/CLK
High Pulse Width  Slow    RAMD32/CLK          n/a            1.250         20.000      18.750     SLICE_X34Y45  design_1_i/ps7_0_axi_periph/m00_couplers/auto_ds/inst/gen_downsizer.gen_simple_downsizer.axi_downsizer_inst/USE_READ.read_addr_inst/cmd_queue/inst/fifo_gen_inst/inst_fifo_gen/gconvfifo.rf/grf.rf/gntv_or_sync_fifo.mem/gdm.dm_gen.dm/RAM_reg_0_31_0_5/RAMB_D1/CLK
High Pulse Width  Fast    RAMD32/CLK          n/a            1.250         20.000      18.750     SLICE_X34Y45  design_1_i/ps7_0_axi_periph/m00_couplers/auto_ds/inst/gen_downsizer.gen_simple_downsizer.axi_downsizer_inst/USE_READ.read_addr_inst/cmd_queue/inst/fifo_gen_inst/inst_fifo_gen/gconvfifo.rf/grf.rf/gntv_or_sync_fifo.mem/gdm.dm_gen.dm/RAM_reg_0_31_0_5/RAMB_D1/CLK
High Pulse Width  Slow    RAMD32/CLK          n/a            1.250         20.000      18.750     SLICE_X34Y45  design_1_i/ps7_0_axi_periph/m00_couplers/auto_ds/inst/gen_downsizer.gen_simple_downsizer.axi_downsizer_inst/USE_READ.read_addr_inst/cmd_queue/inst/fifo_gen_inst/inst_fifo_gen/gconvfifo.rf/grf.rf/gntv_or_sync_fifo.mem/gdm.dm_gen.dm/RAM_reg_0_31_0_5/RAMC/CLK
High Pulse Width  Fast    RAMD32/CLK          n/a            1.250         20.000      18.750     SLICE_X34Y45  design_1_i/ps7_0_axi_periph/m00_couplers/auto_ds/inst/gen_downsizer.gen_simple_downsizer.axi_downsizer_inst/USE_READ.read_addr_inst/cmd_queue/inst/fifo_gen_inst/inst_fifo_gen/gconvfifo.rf/grf.rf/gntv_or_sync_fifo.mem/gdm.dm_gen.dm/RAM_reg_0_31_0_5/RAMC/CLK



---------------------------------------------------------------------------------------------------
From Clock:  sys_clk_pin
  To Clock:  sys_clk_pin

Setup :            0  Failing Endpoints,  Worst Slack        3.275ns,  Total Violation        0.000ns
Hold  :            0  Failing Endpoints,  Worst Slack        0.274ns,  Total Violation        0.000ns
PW    :            0  Failing Endpoints,  Worst Slack        3.500ns,  Total Violation        0.000ns
---------------------------------------------------------------------------------------------------


Max Delay Paths
--------------------------------------------------------------------------------------
Slack (MET) :             3.275ns  (required time - arrival time)
  Source:                 design_1_i/Conv_axis_vga_0/U0/S_CTRL_V_reg[4]/C
                            (rising edge-triggered cell FDCE clocked by sys_clk_pin  {rise@0.000ns fall@4.000ns period=8.000ns})
  Destination:            design_1_i/Conv_axis_vga_0/U0/SV_BLUE_reg_reg[4]/CE
                            (rising edge-triggered cell FDCE clocked by sys_clk_pin  {rise@0.000ns fall@4.000ns period=8.000ns})
  Path Group:             sys_clk_pin
  Path Type:              Setup (Max at Slow Process Corner)
  Requirement:            8.000ns  (sys_clk_pin rise@8.000ns - sys_clk_pin rise@0.000ns)
  Data Path Delay:        4.421ns  (logic 1.298ns (29.359%)  route 3.123ns (70.641%))
  Logic Levels:           3  (CARRY4=1 LUT2=1 LUT3=1)
  Clock Path Skew:        -0.063ns (DCD - SCD + CPR)
    Destination Clock Delay (DCD):    1.559ns = ( 9.559 - 8.000 ) 
    Source Clock Delay      (SCD):    1.737ns
    Clock Pessimism Removal (CPR):    0.115ns
  Clock Uncertainty:      0.035ns  ((TSJ^2 + TIJ^2)^1/2 + DJ) / 2 + PE
    Total System Jitter     (TSJ):    0.071ns
    Total Input Jitter      (TIJ):    0.000ns
    Discrete Jitter          (DJ):    0.000ns
    Phase Error              (PE):    0.000ns

    Location             Delay type                Incr(ns)  Path(ns)    Netlist Resource(s)
  -------------------------------------------------------------------    -------------------
                         (clock sys_clk_pin rise edge)
                                                      0.000     0.000 r  
    BUFGCTRL_X0Y0        BUFG                         0.000     0.000 r  design_1_i/processing_system7_0/inst/buffer_fclk_clk_0.FCLK_CLK_0_BUFG/O
                         net (fo=7094, routed)        1.737     1.737    design_1_i/Conv_axis_vga_0/U0/clk
    SLICE_X42Y27         FDCE                                         r  design_1_i/Conv_axis_vga_0/U0/S_CTRL_V_reg[4]/C
  -------------------------------------------------------------------    -------------------
    SLICE_X42Y27         FDCE (Prop_fdce_C_Q)         0.518     2.255 f  design_1_i/Conv_axis_vga_0/U0/S_CTRL_V_reg[4]/Q
                         net (fo=6, routed)           0.991     3.246    design_1_i/Conv_axis_vga_0/U0/S_CTRL_V_reg[4]
    SLICE_X43Y27         LUT2 (Prop_lut2_I1_O)        0.124     3.370 r  design_1_i/Conv_axis_vga_0/U0/axis_tready_INST_0_i_14/O
                         net (fo=1, routed)           0.000     3.370    design_1_i/Conv_axis_vga_0/U0/axis_tready_INST_0_i_14_n_0
    SLICE_X43Y27         CARRY4 (Prop_carry4_S[0]_CO[3])
                                                      0.532     3.902 r  design_1_i/Conv_axis_vga_0/U0/axis_tready_INST_0_i_2/CO[3]
                         net (fo=14, routed)          1.508     5.410    design_1_i/Conv_axis_vga_0/U0/ltOp3_in
    SLICE_X41Y22         LUT3 (Prop_lut3_I1_O)        0.124     5.534 r  design_1_i/Conv_axis_vga_0/U0/SV_RED_reg[7]_i_1/O
                         net (fo=12, routed)          0.624     6.158    design_1_i/Conv_axis_vga_0/U0/SV_RED_reg0
    SLICE_X41Y24         FDCE                                         r  design_1_i/Conv_axis_vga_0/U0/SV_BLUE_reg_reg[4]/CE
  -------------------------------------------------------------------    -------------------

                         (clock sys_clk_pin rise edge)
                                                      8.000     8.000 r  
    BUFGCTRL_X0Y0        BUFG                         0.000     8.000 r  design_1_i/processing_system7_0/inst/buffer_fclk_clk_0.FCLK_CLK_0_BUFG/O
                         net (fo=7094, routed)        1.559     9.559    design_1_i/Conv_axis_vga_0/U0/clk
    SLICE_X41Y24         FDCE                                         r  design_1_i/Conv_axis_vga_0/U0/SV_BLUE_reg_reg[4]/C
                         clock pessimism              0.115     9.674    
                         clock uncertainty           -0.035     9.639    
    SLICE_X41Y24         FDCE (Setup_fdce_C_CE)      -0.205     9.434    design_1_i/Conv_axis_vga_0/U0/SV_BLUE_reg_reg[4]
  -------------------------------------------------------------------
                         required time                          9.434    
                         arrival time                          -6.158    
  -------------------------------------------------------------------
                         slack                                  3.275    

Slack (MET) :             3.275ns  (required time - arrival time)
  Source:                 design_1_i/Conv_axis_vga_0/U0/S_CTRL_V_reg[4]/C
                            (rising edge-triggered cell FDCE clocked by sys_clk_pin  {rise@0.000ns fall@4.000ns period=8.000ns})
  Destination:            design_1_i/Conv_axis_vga_0/U0/SV_BLUE_reg_reg[5]/CE
                            (rising edge-triggered cell FDCE clocked by sys_clk_pin  {rise@0.000ns fall@4.000ns period=8.000ns})
  Path Group:             sys_clk_pin
  Path Type:              Setup (Max at Slow Process Corner)
  Requirement:            8.000ns  (sys_clk_pin rise@8.000ns - sys_clk_pin rise@0.000ns)
  Data Path Delay:        4.421ns  (logic 1.298ns (29.359%)  route 3.123ns (70.641%))
  Logic Levels:           3  (CARRY4=1 LUT2=1 LUT3=1)
  Clock Path Skew:        -0.063ns (DCD - SCD + CPR)
    Destination Clock Delay (DCD):    1.559ns = ( 9.559 - 8.000 ) 
    Source Clock Delay      (SCD):    1.737ns
    Clock Pessimism Removal (CPR):    0.115ns
  Clock Uncertainty:      0.035ns  ((TSJ^2 + TIJ^2)^1/2 + DJ) / 2 + PE
    Total System Jitter     (TSJ):    0.071ns
    Total Input Jitter      (TIJ):    0.000ns
    Discrete Jitter          (DJ):    0.000ns
    Phase Error              (PE):    0.000ns

    Location             Delay type                Incr(ns)  Path(ns)    Netlist Resource(s)
  -------------------------------------------------------------------    -------------------
                         (clock sys_clk_pin rise edge)
                                                      0.000     0.000 r  
    BUFGCTRL_X0Y0        BUFG                         0.000     0.000 r  design_1_i/processing_system7_0/inst/buffer_fclk_clk_0.FCLK_CLK_0_BUFG/O
                         net (fo=7094, routed)        1.737     1.737    design_1_i/Conv_axis_vga_0/U0/clk
    SLICE_X42Y27         FDCE                                         r  design_1_i/Conv_axis_vga_0/U0/S_CTRL_V_reg[4]/C
  -------------------------------------------------------------------    -------------------
    SLICE_X42Y27         FDCE (Prop_fdce_C_Q)         0.518     2.255 f  design_1_i/Conv_axis_vga_0/U0/S_CTRL_V_reg[4]/Q
                         net (fo=6, routed)           0.991     3.246    design_1_i/Conv_axis_vga_0/U0/S_CTRL_V_reg[4]
    SLICE_X43Y27         LUT2 (Prop_lut2_I1_O)        0.124     3.370 r  design_1_i/Conv_axis_vga_0/U0/axis_tready_INST_0_i_14/O
                         net (fo=1, routed)           0.000     3.370    design_1_i/Conv_axis_vga_0/U0/axis_tready_INST_0_i_14_n_0
    SLICE_X43Y27         CARRY4 (Prop_carry4_S[0]_CO[3])
                                                      0.532     3.902 r  design_1_i/Conv_axis_vga_0/U0/axis_tready_INST_0_i_2/CO[3]
                         net (fo=14, routed)          1.508     5.410    design_1_i/Conv_axis_vga_0/U0/ltOp3_in
    SLICE_X41Y22         LUT3 (Prop_lut3_I1_O)        0.124     5.534 r  design_1_i/Conv_axis_vga_0/U0/SV_RED_reg[7]_i_1/O
                         net (fo=12, routed)          0.624     6.158    design_1_i/Conv_axis_vga_0/U0/SV_RED_reg0
    SLICE_X41Y24         FDCE                                         r  design_1_i/Conv_axis_vga_0/U0/SV_BLUE_reg_reg[5]/CE
  -------------------------------------------------------------------    -------------------

                         (clock sys_clk_pin rise edge)
                                                      8.000     8.000 r  
    BUFGCTRL_X0Y0        BUFG                         0.000     8.000 r  design_1_i/processing_system7_0/inst/buffer_fclk_clk_0.FCLK_CLK_0_BUFG/O
                         net (fo=7094, routed)        1.559     9.559    design_1_i/Conv_axis_vga_0/U0/clk
    SLICE_X41Y24         FDCE                                         r  design_1_i/Conv_axis_vga_0/U0/SV_BLUE_reg_reg[5]/C
                         clock pessimism              0.115     9.674    
                         clock uncertainty           -0.035     9.639    
    SLICE_X41Y24         FDCE (Setup_fdce_C_CE)      -0.205     9.434    design_1_i/Conv_axis_vga_0/U0/SV_BLUE_reg_reg[5]
  -------------------------------------------------------------------
                         required time                          9.434    
                         arrival time                          -6.158    
  -------------------------------------------------------------------
                         slack                                  3.275    

Slack (MET) :             3.275ns  (required time - arrival time)
  Source:                 design_1_i/Conv_axis_vga_0/U0/S_CTRL_V_reg[4]/C
                            (rising edge-triggered cell FDCE clocked by sys_clk_pin  {rise@0.000ns fall@4.000ns period=8.000ns})
  Destination:            design_1_i/Conv_axis_vga_0/U0/SV_GREEN_reg_reg[4]/CE
                            (rising edge-triggered cell FDCE clocked by sys_clk_pin  {rise@0.000ns fall@4.000ns period=8.000ns})
  Path Group:             sys_clk_pin
  Path Type:              Setup (Max at Slow Process Corner)
  Requirement:            8.000ns  (sys_clk_pin rise@8.000ns - sys_clk_pin rise@0.000ns)
  Data Path Delay:        4.421ns  (logic 1.298ns (29.359%)  route 3.123ns (70.641%))
  Logic Levels:           3  (CARRY4=1 LUT2=1 LUT3=1)
  Clock Path Skew:        -0.063ns (DCD - SCD + CPR)
    Destination Clock Delay (DCD):    1.559ns = ( 9.559 - 8.000 ) 
    Source Clock Delay      (SCD):    1.737ns
    Clock Pessimism Removal (CPR):    0.115ns
  Clock Uncertainty:      0.035ns  ((TSJ^2 + TIJ^2)^1/2 + DJ) / 2 + PE
    Total System Jitter     (TSJ):    0.071ns
    Total Input Jitter      (TIJ):    0.000ns
    Discrete Jitter          (DJ):    0.000ns
    Phase Error              (PE):    0.000ns

    Location             Delay type                Incr(ns)  Path(ns)    Netlist Resource(s)
  -------------------------------------------------------------------    -------------------
                         (clock sys_clk_pin rise edge)
                                                      0.000     0.000 r  
    BUFGCTRL_X0Y0        BUFG                         0.000     0.000 r  design_1_i/processing_system7_0/inst/buffer_fclk_clk_0.FCLK_CLK_0_BUFG/O
                         net (fo=7094, routed)        1.737     1.737    design_1_i/Conv_axis_vga_0/U0/clk
    SLICE_X42Y27         FDCE                                         r  design_1_i/Conv_axis_vga_0/U0/S_CTRL_V_reg[4]/C
  -------------------------------------------------------------------    -------------------
    SLICE_X42Y27         FDCE (Prop_fdce_C_Q)         0.518     2.255 f  design_1_i/Conv_axis_vga_0/U0/S_CTRL_V_reg[4]/Q
                         net (fo=6, routed)           0.991     3.246    design_1_i/Conv_axis_vga_0/U0/S_CTRL_V_reg[4]
    SLICE_X43Y27         LUT2 (Prop_lut2_I1_O)        0.124     3.370 r  design_1_i/Conv_axis_vga_0/U0/axis_tready_INST_0_i_14/O
                         net (fo=1, routed)           0.000     3.370    design_1_i/Conv_axis_vga_0/U0/axis_tready_INST_0_i_14_n_0
    SLICE_X43Y27         CARRY4 (Prop_carry4_S[0]_CO[3])
                                                      0.532     3.902 r  design_1_i/Conv_axis_vga_0/U0/axis_tready_INST_0_i_2/CO[3]
                         net (fo=14, routed)          1.508     5.410    design_1_i/Conv_axis_vga_0/U0/ltOp3_in
    SLICE_X41Y22         LUT3 (Prop_lut3_I1_O)        0.124     5.534 r  design_1_i/Conv_axis_vga_0/U0/SV_RED_reg[7]_i_1/O
                         net (fo=12, routed)          0.624     6.158    design_1_i/Conv_axis_vga_0/U0/SV_RED_reg0
    SLICE_X41Y24         FDCE                                         r  design_1_i/Conv_axis_vga_0/U0/SV_GREEN_reg_reg[4]/CE
  -------------------------------------------------------------------    -------------------

                         (clock sys_clk_pin rise edge)
                                                      8.000     8.000 r  
    BUFGCTRL_X0Y0        BUFG                         0.000     8.000 r  design_1_i/processing_system7_0/inst/buffer_fclk_clk_0.FCLK_CLK_0_BUFG/O
                         net (fo=7094, routed)        1.559     9.559    design_1_i/Conv_axis_vga_0/U0/clk
    SLICE_X41Y24         FDCE                                         r  design_1_i/Conv_axis_vga_0/U0/SV_GREEN_reg_reg[4]/C
                         clock pessimism              0.115     9.674    
                         clock uncertainty           -0.035     9.639    
    SLICE_X41Y24         FDCE (Setup_fdce_C_CE)      -0.205     9.434    design_1_i/Conv_axis_vga_0/U0/SV_GREEN_reg_reg[4]
  -------------------------------------------------------------------
                         required time                          9.434    
                         arrival time                          -6.158    
  -------------------------------------------------------------------
                         slack                                  3.275    

Slack (MET) :             3.275ns  (required time - arrival time)
  Source:                 design_1_i/Conv_axis_vga_0/U0/S_CTRL_V_reg[4]/C
                            (rising edge-triggered cell FDCE clocked by sys_clk_pin  {rise@0.000ns fall@4.000ns period=8.000ns})
  Destination:            design_1_i/Conv_axis_vga_0/U0/SV_GREEN_reg_reg[5]/CE
                            (rising edge-triggered cell FDCE clocked by sys_clk_pin  {rise@0.000ns fall@4.000ns period=8.000ns})
  Path Group:             sys_clk_pin
  Path Type:              Setup (Max at Slow Process Corner)
  Requirement:            8.000ns  (sys_clk_pin rise@8.000ns - sys_clk_pin rise@0.000ns)
  Data Path Delay:        4.421ns  (logic 1.298ns (29.359%)  route 3.123ns (70.641%))
  Logic Levels:           3  (CARRY4=1 LUT2=1 LUT3=1)
  Clock Path Skew:        -0.063ns (DCD - SCD + CPR)
    Destination Clock Delay (DCD):    1.559ns = ( 9.559 - 8.000 ) 
    Source Clock Delay      (SCD):    1.737ns
    Clock Pessimism Removal (CPR):    0.115ns
  Clock Uncertainty:      0.035ns  ((TSJ^2 + TIJ^2)^1/2 + DJ) / 2 + PE
    Total System Jitter     (TSJ):    0.071ns
    Total Input Jitter      (TIJ):    0.000ns
    Discrete Jitter          (DJ):    0.000ns
    Phase Error              (PE):    0.000ns

    Location             Delay type                Incr(ns)  Path(ns)    Netlist Resource(s)
  -------------------------------------------------------------------    -------------------
                         (clock sys_clk_pin rise edge)
                                                      0.000     0.000 r  
    BUFGCTRL_X0Y0        BUFG                         0.000     0.000 r  design_1_i/processing_system7_0/inst/buffer_fclk_clk_0.FCLK_CLK_0_BUFG/O
                         net (fo=7094, routed)        1.737     1.737    design_1_i/Conv_axis_vga_0/U0/clk
    SLICE_X42Y27         FDCE                                         r  design_1_i/Conv_axis_vga_0/U0/S_CTRL_V_reg[4]/C
  -------------------------------------------------------------------    -------------------
    SLICE_X42Y27         FDCE (Prop_fdce_C_Q)         0.518     2.255 f  design_1_i/Conv_axis_vga_0/U0/S_CTRL_V_reg[4]/Q
                         net (fo=6, routed)           0.991     3.246    design_1_i/Conv_axis_vga_0/U0/S_CTRL_V_reg[4]
    SLICE_X43Y27         LUT2 (Prop_lut2_I1_O)        0.124     3.370 r  design_1_i/Conv_axis_vga_0/U0/axis_tready_INST_0_i_14/O
                         net (fo=1, routed)           0.000     3.370    design_1_i/Conv_axis_vga_0/U0/axis_tready_INST_0_i_14_n_0
    SLICE_X43Y27         CARRY4 (Prop_carry4_S[0]_CO[3])
                                                      0.532     3.902 r  design_1_i/Conv_axis_vga_0/U0/axis_tready_INST_0_i_2/CO[3]
                         net (fo=14, routed)          1.508     5.410    design_1_i/Conv_axis_vga_0/U0/ltOp3_in
    SLICE_X41Y22         LUT3 (Prop_lut3_I1_O)        0.124     5.534 r  design_1_i/Conv_axis_vga_0/U0/SV_RED_reg[7]_i_1/O
                         net (fo=12, routed)          0.624     6.158    design_1_i/Conv_axis_vga_0/U0/SV_RED_reg0
    SLICE_X41Y24         FDCE                                         r  design_1_i/Conv_axis_vga_0/U0/SV_GREEN_reg_reg[5]/CE
  -------------------------------------------------------------------    -------------------

                         (clock sys_clk_pin rise edge)
                                                      8.000     8.000 r  
    BUFGCTRL_X0Y0        BUFG                         0.000     8.000 r  design_1_i/processing_system7_0/inst/buffer_fclk_clk_0.FCLK_CLK_0_BUFG/O
                         net (fo=7094, routed)        1.559     9.559    design_1_i/Conv_axis_vga_0/U0/clk
    SLICE_X41Y24         FDCE                                         r  design_1_i/Conv_axis_vga_0/U0/SV_GREEN_reg_reg[5]/C
                         clock pessimism              0.115     9.674    
                         clock uncertainty           -0.035     9.639    
    SLICE_X41Y24         FDCE (Setup_fdce_C_CE)      -0.205     9.434    design_1_i/Conv_axis_vga_0/U0/SV_GREEN_reg_reg[5]
  -------------------------------------------------------------------
                         required time                          9.434    
                         arrival time                          -6.158    
  -------------------------------------------------------------------
                         slack                                  3.275    

Slack (MET) :             3.275ns  (required time - arrival time)
  Source:                 design_1_i/Conv_axis_vga_0/U0/S_CTRL_V_reg[4]/C
                            (rising edge-triggered cell FDCE clocked by sys_clk_pin  {rise@0.000ns fall@4.000ns period=8.000ns})
  Destination:            design_1_i/Conv_axis_vga_0/U0/SV_GREEN_reg_reg[6]/CE
                            (rising edge-triggered cell FDCE clocked by sys_clk_pin  {rise@0.000ns fall@4.000ns period=8.000ns})
  Path Group:             sys_clk_pin
  Path Type:              Setup (Max at Slow Process Corner)
  Requirement:            8.000ns  (sys_clk_pin rise@8.000ns - sys_clk_pin rise@0.000ns)
  Data Path Delay:        4.421ns  (logic 1.298ns (29.359%)  route 3.123ns (70.641%))
  Logic Levels:           3  (CARRY4=1 LUT2=1 LUT3=1)
  Clock Path Skew:        -0.063ns (DCD - SCD + CPR)
    Destination Clock Delay (DCD):    1.559ns = ( 9.559 - 8.000 ) 
    Source Clock Delay      (SCD):    1.737ns
    Clock Pessimism Removal (CPR):    0.115ns
  Clock Uncertainty:      0.035ns  ((TSJ^2 + TIJ^2)^1/2 + DJ) / 2 + PE
    Total System Jitter     (TSJ):    0.071ns
    Total Input Jitter      (TIJ):    0.000ns
    Discrete Jitter          (DJ):    0.000ns
    Phase Error              (PE):    0.000ns

    Location             Delay type                Incr(ns)  Path(ns)    Netlist Resource(s)
  -------------------------------------------------------------------    -------------------
                         (clock sys_clk_pin rise edge)
                                                      0.000     0.000 r  
    BUFGCTRL_X0Y0        BUFG                         0.000     0.000 r  design_1_i/processing_system7_0/inst/buffer_fclk_clk_0.FCLK_CLK_0_BUFG/O
                         net (fo=7094, routed)        1.737     1.737    design_1_i/Conv_axis_vga_0/U0/clk
    SLICE_X42Y27         FDCE                                         r  design_1_i/Conv_axis_vga_0/U0/S_CTRL_V_reg[4]/C
  -------------------------------------------------------------------    -------------------
    SLICE_X42Y27         FDCE (Prop_fdce_C_Q)         0.518     2.255 f  design_1_i/Conv_axis_vga_0/U0/S_CTRL_V_reg[4]/Q
                         net (fo=6, routed)           0.991     3.246    design_1_i/Conv_axis_vga_0/U0/S_CTRL_V_reg[4]
    SLICE_X43Y27         LUT2 (Prop_lut2_I1_O)        0.124     3.370 r  design_1_i/Conv_axis_vga_0/U0/axis_tready_INST_0_i_14/O
                         net (fo=1, routed)           0.000     3.370    design_1_i/Conv_axis_vga_0/U0/axis_tready_INST_0_i_14_n_0
    SLICE_X43Y27         CARRY4 (Prop_carry4_S[0]_CO[3])
                                                      0.532     3.902 r  design_1_i/Conv_axis_vga_0/U0/axis_tready_INST_0_i_2/CO[3]
                         net (fo=14, routed)          1.508     5.410    design_1_i/Conv_axis_vga_0/U0/ltOp3_in
    SLICE_X41Y22         LUT3 (Prop_lut3_I1_O)        0.124     5.534 r  design_1_i/Conv_axis_vga_0/U0/SV_RED_reg[7]_i_1/O
                         net (fo=12, routed)          0.624     6.158    design_1_i/Conv_axis_vga_0/U0/SV_RED_reg0
    SLICE_X41Y24         FDCE                                         r  design_1_i/Conv_axis_vga_0/U0/SV_GREEN_reg_reg[6]/CE
  -------------------------------------------------------------------    -------------------

                         (clock sys_clk_pin rise edge)
                                                      8.000     8.000 r  
    BUFGCTRL_X0Y0        BUFG                         0.000     8.000 r  design_1_i/processing_system7_0/inst/buffer_fclk_clk_0.FCLK_CLK_0_BUFG/O
                         net (fo=7094, routed)        1.559     9.559    design_1_i/Conv_axis_vga_0/U0/clk
    SLICE_X41Y24         FDCE                                         r  design_1_i/Conv_axis_vga_0/U0/SV_GREEN_reg_reg[6]/C
                         clock pessimism              0.115     9.674    
                         clock uncertainty           -0.035     9.639    
    SLICE_X41Y24         FDCE (Setup_fdce_C_CE)      -0.205     9.434    design_1_i/Conv_axis_vga_0/U0/SV_GREEN_reg_reg[6]
  -------------------------------------------------------------------
                         required time                          9.434    
                         arrival time                          -6.158    
  -------------------------------------------------------------------
                         slack                                  3.275    

Slack (MET) :             3.275ns  (required time - arrival time)
  Source:                 design_1_i/Conv_axis_vga_0/U0/S_CTRL_V_reg[4]/C
                            (rising edge-triggered cell FDCE clocked by sys_clk_pin  {rise@0.000ns fall@4.000ns period=8.000ns})
  Destination:            design_1_i/Conv_axis_vga_0/U0/SV_GREEN_reg_reg[7]/CE
                            (rising edge-triggered cell FDCE clocked by sys_clk_pin  {rise@0.000ns fall@4.000ns period=8.000ns})
  Path Group:             sys_clk_pin
  Path Type:              Setup (Max at Slow Process Corner)
  Requirement:            8.000ns  (sys_clk_pin rise@8.000ns - sys_clk_pin rise@0.000ns)
  Data Path Delay:        4.421ns  (logic 1.298ns (29.359%)  route 3.123ns (70.641%))
  Logic Levels:           3  (CARRY4=1 LUT2=1 LUT3=1)
  Clock Path Skew:        -0.063ns (DCD - SCD + CPR)
    Destination Clock Delay (DCD):    1.559ns = ( 9.559 - 8.000 ) 
    Source Clock Delay      (SCD):    1.737ns
    Clock Pessimism Removal (CPR):    0.115ns
  Clock Uncertainty:      0.035ns  ((TSJ^2 + TIJ^2)^1/2 + DJ) / 2 + PE
    Total System Jitter     (TSJ):    0.071ns
    Total Input Jitter      (TIJ):    0.000ns
    Discrete Jitter          (DJ):    0.000ns
    Phase Error              (PE):    0.000ns

    Location             Delay type                Incr(ns)  Path(ns)    Netlist Resource(s)
  -------------------------------------------------------------------    -------------------
                         (clock sys_clk_pin rise edge)
                                                      0.000     0.000 r  
    BUFGCTRL_X0Y0        BUFG                         0.000     0.000 r  design_1_i/processing_system7_0/inst/buffer_fclk_clk_0.FCLK_CLK_0_BUFG/O
                         net (fo=7094, routed)        1.737     1.737    design_1_i/Conv_axis_vga_0/U0/clk
    SLICE_X42Y27         FDCE                                         r  design_1_i/Conv_axis_vga_0/U0/S_CTRL_V_reg[4]/C
  -------------------------------------------------------------------    -------------------
    SLICE_X42Y27         FDCE (Prop_fdce_C_Q)         0.518     2.255 f  design_1_i/Conv_axis_vga_0/U0/S_CTRL_V_reg[4]/Q
                         net (fo=6, routed)           0.991     3.246    design_1_i/Conv_axis_vga_0/U0/S_CTRL_V_reg[4]
    SLICE_X43Y27         LUT2 (Prop_lut2_I1_O)        0.124     3.370 r  design_1_i/Conv_axis_vga_0/U0/axis_tready_INST_0_i_14/O
                         net (fo=1, routed)           0.000     3.370    design_1_i/Conv_axis_vga_0/U0/axis_tready_INST_0_i_14_n_0
    SLICE_X43Y27         CARRY4 (Prop_carry4_S[0]_CO[3])
                                                      0.532     3.902 r  design_1_i/Conv_axis_vga_0/U0/axis_tready_INST_0_i_2/CO[3]
                         net (fo=14, routed)          1.508     5.410    design_1_i/Conv_axis_vga_0/U0/ltOp3_in
    SLICE_X41Y22         LUT3 (Prop_lut3_I1_O)        0.124     5.534 r  design_1_i/Conv_axis_vga_0/U0/SV_RED_reg[7]_i_1/O
                         net (fo=12, routed)          0.624     6.158    design_1_i/Conv_axis_vga_0/U0/SV_RED_reg0
    SLICE_X41Y24         FDCE                                         r  design_1_i/Conv_axis_vga_0/U0/SV_GREEN_reg_reg[7]/CE
  -------------------------------------------------------------------    -------------------

                         (clock sys_clk_pin rise edge)
                                                      8.000     8.000 r  
    BUFGCTRL_X0Y0        BUFG                         0.000     8.000 r  design_1_i/processing_system7_0/inst/buffer_fclk_clk_0.FCLK_CLK_0_BUFG/O
                         net (fo=7094, routed)        1.559     9.559    design_1_i/Conv_axis_vga_0/U0/clk
    SLICE_X41Y24         FDCE                                         r  design_1_i/Conv_axis_vga_0/U0/SV_GREEN_reg_reg[7]/C
                         clock pessimism              0.115     9.674    
                         clock uncertainty           -0.035     9.639    
    SLICE_X41Y24         FDCE (Setup_fdce_C_CE)      -0.205     9.434    design_1_i/Conv_axis_vga_0/U0/SV_GREEN_reg_reg[7]
  -------------------------------------------------------------------
                         required time                          9.434    
                         arrival time                          -6.158    
  -------------------------------------------------------------------
                         slack                                  3.275    

Slack (MET) :             3.275ns  (required time - arrival time)
  Source:                 design_1_i/Conv_axis_vga_0/U0/S_CTRL_V_reg[4]/C
                            (rising edge-triggered cell FDCE clocked by sys_clk_pin  {rise@0.000ns fall@4.000ns period=8.000ns})
  Destination:            design_1_i/Conv_axis_vga_0/U0/SV_RED_reg_reg[4]/CE
                            (rising edge-triggered cell FDCE clocked by sys_clk_pin  {rise@0.000ns fall@4.000ns period=8.000ns})
  Path Group:             sys_clk_pin
  Path Type:              Setup (Max at Slow Process Corner)
  Requirement:            8.000ns  (sys_clk_pin rise@8.000ns - sys_clk_pin rise@0.000ns)
  Data Path Delay:        4.421ns  (logic 1.298ns (29.359%)  route 3.123ns (70.641%))
  Logic Levels:           3  (CARRY4=1 LUT2=1 LUT3=1)
  Clock Path Skew:        -0.063ns (DCD - SCD + CPR)
    Destination Clock Delay (DCD):    1.559ns = ( 9.559 - 8.000 ) 
    Source Clock Delay      (SCD):    1.737ns
    Clock Pessimism Removal (CPR):    0.115ns
  Clock Uncertainty:      0.035ns  ((TSJ^2 + TIJ^2)^1/2 + DJ) / 2 + PE
    Total System Jitter     (TSJ):    0.071ns
    Total Input Jitter      (TIJ):    0.000ns
    Discrete Jitter          (DJ):    0.000ns
    Phase Error              (PE):    0.000ns

    Location             Delay type                Incr(ns)  Path(ns)    Netlist Resource(s)
  -------------------------------------------------------------------    -------------------
                         (clock sys_clk_pin rise edge)
                                                      0.000     0.000 r  
    BUFGCTRL_X0Y0        BUFG                         0.000     0.000 r  design_1_i/processing_system7_0/inst/buffer_fclk_clk_0.FCLK_CLK_0_BUFG/O
                         net (fo=7094, routed)        1.737     1.737    design_1_i/Conv_axis_vga_0/U0/clk
    SLICE_X42Y27         FDCE                                         r  design_1_i/Conv_axis_vga_0/U0/S_CTRL_V_reg[4]/C
  -------------------------------------------------------------------    -------------------
    SLICE_X42Y27         FDCE (Prop_fdce_C_Q)         0.518     2.255 f  design_1_i/Conv_axis_vga_0/U0/S_CTRL_V_reg[4]/Q
                         net (fo=6, routed)           0.991     3.246    design_1_i/Conv_axis_vga_0/U0/S_CTRL_V_reg[4]
    SLICE_X43Y27         LUT2 (Prop_lut2_I1_O)        0.124     3.370 r  design_1_i/Conv_axis_vga_0/U0/axis_tready_INST_0_i_14/O
                         net (fo=1, routed)           0.000     3.370    design_1_i/Conv_axis_vga_0/U0/axis_tready_INST_0_i_14_n_0
    SLICE_X43Y27         CARRY4 (Prop_carry4_S[0]_CO[3])
                                                      0.532     3.902 r  design_1_i/Conv_axis_vga_0/U0/axis_tready_INST_0_i_2/CO[3]
                         net (fo=14, routed)          1.508     5.410    design_1_i/Conv_axis_vga_0/U0/ltOp3_in
    SLICE_X41Y22         LUT3 (Prop_lut3_I1_O)        0.124     5.534 r  design_1_i/Conv_axis_vga_0/U0/SV_RED_reg[7]_i_1/O
                         net (fo=12, routed)          0.624     6.158    design_1_i/Conv_axis_vga_0/U0/SV_RED_reg0
    SLICE_X41Y24         FDCE                                         r  design_1_i/Conv_axis_vga_0/U0/SV_RED_reg_reg[4]/CE
  -------------------------------------------------------------------    -------------------

                         (clock sys_clk_pin rise edge)
                                                      8.000     8.000 r  
    BUFGCTRL_X0Y0        BUFG                         0.000     8.000 r  design_1_i/processing_system7_0/inst/buffer_fclk_clk_0.FCLK_CLK_0_BUFG/O
                         net (fo=7094, routed)        1.559     9.559    design_1_i/Conv_axis_vga_0/U0/clk
    SLICE_X41Y24         FDCE                                         r  design_1_i/Conv_axis_vga_0/U0/SV_RED_reg_reg[4]/C
                         clock pessimism              0.115     9.674    
                         clock uncertainty           -0.035     9.639    
    SLICE_X41Y24         FDCE (Setup_fdce_C_CE)      -0.205     9.434    design_1_i/Conv_axis_vga_0/U0/SV_RED_reg_reg[4]
  -------------------------------------------------------------------
                         required time                          9.434    
                         arrival time                          -6.158    
  -------------------------------------------------------------------
                         slack                                  3.275    

Slack (MET) :             3.275ns  (required time - arrival time)
  Source:                 design_1_i/Conv_axis_vga_0/U0/S_CTRL_V_reg[4]/C
                            (rising edge-triggered cell FDCE clocked by sys_clk_pin  {rise@0.000ns fall@4.000ns period=8.000ns})
  Destination:            design_1_i/Conv_axis_vga_0/U0/SV_RED_reg_reg[5]/CE
                            (rising edge-triggered cell FDCE clocked by sys_clk_pin  {rise@0.000ns fall@4.000ns period=8.000ns})
  Path Group:             sys_clk_pin
  Path Type:              Setup (Max at Slow Process Corner)
  Requirement:            8.000ns  (sys_clk_pin rise@8.000ns - sys_clk_pin rise@0.000ns)
  Data Path Delay:        4.421ns  (logic 1.298ns (29.359%)  route 3.123ns (70.641%))
  Logic Levels:           3  (CARRY4=1 LUT2=1 LUT3=1)
  Clock Path Skew:        -0.063ns (DCD - SCD + CPR)
    Destination Clock Delay (DCD):    1.559ns = ( 9.559 - 8.000 ) 
    Source Clock Delay      (SCD):    1.737ns
    Clock Pessimism Removal (CPR):    0.115ns
  Clock Uncertainty:      0.035ns  ((TSJ^2 + TIJ^2)^1/2 + DJ) / 2 + PE
    Total System Jitter     (TSJ):    0.071ns
    Total Input Jitter      (TIJ):    0.000ns
    Discrete Jitter          (DJ):    0.000ns
    Phase Error              (PE):    0.000ns

    Location             Delay type                Incr(ns)  Path(ns)    Netlist Resource(s)
  -------------------------------------------------------------------    -------------------
                         (clock sys_clk_pin rise edge)
                                                      0.000     0.000 r  
    BUFGCTRL_X0Y0        BUFG                         0.000     0.000 r  design_1_i/processing_system7_0/inst/buffer_fclk_clk_0.FCLK_CLK_0_BUFG/O
                         net (fo=7094, routed)        1.737     1.737    design_1_i/Conv_axis_vga_0/U0/clk
    SLICE_X42Y27         FDCE                                         r  design_1_i/Conv_axis_vga_0/U0/S_CTRL_V_reg[4]/C
  -------------------------------------------------------------------    -------------------
    SLICE_X42Y27         FDCE (Prop_fdce_C_Q)         0.518     2.255 f  design_1_i/Conv_axis_vga_0/U0/S_CTRL_V_reg[4]/Q
                         net (fo=6, routed)           0.991     3.246    design_1_i/Conv_axis_vga_0/U0/S_CTRL_V_reg[4]
    SLICE_X43Y27         LUT2 (Prop_lut2_I1_O)        0.124     3.370 r  design_1_i/Conv_axis_vga_0/U0/axis_tready_INST_0_i_14/O
                         net (fo=1, routed)           0.000     3.370    design_1_i/Conv_axis_vga_0/U0/axis_tready_INST_0_i_14_n_0
    SLICE_X43Y27         CARRY4 (Prop_carry4_S[0]_CO[3])
                                                      0.532     3.902 r  design_1_i/Conv_axis_vga_0/U0/axis_tready_INST_0_i_2/CO[3]
                         net (fo=14, routed)          1.508     5.410    design_1_i/Conv_axis_vga_0/U0/ltOp3_in
    SLICE_X41Y22         LUT3 (Prop_lut3_I1_O)        0.124     5.534 r  design_1_i/Conv_axis_vga_0/U0/SV_RED_reg[7]_i_1/O
                         net (fo=12, routed)          0.624     6.158    design_1_i/Conv_axis_vga_0/U0/SV_RED_reg0
    SLICE_X41Y24         FDCE                                         r  design_1_i/Conv_axis_vga_0/U0/SV_RED_reg_reg[5]/CE
  -------------------------------------------------------------------    -------------------

                         (clock sys_clk_pin rise edge)
                                                      8.000     8.000 r  
    BUFGCTRL_X0Y0        BUFG                         0.000     8.000 r  design_1_i/processing_system7_0/inst/buffer_fclk_clk_0.FCLK_CLK_0_BUFG/O
                         net (fo=7094, routed)        1.559     9.559    design_1_i/Conv_axis_vga_0/U0/clk
    SLICE_X41Y24         FDCE                                         r  design_1_i/Conv_axis_vga_0/U0/SV_RED_reg_reg[5]/C
                         clock pessimism              0.115     9.674    
                         clock uncertainty           -0.035     9.639    
    SLICE_X41Y24         FDCE (Setup_fdce_C_CE)      -0.205     9.434    design_1_i/Conv_axis_vga_0/U0/SV_RED_reg_reg[5]
  -------------------------------------------------------------------
                         required time                          9.434    
                         arrival time                          -6.158    
  -------------------------------------------------------------------
                         slack                                  3.275    

Slack (MET) :             3.568ns  (required time - arrival time)
  Source:                 design_1_i/Conv_axis_vga_0/U0/S_CTRL_V_reg[4]/C
                            (rising edge-triggered cell FDCE clocked by sys_clk_pin  {rise@0.000ns fall@4.000ns period=8.000ns})
  Destination:            design_1_i/Conv_axis_vga_0/U0/SV_BLUE_reg_reg[6]/CE
                            (rising edge-triggered cell FDCE clocked by sys_clk_pin  {rise@0.000ns fall@4.000ns period=8.000ns})
  Path Group:             sys_clk_pin
  Path Type:              Setup (Max at Slow Process Corner)
  Requirement:            8.000ns  (sys_clk_pin rise@8.000ns - sys_clk_pin rise@0.000ns)
  Data Path Delay:        4.131ns  (logic 1.298ns (31.418%)  route 2.833ns (68.582%))
  Logic Levels:           3  (CARRY4=1 LUT2=1 LUT3=1)
  Clock Path Skew:        -0.060ns (DCD - SCD + CPR)
    Destination Clock Delay (DCD):    1.562ns = ( 9.562 - 8.000 ) 
    Source Clock Delay      (SCD):    1.737ns
    Clock Pessimism Removal (CPR):    0.115ns
  Clock Uncertainty:      0.035ns  ((TSJ^2 + TIJ^2)^1/2 + DJ) / 2 + PE
    Total System Jitter     (TSJ):    0.071ns
    Total Input Jitter      (TIJ):    0.000ns
    Discrete Jitter          (DJ):    0.000ns
    Phase Error              (PE):    0.000ns

    Location             Delay type                Incr(ns)  Path(ns)    Netlist Resource(s)
  -------------------------------------------------------------------    -------------------
                         (clock sys_clk_pin rise edge)
                                                      0.000     0.000 r  
    BUFGCTRL_X0Y0        BUFG                         0.000     0.000 r  design_1_i/processing_system7_0/inst/buffer_fclk_clk_0.FCLK_CLK_0_BUFG/O
                         net (fo=7094, routed)        1.737     1.737    design_1_i/Conv_axis_vga_0/U0/clk
    SLICE_X42Y27         FDCE                                         r  design_1_i/Conv_axis_vga_0/U0/S_CTRL_V_reg[4]/C
  -------------------------------------------------------------------    -------------------
    SLICE_X42Y27         FDCE (Prop_fdce_C_Q)         0.518     2.255 f  design_1_i/Conv_axis_vga_0/U0/S_CTRL_V_reg[4]/Q
                         net (fo=6, routed)           0.991     3.246    design_1_i/Conv_axis_vga_0/U0/S_CTRL_V_reg[4]
    SLICE_X43Y27         LUT2 (Prop_lut2_I1_O)        0.124     3.370 r  design_1_i/Conv_axis_vga_0/U0/axis_tready_INST_0_i_14/O
                         net (fo=1, routed)           0.000     3.370    design_1_i/Conv_axis_vga_0/U0/axis_tready_INST_0_i_14_n_0
    SLICE_X43Y27         CARRY4 (Prop_carry4_S[0]_CO[3])
                                                      0.532     3.902 r  design_1_i/Conv_axis_vga_0/U0/axis_tready_INST_0_i_2/CO[3]
                         net (fo=14, routed)          1.508     5.410    design_1_i/Conv_axis_vga_0/U0/ltOp3_in
    SLICE_X41Y22         LUT3 (Prop_lut3_I1_O)        0.124     5.534 r  design_1_i/Conv_axis_vga_0/U0/SV_RED_reg[7]_i_1/O
                         net (fo=12, routed)          0.334     5.868    design_1_i/Conv_axis_vga_0/U0/SV_RED_reg0
    SLICE_X43Y22         FDCE                                         r  design_1_i/Conv_axis_vga_0/U0/SV_BLUE_reg_reg[6]/CE
  -------------------------------------------------------------------    -------------------

                         (clock sys_clk_pin rise edge)
                                                      8.000     8.000 r  
    BUFGCTRL_X0Y0        BUFG                         0.000     8.000 r  design_1_i/processing_system7_0/inst/buffer_fclk_clk_0.FCLK_CLK_0_BUFG/O
                         net (fo=7094, routed)        1.562     9.562    design_1_i/Conv_axis_vga_0/U0/clk
    SLICE_X43Y22         FDCE                                         r  design_1_i/Conv_axis_vga_0/U0/SV_BLUE_reg_reg[6]/C
                         clock pessimism              0.115     9.677    
                         clock uncertainty           -0.035     9.642    
    SLICE_X43Y22         FDCE (Setup_fdce_C_CE)      -0.205     9.437    design_1_i/Conv_axis_vga_0/U0/SV_BLUE_reg_reg[6]
  -------------------------------------------------------------------
                         required time                          9.437    
                         arrival time                          -5.868    
  -------------------------------------------------------------------
                         slack                                  3.568    

Slack (MET) :             3.568ns  (required time - arrival time)
  Source:                 design_1_i/Conv_axis_vga_0/U0/S_CTRL_V_reg[4]/C
                            (rising edge-triggered cell FDCE clocked by sys_clk_pin  {rise@0.000ns fall@4.000ns period=8.000ns})
  Destination:            design_1_i/Conv_axis_vga_0/U0/SV_BLUE_reg_reg[7]/CE
                            (rising edge-triggered cell FDCE clocked by sys_clk_pin  {rise@0.000ns fall@4.000ns period=8.000ns})
  Path Group:             sys_clk_pin
  Path Type:              Setup (Max at Slow Process Corner)
  Requirement:            8.000ns  (sys_clk_pin rise@8.000ns - sys_clk_pin rise@0.000ns)
  Data Path Delay:        4.131ns  (logic 1.298ns (31.418%)  route 2.833ns (68.582%))
  Logic Levels:           3  (CARRY4=1 LUT2=1 LUT3=1)
  Clock Path Skew:        -0.060ns (DCD - SCD + CPR)
    Destination Clock Delay (DCD):    1.562ns = ( 9.562 - 8.000 ) 
    Source Clock Delay      (SCD):    1.737ns
    Clock Pessimism Removal (CPR):    0.115ns
  Clock Uncertainty:      0.035ns  ((TSJ^2 + TIJ^2)^1/2 + DJ) / 2 + PE
    Total System Jitter     (TSJ):    0.071ns
    Total Input Jitter      (TIJ):    0.000ns
    Discrete Jitter          (DJ):    0.000ns
    Phase Error              (PE):    0.000ns

    Location             Delay type                Incr(ns)  Path(ns)    Netlist Resource(s)
  -------------------------------------------------------------------    -------------------
                         (clock sys_clk_pin rise edge)
                                                      0.000     0.000 r  
    BUFGCTRL_X0Y0        BUFG                         0.000     0.000 r  design_1_i/processing_system7_0/inst/buffer_fclk_clk_0.FCLK_CLK_0_BUFG/O
                         net (fo=7094, routed)        1.737     1.737    design_1_i/Conv_axis_vga_0/U0/clk
    SLICE_X42Y27         FDCE                                         r  design_1_i/Conv_axis_vga_0/U0/S_CTRL_V_reg[4]/C
  -------------------------------------------------------------------    -------------------
    SLICE_X42Y27         FDCE (Prop_fdce_C_Q)         0.518     2.255 f  design_1_i/Conv_axis_vga_0/U0/S_CTRL_V_reg[4]/Q
                         net (fo=6, routed)           0.991     3.246    design_1_i/Conv_axis_vga_0/U0/S_CTRL_V_reg[4]
    SLICE_X43Y27         LUT2 (Prop_lut2_I1_O)        0.124     3.370 r  design_1_i/Conv_axis_vga_0/U0/axis_tready_INST_0_i_14/O
                         net (fo=1, routed)           0.000     3.370    design_1_i/Conv_axis_vga_0/U0/axis_tready_INST_0_i_14_n_0
    SLICE_X43Y27         CARRY4 (Prop_carry4_S[0]_CO[3])
                                                      0.532     3.902 r  design_1_i/Conv_axis_vga_0/U0/axis_tready_INST_0_i_2/CO[3]
                         net (fo=14, routed)          1.508     5.410    design_1_i/Conv_axis_vga_0/U0/ltOp3_in
    SLICE_X41Y22         LUT3 (Prop_lut3_I1_O)        0.124     5.534 r  design_1_i/Conv_axis_vga_0/U0/SV_RED_reg[7]_i_1/O
                         net (fo=12, routed)          0.334     5.868    design_1_i/Conv_axis_vga_0/U0/SV_RED_reg0
    SLICE_X43Y22         FDCE                                         r  design_1_i/Conv_axis_vga_0/U0/SV_BLUE_reg_reg[7]/CE
  -------------------------------------------------------------------    -------------------

                         (clock sys_clk_pin rise edge)
                                                      8.000     8.000 r  
    BUFGCTRL_X0Y0        BUFG                         0.000     8.000 r  design_1_i/processing_system7_0/inst/buffer_fclk_clk_0.FCLK_CLK_0_BUFG/O
                         net (fo=7094, routed)        1.562     9.562    design_1_i/Conv_axis_vga_0/U0/clk
    SLICE_X43Y22         FDCE                                         r  design_1_i/Conv_axis_vga_0/U0/SV_BLUE_reg_reg[7]/C
                         clock pessimism              0.115     9.677    
                         clock uncertainty           -0.035     9.642    
    SLICE_X43Y22         FDCE (Setup_fdce_C_CE)      -0.205     9.437    design_1_i/Conv_axis_vga_0/U0/SV_BLUE_reg_reg[7]
  -------------------------------------------------------------------
                         required time                          9.437    
                         arrival time                          -5.868    
  -------------------------------------------------------------------
                         slack                                  3.568    





Min Delay Paths
--------------------------------------------------------------------------------------
Slack (MET) :             0.274ns  (arrival time - required time)
  Source:                 design_1_i/Conv_axis_vga_0/U0/SV_RED_reg_reg[7]/C
                            (rising edge-triggered cell FDCE clocked by sys_clk_pin  {rise@0.000ns fall@4.000ns period=8.000ns})
  Destination:            design_1_i/Conv_axis_vga_0/U0/S_VGA_R_reg[3]/D
                            (rising edge-triggered cell FDCE clocked by sys_clk_pin  {rise@0.000ns fall@4.000ns period=8.000ns})
  Path Group:             sys_clk_pin
  Path Type:              Hold (Min at Fast Process Corner)
  Requirement:            0.000ns  (sys_clk_pin rise@0.000ns - sys_clk_pin rise@0.000ns)
  Data Path Delay:        0.395ns  (logic 0.183ns (46.309%)  route 0.212ns (53.691%))
  Logic Levels:           1  (LUT4=1)
  Clock Path Skew:        0.014ns (DCD - SCD - CPR)
    Destination Clock Delay (DCD):    0.849ns
    Source Clock Delay      (SCD):    0.582ns
    Clock Pessimism Removal (CPR):    0.253ns

    Location             Delay type                Incr(ns)  Path(ns)    Netlist Resource(s)
  -------------------------------------------------------------------    -------------------
                         (clock sys_clk_pin rise edge)
                                                      0.000     0.000 r  
    BUFGCTRL_X0Y0        BUFG                         0.000     0.000 r  design_1_i/processing_system7_0/inst/buffer_fclk_clk_0.FCLK_CLK_0_BUFG/O
                         net (fo=7094, routed)        0.582     0.582    design_1_i/Conv_axis_vga_0/U0/clk
    SLICE_X43Y22         FDCE                                         r  design_1_i/Conv_axis_vga_0/U0/SV_RED_reg_reg[7]/C
  -------------------------------------------------------------------    -------------------
    SLICE_X43Y22         FDCE (Prop_fdce_C_Q)         0.141     0.723 r  design_1_i/Conv_axis_vga_0/U0/SV_RED_reg_reg[7]/Q
                         net (fo=1, routed)           0.212     0.935    design_1_i/Conv_axis_vga_0/U0/SV_RED_reg_reg_n_0_[7]
    SLICE_X43Y21         LUT4 (Prop_lut4_I3_O)        0.042     0.977 r  design_1_i/Conv_axis_vga_0/U0/S_VGA_R[3]_i_1/O
                         net (fo=1, routed)           0.000     0.977    design_1_i/Conv_axis_vga_0/U0/S_VGA_R[3]_i_1_n_0
    SLICE_X43Y21         FDCE                                         r  design_1_i/Conv_axis_vga_0/U0/S_VGA_R_reg[3]/D
  -------------------------------------------------------------------    -------------------

                         (clock sys_clk_pin rise edge)
                                                      0.000     0.000 r  
    BUFGCTRL_X0Y0        BUFG                         0.000     0.000 r  design_1_i/processing_system7_0/inst/buffer_fclk_clk_0.FCLK_CLK_0_BUFG/O
                         net (fo=7094, routed)        0.849     0.849    design_1_i/Conv_axis_vga_0/U0/clk
    SLICE_X43Y21         FDCE                                         r  design_1_i/Conv_axis_vga_0/U0/S_VGA_R_reg[3]/C
                         clock pessimism             -0.253     0.596    
    SLICE_X43Y21         FDCE (Hold_fdce_C_D)         0.107     0.703    design_1_i/Conv_axis_vga_0/U0/S_VGA_R_reg[3]
  -------------------------------------------------------------------
                         required time                         -0.703    
                         arrival time                           0.977    
  -------------------------------------------------------------------
                         slack                                  0.274    

Slack (MET) :             0.291ns  (arrival time - required time)
  Source:                 design_1_i/Conv_axis_vga_0/U0/S_CTRL_V_reg[10]/C
                            (rising edge-triggered cell FDCE clocked by sys_clk_pin  {rise@0.000ns fall@4.000ns period=8.000ns})
  Destination:            design_1_i/Conv_axis_vga_0/U0/S_CTRL_V_reg[10]/D
                            (rising edge-triggered cell FDCE clocked by sys_clk_pin  {rise@0.000ns fall@4.000ns period=8.000ns})
  Path Group:             sys_clk_pin
  Path Type:              Hold (Min at Fast Process Corner)
  Requirement:            0.000ns  (sys_clk_pin rise@0.000ns - sys_clk_pin rise@0.000ns)
  Data Path Delay:        0.425ns  (logic 0.274ns (64.475%)  route 0.151ns (35.525%))
  Logic Levels:           1  (CARRY4=1)
  Clock Path Skew:        0.000ns (DCD - SCD - CPR)
    Destination Clock Delay (DCD):    0.849ns
    Source Clock Delay      (SCD):    0.582ns
    Clock Pessimism Removal (CPR):    0.267ns

    Location             Delay type                Incr(ns)  Path(ns)    Netlist Resource(s)
  -------------------------------------------------------------------    -------------------
                         (clock sys_clk_pin rise edge)
                                                      0.000     0.000 r  
    BUFGCTRL_X0Y0        BUFG                         0.000     0.000 r  design_1_i/processing_system7_0/inst/buffer_fclk_clk_0.FCLK_CLK_0_BUFG/O
                         net (fo=7094, routed)        0.582     0.582    design_1_i/Conv_axis_vga_0/U0/clk
    SLICE_X42Y28         FDCE                                         r  design_1_i/Conv_axis_vga_0/U0/S_CTRL_V_reg[10]/C
  -------------------------------------------------------------------    -------------------
    SLICE_X42Y28         FDCE (Prop_fdce_C_Q)         0.164     0.746 r  design_1_i/Conv_axis_vga_0/U0/S_CTRL_V_reg[10]/Q
                         net (fo=6, routed)           0.151     0.897    design_1_i/Conv_axis_vga_0/U0/S_CTRL_V_reg[10]
    SLICE_X42Y28         CARRY4 (Prop_carry4_S[2]_O[2])
                                                      0.110     1.007 r  design_1_i/Conv_axis_vga_0/U0/S_CTRL_V_reg[8]_i_1/O[2]
                         net (fo=1, routed)           0.000     1.007    design_1_i/Conv_axis_vga_0/U0/S_CTRL_V_reg[8]_i_1_n_5
    SLICE_X42Y28         FDCE                                         r  design_1_i/Conv_axis_vga_0/U0/S_CTRL_V_reg[10]/D
  -------------------------------------------------------------------    -------------------

                         (clock sys_clk_pin rise edge)
                                                      0.000     0.000 r  
    BUFGCTRL_X0Y0        BUFG                         0.000     0.000 r  design_1_i/processing_system7_0/inst/buffer_fclk_clk_0.FCLK_CLK_0_BUFG/O
                         net (fo=7094, routed)        0.849     0.849    design_1_i/Conv_axis_vga_0/U0/clk
    SLICE_X42Y28         FDCE                                         r  design_1_i/Conv_axis_vga_0/U0/S_CTRL_V_reg[10]/C
                         clock pessimism             -0.267     0.582    
    SLICE_X42Y28         FDCE (Hold_fdce_C_D)         0.134     0.716    design_1_i/Conv_axis_vga_0/U0/S_CTRL_V_reg[10]
  -------------------------------------------------------------------
                         required time                         -0.716    
                         arrival time                           1.007    
  -------------------------------------------------------------------
                         slack                                  0.291    

Slack (MET) :             0.312ns  (arrival time - required time)
  Source:                 design_1_i/Conv_axis_vga_0/U0/S_CTRL_V_reg[3]/C
                            (rising edge-triggered cell FDCE clocked by sys_clk_pin  {rise@0.000ns fall@4.000ns period=8.000ns})
  Destination:            design_1_i/Conv_axis_vga_0/U0/S_CTRL_V_reg[3]/D
                            (rising edge-triggered cell FDCE clocked by sys_clk_pin  {rise@0.000ns fall@4.000ns period=8.000ns})
  Path Group:             sys_clk_pin
  Path Type:              Hold (Min at Fast Process Corner)
  Requirement:            0.000ns  (sys_clk_pin rise@0.000ns - sys_clk_pin rise@0.000ns)
  Data Path Delay:        0.446ns  (logic 0.273ns (61.274%)  route 0.173ns (38.726%))
  Logic Levels:           2  (CARRY4=1 LUT6=1)
  Clock Path Skew:        0.000ns (DCD - SCD - CPR)
    Destination Clock Delay (DCD):    0.846ns
    Source Clock Delay      (SCD):    0.580ns
    Clock Pessimism Removal (CPR):    0.266ns

    Location             Delay type                Incr(ns)  Path(ns)    Netlist Resource(s)
  -------------------------------------------------------------------    -------------------
                         (clock sys_clk_pin rise edge)
                                                      0.000     0.000 r  
    BUFGCTRL_X0Y0        BUFG                         0.000     0.000 r  design_1_i/processing_system7_0/inst/buffer_fclk_clk_0.FCLK_CLK_0_BUFG/O
                         net (fo=7094, routed)        0.580     0.580    design_1_i/Conv_axis_vga_0/U0/clk
    SLICE_X42Y26         FDCE                                         r  design_1_i/Conv_axis_vga_0/U0/S_CTRL_V_reg[3]/C
  -------------------------------------------------------------------    -------------------
    SLICE_X42Y26         FDCE (Prop_fdce_C_Q)         0.164     0.744 r  design_1_i/Conv_axis_vga_0/U0/S_CTRL_V_reg[3]/Q
                         net (fo=6, routed)           0.173     0.916    design_1_i/Conv_axis_vga_0/U0/S_CTRL_V_reg[3]
    SLICE_X42Y26         LUT6 (Prop_lut6_I0_O)        0.045     0.961 r  design_1_i/Conv_axis_vga_0/U0/S_CTRL_V[0]_i_5/O
                         net (fo=1, routed)           0.000     0.961    design_1_i/Conv_axis_vga_0/U0/S_CTRL_V[0]_i_5_n_0
    SLICE_X42Y26         CARRY4 (Prop_carry4_S[3]_O[3])
                                                      0.064     1.025 r  design_1_i/Conv_axis_vga_0/U0/S_CTRL_V_reg[0]_i_2/O[3]
                         net (fo=1, routed)           0.000     1.025    design_1_i/Conv_axis_vga_0/U0/S_CTRL_V_reg[0]_i_2_n_4
    SLICE_X42Y26         FDCE                                         r  design_1_i/Conv_axis_vga_0/U0/S_CTRL_V_reg[3]/D
  -------------------------------------------------------------------    -------------------

                         (clock sys_clk_pin rise edge)
                                                      0.000     0.000 r  
    BUFGCTRL_X0Y0        BUFG                         0.000     0.000 r  design_1_i/processing_system7_0/inst/buffer_fclk_clk_0.FCLK_CLK_0_BUFG/O
                         net (fo=7094, routed)        0.846     0.846    design_1_i/Conv_axis_vga_0/U0/clk
    SLICE_X42Y26         FDCE                                         r  design_1_i/Conv_axis_vga_0/U0/S_CTRL_V_reg[3]/C
                         clock pessimism             -0.266     0.580    
    SLICE_X42Y26         FDCE (Hold_fdce_C_D)         0.134     0.714    design_1_i/Conv_axis_vga_0/U0/S_CTRL_V_reg[3]
  -------------------------------------------------------------------
                         required time                         -0.714    
                         arrival time                           1.025    
  -------------------------------------------------------------------
                         slack                                  0.312    

Slack (MET) :             0.326ns  (arrival time - required time)
  Source:                 design_1_i/Conv_axis_vga_0/U0/S_CTRL_H_reg[3]/C
                            (rising edge-triggered cell FDCE clocked by sys_clk_pin  {rise@0.000ns fall@4.000ns period=8.000ns})
  Destination:            design_1_i/Conv_axis_vga_0/U0/S_CTRL_H_reg[3]/D
                            (rising edge-triggered cell FDCE clocked by sys_clk_pin  {rise@0.000ns fall@4.000ns period=8.000ns})
  Path Group:             sys_clk_pin
  Path Type:              Hold (Min at Fast Process Corner)
  Requirement:            0.000ns  (sys_clk_pin rise@0.000ns - sys_clk_pin rise@0.000ns)
  Data Path Delay:        0.431ns  (logic 0.249ns (57.714%)  route 0.182ns (42.286%))
  Logic Levels:           2  (CARRY4=1 LUT2=1)
  Clock Path Skew:        0.000ns (DCD - SCD - CPR)
    Destination Clock Delay (DCD):    0.846ns
    Source Clock Delay      (SCD):    0.580ns
    Clock Pessimism Removal (CPR):    0.266ns

    Location             Delay type                Incr(ns)  Path(ns)    Netlist Resource(s)
  -------------------------------------------------------------------    -------------------
                         (clock sys_clk_pin rise edge)
                                                      0.000     0.000 r  
    BUFGCTRL_X0Y0        BUFG                         0.000     0.000 r  design_1_i/processing_system7_0/inst/buffer_fclk_clk_0.FCLK_CLK_0_BUFG/O
                         net (fo=7094, routed)        0.580     0.580    design_1_i/Conv_axis_vga_0/U0/clk
    SLICE_X43Y23         FDCE                                         r  design_1_i/Conv_axis_vga_0/U0/S_CTRL_H_reg[3]/C
  -------------------------------------------------------------------    -------------------
    SLICE_X43Y23         FDCE (Prop_fdce_C_Q)         0.141     0.721 r  design_1_i/Conv_axis_vga_0/U0/S_CTRL_H_reg[3]/Q
                         net (fo=5, routed)           0.182     0.903    design_1_i/Conv_axis_vga_0/U0/S_CTRL_H_reg[3]
    SLICE_X43Y23         LUT2 (Prop_lut2_I0_O)        0.045     0.948 r  design_1_i/Conv_axis_vga_0/U0/S_CTRL_H[0]_i_3/O
                         net (fo=1, routed)           0.000     0.948    design_1_i/Conv_axis_vga_0/U0/S_CTRL_H[0]_i_3_n_0
    SLICE_X43Y23         CARRY4 (Prop_carry4_S[3]_O[3])
                                                      0.063     1.011 r  design_1_i/Conv_axis_vga_0/U0/S_CTRL_H_reg[0]_i_1/O[3]
                         net (fo=1, routed)           0.000     1.011    design_1_i/Conv_axis_vga_0/U0/S_CTRL_H_reg[0]_i_1_n_4
    SLICE_X43Y23         FDCE                                         r  design_1_i/Conv_axis_vga_0/U0/S_CTRL_H_reg[3]/D
  -------------------------------------------------------------------    -------------------

                         (clock sys_clk_pin rise edge)
                                                      0.000     0.000 r  
    BUFGCTRL_X0Y0        BUFG                         0.000     0.000 r  design_1_i/processing_system7_0/inst/buffer_fclk_clk_0.FCLK_CLK_0_BUFG/O
                         net (fo=7094, routed)        0.846     0.846    design_1_i/Conv_axis_vga_0/U0/clk
    SLICE_X43Y23         FDCE                                         r  design_1_i/Conv_axis_vga_0/U0/S_CTRL_H_reg[3]/C
                         clock pessimism             -0.266     0.580    
    SLICE_X43Y23         FDCE (Hold_fdce_C_D)         0.105     0.685    design_1_i/Conv_axis_vga_0/U0/S_CTRL_H_reg[3]
  -------------------------------------------------------------------
                         required time                         -0.685    
                         arrival time                           1.011    
  -------------------------------------------------------------------
                         slack                                  0.326    

Slack (MET) :             0.327ns  (arrival time - required time)
  Source:                 design_1_i/Conv_axis_vga_0/U0/S_CTRL_H_reg[7]/C
                            (rising edge-triggered cell FDCE clocked by sys_clk_pin  {rise@0.000ns fall@4.000ns period=8.000ns})
  Destination:            design_1_i/Conv_axis_vga_0/U0/S_CTRL_H_reg[7]/D
                            (rising edge-triggered cell FDCE clocked by sys_clk_pin  {rise@0.000ns fall@4.000ns period=8.000ns})
  Path Group:             sys_clk_pin
  Path Type:              Hold (Min at Fast Process Corner)
  Requirement:            0.000ns  (sys_clk_pin rise@0.000ns - sys_clk_pin rise@0.000ns)
  Data Path Delay:        0.432ns  (logic 0.249ns (57.706%)  route 0.183ns (42.294%))
  Logic Levels:           2  (CARRY4=1 LUT2=1)
  Clock Path Skew:        0.000ns (DCD - SCD - CPR)
    Destination Clock Delay (DCD):    0.845ns
    Source Clock Delay      (SCD):    0.579ns
    Clock Pessimism Removal (CPR):    0.266ns

    Location             Delay type                Incr(ns)  Path(ns)    Netlist Resource(s)
  -------------------------------------------------------------------    -------------------
                         (clock sys_clk_pin rise edge)
                                                      0.000     0.000 r  
    BUFGCTRL_X0Y0        BUFG                         0.000     0.000 r  design_1_i/processing_system7_0/inst/buffer_fclk_clk_0.FCLK_CLK_0_BUFG/O
                         net (fo=7094, routed)        0.579     0.579    design_1_i/Conv_axis_vga_0/U0/clk
    SLICE_X43Y24         FDCE                                         r  design_1_i/Conv_axis_vga_0/U0/S_CTRL_H_reg[7]/C
  -------------------------------------------------------------------    -------------------
    SLICE_X43Y24         FDCE (Prop_fdce_C_Q)         0.141     0.720 r  design_1_i/Conv_axis_vga_0/U0/S_CTRL_H_reg[7]/Q
                         net (fo=8, routed)           0.183     0.902    design_1_i/Conv_axis_vga_0/U0/S_CTRL_H_reg[7]
    SLICE_X43Y24         LUT2 (Prop_lut2_I0_O)        0.045     0.947 r  design_1_i/Conv_axis_vga_0/U0/S_CTRL_H[4]_i_2/O
                         net (fo=1, routed)           0.000     0.947    design_1_i/Conv_axis_vga_0/U0/S_CTRL_H[4]_i_2_n_0
    SLICE_X43Y24         CARRY4 (Prop_carry4_S[3]_O[3])
                                                      0.063     1.010 r  design_1_i/Conv_axis_vga_0/U0/S_CTRL_H_reg[4]_i_1/O[3]
                         net (fo=1, routed)           0.000     1.010    design_1_i/Conv_axis_vga_0/U0/S_CTRL_H_reg[4]_i_1_n_4
    SLICE_X43Y24         FDCE                                         r  design_1_i/Conv_axis_vga_0/U0/S_CTRL_H_reg[7]/D
  -------------------------------------------------------------------    -------------------

                         (clock sys_clk_pin rise edge)
                                                      0.000     0.000 r  
    BUFGCTRL_X0Y0        BUFG                         0.000     0.000 r  design_1_i/processing_system7_0/inst/buffer_fclk_clk_0.FCLK_CLK_0_BUFG/O
                         net (fo=7094, routed)        0.845     0.845    design_1_i/Conv_axis_vga_0/U0/clk
    SLICE_X43Y24         FDCE                                         r  design_1_i/Conv_axis_vga_0/U0/S_CTRL_H_reg[7]/C
                         clock pessimism             -0.266     0.579    
    SLICE_X43Y24         FDCE (Hold_fdce_C_D)         0.105     0.684    design_1_i/Conv_axis_vga_0/U0/S_CTRL_H_reg[7]
  -------------------------------------------------------------------
                         required time                         -0.684    
                         arrival time                           1.010    
  -------------------------------------------------------------------
                         slack                                  0.327    

Slack (MET) :             0.327ns  (arrival time - required time)
  Source:                 design_1_i/Conv_axis_vga_0/U0/S_CTRL_V_reg[10]/C
                            (rising edge-triggered cell FDCE clocked by sys_clk_pin  {rise@0.000ns fall@4.000ns period=8.000ns})
  Destination:            design_1_i/Conv_axis_vga_0/U0/S_CTRL_V_reg[11]/D
                            (rising edge-triggered cell FDCE clocked by sys_clk_pin  {rise@0.000ns fall@4.000ns period=8.000ns})
  Path Group:             sys_clk_pin
  Path Type:              Hold (Min at Fast Process Corner)
  Requirement:            0.000ns  (sys_clk_pin rise@0.000ns - sys_clk_pin rise@0.000ns)
  Data Path Delay:        0.461ns  (logic 0.310ns (67.249%)  route 0.151ns (32.751%))
  Logic Levels:           1  (CARRY4=1)
  Clock Path Skew:        0.000ns (DCD - SCD - CPR)
    Destination Clock Delay (DCD):    0.849ns
    Source Clock Delay      (SCD):    0.582ns
    Clock Pessimism Removal (CPR):    0.267ns

    Location             Delay type                Incr(ns)  Path(ns)    Netlist Resource(s)
  -------------------------------------------------------------------    -------------------
                         (clock sys_clk_pin rise edge)
                                                      0.000     0.000 r  
    BUFGCTRL_X0Y0        BUFG                         0.000     0.000 r  design_1_i/processing_system7_0/inst/buffer_fclk_clk_0.FCLK_CLK_0_BUFG/O
                         net (fo=7094, routed)        0.582     0.582    design_1_i/Conv_axis_vga_0/U0/clk
    SLICE_X42Y28         FDCE                                         r  design_1_i/Conv_axis_vga_0/U0/S_CTRL_V_reg[10]/C
  -------------------------------------------------------------------    -------------------
    SLICE_X42Y28         FDCE (Prop_fdce_C_Q)         0.164     0.746 r  design_1_i/Conv_axis_vga_0/U0/S_CTRL_V_reg[10]/Q
                         net (fo=6, routed)           0.151     0.897    design_1_i/Conv_axis_vga_0/U0/S_CTRL_V_reg[10]
    SLICE_X42Y28         CARRY4 (Prop_carry4_S[2]_O[3])
                                                      0.146     1.043 r  design_1_i/Conv_axis_vga_0/U0/S_CTRL_V_reg[8]_i_1/O[3]
                         net (fo=1, routed)           0.000     1.043    design_1_i/Conv_axis_vga_0/U0/S_CTRL_V_reg[8]_i_1_n_4
    SLICE_X42Y28         FDCE                                         r  design_1_i/Conv_axis_vga_0/U0/S_CTRL_V_reg[11]/D
  -------------------------------------------------------------------    -------------------

                         (clock sys_clk_pin rise edge)
                                                      0.000     0.000 r  
    BUFGCTRL_X0Y0        BUFG                         0.000     0.000 r  design_1_i/processing_system7_0/inst/buffer_fclk_clk_0.FCLK_CLK_0_BUFG/O
                         net (fo=7094, routed)        0.849     0.849    design_1_i/Conv_axis_vga_0/U0/clk
    SLICE_X42Y28         FDCE                                         r  design_1_i/Conv_axis_vga_0/U0/S_CTRL_V_reg[11]/C
                         clock pessimism             -0.267     0.582    
    SLICE_X42Y28         FDCE (Hold_fdce_C_D)         0.134     0.716    design_1_i/Conv_axis_vga_0/U0/S_CTRL_V_reg[11]
  -------------------------------------------------------------------
                         required time                         -0.716    
                         arrival time                           1.043    
  -------------------------------------------------------------------
                         slack                                  0.327    

Slack (MET) :             0.331ns  (arrival time - required time)
  Source:                 design_1_i/Conv_axis_vga_0/U0/S_CTRL_H_reg[4]/C
                            (rising edge-triggered cell FDCE clocked by sys_clk_pin  {rise@0.000ns fall@4.000ns period=8.000ns})
  Destination:            design_1_i/Conv_axis_vga_0/U0/S_CTRL_H_reg[4]/D
                            (rising edge-triggered cell FDCE clocked by sys_clk_pin  {rise@0.000ns fall@4.000ns period=8.000ns})
  Path Group:             sys_clk_pin
  Path Type:              Hold (Min at Fast Process Corner)
  Requirement:            0.000ns  (sys_clk_pin rise@0.000ns - sys_clk_pin rise@0.000ns)
  Data Path Delay:        0.436ns  (logic 0.256ns (58.665%)  route 0.180ns (41.335%))
  Logic Levels:           2  (CARRY4=1 LUT2=1)
  Clock Path Skew:        0.000ns (DCD - SCD - CPR)
    Destination Clock Delay (DCD):    0.845ns
    Source Clock Delay      (SCD):    0.579ns
    Clock Pessimism Removal (CPR):    0.266ns

    Location             Delay type                Incr(ns)  Path(ns)    Netlist Resource(s)
  -------------------------------------------------------------------    -------------------
                         (clock sys_clk_pin rise edge)
                                                      0.000     0.000 r  
    BUFGCTRL_X0Y0        BUFG                         0.000     0.000 r  design_1_i/processing_system7_0/inst/buffer_fclk_clk_0.FCLK_CLK_0_BUFG/O
                         net (fo=7094, routed)        0.579     0.579    design_1_i/Conv_axis_vga_0/U0/clk
    SLICE_X43Y24         FDCE                                         r  design_1_i/Conv_axis_vga_0/U0/S_CTRL_H_reg[4]/C
  -------------------------------------------------------------------    -------------------
    SLICE_X43Y24         FDCE (Prop_fdce_C_Q)         0.141     0.720 r  design_1_i/Conv_axis_vga_0/U0/S_CTRL_H_reg[4]/Q
                         net (fo=5, routed)           0.180     0.900    design_1_i/Conv_axis_vga_0/U0/S_CTRL_H_reg[4]
    SLICE_X43Y24         LUT2 (Prop_lut2_I0_O)        0.045     0.945 r  design_1_i/Conv_axis_vga_0/U0/S_CTRL_H[4]_i_5/O
                         net (fo=1, routed)           0.000     0.945    design_1_i/Conv_axis_vga_0/U0/S_CTRL_H[4]_i_5_n_0
    SLICE_X43Y24         CARRY4 (Prop_carry4_S[0]_O[0])
                                                      0.070     1.015 r  design_1_i/Conv_axis_vga_0/U0/S_CTRL_H_reg[4]_i_1/O[0]
                         net (fo=1, routed)           0.000     1.015    design_1_i/Conv_axis_vga_0/U0/S_CTRL_H_reg[4]_i_1_n_7
    SLICE_X43Y24         FDCE                                         r  design_1_i/Conv_axis_vga_0/U0/S_CTRL_H_reg[4]/D
  -------------------------------------------------------------------    -------------------

                         (clock sys_clk_pin rise edge)
                                                      0.000     0.000 r  
    BUFGCTRL_X0Y0        BUFG                         0.000     0.000 r  design_1_i/processing_system7_0/inst/buffer_fclk_clk_0.FCLK_CLK_0_BUFG/O
                         net (fo=7094, routed)        0.845     0.845    design_1_i/Conv_axis_vga_0/U0/clk
    SLICE_X43Y24         FDCE                                         r  design_1_i/Conv_axis_vga_0/U0/S_CTRL_H_reg[4]/C
                         clock pessimism             -0.266     0.579    
    SLICE_X43Y24         FDCE (Hold_fdce_C_D)         0.105     0.684    design_1_i/Conv_axis_vga_0/U0/S_CTRL_H_reg[4]
  -------------------------------------------------------------------
                         required time                         -0.684    
                         arrival time                           1.015    
  -------------------------------------------------------------------
                         slack                                  0.331    

Slack (MET) :             0.332ns  (arrival time - required time)
  Source:                 design_1_i/Conv_axis_vga_0/U0/S_CTRL_H_reg[8]/C
                            (rising edge-triggered cell FDCE clocked by sys_clk_pin  {rise@0.000ns fall@4.000ns period=8.000ns})
  Destination:            design_1_i/Conv_axis_vga_0/U0/S_CTRL_H_reg[8]/D
                            (rising edge-triggered cell FDCE clocked by sys_clk_pin  {rise@0.000ns fall@4.000ns period=8.000ns})
  Path Group:             sys_clk_pin
  Path Type:              Hold (Min at Fast Process Corner)
  Requirement:            0.000ns  (sys_clk_pin rise@0.000ns - sys_clk_pin rise@0.000ns)
  Data Path Delay:        0.437ns  (logic 0.256ns (58.648%)  route 0.181ns (41.352%))
  Logic Levels:           2  (CARRY4=1 LUT2=1)
  Clock Path Skew:        0.000ns (DCD - SCD - CPR)
    Destination Clock Delay (DCD):    0.845ns
    Source Clock Delay      (SCD):    0.579ns
    Clock Pessimism Removal (CPR):    0.266ns

    Location             Delay type                Incr(ns)  Path(ns)    Netlist Resource(s)
  -------------------------------------------------------------------    -------------------
                         (clock sys_clk_pin rise edge)
                                                      0.000     0.000 r  
    BUFGCTRL_X0Y0        BUFG                         0.000     0.000 r  design_1_i/processing_system7_0/inst/buffer_fclk_clk_0.FCLK_CLK_0_BUFG/O
                         net (fo=7094, routed)        0.579     0.579    design_1_i/Conv_axis_vga_0/U0/clk
    SLICE_X43Y25         FDCE                                         r  design_1_i/Conv_axis_vga_0/U0/S_CTRL_H_reg[8]/C
  -------------------------------------------------------------------    -------------------
    SLICE_X43Y25         FDCE (Prop_fdce_C_Q)         0.141     0.720 r  design_1_i/Conv_axis_vga_0/U0/S_CTRL_H_reg[8]/Q
                         net (fo=6, routed)           0.181     0.900    design_1_i/Conv_axis_vga_0/U0/S_CTRL_H_reg[8]
    SLICE_X43Y25         LUT2 (Prop_lut2_I0_O)        0.045     0.945 r  design_1_i/Conv_axis_vga_0/U0/S_CTRL_H[8]_i_5/O
                         net (fo=1, routed)           0.000     0.945    design_1_i/Conv_axis_vga_0/U0/S_CTRL_H[8]_i_5_n_0
    SLICE_X43Y25         CARRY4 (Prop_carry4_S[0]_O[0])
                                                      0.070     1.015 r  design_1_i/Conv_axis_vga_0/U0/S_CTRL_H_reg[8]_i_1/O[0]
                         net (fo=1, routed)           0.000     1.015    design_1_i/Conv_axis_vga_0/U0/S_CTRL_H_reg[8]_i_1_n_7
    SLICE_X43Y25         FDCE                                         r  design_1_i/Conv_axis_vga_0/U0/S_CTRL_H_reg[8]/D
  -------------------------------------------------------------------    -------------------

                         (clock sys_clk_pin rise edge)
                                                      0.000     0.000 r  
    BUFGCTRL_X0Y0        BUFG                         0.000     0.000 r  design_1_i/processing_system7_0/inst/buffer_fclk_clk_0.FCLK_CLK_0_BUFG/O
                         net (fo=7094, routed)        0.845     0.845    design_1_i/Conv_axis_vga_0/U0/clk
    SLICE_X43Y25         FDCE                                         r  design_1_i/Conv_axis_vga_0/U0/S_CTRL_H_reg[8]/C
                         clock pessimism             -0.266     0.579    
    SLICE_X43Y25         FDCE (Hold_fdce_C_D)         0.105     0.684    design_1_i/Conv_axis_vga_0/U0/S_CTRL_H_reg[8]
  -------------------------------------------------------------------
                         required time                         -0.684    
                         arrival time                           1.015    
  -------------------------------------------------------------------
                         slack                                  0.332    

Slack (MET) :             0.344ns  (arrival time - required time)
  Source:                 design_1_i/Conv_axis_vga_0/U0/S_CTRL_H_reg[0]/C
                            (rising edge-triggered cell FDCE clocked by sys_clk_pin  {rise@0.000ns fall@4.000ns period=8.000ns})
  Destination:            design_1_i/Conv_axis_vga_0/U0/S_CTRL_H_reg[0]/D
                            (rising edge-triggered cell FDCE clocked by sys_clk_pin  {rise@0.000ns fall@4.000ns period=8.000ns})
  Path Group:             sys_clk_pin
  Path Type:              Hold (Min at Fast Process Corner)
  Requirement:            0.000ns  (sys_clk_pin rise@0.000ns - sys_clk_pin rise@0.000ns)
  Data Path Delay:        0.449ns  (logic 0.256ns (57.070%)  route 0.193ns (42.930%))
  Logic Levels:           2  (CARRY4=1 LUT2=1)
  Clock Path Skew:        0.000ns (DCD - SCD - CPR)
    Destination Clock Delay (DCD):    0.846ns
    Source Clock Delay      (SCD):    0.580ns
    Clock Pessimism Removal (CPR):    0.266ns

    Location             Delay type                Incr(ns)  Path(ns)    Netlist Resource(s)
  -------------------------------------------------------------------    -------------------
                         (clock sys_clk_pin rise edge)
                                                      0.000     0.000 r  
    BUFGCTRL_X0Y0        BUFG                         0.000     0.000 r  design_1_i/processing_system7_0/inst/buffer_fclk_clk_0.FCLK_CLK_0_BUFG/O
                         net (fo=7094, routed)        0.580     0.580    design_1_i/Conv_axis_vga_0/U0/clk
    SLICE_X43Y23         FDCE                                         r  design_1_i/Conv_axis_vga_0/U0/S_CTRL_H_reg[0]/C
  -------------------------------------------------------------------    -------------------
    SLICE_X43Y23         FDCE (Prop_fdce_C_Q)         0.141     0.721 f  design_1_i/Conv_axis_vga_0/U0/S_CTRL_H_reg[0]/Q
                         net (fo=6, routed)           0.193     0.913    design_1_i/Conv_axis_vga_0/U0/S_CTRL_H_reg[0]
    SLICE_X43Y23         LUT2 (Prop_lut2_I0_O)        0.045     0.958 r  design_1_i/Conv_axis_vga_0/U0/S_CTRL_H[0]_i_6/O
                         net (fo=1, routed)           0.000     0.958    design_1_i/Conv_axis_vga_0/U0/S_CTRL_H[0]_i_6_n_0
    SLICE_X43Y23         CARRY4 (Prop_carry4_S[0]_O[0])
                                                      0.070     1.028 r  design_1_i/Conv_axis_vga_0/U0/S_CTRL_H_reg[0]_i_1/O[0]
                         net (fo=1, routed)           0.000     1.028    design_1_i/Conv_axis_vga_0/U0/S_CTRL_H_reg[0]_i_1_n_7
    SLICE_X43Y23         FDCE                                         r  design_1_i/Conv_axis_vga_0/U0/S_CTRL_H_reg[0]/D
  -------------------------------------------------------------------    -------------------

                         (clock sys_clk_pin rise edge)
                                                      0.000     0.000 r  
    BUFGCTRL_X0Y0        BUFG                         0.000     0.000 r  design_1_i/processing_system7_0/inst/buffer_fclk_clk_0.FCLK_CLK_0_BUFG/O
                         net (fo=7094, routed)        0.846     0.846    design_1_i/Conv_axis_vga_0/U0/clk
    SLICE_X43Y23         FDCE                                         r  design_1_i/Conv_axis_vga_0/U0/S_CTRL_H_reg[0]/C
                         clock pessimism             -0.266     0.580    
    SLICE_X43Y23         FDCE (Hold_fdce_C_D)         0.105     0.685    design_1_i/Conv_axis_vga_0/U0/S_CTRL_H_reg[0]
  -------------------------------------------------------------------
                         required time                         -0.685    
                         arrival time                           1.028    
  -------------------------------------------------------------------
                         slack                                  0.344    

Slack (MET) :             0.345ns  (arrival time - required time)
  Source:                 design_1_i/Conv_axis_vga_0/U0/S_CTRL_V_reg[4]/C
                            (rising edge-triggered cell FDCE clocked by sys_clk_pin  {rise@0.000ns fall@4.000ns period=8.000ns})
  Destination:            design_1_i/Conv_axis_vga_0/U0/S_CTRL_V_reg[4]/D
                            (rising edge-triggered cell FDCE clocked by sys_clk_pin  {rise@0.000ns fall@4.000ns period=8.000ns})
  Path Group:             sys_clk_pin
  Path Type:              Hold (Min at Fast Process Corner)
  Requirement:            0.000ns  (sys_clk_pin rise@0.000ns - sys_clk_pin rise@0.000ns)
  Data Path Delay:        0.479ns  (logic 0.279ns (58.298%)  route 0.200ns (41.702%))
  Logic Levels:           2  (CARRY4=1 LUT6=1)
  Clock Path Skew:        0.000ns (DCD - SCD - CPR)
    Destination Clock Delay (DCD):    0.848ns
    Source Clock Delay      (SCD):    0.582ns
    Clock Pessimism Removal (CPR):    0.266ns

    Location             Delay type                Incr(ns)  Path(ns)    Netlist Resource(s)
  -------------------------------------------------------------------    -------------------
                         (clock sys_clk_pin rise edge)
                                                      0.000     0.000 r  
    BUFGCTRL_X0Y0        BUFG                         0.000     0.000 r  design_1_i/processing_system7_0/inst/buffer_fclk_clk_0.FCLK_CLK_0_BUFG/O
                         net (fo=7094, routed)        0.582     0.582    design_1_i/Conv_axis_vga_0/U0/clk
    SLICE_X42Y27         FDCE                                         r  design_1_i/Conv_axis_vga_0/U0/S_CTRL_V_reg[4]/C
  -------------------------------------------------------------------    -------------------
    SLICE_X42Y27         FDCE (Prop_fdce_C_Q)         0.164     0.746 r  design_1_i/Conv_axis_vga_0/U0/S_CTRL_V_reg[4]/Q
                         net (fo=6, routed)           0.200     0.945    design_1_i/Conv_axis_vga_0/U0/S_CTRL_V_reg[4]
    SLICE_X42Y27         LUT6 (Prop_lut6_I0_O)        0.045     0.990 r  design_1_i/Conv_axis_vga_0/U0/S_CTRL_V[4]_i_5/O
                         net (fo=1, routed)           0.000     0.990    design_1_i/Conv_axis_vga_0/U0/S_CTRL_V[4]_i_5_n_0
    SLICE_X42Y27         CARRY4 (Prop_carry4_S[0]_O[0])
                                                      0.070     1.060 r  design_1_i/Conv_axis_vga_0/U0/S_CTRL_V_reg[4]_i_1/O[0]
                         net (fo=1, routed)           0.000     1.060    design_1_i/Conv_axis_vga_0/U0/S_CTRL_V_reg[4]_i_1_n_7
    SLICE_X42Y27         FDCE                                         r  design_1_i/Conv_axis_vga_0/U0/S_CTRL_V_reg[4]/D
  -------------------------------------------------------------------    -------------------

                         (clock sys_clk_pin rise edge)
                                                      0.000     0.000 r  
    BUFGCTRL_X0Y0        BUFG                         0.000     0.000 r  design_1_i/processing_system7_0/inst/buffer_fclk_clk_0.FCLK_CLK_0_BUFG/O
                         net (fo=7094, routed)        0.848     0.848    design_1_i/Conv_axis_vga_0/U0/clk
    SLICE_X42Y27         FDCE                                         r  design_1_i/Conv_axis_vga_0/U0/S_CTRL_V_reg[4]/C
                         clock pessimism             -0.266     0.582    
    SLICE_X42Y27         FDCE (Hold_fdce_C_D)         0.134     0.716    design_1_i/Conv_axis_vga_0/U0/S_CTRL_V_reg[4]
  -------------------------------------------------------------------
                         required time                         -0.716    
                         arrival time                           1.060    
  -------------------------------------------------------------------
                         slack                                  0.345    





Pulse Width Checks
--------------------------------------------------------------------------------------
Clock Name:         sys_clk_pin
Waveform(ns):       { 0.000 4.000 }
Period(ns):         8.000
Sources:            { design_1_i/Conv_axis_vga_0/U0/clk }

Check Type        Corner  Lib Pin  Reference Pin  Required(ns)  Actual(ns)  Slack(ns)  Location      Pin
Min Period        n/a     FDCE/C   n/a            1.000         8.000       7.000      SLICE_X41Y24  design_1_i/Conv_axis_vga_0/U0/SV_BLUE_reg_reg[4]/C
Min Period        n/a     FDCE/C   n/a            1.000         8.000       7.000      SLICE_X41Y24  design_1_i/Conv_axis_vga_0/U0/SV_BLUE_reg_reg[5]/C
Min Period        n/a     FDCE/C   n/a            1.000         8.000       7.000      SLICE_X43Y22  design_1_i/Conv_axis_vga_0/U0/SV_BLUE_reg_reg[6]/C
Min Period        n/a     FDCE/C   n/a            1.000         8.000       7.000      SLICE_X43Y22  design_1_i/Conv_axis_vga_0/U0/SV_BLUE_reg_reg[7]/C
Min Period        n/a     FDCE/C   n/a            1.000         8.000       7.000      SLICE_X41Y24  design_1_i/Conv_axis_vga_0/U0/SV_GREEN_reg_reg[4]/C
Min Period        n/a     FDCE/C   n/a            1.000         8.000       7.000      SLICE_X41Y24  design_1_i/Conv_axis_vga_0/U0/SV_GREEN_reg_reg[5]/C
Min Period        n/a     FDCE/C   n/a            1.000         8.000       7.000      SLICE_X41Y24  design_1_i/Conv_axis_vga_0/U0/SV_GREEN_reg_reg[6]/C
Min Period        n/a     FDCE/C   n/a            1.000         8.000       7.000      SLICE_X41Y24  design_1_i/Conv_axis_vga_0/U0/SV_GREEN_reg_reg[7]/C
Min Period        n/a     FDCE/C   n/a            1.000         8.000       7.000      SLICE_X41Y24  design_1_i/Conv_axis_vga_0/U0/SV_RED_reg_reg[4]/C
Min Period        n/a     FDCE/C   n/a            1.000         8.000       7.000      SLICE_X41Y24  design_1_i/Conv_axis_vga_0/U0/SV_RED_reg_reg[5]/C
Low Pulse Width   Slow    FDCE/C   n/a            0.500         4.000       3.500      SLICE_X41Y24  design_1_i/Conv_axis_vga_0/U0/SV_BLUE_reg_reg[4]/C
Low Pulse Width   Slow    FDCE/C   n/a            0.500         4.000       3.500      SLICE_X41Y24  design_1_i/Conv_axis_vga_0/U0/SV_BLUE_reg_reg[5]/C
Low Pulse Width   Slow    FDCE/C   n/a            0.500         4.000       3.500      SLICE_X43Y22  design_1_i/Conv_axis_vga_0/U0/SV_BLUE_reg_reg[6]/C
Low Pulse Width   Fast    FDCE/C   n/a            0.500         4.000       3.500      SLICE_X43Y22  design_1_i/Conv_axis_vga_0/U0/SV_BLUE_reg_reg[6]/C
Low Pulse Width   Slow    FDCE/C   n/a            0.500         4.000       3.500      SLICE_X43Y22  design_1_i/Conv_axis_vga_0/U0/SV_BLUE_reg_reg[7]/C
Low Pulse Width   Fast    FDCE/C   n/a            0.500         4.000       3.500      SLICE_X43Y22  design_1_i/Conv_axis_vga_0/U0/SV_BLUE_reg_reg[7]/C
Low Pulse Width   Slow    FDCE/C   n/a            0.500         4.000       3.500      SLICE_X41Y24  design_1_i/Conv_axis_vga_0/U0/SV_GREEN_reg_reg[4]/C
Low Pulse Width   Slow    FDCE/C   n/a            0.500         4.000       3.500      SLICE_X41Y24  design_1_i/Conv_axis_vga_0/U0/SV_GREEN_reg_reg[5]/C
Low Pulse Width   Slow    FDCE/C   n/a            0.500         4.000       3.500      SLICE_X41Y24  design_1_i/Conv_axis_vga_0/U0/SV_GREEN_reg_reg[6]/C
Low Pulse Width   Slow    FDCE/C   n/a            0.500         4.000       3.500      SLICE_X41Y24  design_1_i/Conv_axis_vga_0/U0/SV_GREEN_reg_reg[7]/C
High Pulse Width  Slow    FDCE/C   n/a            0.500         4.000       3.500      SLICE_X41Y24  design_1_i/Conv_axis_vga_0/U0/SV_BLUE_reg_reg[4]/C
High Pulse Width  Fast    FDCE/C   n/a            0.500         4.000       3.500      SLICE_X41Y24  design_1_i/Conv_axis_vga_0/U0/SV_BLUE_reg_reg[4]/C
High Pulse Width  Slow    FDCE/C   n/a            0.500         4.000       3.500      SLICE_X41Y24  design_1_i/Conv_axis_vga_0/U0/SV_BLUE_reg_reg[5]/C
High Pulse Width  Fast    FDCE/C   n/a            0.500         4.000       3.500      SLICE_X41Y24  design_1_i/Conv_axis_vga_0/U0/SV_BLUE_reg_reg[5]/C
High Pulse Width  Slow    FDCE/C   n/a            0.500         4.000       3.500      SLICE_X43Y22  design_1_i/Conv_axis_vga_0/U0/SV_BLUE_reg_reg[6]/C
High Pulse Width  Fast    FDCE/C   n/a            0.500         4.000       3.500      SLICE_X43Y22  design_1_i/Conv_axis_vga_0/U0/SV_BLUE_reg_reg[6]/C
High Pulse Width  Slow    FDCE/C   n/a            0.500         4.000       3.500      SLICE_X43Y22  design_1_i/Conv_axis_vga_0/U0/SV_BLUE_reg_reg[7]/C
High Pulse Width  Fast    FDCE/C   n/a            0.500         4.000       3.500      SLICE_X43Y22  design_1_i/Conv_axis_vga_0/U0/SV_BLUE_reg_reg[7]/C
High Pulse Width  Slow    FDCE/C   n/a            0.500         4.000       3.500      SLICE_X41Y24  design_1_i/Conv_axis_vga_0/U0/SV_GREEN_reg_reg[4]/C
High Pulse Width  Fast    FDCE/C   n/a            0.500         4.000       3.500      SLICE_X41Y24  design_1_i/Conv_axis_vga_0/U0/SV_GREEN_reg_reg[4]/C



---------------------------------------------------------------------------------------------------
From Clock:  sys_clk_pin
  To Clock:  clk_fpga_0

Setup :            0  Failing Endpoints,  Worst Slack        2.725ns,  Total Violation        0.000ns
Hold  :            0  Failing Endpoints,  Worst Slack        0.384ns,  Total Violation        0.000ns
---------------------------------------------------------------------------------------------------


Max Delay Paths
--------------------------------------------------------------------------------------
Slack (MET) :             2.725ns  (required time - arrival time)
  Source:                 design_1_i/Conv_axis_vga_0/U0/S_CTRL_V_reg[4]/C
                            (rising edge-triggered cell FDCE clocked by sys_clk_pin  {rise@0.000ns fall@4.000ns period=8.000ns})
  Destination:            design_1_i/redim_filter_0/U0/S_axis_Tdata_reg_out_reg[20]/CE
                            (rising edge-triggered cell FDCE clocked by clk_fpga_0  {rise@0.000ns fall@20.000ns period=40.000ns})
  Path Group:             clk_fpga_0
  Path Type:              Setup (Max at Slow Process Corner)
  Requirement:            8.000ns  (clk_fpga_0 rise@40.000ns - sys_clk_pin rise@32.000ns)
  Data Path Delay:        5.392ns  (logic 1.675ns (31.065%)  route 3.717ns (68.935%))
  Logic Levels:           4  (CARRY4=1 LUT2=3)
  Clock Path Skew:        1.131ns (DCD - SCD + CPR)
    Destination Clock Delay (DCD):    2.753ns = ( 42.754 - 40.000 ) 
    Source Clock Delay      (SCD):    1.737ns = ( 33.737 - 32.000 ) 
    Clock Pessimism Removal (CPR):    0.115ns
  Clock Uncertainty:      0.601ns  ((TSJ^2 + TIJ^2)^1/2 + DJ) / 2 + PE
    Total System Jitter     (TSJ):    0.071ns
    Total Input Jitter      (TIJ):    1.200ns
    Discrete Jitter          (DJ):    0.000ns
    Phase Error              (PE):    0.000ns
  Clock Domain Crossing:  Inter clock paths are considered valid unless explicitly excluded by timing constraints such as set_clock_groups or set_false_path.

    Location             Delay type                Incr(ns)  Path(ns)    Netlist Resource(s)
  -------------------------------------------------------------------    -------------------
                         (clock sys_clk_pin rise edge)
                                                     32.000    32.000 r  
    BUFGCTRL_X0Y0        BUFG                         0.000    32.000 r  design_1_i/processing_system7_0/inst/buffer_fclk_clk_0.FCLK_CLK_0_BUFG/O
                         net (fo=7094, routed)        1.737    33.737    design_1_i/Conv_axis_vga_0/U0/clk
    SLICE_X42Y27         FDCE                                         r  design_1_i/Conv_axis_vga_0/U0/S_CTRL_V_reg[4]/C
  -------------------------------------------------------------------    -------------------
    SLICE_X42Y27         FDCE (Prop_fdce_C_Q)         0.518    34.255 f  design_1_i/Conv_axis_vga_0/U0/S_CTRL_V_reg[4]/Q
                         net (fo=6, routed)           0.991    35.246    design_1_i/Conv_axis_vga_0/U0/S_CTRL_V_reg[4]
    SLICE_X43Y27         LUT2 (Prop_lut2_I1_O)        0.124    35.370 r  design_1_i/Conv_axis_vga_0/U0/axis_tready_INST_0_i_14/O
                         net (fo=1, routed)           0.000    35.370    design_1_i/Conv_axis_vga_0/U0/axis_tready_INST_0_i_14_n_0
    SLICE_X43Y27         CARRY4 (Prop_carry4_S[0]_CO[3])
                                                      0.532    35.902 r  design_1_i/Conv_axis_vga_0/U0/axis_tready_INST_0_i_2/CO[3]
                         net (fo=14, routed)          1.508    37.410    design_1_i/Conv_axis_vga_0/U0/ltOp3_in
    SLICE_X41Y22         LUT2 (Prop_lut2_I1_O)        0.150    37.560 r  design_1_i/Conv_axis_vga_0/U0/axis_tready_INST_0/O
                         net (fo=2, routed)           0.594    38.154    design_1_i/redim_filter_0/U0/Axis_Tready_out
    SLICE_X41Y23         LUT2 (Prop_lut2_I0_O)        0.351    38.505 r  design_1_i/redim_filter_0/U0/S_axis_Tdata_reg_out[23]_i_1/O
                         net (fo=4, routed)           0.624    39.129    design_1_i/redim_filter_0/U0/S_axis_Tdata_reg_out[23]_i_1_n_0
    SLICE_X41Y23         FDCE                                         r  design_1_i/redim_filter_0/U0/S_axis_Tdata_reg_out_reg[20]/CE
  -------------------------------------------------------------------    -------------------

                         (clock clk_fpga_0 rise edge)
                                                     40.000    40.000 r  
    PS7_X0Y0             PS7                          0.000    40.000 r  design_1_i/processing_system7_0/inst/PS7_i/FCLKCLK[0]
                         net (fo=1, routed)           1.101    41.101    design_1_i/processing_system7_0/inst/FCLK_CLK_unbuffered[0]
    BUFGCTRL_X0Y0        BUFG (Prop_bufg_I_O)         0.091    41.192 r  design_1_i/processing_system7_0/inst/buffer_fclk_clk_0.FCLK_CLK_0_BUFG/O
                         net (fo=7094, routed)        1.561    42.754    design_1_i/redim_filter_0/U0/clk
    SLICE_X41Y23         FDCE                                         r  design_1_i/redim_filter_0/U0/S_axis_Tdata_reg_out_reg[20]/C
                         clock pessimism              0.115    42.868    
                         clock uncertainty           -0.601    42.267    
    SLICE_X41Y23         FDCE (Setup_fdce_C_CE)      -0.413    41.854    design_1_i/redim_filter_0/U0/S_axis_Tdata_reg_out_reg[20]
  -------------------------------------------------------------------
                         required time                         41.854    
                         arrival time                         -39.129    
  -------------------------------------------------------------------
                         slack                                  2.725    

Slack (MET) :             2.725ns  (required time - arrival time)
  Source:                 design_1_i/Conv_axis_vga_0/U0/S_CTRL_V_reg[4]/C
                            (rising edge-triggered cell FDCE clocked by sys_clk_pin  {rise@0.000ns fall@4.000ns period=8.000ns})
  Destination:            design_1_i/redim_filter_0/U0/S_axis_Tdata_reg_out_reg[21]/CE
                            (rising edge-triggered cell FDCE clocked by clk_fpga_0  {rise@0.000ns fall@20.000ns period=40.000ns})
  Path Group:             clk_fpga_0
  Path Type:              Setup (Max at Slow Process Corner)
  Requirement:            8.000ns  (clk_fpga_0 rise@40.000ns - sys_clk_pin rise@32.000ns)
  Data Path Delay:        5.392ns  (logic 1.675ns (31.065%)  route 3.717ns (68.935%))
  Logic Levels:           4  (CARRY4=1 LUT2=3)
  Clock Path Skew:        1.131ns (DCD - SCD + CPR)
    Destination Clock Delay (DCD):    2.753ns = ( 42.754 - 40.000 ) 
    Source Clock Delay      (SCD):    1.737ns = ( 33.737 - 32.000 ) 
    Clock Pessimism Removal (CPR):    0.115ns
  Clock Uncertainty:      0.601ns  ((TSJ^2 + TIJ^2)^1/2 + DJ) / 2 + PE
    Total System Jitter     (TSJ):    0.071ns
    Total Input Jitter      (TIJ):    1.200ns
    Discrete Jitter          (DJ):    0.000ns
    Phase Error              (PE):    0.000ns
  Clock Domain Crossing:  Inter clock paths are considered valid unless explicitly excluded by timing constraints such as set_clock_groups or set_false_path.

    Location             Delay type                Incr(ns)  Path(ns)    Netlist Resource(s)
  -------------------------------------------------------------------    -------------------
                         (clock sys_clk_pin rise edge)
                                                     32.000    32.000 r  
    BUFGCTRL_X0Y0        BUFG                         0.000    32.000 r  design_1_i/processing_system7_0/inst/buffer_fclk_clk_0.FCLK_CLK_0_BUFG/O
                         net (fo=7094, routed)        1.737    33.737    design_1_i/Conv_axis_vga_0/U0/clk
    SLICE_X42Y27         FDCE                                         r  design_1_i/Conv_axis_vga_0/U0/S_CTRL_V_reg[4]/C
  -------------------------------------------------------------------    -------------------
    SLICE_X42Y27         FDCE (Prop_fdce_C_Q)         0.518    34.255 f  design_1_i/Conv_axis_vga_0/U0/S_CTRL_V_reg[4]/Q
                         net (fo=6, routed)           0.991    35.246    design_1_i/Conv_axis_vga_0/U0/S_CTRL_V_reg[4]
    SLICE_X43Y27         LUT2 (Prop_lut2_I1_O)        0.124    35.370 r  design_1_i/Conv_axis_vga_0/U0/axis_tready_INST_0_i_14/O
                         net (fo=1, routed)           0.000    35.370    design_1_i/Conv_axis_vga_0/U0/axis_tready_INST_0_i_14_n_0
    SLICE_X43Y27         CARRY4 (Prop_carry4_S[0]_CO[3])
                                                      0.532    35.902 r  design_1_i/Conv_axis_vga_0/U0/axis_tready_INST_0_i_2/CO[3]
                         net (fo=14, routed)          1.508    37.410    design_1_i/Conv_axis_vga_0/U0/ltOp3_in
    SLICE_X41Y22         LUT2 (Prop_lut2_I1_O)        0.150    37.560 r  design_1_i/Conv_axis_vga_0/U0/axis_tready_INST_0/O
                         net (fo=2, routed)           0.594    38.154    design_1_i/redim_filter_0/U0/Axis_Tready_out
    SLICE_X41Y23         LUT2 (Prop_lut2_I0_O)        0.351    38.505 r  design_1_i/redim_filter_0/U0/S_axis_Tdata_reg_out[23]_i_1/O
                         net (fo=4, routed)           0.624    39.129    design_1_i/redim_filter_0/U0/S_axis_Tdata_reg_out[23]_i_1_n_0
    SLICE_X41Y23         FDCE                                         r  design_1_i/redim_filter_0/U0/S_axis_Tdata_reg_out_reg[21]/CE
  -------------------------------------------------------------------    -------------------

                         (clock clk_fpga_0 rise edge)
                                                     40.000    40.000 r  
    PS7_X0Y0             PS7                          0.000    40.000 r  design_1_i/processing_system7_0/inst/PS7_i/FCLKCLK[0]
                         net (fo=1, routed)           1.101    41.101    design_1_i/processing_system7_0/inst/FCLK_CLK_unbuffered[0]
    BUFGCTRL_X0Y0        BUFG (Prop_bufg_I_O)         0.091    41.192 r  design_1_i/processing_system7_0/inst/buffer_fclk_clk_0.FCLK_CLK_0_BUFG/O
                         net (fo=7094, routed)        1.561    42.754    design_1_i/redim_filter_0/U0/clk
    SLICE_X41Y23         FDCE                                         r  design_1_i/redim_filter_0/U0/S_axis_Tdata_reg_out_reg[21]/C
                         clock pessimism              0.115    42.868    
                         clock uncertainty           -0.601    42.267    
    SLICE_X41Y23         FDCE (Setup_fdce_C_CE)      -0.413    41.854    design_1_i/redim_filter_0/U0/S_axis_Tdata_reg_out_reg[21]
  -------------------------------------------------------------------
                         required time                         41.854    
                         arrival time                         -39.129    
  -------------------------------------------------------------------
                         slack                                  2.725    

Slack (MET) :             2.725ns  (required time - arrival time)
  Source:                 design_1_i/Conv_axis_vga_0/U0/S_CTRL_V_reg[4]/C
                            (rising edge-triggered cell FDCE clocked by sys_clk_pin  {rise@0.000ns fall@4.000ns period=8.000ns})
  Destination:            design_1_i/redim_filter_0/U0/S_axis_Tdata_reg_out_reg[22]/CE
                            (rising edge-triggered cell FDCE clocked by clk_fpga_0  {rise@0.000ns fall@20.000ns period=40.000ns})
  Path Group:             clk_fpga_0
  Path Type:              Setup (Max at Slow Process Corner)
  Requirement:            8.000ns  (clk_fpga_0 rise@40.000ns - sys_clk_pin rise@32.000ns)
  Data Path Delay:        5.392ns  (logic 1.675ns (31.065%)  route 3.717ns (68.935%))
  Logic Levels:           4  (CARRY4=1 LUT2=3)
  Clock Path Skew:        1.131ns (DCD - SCD + CPR)
    Destination Clock Delay (DCD):    2.753ns = ( 42.754 - 40.000 ) 
    Source Clock Delay      (SCD):    1.737ns = ( 33.737 - 32.000 ) 
    Clock Pessimism Removal (CPR):    0.115ns
  Clock Uncertainty:      0.601ns  ((TSJ^2 + TIJ^2)^1/2 + DJ) / 2 + PE
    Total System Jitter     (TSJ):    0.071ns
    Total Input Jitter      (TIJ):    1.200ns
    Discrete Jitter          (DJ):    0.000ns
    Phase Error              (PE):    0.000ns
  Clock Domain Crossing:  Inter clock paths are considered valid unless explicitly excluded by timing constraints such as set_clock_groups or set_false_path.

    Location             Delay type                Incr(ns)  Path(ns)    Netlist Resource(s)
  -------------------------------------------------------------------    -------------------
                         (clock sys_clk_pin rise edge)
                                                     32.000    32.000 r  
    BUFGCTRL_X0Y0        BUFG                         0.000    32.000 r  design_1_i/processing_system7_0/inst/buffer_fclk_clk_0.FCLK_CLK_0_BUFG/O
                         net (fo=7094, routed)        1.737    33.737    design_1_i/Conv_axis_vga_0/U0/clk
    SLICE_X42Y27         FDCE                                         r  design_1_i/Conv_axis_vga_0/U0/S_CTRL_V_reg[4]/C
  -------------------------------------------------------------------    -------------------
    SLICE_X42Y27         FDCE (Prop_fdce_C_Q)         0.518    34.255 f  design_1_i/Conv_axis_vga_0/U0/S_CTRL_V_reg[4]/Q
                         net (fo=6, routed)           0.991    35.246    design_1_i/Conv_axis_vga_0/U0/S_CTRL_V_reg[4]
    SLICE_X43Y27         LUT2 (Prop_lut2_I1_O)        0.124    35.370 r  design_1_i/Conv_axis_vga_0/U0/axis_tready_INST_0_i_14/O
                         net (fo=1, routed)           0.000    35.370    design_1_i/Conv_axis_vga_0/U0/axis_tready_INST_0_i_14_n_0
    SLICE_X43Y27         CARRY4 (Prop_carry4_S[0]_CO[3])
                                                      0.532    35.902 r  design_1_i/Conv_axis_vga_0/U0/axis_tready_INST_0_i_2/CO[3]
                         net (fo=14, routed)          1.508    37.410    design_1_i/Conv_axis_vga_0/U0/ltOp3_in
    SLICE_X41Y22         LUT2 (Prop_lut2_I1_O)        0.150    37.560 r  design_1_i/Conv_axis_vga_0/U0/axis_tready_INST_0/O
                         net (fo=2, routed)           0.594    38.154    design_1_i/redim_filter_0/U0/Axis_Tready_out
    SLICE_X41Y23         LUT2 (Prop_lut2_I0_O)        0.351    38.505 r  design_1_i/redim_filter_0/U0/S_axis_Tdata_reg_out[23]_i_1/O
                         net (fo=4, routed)           0.624    39.129    design_1_i/redim_filter_0/U0/S_axis_Tdata_reg_out[23]_i_1_n_0
    SLICE_X41Y23         FDCE                                         r  design_1_i/redim_filter_0/U0/S_axis_Tdata_reg_out_reg[22]/CE
  -------------------------------------------------------------------    -------------------

                         (clock clk_fpga_0 rise edge)
                                                     40.000    40.000 r  
    PS7_X0Y0             PS7                          0.000    40.000 r  design_1_i/processing_system7_0/inst/PS7_i/FCLKCLK[0]
                         net (fo=1, routed)           1.101    41.101    design_1_i/processing_system7_0/inst/FCLK_CLK_unbuffered[0]
    BUFGCTRL_X0Y0        BUFG (Prop_bufg_I_O)         0.091    41.192 r  design_1_i/processing_system7_0/inst/buffer_fclk_clk_0.FCLK_CLK_0_BUFG/O
                         net (fo=7094, routed)        1.561    42.754    design_1_i/redim_filter_0/U0/clk
    SLICE_X41Y23         FDCE                                         r  design_1_i/redim_filter_0/U0/S_axis_Tdata_reg_out_reg[22]/C
                         clock pessimism              0.115    42.868    
                         clock uncertainty           -0.601    42.267    
    SLICE_X41Y23         FDCE (Setup_fdce_C_CE)      -0.413    41.854    design_1_i/redim_filter_0/U0/S_axis_Tdata_reg_out_reg[22]
  -------------------------------------------------------------------
                         required time                         41.854    
                         arrival time                         -39.129    
  -------------------------------------------------------------------
                         slack                                  2.725    

Slack (MET) :             2.725ns  (required time - arrival time)
  Source:                 design_1_i/Conv_axis_vga_0/U0/S_CTRL_V_reg[4]/C
                            (rising edge-triggered cell FDCE clocked by sys_clk_pin  {rise@0.000ns fall@4.000ns period=8.000ns})
  Destination:            design_1_i/redim_filter_0/U0/S_axis_Tdata_reg_out_reg[23]/CE
                            (rising edge-triggered cell FDCE clocked by clk_fpga_0  {rise@0.000ns fall@20.000ns period=40.000ns})
  Path Group:             clk_fpga_0
  Path Type:              Setup (Max at Slow Process Corner)
  Requirement:            8.000ns  (clk_fpga_0 rise@40.000ns - sys_clk_pin rise@32.000ns)
  Data Path Delay:        5.392ns  (logic 1.675ns (31.065%)  route 3.717ns (68.935%))
  Logic Levels:           4  (CARRY4=1 LUT2=3)
  Clock Path Skew:        1.131ns (DCD - SCD + CPR)
    Destination Clock Delay (DCD):    2.753ns = ( 42.754 - 40.000 ) 
    Source Clock Delay      (SCD):    1.737ns = ( 33.737 - 32.000 ) 
    Clock Pessimism Removal (CPR):    0.115ns
  Clock Uncertainty:      0.601ns  ((TSJ^2 + TIJ^2)^1/2 + DJ) / 2 + PE
    Total System Jitter     (TSJ):    0.071ns
    Total Input Jitter      (TIJ):    1.200ns
    Discrete Jitter          (DJ):    0.000ns
    Phase Error              (PE):    0.000ns
  Clock Domain Crossing:  Inter clock paths are considered valid unless explicitly excluded by timing constraints such as set_clock_groups or set_false_path.

    Location             Delay type                Incr(ns)  Path(ns)    Netlist Resource(s)
  -------------------------------------------------------------------    -------------------
                         (clock sys_clk_pin rise edge)
                                                     32.000    32.000 r  
    BUFGCTRL_X0Y0        BUFG                         0.000    32.000 r  design_1_i/processing_system7_0/inst/buffer_fclk_clk_0.FCLK_CLK_0_BUFG/O
                         net (fo=7094, routed)        1.737    33.737    design_1_i/Conv_axis_vga_0/U0/clk
    SLICE_X42Y27         FDCE                                         r  design_1_i/Conv_axis_vga_0/U0/S_CTRL_V_reg[4]/C
  -------------------------------------------------------------------    -------------------
    SLICE_X42Y27         FDCE (Prop_fdce_C_Q)         0.518    34.255 f  design_1_i/Conv_axis_vga_0/U0/S_CTRL_V_reg[4]/Q
                         net (fo=6, routed)           0.991    35.246    design_1_i/Conv_axis_vga_0/U0/S_CTRL_V_reg[4]
    SLICE_X43Y27         LUT2 (Prop_lut2_I1_O)        0.124    35.370 r  design_1_i/Conv_axis_vga_0/U0/axis_tready_INST_0_i_14/O
                         net (fo=1, routed)           0.000    35.370    design_1_i/Conv_axis_vga_0/U0/axis_tready_INST_0_i_14_n_0
    SLICE_X43Y27         CARRY4 (Prop_carry4_S[0]_CO[3])
                                                      0.532    35.902 r  design_1_i/Conv_axis_vga_0/U0/axis_tready_INST_0_i_2/CO[3]
                         net (fo=14, routed)          1.508    37.410    design_1_i/Conv_axis_vga_0/U0/ltOp3_in
    SLICE_X41Y22         LUT2 (Prop_lut2_I1_O)        0.150    37.560 r  design_1_i/Conv_axis_vga_0/U0/axis_tready_INST_0/O
                         net (fo=2, routed)           0.594    38.154    design_1_i/redim_filter_0/U0/Axis_Tready_out
    SLICE_X41Y23         LUT2 (Prop_lut2_I0_O)        0.351    38.505 r  design_1_i/redim_filter_0/U0/S_axis_Tdata_reg_out[23]_i_1/O
                         net (fo=4, routed)           0.624    39.129    design_1_i/redim_filter_0/U0/S_axis_Tdata_reg_out[23]_i_1_n_0
    SLICE_X41Y23         FDCE                                         r  design_1_i/redim_filter_0/U0/S_axis_Tdata_reg_out_reg[23]/CE
  -------------------------------------------------------------------    -------------------

                         (clock clk_fpga_0 rise edge)
                                                     40.000    40.000 r  
    PS7_X0Y0             PS7                          0.000    40.000 r  design_1_i/processing_system7_0/inst/PS7_i/FCLKCLK[0]
                         net (fo=1, routed)           1.101    41.101    design_1_i/processing_system7_0/inst/FCLK_CLK_unbuffered[0]
    BUFGCTRL_X0Y0        BUFG (Prop_bufg_I_O)         0.091    41.192 r  design_1_i/processing_system7_0/inst/buffer_fclk_clk_0.FCLK_CLK_0_BUFG/O
                         net (fo=7094, routed)        1.561    42.754    design_1_i/redim_filter_0/U0/clk
    SLICE_X41Y23         FDCE                                         r  design_1_i/redim_filter_0/U0/S_axis_Tdata_reg_out_reg[23]/C
                         clock pessimism              0.115    42.868    
                         clock uncertainty           -0.601    42.267    
    SLICE_X41Y23         FDCE (Setup_fdce_C_CE)      -0.413    41.854    design_1_i/redim_filter_0/U0/S_axis_Tdata_reg_out_reg[23]
  -------------------------------------------------------------------
                         required time                         41.854    
                         arrival time                         -39.129    
  -------------------------------------------------------------------
                         slack                                  2.725    

Slack (MET) :             3.828ns  (required time - arrival time)
  Source:                 design_1_i/Conv_axis_vga_0/U0/S_CTRL_V_reg[4]/C
                            (rising edge-triggered cell FDCE clocked by sys_clk_pin  {rise@0.000ns fall@4.000ns period=8.000ns})
  Destination:            design_1_i/redim_filter_0/U0/S_Axis_Tready_reg_in_reg/D
                            (rising edge-triggered cell FDCE clocked by clk_fpga_0  {rise@0.000ns fall@20.000ns period=40.000ns})
  Path Group:             clk_fpga_0
  Path Type:              Setup (Max at Slow Process Corner)
  Requirement:            8.000ns  (clk_fpga_0 rise@40.000ns - sys_clk_pin rise@32.000ns)
  Data Path Delay:        4.441ns  (logic 1.324ns (29.814%)  route 3.117ns (70.186%))
  Logic Levels:           3  (CARRY4=1 LUT2=2)
  Clock Path Skew:        1.131ns (DCD - SCD + CPR)
    Destination Clock Delay (DCD):    2.753ns = ( 42.754 - 40.000 ) 
    Source Clock Delay      (SCD):    1.737ns = ( 33.737 - 32.000 ) 
    Clock Pessimism Removal (CPR):    0.115ns
  Clock Uncertainty:      0.601ns  ((TSJ^2 + TIJ^2)^1/2 + DJ) / 2 + PE
    Total System Jitter     (TSJ):    0.071ns
    Total Input Jitter      (TIJ):    1.200ns
    Discrete Jitter          (DJ):    0.000ns
    Phase Error              (PE):    0.000ns
  Clock Domain Crossing:  Inter clock paths are considered valid unless explicitly excluded by timing constraints such as set_clock_groups or set_false_path.

    Location             Delay type                Incr(ns)  Path(ns)    Netlist Resource(s)
  -------------------------------------------------------------------    -------------------
                         (clock sys_clk_pin rise edge)
                                                     32.000    32.000 r  
    BUFGCTRL_X0Y0        BUFG                         0.000    32.000 r  design_1_i/processing_system7_0/inst/buffer_fclk_clk_0.FCLK_CLK_0_BUFG/O
                         net (fo=7094, routed)        1.737    33.737    design_1_i/Conv_axis_vga_0/U0/clk
    SLICE_X42Y27         FDCE                                         r  design_1_i/Conv_axis_vga_0/U0/S_CTRL_V_reg[4]/C
  -------------------------------------------------------------------    -------------------
    SLICE_X42Y27         FDCE (Prop_fdce_C_Q)         0.518    34.255 f  design_1_i/Conv_axis_vga_0/U0/S_CTRL_V_reg[4]/Q
                         net (fo=6, routed)           0.991    35.246    design_1_i/Conv_axis_vga_0/U0/S_CTRL_V_reg[4]
    SLICE_X43Y27         LUT2 (Prop_lut2_I1_O)        0.124    35.370 r  design_1_i/Conv_axis_vga_0/U0/axis_tready_INST_0_i_14/O
                         net (fo=1, routed)           0.000    35.370    design_1_i/Conv_axis_vga_0/U0/axis_tready_INST_0_i_14_n_0
    SLICE_X43Y27         CARRY4 (Prop_carry4_S[0]_CO[3])
                                                      0.532    35.902 r  design_1_i/Conv_axis_vga_0/U0/axis_tready_INST_0_i_2/CO[3]
                         net (fo=14, routed)          1.508    37.410    design_1_i/Conv_axis_vga_0/U0/ltOp3_in
    SLICE_X41Y22         LUT2 (Prop_lut2_I1_O)        0.150    37.560 r  design_1_i/Conv_axis_vga_0/U0/axis_tready_INST_0/O
                         net (fo=2, routed)           0.618    38.178    design_1_i/redim_filter_0/U0/Axis_Tready_out
    SLICE_X42Y23         FDCE                                         r  design_1_i/redim_filter_0/U0/S_Axis_Tready_reg_in_reg/D
  -------------------------------------------------------------------    -------------------

                         (clock clk_fpga_0 rise edge)
                                                     40.000    40.000 r  
    PS7_X0Y0             PS7                          0.000    40.000 r  design_1_i/processing_system7_0/inst/PS7_i/FCLKCLK[0]
                         net (fo=1, routed)           1.101    41.101    design_1_i/processing_system7_0/inst/FCLK_CLK_unbuffered[0]
    BUFGCTRL_X0Y0        BUFG (Prop_bufg_I_O)         0.091    41.192 r  design_1_i/processing_system7_0/inst/buffer_fclk_clk_0.FCLK_CLK_0_BUFG/O
                         net (fo=7094, routed)        1.561    42.754    design_1_i/redim_filter_0/U0/clk
    SLICE_X42Y23         FDCE                                         r  design_1_i/redim_filter_0/U0/S_Axis_Tready_reg_in_reg/C
                         clock pessimism              0.115    42.868    
                         clock uncertainty           -0.601    42.267    
    SLICE_X42Y23         FDCE (Setup_fdce_C_D)       -0.261    42.006    design_1_i/redim_filter_0/U0/S_Axis_Tready_reg_in_reg
  -------------------------------------------------------------------
                         required time                         42.006    
                         arrival time                         -38.178    
  -------------------------------------------------------------------
                         slack                                  3.828    





Min Delay Paths
--------------------------------------------------------------------------------------
Slack (MET) :             0.384ns  (arrival time - required time)
  Source:                 design_1_i/Conv_axis_vga_0/U0/S_CTRL_H_reg[10]/C
                            (rising edge-triggered cell FDCE clocked by sys_clk_pin  {rise@0.000ns fall@4.000ns period=8.000ns})
  Destination:            design_1_i/redim_filter_0/U0/S_Axis_Tready_reg_in_reg/D
                            (rising edge-triggered cell FDCE clocked by clk_fpga_0  {rise@0.000ns fall@20.000ns period=40.000ns})
  Path Group:             clk_fpga_0
  Path Type:              Hold (Min at Fast Process Corner)
  Requirement:            0.000ns  (clk_fpga_0 rise@0.000ns - sys_clk_pin rise@0.000ns)
  Data Path Delay:        1.413ns  (logic 0.380ns (26.891%)  route 1.033ns (73.110%))
  Logic Levels:           3  (CARRY4=1 LUT2=2)
  Clock Path Skew:        0.404ns (DCD - SCD - CPR)
    Destination Clock Delay (DCD):    1.216ns
    Source Clock Delay      (SCD):    0.579ns
    Clock Pessimism Removal (CPR):    0.233ns
  Clock Uncertainty:      0.601ns  ((TSJ^2 + TIJ^2)^1/2 + DJ) / 2 + PE
    Total System Jitter     (TSJ):    0.071ns
    Total Input Jitter      (TIJ):    1.200ns
    Discrete Jitter          (DJ):    0.000ns
    Phase Error              (PE):    0.000ns
  Clock Domain Crossing:  Inter clock paths are considered valid unless explicitly excluded by timing constraints such as set_clock_groups or set_false_path.

    Location             Delay type                Incr(ns)  Path(ns)    Netlist Resource(s)
  -------------------------------------------------------------------    -------------------
                         (clock sys_clk_pin rise edge)
                                                      0.000     0.000 r  
    BUFGCTRL_X0Y0        BUFG                         0.000     0.000 r  design_1_i/processing_system7_0/inst/buffer_fclk_clk_0.FCLK_CLK_0_BUFG/O
                         net (fo=7094, routed)        0.579     0.579    design_1_i/Conv_axis_vga_0/U0/clk
    SLICE_X43Y25         FDCE                                         r  design_1_i/Conv_axis_vga_0/U0/S_CTRL_H_reg[10]/C
  -------------------------------------------------------------------    -------------------
    SLICE_X43Y25         FDCE (Prop_fdce_C_Q)         0.141     0.720 f  design_1_i/Conv_axis_vga_0/U0/S_CTRL_H_reg[10]/Q
                         net (fo=6, routed)           0.361     1.081    design_1_i/Conv_axis_vga_0/U0/S_CTRL_H_reg[10]
    SLICE_X42Y24         LUT2 (Prop_lut2_I0_O)        0.045     1.126 r  design_1_i/Conv_axis_vga_0/U0/axis_tready_INST_0_i_5/O
                         net (fo=1, routed)           0.000     1.126    design_1_i/Conv_axis_vga_0/U0/axis_tready_INST_0_i_5_n_0
    SLICE_X42Y24         CARRY4 (Prop_carry4_S[2]_CO[2])
                                                      0.081     1.207 r  design_1_i/Conv_axis_vga_0/U0/axis_tready_INST_0_i_1/CO[2]
                         net (fo=14, routed)          0.469     1.676    design_1_i/Conv_axis_vga_0/U0/ltOp4_in
    SLICE_X41Y22         LUT2 (Prop_lut2_I0_O)        0.113     1.789 r  design_1_i/Conv_axis_vga_0/U0/axis_tready_INST_0/O
                         net (fo=2, routed)           0.203     1.992    design_1_i/redim_filter_0/U0/Axis_Tready_out
    SLICE_X42Y23         FDCE                                         r  design_1_i/redim_filter_0/U0/S_Axis_Tready_reg_in_reg/D
  -------------------------------------------------------------------    -------------------

                         (clock clk_fpga_0 rise edge)
                                                      0.000     0.000 r  
    PS7_X0Y0             PS7                          0.000     0.000 r  design_1_i/processing_system7_0/inst/PS7_i/FCLKCLK[0]
                         net (fo=1, routed)           0.341     0.341    design_1_i/processing_system7_0/inst/FCLK_CLK_unbuffered[0]
    BUFGCTRL_X0Y0        BUFG (Prop_bufg_I_O)         0.029     0.370 r  design_1_i/processing_system7_0/inst/buffer_fclk_clk_0.FCLK_CLK_0_BUFG/O
                         net (fo=7094, routed)        0.846     1.216    design_1_i/redim_filter_0/U0/clk
    SLICE_X42Y23         FDCE                                         r  design_1_i/redim_filter_0/U0/S_Axis_Tready_reg_in_reg/C
                         clock pessimism             -0.233     0.983    
                         clock uncertainty            0.601     1.584    
    SLICE_X42Y23         FDCE (Hold_fdce_C_D)         0.024     1.608    design_1_i/redim_filter_0/U0/S_Axis_Tready_reg_in_reg
  -------------------------------------------------------------------
                         required time                         -1.608    
                         arrival time                           1.992    
  -------------------------------------------------------------------
                         slack                                  0.384    

Slack (MET) :             0.854ns  (arrival time - required time)
  Source:                 design_1_i/Conv_axis_vga_0/U0/S_CTRL_H_reg[10]/C
                            (rising edge-triggered cell FDCE clocked by sys_clk_pin  {rise@0.000ns fall@4.000ns period=8.000ns})
  Destination:            design_1_i/redim_filter_0/U0/S_axis_Tdata_reg_out_reg[20]/CE
                            (rising edge-triggered cell FDCE clocked by clk_fpga_0  {rise@0.000ns fall@20.000ns period=40.000ns})
  Path Group:             clk_fpga_0
  Path Type:              Hold (Min at Fast Process Corner)
  Requirement:            0.000ns  (clk_fpga_0 rise@0.000ns - sys_clk_pin rise@0.000ns)
  Data Path Delay:        1.753ns  (logic 0.486ns (27.719%)  route 1.267ns (72.281%))
  Logic Levels:           4  (CARRY4=1 LUT2=3)
  Clock Path Skew:        0.404ns (DCD - SCD - CPR)
    Destination Clock Delay (DCD):    1.216ns
    Source Clock Delay      (SCD):    0.579ns
    Clock Pessimism Removal (CPR):    0.233ns
  Clock Uncertainty:      0.601ns  ((TSJ^2 + TIJ^2)^1/2 + DJ) / 2 + PE
    Total System Jitter     (TSJ):    0.071ns
    Total Input Jitter      (TIJ):    1.200ns
    Discrete Jitter          (DJ):    0.000ns
    Phase Error              (PE):    0.000ns
  Clock Domain Crossing:  Inter clock paths are considered valid unless explicitly excluded by timing constraints such as set_clock_groups or set_false_path.

    Location             Delay type                Incr(ns)  Path(ns)    Netlist Resource(s)
  -------------------------------------------------------------------    -------------------
                         (clock sys_clk_pin rise edge)
                                                      0.000     0.000 r  
    BUFGCTRL_X0Y0        BUFG                         0.000     0.000 r  design_1_i/processing_system7_0/inst/buffer_fclk_clk_0.FCLK_CLK_0_BUFG/O
                         net (fo=7094, routed)        0.579     0.579    design_1_i/Conv_axis_vga_0/U0/clk
    SLICE_X43Y25         FDCE                                         r  design_1_i/Conv_axis_vga_0/U0/S_CTRL_H_reg[10]/C
  -------------------------------------------------------------------    -------------------
    SLICE_X43Y25         FDCE (Prop_fdce_C_Q)         0.141     0.720 f  design_1_i/Conv_axis_vga_0/U0/S_CTRL_H_reg[10]/Q
                         net (fo=6, routed)           0.361     1.081    design_1_i/Conv_axis_vga_0/U0/S_CTRL_H_reg[10]
    SLICE_X42Y24         LUT2 (Prop_lut2_I0_O)        0.045     1.126 r  design_1_i/Conv_axis_vga_0/U0/axis_tready_INST_0_i_5/O
                         net (fo=1, routed)           0.000     1.126    design_1_i/Conv_axis_vga_0/U0/axis_tready_INST_0_i_5_n_0
    SLICE_X42Y24         CARRY4 (Prop_carry4_S[2]_CO[2])
                                                      0.081     1.207 r  design_1_i/Conv_axis_vga_0/U0/axis_tready_INST_0_i_1/CO[2]
                         net (fo=14, routed)          0.469     1.676    design_1_i/Conv_axis_vga_0/U0/ltOp4_in
    SLICE_X41Y22         LUT2 (Prop_lut2_I0_O)        0.113     1.789 r  design_1_i/Conv_axis_vga_0/U0/axis_tready_INST_0/O
                         net (fo=2, routed)           0.213     2.002    design_1_i/redim_filter_0/U0/Axis_Tready_out
    SLICE_X41Y23         LUT2 (Prop_lut2_I0_O)        0.106     2.108 r  design_1_i/redim_filter_0/U0/S_axis_Tdata_reg_out[23]_i_1/O
                         net (fo=4, routed)           0.224     2.332    design_1_i/redim_filter_0/U0/S_axis_Tdata_reg_out[23]_i_1_n_0
    SLICE_X41Y23         FDCE                                         r  design_1_i/redim_filter_0/U0/S_axis_Tdata_reg_out_reg[20]/CE
  -------------------------------------------------------------------    -------------------

                         (clock clk_fpga_0 rise edge)
                                                      0.000     0.000 r  
    PS7_X0Y0             PS7                          0.000     0.000 r  design_1_i/processing_system7_0/inst/PS7_i/FCLKCLK[0]
                         net (fo=1, routed)           0.341     0.341    design_1_i/processing_system7_0/inst/FCLK_CLK_unbuffered[0]
    BUFGCTRL_X0Y0        BUFG (Prop_bufg_I_O)         0.029     0.370 r  design_1_i/processing_system7_0/inst/buffer_fclk_clk_0.FCLK_CLK_0_BUFG/O
                         net (fo=7094, routed)        0.846     1.216    design_1_i/redim_filter_0/U0/clk
    SLICE_X41Y23         FDCE                                         r  design_1_i/redim_filter_0/U0/S_axis_Tdata_reg_out_reg[20]/C
                         clock pessimism             -0.233     0.983    
                         clock uncertainty            0.601     1.584    
    SLICE_X41Y23         FDCE (Hold_fdce_C_CE)       -0.106     1.478    design_1_i/redim_filter_0/U0/S_axis_Tdata_reg_out_reg[20]
  -------------------------------------------------------------------
                         required time                         -1.478    
                         arrival time                           2.332    
  -------------------------------------------------------------------
                         slack                                  0.854    

Slack (MET) :             0.854ns  (arrival time - required time)
  Source:                 design_1_i/Conv_axis_vga_0/U0/S_CTRL_H_reg[10]/C
                            (rising edge-triggered cell FDCE clocked by sys_clk_pin  {rise@0.000ns fall@4.000ns period=8.000ns})
  Destination:            design_1_i/redim_filter_0/U0/S_axis_Tdata_reg_out_reg[21]/CE
                            (rising edge-triggered cell FDCE clocked by clk_fpga_0  {rise@0.000ns fall@20.000ns period=40.000ns})
  Path Group:             clk_fpga_0
  Path Type:              Hold (Min at Fast Process Corner)
  Requirement:            0.000ns  (clk_fpga_0 rise@0.000ns - sys_clk_pin rise@0.000ns)
  Data Path Delay:        1.753ns  (logic 0.486ns (27.719%)  route 1.267ns (72.281%))
  Logic Levels:           4  (CARRY4=1 LUT2=3)
  Clock Path Skew:        0.404ns (DCD - SCD - CPR)
    Destination Clock Delay (DCD):    1.216ns
    Source Clock Delay      (SCD):    0.579ns
    Clock Pessimism Removal (CPR):    0.233ns
  Clock Uncertainty:      0.601ns  ((TSJ^2 + TIJ^2)^1/2 + DJ) / 2 + PE
    Total System Jitter     (TSJ):    0.071ns
    Total Input Jitter      (TIJ):    1.200ns
    Discrete Jitter          (DJ):    0.000ns
    Phase Error              (PE):    0.000ns
  Clock Domain Crossing:  Inter clock paths are considered valid unless explicitly excluded by timing constraints such as set_clock_groups or set_false_path.

    Location             Delay type                Incr(ns)  Path(ns)    Netlist Resource(s)
  -------------------------------------------------------------------    -------------------
                         (clock sys_clk_pin rise edge)
                                                      0.000     0.000 r  
    BUFGCTRL_X0Y0        BUFG                         0.000     0.000 r  design_1_i/processing_system7_0/inst/buffer_fclk_clk_0.FCLK_CLK_0_BUFG/O
                         net (fo=7094, routed)        0.579     0.579    design_1_i/Conv_axis_vga_0/U0/clk
    SLICE_X43Y25         FDCE                                         r  design_1_i/Conv_axis_vga_0/U0/S_CTRL_H_reg[10]/C
  -------------------------------------------------------------------    -------------------
    SLICE_X43Y25         FDCE (Prop_fdce_C_Q)         0.141     0.720 f  design_1_i/Conv_axis_vga_0/U0/S_CTRL_H_reg[10]/Q
                         net (fo=6, routed)           0.361     1.081    design_1_i/Conv_axis_vga_0/U0/S_CTRL_H_reg[10]
    SLICE_X42Y24         LUT2 (Prop_lut2_I0_O)        0.045     1.126 r  design_1_i/Conv_axis_vga_0/U0/axis_tready_INST_0_i_5/O
                         net (fo=1, routed)           0.000     1.126    design_1_i/Conv_axis_vga_0/U0/axis_tready_INST_0_i_5_n_0
    SLICE_X42Y24         CARRY4 (Prop_carry4_S[2]_CO[2])
                                                      0.081     1.207 r  design_1_i/Conv_axis_vga_0/U0/axis_tready_INST_0_i_1/CO[2]
                         net (fo=14, routed)          0.469     1.676    design_1_i/Conv_axis_vga_0/U0/ltOp4_in
    SLICE_X41Y22         LUT2 (Prop_lut2_I0_O)        0.113     1.789 r  design_1_i/Conv_axis_vga_0/U0/axis_tready_INST_0/O
                         net (fo=2, routed)           0.213     2.002    design_1_i/redim_filter_0/U0/Axis_Tready_out
    SLICE_X41Y23         LUT2 (Prop_lut2_I0_O)        0.106     2.108 r  design_1_i/redim_filter_0/U0/S_axis_Tdata_reg_out[23]_i_1/O
                         net (fo=4, routed)           0.224     2.332    design_1_i/redim_filter_0/U0/S_axis_Tdata_reg_out[23]_i_1_n_0
    SLICE_X41Y23         FDCE                                         r  design_1_i/redim_filter_0/U0/S_axis_Tdata_reg_out_reg[21]/CE
  -------------------------------------------------------------------    -------------------

                         (clock clk_fpga_0 rise edge)
                                                      0.000     0.000 r  
    PS7_X0Y0             PS7                          0.000     0.000 r  design_1_i/processing_system7_0/inst/PS7_i/FCLKCLK[0]
                         net (fo=1, routed)           0.341     0.341    design_1_i/processing_system7_0/inst/FCLK_CLK_unbuffered[0]
    BUFGCTRL_X0Y0        BUFG (Prop_bufg_I_O)         0.029     0.370 r  design_1_i/processing_system7_0/inst/buffer_fclk_clk_0.FCLK_CLK_0_BUFG/O
                         net (fo=7094, routed)        0.846     1.216    design_1_i/redim_filter_0/U0/clk
    SLICE_X41Y23         FDCE                                         r  design_1_i/redim_filter_0/U0/S_axis_Tdata_reg_out_reg[21]/C
                         clock pessimism             -0.233     0.983    
                         clock uncertainty            0.601     1.584    
    SLICE_X41Y23         FDCE (Hold_fdce_C_CE)       -0.106     1.478    design_1_i/redim_filter_0/U0/S_axis_Tdata_reg_out_reg[21]
  -------------------------------------------------------------------
                         required time                         -1.478    
                         arrival time                           2.332    
  -------------------------------------------------------------------
                         slack                                  0.854    

Slack (MET) :             0.854ns  (arrival time - required time)
  Source:                 design_1_i/Conv_axis_vga_0/U0/S_CTRL_H_reg[10]/C
                            (rising edge-triggered cell FDCE clocked by sys_clk_pin  {rise@0.000ns fall@4.000ns period=8.000ns})
  Destination:            design_1_i/redim_filter_0/U0/S_axis_Tdata_reg_out_reg[22]/CE
                            (rising edge-triggered cell FDCE clocked by clk_fpga_0  {rise@0.000ns fall@20.000ns period=40.000ns})
  Path Group:             clk_fpga_0
  Path Type:              Hold (Min at Fast Process Corner)
  Requirement:            0.000ns  (clk_fpga_0 rise@0.000ns - sys_clk_pin rise@0.000ns)
  Data Path Delay:        1.753ns  (logic 0.486ns (27.719%)  route 1.267ns (72.281%))
  Logic Levels:           4  (CARRY4=1 LUT2=3)
  Clock Path Skew:        0.404ns (DCD - SCD - CPR)
    Destination Clock Delay (DCD):    1.216ns
    Source Clock Delay      (SCD):    0.579ns
    Clock Pessimism Removal (CPR):    0.233ns
  Clock Uncertainty:      0.601ns  ((TSJ^2 + TIJ^2)^1/2 + DJ) / 2 + PE
    Total System Jitter     (TSJ):    0.071ns
    Total Input Jitter      (TIJ):    1.200ns
    Discrete Jitter          (DJ):    0.000ns
    Phase Error              (PE):    0.000ns
  Clock Domain Crossing:  Inter clock paths are considered valid unless explicitly excluded by timing constraints such as set_clock_groups or set_false_path.

    Location             Delay type                Incr(ns)  Path(ns)    Netlist Resource(s)
  -------------------------------------------------------------------    -------------------
                         (clock sys_clk_pin rise edge)
                                                      0.000     0.000 r  
    BUFGCTRL_X0Y0        BUFG                         0.000     0.000 r  design_1_i/processing_system7_0/inst/buffer_fclk_clk_0.FCLK_CLK_0_BUFG/O
                         net (fo=7094, routed)        0.579     0.579    design_1_i/Conv_axis_vga_0/U0/clk
    SLICE_X43Y25         FDCE                                         r  design_1_i/Conv_axis_vga_0/U0/S_CTRL_H_reg[10]/C
  -------------------------------------------------------------------    -------------------
    SLICE_X43Y25         FDCE (Prop_fdce_C_Q)         0.141     0.720 f  design_1_i/Conv_axis_vga_0/U0/S_CTRL_H_reg[10]/Q
                         net (fo=6, routed)           0.361     1.081    design_1_i/Conv_axis_vga_0/U0/S_CTRL_H_reg[10]
    SLICE_X42Y24         LUT2 (Prop_lut2_I0_O)        0.045     1.126 r  design_1_i/Conv_axis_vga_0/U0/axis_tready_INST_0_i_5/O
                         net (fo=1, routed)           0.000     1.126    design_1_i/Conv_axis_vga_0/U0/axis_tready_INST_0_i_5_n_0
    SLICE_X42Y24         CARRY4 (Prop_carry4_S[2]_CO[2])
                                                      0.081     1.207 r  design_1_i/Conv_axis_vga_0/U0/axis_tready_INST_0_i_1/CO[2]
                         net (fo=14, routed)          0.469     1.676    design_1_i/Conv_axis_vga_0/U0/ltOp4_in
    SLICE_X41Y22         LUT2 (Prop_lut2_I0_O)        0.113     1.789 r  design_1_i/Conv_axis_vga_0/U0/axis_tready_INST_0/O
                         net (fo=2, routed)           0.213     2.002    design_1_i/redim_filter_0/U0/Axis_Tready_out
    SLICE_X41Y23         LUT2 (Prop_lut2_I0_O)        0.106     2.108 r  design_1_i/redim_filter_0/U0/S_axis_Tdata_reg_out[23]_i_1/O
                         net (fo=4, routed)           0.224     2.332    design_1_i/redim_filter_0/U0/S_axis_Tdata_reg_out[23]_i_1_n_0
    SLICE_X41Y23         FDCE                                         r  design_1_i/redim_filter_0/U0/S_axis_Tdata_reg_out_reg[22]/CE
  -------------------------------------------------------------------    -------------------

                         (clock clk_fpga_0 rise edge)
                                                      0.000     0.000 r  
    PS7_X0Y0             PS7                          0.000     0.000 r  design_1_i/processing_system7_0/inst/PS7_i/FCLKCLK[0]
                         net (fo=1, routed)           0.341     0.341    design_1_i/processing_system7_0/inst/FCLK_CLK_unbuffered[0]
    BUFGCTRL_X0Y0        BUFG (Prop_bufg_I_O)         0.029     0.370 r  design_1_i/processing_system7_0/inst/buffer_fclk_clk_0.FCLK_CLK_0_BUFG/O
                         net (fo=7094, routed)        0.846     1.216    design_1_i/redim_filter_0/U0/clk
    SLICE_X41Y23         FDCE                                         r  design_1_i/redim_filter_0/U0/S_axis_Tdata_reg_out_reg[22]/C
                         clock pessimism             -0.233     0.983    
                         clock uncertainty            0.601     1.584    
    SLICE_X41Y23         FDCE (Hold_fdce_C_CE)       -0.106     1.478    design_1_i/redim_filter_0/U0/S_axis_Tdata_reg_out_reg[22]
  -------------------------------------------------------------------
                         required time                         -1.478    
                         arrival time                           2.332    
  -------------------------------------------------------------------
                         slack                                  0.854    

Slack (MET) :             0.854ns  (arrival time - required time)
  Source:                 design_1_i/Conv_axis_vga_0/U0/S_CTRL_H_reg[10]/C
                            (rising edge-triggered cell FDCE clocked by sys_clk_pin  {rise@0.000ns fall@4.000ns period=8.000ns})
  Destination:            design_1_i/redim_filter_0/U0/S_axis_Tdata_reg_out_reg[23]/CE
                            (rising edge-triggered cell FDCE clocked by clk_fpga_0  {rise@0.000ns fall@20.000ns period=40.000ns})
  Path Group:             clk_fpga_0
  Path Type:              Hold (Min at Fast Process Corner)
  Requirement:            0.000ns  (clk_fpga_0 rise@0.000ns - sys_clk_pin rise@0.000ns)
  Data Path Delay:        1.753ns  (logic 0.486ns (27.719%)  route 1.267ns (72.281%))
  Logic Levels:           4  (CARRY4=1 LUT2=3)
  Clock Path Skew:        0.404ns (DCD - SCD - CPR)
    Destination Clock Delay (DCD):    1.216ns
    Source Clock Delay      (SCD):    0.579ns
    Clock Pessimism Removal (CPR):    0.233ns
  Clock Uncertainty:      0.601ns  ((TSJ^2 + TIJ^2)^1/2 + DJ) / 2 + PE
    Total System Jitter     (TSJ):    0.071ns
    Total Input Jitter      (TIJ):    1.200ns
    Discrete Jitter          (DJ):    0.000ns
    Phase Error              (PE):    0.000ns
  Clock Domain Crossing:  Inter clock paths are considered valid unless explicitly excluded by timing constraints such as set_clock_groups or set_false_path.

    Location             Delay type                Incr(ns)  Path(ns)    Netlist Resource(s)
  -------------------------------------------------------------------    -------------------
                         (clock sys_clk_pin rise edge)
                                                      0.000     0.000 r  
    BUFGCTRL_X0Y0        BUFG                         0.000     0.000 r  design_1_i/processing_system7_0/inst/buffer_fclk_clk_0.FCLK_CLK_0_BUFG/O
                         net (fo=7094, routed)        0.579     0.579    design_1_i/Conv_axis_vga_0/U0/clk
    SLICE_X43Y25         FDCE                                         r  design_1_i/Conv_axis_vga_0/U0/S_CTRL_H_reg[10]/C
  -------------------------------------------------------------------    -------------------
    SLICE_X43Y25         FDCE (Prop_fdce_C_Q)         0.141     0.720 f  design_1_i/Conv_axis_vga_0/U0/S_CTRL_H_reg[10]/Q
                         net (fo=6, routed)           0.361     1.081    design_1_i/Conv_axis_vga_0/U0/S_CTRL_H_reg[10]
    SLICE_X42Y24         LUT2 (Prop_lut2_I0_O)        0.045     1.126 r  design_1_i/Conv_axis_vga_0/U0/axis_tready_INST_0_i_5/O
                         net (fo=1, routed)           0.000     1.126    design_1_i/Conv_axis_vga_0/U0/axis_tready_INST_0_i_5_n_0
    SLICE_X42Y24         CARRY4 (Prop_carry4_S[2]_CO[2])
                                                      0.081     1.207 r  design_1_i/Conv_axis_vga_0/U0/axis_tready_INST_0_i_1/CO[2]
                         net (fo=14, routed)          0.469     1.676    design_1_i/Conv_axis_vga_0/U0/ltOp4_in
    SLICE_X41Y22         LUT2 (Prop_lut2_I0_O)        0.113     1.789 r  design_1_i/Conv_axis_vga_0/U0/axis_tready_INST_0/O
                         net (fo=2, routed)           0.213     2.002    design_1_i/redim_filter_0/U0/Axis_Tready_out
    SLICE_X41Y23         LUT2 (Prop_lut2_I0_O)        0.106     2.108 r  design_1_i/redim_filter_0/U0/S_axis_Tdata_reg_out[23]_i_1/O
                         net (fo=4, routed)           0.224     2.332    design_1_i/redim_filter_0/U0/S_axis_Tdata_reg_out[23]_i_1_n_0
    SLICE_X41Y23         FDCE                                         r  design_1_i/redim_filter_0/U0/S_axis_Tdata_reg_out_reg[23]/CE
  -------------------------------------------------------------------    -------------------

                         (clock clk_fpga_0 rise edge)
                                                      0.000     0.000 r  
    PS7_X0Y0             PS7                          0.000     0.000 r  design_1_i/processing_system7_0/inst/PS7_i/FCLKCLK[0]
                         net (fo=1, routed)           0.341     0.341    design_1_i/processing_system7_0/inst/FCLK_CLK_unbuffered[0]
    BUFGCTRL_X0Y0        BUFG (Prop_bufg_I_O)         0.029     0.370 r  design_1_i/processing_system7_0/inst/buffer_fclk_clk_0.FCLK_CLK_0_BUFG/O
                         net (fo=7094, routed)        0.846     1.216    design_1_i/redim_filter_0/U0/clk
    SLICE_X41Y23         FDCE                                         r  design_1_i/redim_filter_0/U0/S_axis_Tdata_reg_out_reg[23]/C
                         clock pessimism             -0.233     0.983    
                         clock uncertainty            0.601     1.584    
    SLICE_X41Y23         FDCE (Hold_fdce_C_CE)       -0.106     1.478    design_1_i/redim_filter_0/U0/S_axis_Tdata_reg_out_reg[23]
  -------------------------------------------------------------------
                         required time                         -1.478    
                         arrival time                           2.332    
  -------------------------------------------------------------------
                         slack                                  0.854    





---------------------------------------------------------------------------------------------------
From Clock:  clk_fpga_0
  To Clock:  sys_clk_pin

Setup :            0  Failing Endpoints,  Worst Slack        3.555ns,  Total Violation        0.000ns
Hold  :            0  Failing Endpoints,  Worst Slack        0.137ns,  Total Violation        0.000ns
---------------------------------------------------------------------------------------------------


Max Delay Paths
--------------------------------------------------------------------------------------
Slack (MET) :             3.555ns  (required time - arrival time)
  Source:                 design_1_i/redim_filter_0/U0/S_Axis_TValid_reg_out_reg/C
                            (rising edge-triggered cell FDCE clocked by clk_fpga_0  {rise@0.000ns fall@20.000ns period=40.000ns})
  Destination:            design_1_i/Conv_axis_vga_0/U0/S_CTRL_V_reg[0]/CE
                            (rising edge-triggered cell FDCE clocked by sys_clk_pin  {rise@0.000ns fall@4.000ns period=8.000ns})
  Path Group:             sys_clk_pin
  Path Type:              Setup (Max at Slow Process Corner)
  Requirement:            8.000ns  (sys_clk_pin rise@8.000ns - clk_fpga_0 rise@0.000ns)
  Data Path Delay:        2.307ns  (logic 0.642ns (27.832%)  route 1.665ns (72.168%))
  Logic Levels:           1  (LUT2=1)
  Clock Path Skew:        -1.368ns (DCD - SCD + CPR)
    Destination Clock Delay (DCD):    1.561ns = ( 9.561 - 8.000 ) 
    Source Clock Delay      (SCD):    3.044ns
    Clock Pessimism Removal (CPR):    0.115ns
  Clock Uncertainty:      0.601ns  ((TSJ^2 + TIJ^2)^1/2 + DJ) / 2 + PE
    Total System Jitter     (TSJ):    0.071ns
    Total Input Jitter      (TIJ):    1.200ns
    Discrete Jitter          (DJ):    0.000ns
    Phase Error              (PE):    0.000ns
  Clock Domain Crossing:  Inter clock paths are considered valid unless explicitly excluded by timing constraints such as set_clock_groups or set_false_path.

    Location             Delay type                Incr(ns)  Path(ns)    Netlist Resource(s)
  -------------------------------------------------------------------    -------------------
                         (clock clk_fpga_0 rise edge)
                                                      0.000     0.000 r  
    PS7_X0Y0             PS7                          0.000     0.000 r  design_1_i/processing_system7_0/inst/PS7_i/FCLKCLK[0]
                         net (fo=1, routed)           1.207     1.207    design_1_i/processing_system7_0/inst/FCLK_CLK_unbuffered[0]
    BUFGCTRL_X0Y0        BUFG (Prop_bufg_I_O)         0.101     1.308 r  design_1_i/processing_system7_0/inst/buffer_fclk_clk_0.FCLK_CLK_0_BUFG/O
                         net (fo=7094, routed)        1.736     3.044    design_1_i/redim_filter_0/U0/clk
    SLICE_X42Y23         FDCE                                         r  design_1_i/redim_filter_0/U0/S_Axis_TValid_reg_out_reg/C
  -------------------------------------------------------------------    -------------------
    SLICE_X42Y23         FDCE (Prop_fdce_C_Q)         0.518     3.562 r  design_1_i/redim_filter_0/U0/S_Axis_TValid_reg_out_reg/Q
                         net (fo=26, routed)          1.084     4.646    design_1_i/Conv_axis_vga_0/U0/axis_tvalid
    SLICE_X43Y26         LUT2 (Prop_lut2_I0_O)        0.124     4.770 r  design_1_i/Conv_axis_vga_0/U0/S_CTRL_V[0]_i_1/O
                         net (fo=12, routed)          0.580     5.351    design_1_i/Conv_axis_vga_0/U0/S_CTRL_V
    SLICE_X42Y26         FDCE                                         r  design_1_i/Conv_axis_vga_0/U0/S_CTRL_V_reg[0]/CE
  -------------------------------------------------------------------    -------------------

                         (clock sys_clk_pin rise edge)
                                                      8.000     8.000 r  
    BUFGCTRL_X0Y0        BUFG                         0.000     8.000 r  design_1_i/processing_system7_0/inst/buffer_fclk_clk_0.FCLK_CLK_0_BUFG/O
                         net (fo=7094, routed)        1.561     9.561    design_1_i/Conv_axis_vga_0/U0/clk
    SLICE_X42Y26         FDCE                                         r  design_1_i/Conv_axis_vga_0/U0/S_CTRL_V_reg[0]/C
                         clock pessimism              0.115     9.676    
                         clock uncertainty           -0.601     9.075    
    SLICE_X42Y26         FDCE (Setup_fdce_C_CE)      -0.169     8.906    design_1_i/Conv_axis_vga_0/U0/S_CTRL_V_reg[0]
  -------------------------------------------------------------------
                         required time                          8.906    
                         arrival time                          -5.351    
  -------------------------------------------------------------------
                         slack                                  3.555    

Slack (MET) :             3.555ns  (required time - arrival time)
  Source:                 design_1_i/redim_filter_0/U0/S_Axis_TValid_reg_out_reg/C
                            (rising edge-triggered cell FDCE clocked by clk_fpga_0  {rise@0.000ns fall@20.000ns period=40.000ns})
  Destination:            design_1_i/Conv_axis_vga_0/U0/S_CTRL_V_reg[1]/CE
                            (rising edge-triggered cell FDCE clocked by sys_clk_pin  {rise@0.000ns fall@4.000ns period=8.000ns})
  Path Group:             sys_clk_pin
  Path Type:              Setup (Max at Slow Process Corner)
  Requirement:            8.000ns  (sys_clk_pin rise@8.000ns - clk_fpga_0 rise@0.000ns)
  Data Path Delay:        2.307ns  (logic 0.642ns (27.832%)  route 1.665ns (72.168%))
  Logic Levels:           1  (LUT2=1)
  Clock Path Skew:        -1.368ns (DCD - SCD + CPR)
    Destination Clock Delay (DCD):    1.561ns = ( 9.561 - 8.000 ) 
    Source Clock Delay      (SCD):    3.044ns
    Clock Pessimism Removal (CPR):    0.115ns
  Clock Uncertainty:      0.601ns  ((TSJ^2 + TIJ^2)^1/2 + DJ) / 2 + PE
    Total System Jitter     (TSJ):    0.071ns
    Total Input Jitter      (TIJ):    1.200ns
    Discrete Jitter          (DJ):    0.000ns
    Phase Error              (PE):    0.000ns
  Clock Domain Crossing:  Inter clock paths are considered valid unless explicitly excluded by timing constraints such as set_clock_groups or set_false_path.

    Location             Delay type                Incr(ns)  Path(ns)    Netlist Resource(s)
  -------------------------------------------------------------------    -------------------
                         (clock clk_fpga_0 rise edge)
                                                      0.000     0.000 r  
    PS7_X0Y0             PS7                          0.000     0.000 r  design_1_i/processing_system7_0/inst/PS7_i/FCLKCLK[0]
                         net (fo=1, routed)           1.207     1.207    design_1_i/processing_system7_0/inst/FCLK_CLK_unbuffered[0]
    BUFGCTRL_X0Y0        BUFG (Prop_bufg_I_O)         0.101     1.308 r  design_1_i/processing_system7_0/inst/buffer_fclk_clk_0.FCLK_CLK_0_BUFG/O
                         net (fo=7094, routed)        1.736     3.044    design_1_i/redim_filter_0/U0/clk
    SLICE_X42Y23         FDCE                                         r  design_1_i/redim_filter_0/U0/S_Axis_TValid_reg_out_reg/C
  -------------------------------------------------------------------    -------------------
    SLICE_X42Y23         FDCE (Prop_fdce_C_Q)         0.518     3.562 r  design_1_i/redim_filter_0/U0/S_Axis_TValid_reg_out_reg/Q
                         net (fo=26, routed)          1.084     4.646    design_1_i/Conv_axis_vga_0/U0/axis_tvalid
    SLICE_X43Y26         LUT2 (Prop_lut2_I0_O)        0.124     4.770 r  design_1_i/Conv_axis_vga_0/U0/S_CTRL_V[0]_i_1/O
                         net (fo=12, routed)          0.580     5.351    design_1_i/Conv_axis_vga_0/U0/S_CTRL_V
    SLICE_X42Y26         FDCE                                         r  design_1_i/Conv_axis_vga_0/U0/S_CTRL_V_reg[1]/CE
  -------------------------------------------------------------------    -------------------

                         (clock sys_clk_pin rise edge)
                                                      8.000     8.000 r  
    BUFGCTRL_X0Y0        BUFG                         0.000     8.000 r  design_1_i/processing_system7_0/inst/buffer_fclk_clk_0.FCLK_CLK_0_BUFG/O
                         net (fo=7094, routed)        1.561     9.561    design_1_i/Conv_axis_vga_0/U0/clk
    SLICE_X42Y26         FDCE                                         r  design_1_i/Conv_axis_vga_0/U0/S_CTRL_V_reg[1]/C
                         clock pessimism              0.115     9.676    
                         clock uncertainty           -0.601     9.075    
    SLICE_X42Y26         FDCE (Setup_fdce_C_CE)      -0.169     8.906    design_1_i/Conv_axis_vga_0/U0/S_CTRL_V_reg[1]
  -------------------------------------------------------------------
                         required time                          8.906    
                         arrival time                          -5.351    
  -------------------------------------------------------------------
                         slack                                  3.555    

Slack (MET) :             3.555ns  (required time - arrival time)
  Source:                 design_1_i/redim_filter_0/U0/S_Axis_TValid_reg_out_reg/C
                            (rising edge-triggered cell FDCE clocked by clk_fpga_0  {rise@0.000ns fall@20.000ns period=40.000ns})
  Destination:            design_1_i/Conv_axis_vga_0/U0/S_CTRL_V_reg[2]/CE
                            (rising edge-triggered cell FDCE clocked by sys_clk_pin  {rise@0.000ns fall@4.000ns period=8.000ns})
  Path Group:             sys_clk_pin
  Path Type:              Setup (Max at Slow Process Corner)
  Requirement:            8.000ns  (sys_clk_pin rise@8.000ns - clk_fpga_0 rise@0.000ns)
  Data Path Delay:        2.307ns  (logic 0.642ns (27.832%)  route 1.665ns (72.168%))
  Logic Levels:           1  (LUT2=1)
  Clock Path Skew:        -1.368ns (DCD - SCD + CPR)
    Destination Clock Delay (DCD):    1.561ns = ( 9.561 - 8.000 ) 
    Source Clock Delay      (SCD):    3.044ns
    Clock Pessimism Removal (CPR):    0.115ns
  Clock Uncertainty:      0.601ns  ((TSJ^2 + TIJ^2)^1/2 + DJ) / 2 + PE
    Total System Jitter     (TSJ):    0.071ns
    Total Input Jitter      (TIJ):    1.200ns
    Discrete Jitter          (DJ):    0.000ns
    Phase Error              (PE):    0.000ns
  Clock Domain Crossing:  Inter clock paths are considered valid unless explicitly excluded by timing constraints such as set_clock_groups or set_false_path.

    Location             Delay type                Incr(ns)  Path(ns)    Netlist Resource(s)
  -------------------------------------------------------------------    -------------------
                         (clock clk_fpga_0 rise edge)
                                                      0.000     0.000 r  
    PS7_X0Y0             PS7                          0.000     0.000 r  design_1_i/processing_system7_0/inst/PS7_i/FCLKCLK[0]
                         net (fo=1, routed)           1.207     1.207    design_1_i/processing_system7_0/inst/FCLK_CLK_unbuffered[0]
    BUFGCTRL_X0Y0        BUFG (Prop_bufg_I_O)         0.101     1.308 r  design_1_i/processing_system7_0/inst/buffer_fclk_clk_0.FCLK_CLK_0_BUFG/O
                         net (fo=7094, routed)        1.736     3.044    design_1_i/redim_filter_0/U0/clk
    SLICE_X42Y23         FDCE                                         r  design_1_i/redim_filter_0/U0/S_Axis_TValid_reg_out_reg/C
  -------------------------------------------------------------------    -------------------
    SLICE_X42Y23         FDCE (Prop_fdce_C_Q)         0.518     3.562 r  design_1_i/redim_filter_0/U0/S_Axis_TValid_reg_out_reg/Q
                         net (fo=26, routed)          1.084     4.646    design_1_i/Conv_axis_vga_0/U0/axis_tvalid
    SLICE_X43Y26         LUT2 (Prop_lut2_I0_O)        0.124     4.770 r  design_1_i/Conv_axis_vga_0/U0/S_CTRL_V[0]_i_1/O
                         net (fo=12, routed)          0.580     5.351    design_1_i/Conv_axis_vga_0/U0/S_CTRL_V
    SLICE_X42Y26         FDCE                                         r  design_1_i/Conv_axis_vga_0/U0/S_CTRL_V_reg[2]/CE
  -------------------------------------------------------------------    -------------------

                         (clock sys_clk_pin rise edge)
                                                      8.000     8.000 r  
    BUFGCTRL_X0Y0        BUFG                         0.000     8.000 r  design_1_i/processing_system7_0/inst/buffer_fclk_clk_0.FCLK_CLK_0_BUFG/O
                         net (fo=7094, routed)        1.561     9.561    design_1_i/Conv_axis_vga_0/U0/clk
    SLICE_X42Y26         FDCE                                         r  design_1_i/Conv_axis_vga_0/U0/S_CTRL_V_reg[2]/C
                         clock pessimism              0.115     9.676    
                         clock uncertainty           -0.601     9.075    
    SLICE_X42Y26         FDCE (Setup_fdce_C_CE)      -0.169     8.906    design_1_i/Conv_axis_vga_0/U0/S_CTRL_V_reg[2]
  -------------------------------------------------------------------
                         required time                          8.906    
                         arrival time                          -5.351    
  -------------------------------------------------------------------
                         slack                                  3.555    

Slack (MET) :             3.555ns  (required time - arrival time)
  Source:                 design_1_i/redim_filter_0/U0/S_Axis_TValid_reg_out_reg/C
                            (rising edge-triggered cell FDCE clocked by clk_fpga_0  {rise@0.000ns fall@20.000ns period=40.000ns})
  Destination:            design_1_i/Conv_axis_vga_0/U0/S_CTRL_V_reg[3]/CE
                            (rising edge-triggered cell FDCE clocked by sys_clk_pin  {rise@0.000ns fall@4.000ns period=8.000ns})
  Path Group:             sys_clk_pin
  Path Type:              Setup (Max at Slow Process Corner)
  Requirement:            8.000ns  (sys_clk_pin rise@8.000ns - clk_fpga_0 rise@0.000ns)
  Data Path Delay:        2.307ns  (logic 0.642ns (27.832%)  route 1.665ns (72.168%))
  Logic Levels:           1  (LUT2=1)
  Clock Path Skew:        -1.368ns (DCD - SCD + CPR)
    Destination Clock Delay (DCD):    1.561ns = ( 9.561 - 8.000 ) 
    Source Clock Delay      (SCD):    3.044ns
    Clock Pessimism Removal (CPR):    0.115ns
  Clock Uncertainty:      0.601ns  ((TSJ^2 + TIJ^2)^1/2 + DJ) / 2 + PE
    Total System Jitter     (TSJ):    0.071ns
    Total Input Jitter      (TIJ):    1.200ns
    Discrete Jitter          (DJ):    0.000ns
    Phase Error              (PE):    0.000ns
  Clock Domain Crossing:  Inter clock paths are considered valid unless explicitly excluded by timing constraints such as set_clock_groups or set_false_path.

    Location             Delay type                Incr(ns)  Path(ns)    Netlist Resource(s)
  -------------------------------------------------------------------    -------------------
                         (clock clk_fpga_0 rise edge)
                                                      0.000     0.000 r  
    PS7_X0Y0             PS7                          0.000     0.000 r  design_1_i/processing_system7_0/inst/PS7_i/FCLKCLK[0]
                         net (fo=1, routed)           1.207     1.207    design_1_i/processing_system7_0/inst/FCLK_CLK_unbuffered[0]
    BUFGCTRL_X0Y0        BUFG (Prop_bufg_I_O)         0.101     1.308 r  design_1_i/processing_system7_0/inst/buffer_fclk_clk_0.FCLK_CLK_0_BUFG/O
                         net (fo=7094, routed)        1.736     3.044    design_1_i/redim_filter_0/U0/clk
    SLICE_X42Y23         FDCE                                         r  design_1_i/redim_filter_0/U0/S_Axis_TValid_reg_out_reg/C
  -------------------------------------------------------------------    -------------------
    SLICE_X42Y23         FDCE (Prop_fdce_C_Q)         0.518     3.562 r  design_1_i/redim_filter_0/U0/S_Axis_TValid_reg_out_reg/Q
                         net (fo=26, routed)          1.084     4.646    design_1_i/Conv_axis_vga_0/U0/axis_tvalid
    SLICE_X43Y26         LUT2 (Prop_lut2_I0_O)        0.124     4.770 r  design_1_i/Conv_axis_vga_0/U0/S_CTRL_V[0]_i_1/O
                         net (fo=12, routed)          0.580     5.351    design_1_i/Conv_axis_vga_0/U0/S_CTRL_V
    SLICE_X42Y26         FDCE                                         r  design_1_i/Conv_axis_vga_0/U0/S_CTRL_V_reg[3]/CE
  -------------------------------------------------------------------    -------------------

                         (clock sys_clk_pin rise edge)
                                                      8.000     8.000 r  
    BUFGCTRL_X0Y0        BUFG                         0.000     8.000 r  design_1_i/processing_system7_0/inst/buffer_fclk_clk_0.FCLK_CLK_0_BUFG/O
                         net (fo=7094, routed)        1.561     9.561    design_1_i/Conv_axis_vga_0/U0/clk
    SLICE_X42Y26         FDCE                                         r  design_1_i/Conv_axis_vga_0/U0/S_CTRL_V_reg[3]/C
                         clock pessimism              0.115     9.676    
                         clock uncertainty           -0.601     9.075    
    SLICE_X42Y26         FDCE (Setup_fdce_C_CE)      -0.169     8.906    design_1_i/Conv_axis_vga_0/U0/S_CTRL_V_reg[3]
  -------------------------------------------------------------------
                         required time                          8.906    
                         arrival time                          -5.351    
  -------------------------------------------------------------------
                         slack                                  3.555    

Slack (MET) :             3.647ns  (required time - arrival time)
  Source:                 design_1_i/redim_filter_0/U0/S_Axis_TValid_reg_out_reg/C
                            (rising edge-triggered cell FDCE clocked by clk_fpga_0  {rise@0.000ns fall@20.000ns period=40.000ns})
  Destination:            design_1_i/Conv_axis_vga_0/U0/S_CTRL_V_reg[10]/CE
                            (rising edge-triggered cell FDCE clocked by sys_clk_pin  {rise@0.000ns fall@4.000ns period=8.000ns})
  Path Group:             sys_clk_pin
  Path Type:              Setup (Max at Slow Process Corner)
  Requirement:            8.000ns  (sys_clk_pin rise@8.000ns - clk_fpga_0 rise@0.000ns)
  Data Path Delay:        2.218ns  (logic 0.642ns (28.948%)  route 1.576ns (71.052%))
  Logic Levels:           1  (LUT2=1)
  Clock Path Skew:        -1.365ns (DCD - SCD + CPR)
    Destination Clock Delay (DCD):    1.564ns = ( 9.564 - 8.000 ) 
    Source Clock Delay      (SCD):    3.044ns
    Clock Pessimism Removal (CPR):    0.115ns
  Clock Uncertainty:      0.601ns  ((TSJ^2 + TIJ^2)^1/2 + DJ) / 2 + PE
    Total System Jitter     (TSJ):    0.071ns
    Total Input Jitter      (TIJ):    1.200ns
    Discrete Jitter          (DJ):    0.000ns
    Phase Error              (PE):    0.000ns
  Clock Domain Crossing:  Inter clock paths are considered valid unless explicitly excluded by timing constraints such as set_clock_groups or set_false_path.

    Location             Delay type                Incr(ns)  Path(ns)    Netlist Resource(s)
  -------------------------------------------------------------------    -------------------
                         (clock clk_fpga_0 rise edge)
                                                      0.000     0.000 r  
    PS7_X0Y0             PS7                          0.000     0.000 r  design_1_i/processing_system7_0/inst/PS7_i/FCLKCLK[0]
                         net (fo=1, routed)           1.207     1.207    design_1_i/processing_system7_0/inst/FCLK_CLK_unbuffered[0]
    BUFGCTRL_X0Y0        BUFG (Prop_bufg_I_O)         0.101     1.308 r  design_1_i/processing_system7_0/inst/buffer_fclk_clk_0.FCLK_CLK_0_BUFG/O
                         net (fo=7094, routed)        1.736     3.044    design_1_i/redim_filter_0/U0/clk
    SLICE_X42Y23         FDCE                                         r  design_1_i/redim_filter_0/U0/S_Axis_TValid_reg_out_reg/C
  -------------------------------------------------------------------    -------------------
    SLICE_X42Y23         FDCE (Prop_fdce_C_Q)         0.518     3.562 r  design_1_i/redim_filter_0/U0/S_Axis_TValid_reg_out_reg/Q
                         net (fo=26, routed)          1.084     4.646    design_1_i/Conv_axis_vga_0/U0/axis_tvalid
    SLICE_X43Y26         LUT2 (Prop_lut2_I0_O)        0.124     4.770 r  design_1_i/Conv_axis_vga_0/U0/S_CTRL_V[0]_i_1/O
                         net (fo=12, routed)          0.491     5.262    design_1_i/Conv_axis_vga_0/U0/S_CTRL_V
    SLICE_X42Y28         FDCE                                         r  design_1_i/Conv_axis_vga_0/U0/S_CTRL_V_reg[10]/CE
  -------------------------------------------------------------------    -------------------

                         (clock sys_clk_pin rise edge)
                                                      8.000     8.000 r  
    BUFGCTRL_X0Y0        BUFG                         0.000     8.000 r  design_1_i/processing_system7_0/inst/buffer_fclk_clk_0.FCLK_CLK_0_BUFG/O
                         net (fo=7094, routed)        1.564     9.564    design_1_i/Conv_axis_vga_0/U0/clk
    SLICE_X42Y28         FDCE                                         r  design_1_i/Conv_axis_vga_0/U0/S_CTRL_V_reg[10]/C
                         clock pessimism              0.115     9.679    
                         clock uncertainty           -0.601     9.078    
    SLICE_X42Y28         FDCE (Setup_fdce_C_CE)      -0.169     8.909    design_1_i/Conv_axis_vga_0/U0/S_CTRL_V_reg[10]
  -------------------------------------------------------------------
                         required time                          8.909    
                         arrival time                          -5.262    
  -------------------------------------------------------------------
                         slack                                  3.647    

Slack (MET) :             3.647ns  (required time - arrival time)
  Source:                 design_1_i/redim_filter_0/U0/S_Axis_TValid_reg_out_reg/C
                            (rising edge-triggered cell FDCE clocked by clk_fpga_0  {rise@0.000ns fall@20.000ns period=40.000ns})
  Destination:            design_1_i/Conv_axis_vga_0/U0/S_CTRL_V_reg[11]/CE
                            (rising edge-triggered cell FDCE clocked by sys_clk_pin  {rise@0.000ns fall@4.000ns period=8.000ns})
  Path Group:             sys_clk_pin
  Path Type:              Setup (Max at Slow Process Corner)
  Requirement:            8.000ns  (sys_clk_pin rise@8.000ns - clk_fpga_0 rise@0.000ns)
  Data Path Delay:        2.218ns  (logic 0.642ns (28.948%)  route 1.576ns (71.052%))
  Logic Levels:           1  (LUT2=1)
  Clock Path Skew:        -1.365ns (DCD - SCD + CPR)
    Destination Clock Delay (DCD):    1.564ns = ( 9.564 - 8.000 ) 
    Source Clock Delay      (SCD):    3.044ns
    Clock Pessimism Removal (CPR):    0.115ns
  Clock Uncertainty:      0.601ns  ((TSJ^2 + TIJ^2)^1/2 + DJ) / 2 + PE
    Total System Jitter     (TSJ):    0.071ns
    Total Input Jitter      (TIJ):    1.200ns
    Discrete Jitter          (DJ):    0.000ns
    Phase Error              (PE):    0.000ns
  Clock Domain Crossing:  Inter clock paths are considered valid unless explicitly excluded by timing constraints such as set_clock_groups or set_false_path.

    Location             Delay type                Incr(ns)  Path(ns)    Netlist Resource(s)
  -------------------------------------------------------------------    -------------------
                         (clock clk_fpga_0 rise edge)
                                                      0.000     0.000 r  
    PS7_X0Y0             PS7                          0.000     0.000 r  design_1_i/processing_system7_0/inst/PS7_i/FCLKCLK[0]
                         net (fo=1, routed)           1.207     1.207    design_1_i/processing_system7_0/inst/FCLK_CLK_unbuffered[0]
    BUFGCTRL_X0Y0        BUFG (Prop_bufg_I_O)         0.101     1.308 r  design_1_i/processing_system7_0/inst/buffer_fclk_clk_0.FCLK_CLK_0_BUFG/O
                         net (fo=7094, routed)        1.736     3.044    design_1_i/redim_filter_0/U0/clk
    SLICE_X42Y23         FDCE                                         r  design_1_i/redim_filter_0/U0/S_Axis_TValid_reg_out_reg/C
  -------------------------------------------------------------------    -------------------
    SLICE_X42Y23         FDCE (Prop_fdce_C_Q)         0.518     3.562 r  design_1_i/redim_filter_0/U0/S_Axis_TValid_reg_out_reg/Q
                         net (fo=26, routed)          1.084     4.646    design_1_i/Conv_axis_vga_0/U0/axis_tvalid
    SLICE_X43Y26         LUT2 (Prop_lut2_I0_O)        0.124     4.770 r  design_1_i/Conv_axis_vga_0/U0/S_CTRL_V[0]_i_1/O
                         net (fo=12, routed)          0.491     5.262    design_1_i/Conv_axis_vga_0/U0/S_CTRL_V
    SLICE_X42Y28         FDCE                                         r  design_1_i/Conv_axis_vga_0/U0/S_CTRL_V_reg[11]/CE
  -------------------------------------------------------------------    -------------------

                         (clock sys_clk_pin rise edge)
                                                      8.000     8.000 r  
    BUFGCTRL_X0Y0        BUFG                         0.000     8.000 r  design_1_i/processing_system7_0/inst/buffer_fclk_clk_0.FCLK_CLK_0_BUFG/O
                         net (fo=7094, routed)        1.564     9.564    design_1_i/Conv_axis_vga_0/U0/clk
    SLICE_X42Y28         FDCE                                         r  design_1_i/Conv_axis_vga_0/U0/S_CTRL_V_reg[11]/C
                         clock pessimism              0.115     9.679    
                         clock uncertainty           -0.601     9.078    
    SLICE_X42Y28         FDCE (Setup_fdce_C_CE)      -0.169     8.909    design_1_i/Conv_axis_vga_0/U0/S_CTRL_V_reg[11]
  -------------------------------------------------------------------
                         required time                          8.909    
                         arrival time                          -5.262    
  -------------------------------------------------------------------
                         slack                                  3.647    

Slack (MET) :             3.647ns  (required time - arrival time)
  Source:                 design_1_i/redim_filter_0/U0/S_Axis_TValid_reg_out_reg/C
                            (rising edge-triggered cell FDCE clocked by clk_fpga_0  {rise@0.000ns fall@20.000ns period=40.000ns})
  Destination:            design_1_i/Conv_axis_vga_0/U0/S_CTRL_V_reg[8]/CE
                            (rising edge-triggered cell FDCE clocked by sys_clk_pin  {rise@0.000ns fall@4.000ns period=8.000ns})
  Path Group:             sys_clk_pin
  Path Type:              Setup (Max at Slow Process Corner)
  Requirement:            8.000ns  (sys_clk_pin rise@8.000ns - clk_fpga_0 rise@0.000ns)
  Data Path Delay:        2.218ns  (logic 0.642ns (28.948%)  route 1.576ns (71.052%))
  Logic Levels:           1  (LUT2=1)
  Clock Path Skew:        -1.365ns (DCD - SCD + CPR)
    Destination Clock Delay (DCD):    1.564ns = ( 9.564 - 8.000 ) 
    Source Clock Delay      (SCD):    3.044ns
    Clock Pessimism Removal (CPR):    0.115ns
  Clock Uncertainty:      0.601ns  ((TSJ^2 + TIJ^2)^1/2 + DJ) / 2 + PE
    Total System Jitter     (TSJ):    0.071ns
    Total Input Jitter      (TIJ):    1.200ns
    Discrete Jitter          (DJ):    0.000ns
    Phase Error              (PE):    0.000ns
  Clock Domain Crossing:  Inter clock paths are considered valid unless explicitly excluded by timing constraints such as set_clock_groups or set_false_path.

    Location             Delay type                Incr(ns)  Path(ns)    Netlist Resource(s)
  -------------------------------------------------------------------    -------------------
                         (clock clk_fpga_0 rise edge)
                                                      0.000     0.000 r  
    PS7_X0Y0             PS7                          0.000     0.000 r  design_1_i/processing_system7_0/inst/PS7_i/FCLKCLK[0]
                         net (fo=1, routed)           1.207     1.207    design_1_i/processing_system7_0/inst/FCLK_CLK_unbuffered[0]
    BUFGCTRL_X0Y0        BUFG (Prop_bufg_I_O)         0.101     1.308 r  design_1_i/processing_system7_0/inst/buffer_fclk_clk_0.FCLK_CLK_0_BUFG/O
                         net (fo=7094, routed)        1.736     3.044    design_1_i/redim_filter_0/U0/clk
    SLICE_X42Y23         FDCE                                         r  design_1_i/redim_filter_0/U0/S_Axis_TValid_reg_out_reg/C
  -------------------------------------------------------------------    -------------------
    SLICE_X42Y23         FDCE (Prop_fdce_C_Q)         0.518     3.562 r  design_1_i/redim_filter_0/U0/S_Axis_TValid_reg_out_reg/Q
                         net (fo=26, routed)          1.084     4.646    design_1_i/Conv_axis_vga_0/U0/axis_tvalid
    SLICE_X43Y26         LUT2 (Prop_lut2_I0_O)        0.124     4.770 r  design_1_i/Conv_axis_vga_0/U0/S_CTRL_V[0]_i_1/O
                         net (fo=12, routed)          0.491     5.262    design_1_i/Conv_axis_vga_0/U0/S_CTRL_V
    SLICE_X42Y28         FDCE                                         r  design_1_i/Conv_axis_vga_0/U0/S_CTRL_V_reg[8]/CE
  -------------------------------------------------------------------    -------------------

                         (clock sys_clk_pin rise edge)
                                                      8.000     8.000 r  
    BUFGCTRL_X0Y0        BUFG                         0.000     8.000 r  design_1_i/processing_system7_0/inst/buffer_fclk_clk_0.FCLK_CLK_0_BUFG/O
                         net (fo=7094, routed)        1.564     9.564    design_1_i/Conv_axis_vga_0/U0/clk
    SLICE_X42Y28         FDCE                                         r  design_1_i/Conv_axis_vga_0/U0/S_CTRL_V_reg[8]/C
                         clock pessimism              0.115     9.679    
                         clock uncertainty           -0.601     9.078    
    SLICE_X42Y28         FDCE (Setup_fdce_C_CE)      -0.169     8.909    design_1_i/Conv_axis_vga_0/U0/S_CTRL_V_reg[8]
  -------------------------------------------------------------------
                         required time                          8.909    
                         arrival time                          -5.262    
  -------------------------------------------------------------------
                         slack                                  3.647    

Slack (MET) :             3.647ns  (required time - arrival time)
  Source:                 design_1_i/redim_filter_0/U0/S_Axis_TValid_reg_out_reg/C
                            (rising edge-triggered cell FDCE clocked by clk_fpga_0  {rise@0.000ns fall@20.000ns period=40.000ns})
  Destination:            design_1_i/Conv_axis_vga_0/U0/S_CTRL_V_reg[9]/CE
                            (rising edge-triggered cell FDCE clocked by sys_clk_pin  {rise@0.000ns fall@4.000ns period=8.000ns})
  Path Group:             sys_clk_pin
  Path Type:              Setup (Max at Slow Process Corner)
  Requirement:            8.000ns  (sys_clk_pin rise@8.000ns - clk_fpga_0 rise@0.000ns)
  Data Path Delay:        2.218ns  (logic 0.642ns (28.948%)  route 1.576ns (71.052%))
  Logic Levels:           1  (LUT2=1)
  Clock Path Skew:        -1.365ns (DCD - SCD + CPR)
    Destination Clock Delay (DCD):    1.564ns = ( 9.564 - 8.000 ) 
    Source Clock Delay      (SCD):    3.044ns
    Clock Pessimism Removal (CPR):    0.115ns
  Clock Uncertainty:      0.601ns  ((TSJ^2 + TIJ^2)^1/2 + DJ) / 2 + PE
    Total System Jitter     (TSJ):    0.071ns
    Total Input Jitter      (TIJ):    1.200ns
    Discrete Jitter          (DJ):    0.000ns
    Phase Error              (PE):    0.000ns
  Clock Domain Crossing:  Inter clock paths are considered valid unless explicitly excluded by timing constraints such as set_clock_groups or set_false_path.

    Location             Delay type                Incr(ns)  Path(ns)    Netlist Resource(s)
  -------------------------------------------------------------------    -------------------
                         (clock clk_fpga_0 rise edge)
                                                      0.000     0.000 r  
    PS7_X0Y0             PS7                          0.000     0.000 r  design_1_i/processing_system7_0/inst/PS7_i/FCLKCLK[0]
                         net (fo=1, routed)           1.207     1.207    design_1_i/processing_system7_0/inst/FCLK_CLK_unbuffered[0]
    BUFGCTRL_X0Y0        BUFG (Prop_bufg_I_O)         0.101     1.308 r  design_1_i/processing_system7_0/inst/buffer_fclk_clk_0.FCLK_CLK_0_BUFG/O
                         net (fo=7094, routed)        1.736     3.044    design_1_i/redim_filter_0/U0/clk
    SLICE_X42Y23         FDCE                                         r  design_1_i/redim_filter_0/U0/S_Axis_TValid_reg_out_reg/C
  -------------------------------------------------------------------    -------------------
    SLICE_X42Y23         FDCE (Prop_fdce_C_Q)         0.518     3.562 r  design_1_i/redim_filter_0/U0/S_Axis_TValid_reg_out_reg/Q
                         net (fo=26, routed)          1.084     4.646    design_1_i/Conv_axis_vga_0/U0/axis_tvalid
    SLICE_X43Y26         LUT2 (Prop_lut2_I0_O)        0.124     4.770 r  design_1_i/Conv_axis_vga_0/U0/S_CTRL_V[0]_i_1/O
                         net (fo=12, routed)          0.491     5.262    design_1_i/Conv_axis_vga_0/U0/S_CTRL_V
    SLICE_X42Y28         FDCE                                         r  design_1_i/Conv_axis_vga_0/U0/S_CTRL_V_reg[9]/CE
  -------------------------------------------------------------------    -------------------

                         (clock sys_clk_pin rise edge)
                                                      8.000     8.000 r  
    BUFGCTRL_X0Y0        BUFG                         0.000     8.000 r  design_1_i/processing_system7_0/inst/buffer_fclk_clk_0.FCLK_CLK_0_BUFG/O
                         net (fo=7094, routed)        1.564     9.564    design_1_i/Conv_axis_vga_0/U0/clk
    SLICE_X42Y28         FDCE                                         r  design_1_i/Conv_axis_vga_0/U0/S_CTRL_V_reg[9]/C
                         clock pessimism              0.115     9.679    
                         clock uncertainty           -0.601     9.078    
    SLICE_X42Y28         FDCE (Setup_fdce_C_CE)      -0.169     8.909    design_1_i/Conv_axis_vga_0/U0/S_CTRL_V_reg[9]
  -------------------------------------------------------------------
                         required time                          8.909    
                         arrival time                          -5.262    
  -------------------------------------------------------------------
                         slack                                  3.647    

Slack (MET) :             3.785ns  (required time - arrival time)
  Source:                 design_1_i/redim_filter_0/U0/S_Axis_TValid_reg_out_reg/C
                            (rising edge-triggered cell FDCE clocked by clk_fpga_0  {rise@0.000ns fall@20.000ns period=40.000ns})
  Destination:            design_1_i/Conv_axis_vga_0/U0/S_CTRL_V_reg[4]/CE
                            (rising edge-triggered cell FDCE clocked by sys_clk_pin  {rise@0.000ns fall@4.000ns period=8.000ns})
  Path Group:             sys_clk_pin
  Path Type:              Setup (Max at Slow Process Corner)
  Requirement:            8.000ns  (sys_clk_pin rise@8.000ns - clk_fpga_0 rise@0.000ns)
  Data Path Delay:        2.078ns  (logic 0.642ns (30.897%)  route 1.436ns (69.103%))
  Logic Levels:           1  (LUT2=1)
  Clock Path Skew:        -1.367ns (DCD - SCD + CPR)
    Destination Clock Delay (DCD):    1.562ns = ( 9.562 - 8.000 ) 
    Source Clock Delay      (SCD):    3.044ns
    Clock Pessimism Removal (CPR):    0.115ns
  Clock Uncertainty:      0.601ns  ((TSJ^2 + TIJ^2)^1/2 + DJ) / 2 + PE
    Total System Jitter     (TSJ):    0.071ns
    Total Input Jitter      (TIJ):    1.200ns
    Discrete Jitter          (DJ):    0.000ns
    Phase Error              (PE):    0.000ns
  Clock Domain Crossing:  Inter clock paths are considered valid unless explicitly excluded by timing constraints such as set_clock_groups or set_false_path.

    Location             Delay type                Incr(ns)  Path(ns)    Netlist Resource(s)
  -------------------------------------------------------------------    -------------------
                         (clock clk_fpga_0 rise edge)
                                                      0.000     0.000 r  
    PS7_X0Y0             PS7                          0.000     0.000 r  design_1_i/processing_system7_0/inst/PS7_i/FCLKCLK[0]
                         net (fo=1, routed)           1.207     1.207    design_1_i/processing_system7_0/inst/FCLK_CLK_unbuffered[0]
    BUFGCTRL_X0Y0        BUFG (Prop_bufg_I_O)         0.101     1.308 r  design_1_i/processing_system7_0/inst/buffer_fclk_clk_0.FCLK_CLK_0_BUFG/O
                         net (fo=7094, routed)        1.736     3.044    design_1_i/redim_filter_0/U0/clk
    SLICE_X42Y23         FDCE                                         r  design_1_i/redim_filter_0/U0/S_Axis_TValid_reg_out_reg/C
  -------------------------------------------------------------------    -------------------
    SLICE_X42Y23         FDCE (Prop_fdce_C_Q)         0.518     3.562 r  design_1_i/redim_filter_0/U0/S_Axis_TValid_reg_out_reg/Q
                         net (fo=26, routed)          1.084     4.646    design_1_i/Conv_axis_vga_0/U0/axis_tvalid
    SLICE_X43Y26         LUT2 (Prop_lut2_I0_O)        0.124     4.770 r  design_1_i/Conv_axis_vga_0/U0/S_CTRL_V[0]_i_1/O
                         net (fo=12, routed)          0.351     5.122    design_1_i/Conv_axis_vga_0/U0/S_CTRL_V
    SLICE_X42Y27         FDCE                                         r  design_1_i/Conv_axis_vga_0/U0/S_CTRL_V_reg[4]/CE
  -------------------------------------------------------------------    -------------------

                         (clock sys_clk_pin rise edge)
                                                      8.000     8.000 r  
    BUFGCTRL_X0Y0        BUFG                         0.000     8.000 r  design_1_i/processing_system7_0/inst/buffer_fclk_clk_0.FCLK_CLK_0_BUFG/O
                         net (fo=7094, routed)        1.562     9.562    design_1_i/Conv_axis_vga_0/U0/clk
    SLICE_X42Y27         FDCE                                         r  design_1_i/Conv_axis_vga_0/U0/S_CTRL_V_reg[4]/C
                         clock pessimism              0.115     9.677    
                         clock uncertainty           -0.601     9.076    
    SLICE_X42Y27         FDCE (Setup_fdce_C_CE)      -0.169     8.907    design_1_i/Conv_axis_vga_0/U0/S_CTRL_V_reg[4]
  -------------------------------------------------------------------
                         required time                          8.907    
                         arrival time                          -5.122    
  -------------------------------------------------------------------
                         slack                                  3.785    

Slack (MET) :             3.785ns  (required time - arrival time)
  Source:                 design_1_i/redim_filter_0/U0/S_Axis_TValid_reg_out_reg/C
                            (rising edge-triggered cell FDCE clocked by clk_fpga_0  {rise@0.000ns fall@20.000ns period=40.000ns})
  Destination:            design_1_i/Conv_axis_vga_0/U0/S_CTRL_V_reg[5]/CE
                            (rising edge-triggered cell FDCE clocked by sys_clk_pin  {rise@0.000ns fall@4.000ns period=8.000ns})
  Path Group:             sys_clk_pin
  Path Type:              Setup (Max at Slow Process Corner)
  Requirement:            8.000ns  (sys_clk_pin rise@8.000ns - clk_fpga_0 rise@0.000ns)
  Data Path Delay:        2.078ns  (logic 0.642ns (30.897%)  route 1.436ns (69.103%))
  Logic Levels:           1  (LUT2=1)
  Clock Path Skew:        -1.367ns (DCD - SCD + CPR)
    Destination Clock Delay (DCD):    1.562ns = ( 9.562 - 8.000 ) 
    Source Clock Delay      (SCD):    3.044ns
    Clock Pessimism Removal (CPR):    0.115ns
  Clock Uncertainty:      0.601ns  ((TSJ^2 + TIJ^2)^1/2 + DJ) / 2 + PE
    Total System Jitter     (TSJ):    0.071ns
    Total Input Jitter      (TIJ):    1.200ns
    Discrete Jitter          (DJ):    0.000ns
    Phase Error              (PE):    0.000ns
  Clock Domain Crossing:  Inter clock paths are considered valid unless explicitly excluded by timing constraints such as set_clock_groups or set_false_path.

    Location             Delay type                Incr(ns)  Path(ns)    Netlist Resource(s)
  -------------------------------------------------------------------    -------------------
                         (clock clk_fpga_0 rise edge)
                                                      0.000     0.000 r  
    PS7_X0Y0             PS7                          0.000     0.000 r  design_1_i/processing_system7_0/inst/PS7_i/FCLKCLK[0]
                         net (fo=1, routed)           1.207     1.207    design_1_i/processing_system7_0/inst/FCLK_CLK_unbuffered[0]
    BUFGCTRL_X0Y0        BUFG (Prop_bufg_I_O)         0.101     1.308 r  design_1_i/processing_system7_0/inst/buffer_fclk_clk_0.FCLK_CLK_0_BUFG/O
                         net (fo=7094, routed)        1.736     3.044    design_1_i/redim_filter_0/U0/clk
    SLICE_X42Y23         FDCE                                         r  design_1_i/redim_filter_0/U0/S_Axis_TValid_reg_out_reg/C
  -------------------------------------------------------------------    -------------------
    SLICE_X42Y23         FDCE (Prop_fdce_C_Q)         0.518     3.562 r  design_1_i/redim_filter_0/U0/S_Axis_TValid_reg_out_reg/Q
                         net (fo=26, routed)          1.084     4.646    design_1_i/Conv_axis_vga_0/U0/axis_tvalid
    SLICE_X43Y26         LUT2 (Prop_lut2_I0_O)        0.124     4.770 r  design_1_i/Conv_axis_vga_0/U0/S_CTRL_V[0]_i_1/O
                         net (fo=12, routed)          0.351     5.122    design_1_i/Conv_axis_vga_0/U0/S_CTRL_V
    SLICE_X42Y27         FDCE                                         r  design_1_i/Conv_axis_vga_0/U0/S_CTRL_V_reg[5]/CE
  -------------------------------------------------------------------    -------------------

                         (clock sys_clk_pin rise edge)
                                                      8.000     8.000 r  
    BUFGCTRL_X0Y0        BUFG                         0.000     8.000 r  design_1_i/processing_system7_0/inst/buffer_fclk_clk_0.FCLK_CLK_0_BUFG/O
                         net (fo=7094, routed)        1.562     9.562    design_1_i/Conv_axis_vga_0/U0/clk
    SLICE_X42Y27         FDCE                                         r  design_1_i/Conv_axis_vga_0/U0/S_CTRL_V_reg[5]/C
                         clock pessimism              0.115     9.677    
                         clock uncertainty           -0.601     9.076    
    SLICE_X42Y27         FDCE (Setup_fdce_C_CE)      -0.169     8.907    design_1_i/Conv_axis_vga_0/U0/S_CTRL_V_reg[5]
  -------------------------------------------------------------------
                         required time                          8.907    
                         arrival time                          -5.122    
  -------------------------------------------------------------------
                         slack                                  3.785    





Min Delay Paths
--------------------------------------------------------------------------------------
Slack (MET) :             0.137ns  (arrival time - required time)
  Source:                 design_1_i/redim_filter_0/U0/S_Axis_TValid_reg_out_reg/C
                            (rising edge-triggered cell FDCE clocked by clk_fpga_0  {rise@0.000ns fall@20.000ns period=40.000ns})
  Destination:            design_1_i/Conv_axis_vga_0/U0/S_CTRL_H_reg[0]/CE
                            (rising edge-triggered cell FDCE clocked by sys_clk_pin  {rise@0.000ns fall@4.000ns period=8.000ns})
  Path Group:             sys_clk_pin
  Path Type:              Hold (Min at Fast Process Corner)
  Requirement:            0.000ns  (sys_clk_pin rise@0.000ns - clk_fpga_0 rise@0.000ns)
  Data Path Delay:        0.371ns  (logic 0.164ns (44.221%)  route 0.207ns (55.779%))
  Logic Levels:           0  
  Clock Path Skew:        -0.328ns (DCD - SCD - CPR)
    Destination Clock Delay (DCD):    0.846ns
    Source Clock Delay      (SCD):    0.920ns
    Clock Pessimism Removal (CPR):    0.253ns
  Clock Uncertainty:      0.601ns  ((TSJ^2 + TIJ^2)^1/2 + DJ) / 2 + PE
    Total System Jitter     (TSJ):    0.071ns
    Total Input Jitter      (TIJ):    1.200ns
    Discrete Jitter          (DJ):    0.000ns
    Phase Error              (PE):    0.000ns
  Clock Domain Crossing:  Inter clock paths are considered valid unless explicitly excluded by timing constraints such as set_clock_groups or set_false_path.

    Location             Delay type                Incr(ns)  Path(ns)    Netlist Resource(s)
  -------------------------------------------------------------------    -------------------
                         (clock clk_fpga_0 rise edge)
                                                      0.000     0.000 r  
    PS7_X0Y0             PS7                          0.000     0.000 r  design_1_i/processing_system7_0/inst/PS7_i/FCLKCLK[0]
                         net (fo=1, routed)           0.315     0.315    design_1_i/processing_system7_0/inst/FCLK_CLK_unbuffered[0]
    BUFGCTRL_X0Y0        BUFG (Prop_bufg_I_O)         0.026     0.341 r  design_1_i/processing_system7_0/inst/buffer_fclk_clk_0.FCLK_CLK_0_BUFG/O
                         net (fo=7094, routed)        0.580     0.920    design_1_i/redim_filter_0/U0/clk
    SLICE_X42Y23         FDCE                                         r  design_1_i/redim_filter_0/U0/S_Axis_TValid_reg_out_reg/C
  -------------------------------------------------------------------    -------------------
    SLICE_X42Y23         FDCE (Prop_fdce_C_Q)         0.164     1.084 r  design_1_i/redim_filter_0/U0/S_Axis_TValid_reg_out_reg/Q
                         net (fo=26, routed)          0.207     1.291    design_1_i/Conv_axis_vga_0/U0/axis_tvalid
    SLICE_X43Y23         FDCE                                         r  design_1_i/Conv_axis_vga_0/U0/S_CTRL_H_reg[0]/CE
  -------------------------------------------------------------------    -------------------

                         (clock sys_clk_pin rise edge)
                                                      0.000     0.000 r  
    BUFGCTRL_X0Y0        BUFG                         0.000     0.000 r  design_1_i/processing_system7_0/inst/buffer_fclk_clk_0.FCLK_CLK_0_BUFG/O
                         net (fo=7094, routed)        0.846     0.846    design_1_i/Conv_axis_vga_0/U0/clk
    SLICE_X43Y23         FDCE                                         r  design_1_i/Conv_axis_vga_0/U0/S_CTRL_H_reg[0]/C
                         clock pessimism             -0.253     0.593    
                         clock uncertainty            0.601     1.194    
    SLICE_X43Y23         FDCE (Hold_fdce_C_CE)       -0.039     1.155    design_1_i/Conv_axis_vga_0/U0/S_CTRL_H_reg[0]
  -------------------------------------------------------------------
                         required time                         -1.155    
                         arrival time                           1.291    
  -------------------------------------------------------------------
                         slack                                  0.137    

Slack (MET) :             0.137ns  (arrival time - required time)
  Source:                 design_1_i/redim_filter_0/U0/S_Axis_TValid_reg_out_reg/C
                            (rising edge-triggered cell FDCE clocked by clk_fpga_0  {rise@0.000ns fall@20.000ns period=40.000ns})
  Destination:            design_1_i/Conv_axis_vga_0/U0/S_CTRL_H_reg[1]/CE
                            (rising edge-triggered cell FDCE clocked by sys_clk_pin  {rise@0.000ns fall@4.000ns period=8.000ns})
  Path Group:             sys_clk_pin
  Path Type:              Hold (Min at Fast Process Corner)
  Requirement:            0.000ns  (sys_clk_pin rise@0.000ns - clk_fpga_0 rise@0.000ns)
  Data Path Delay:        0.371ns  (logic 0.164ns (44.221%)  route 0.207ns (55.779%))
  Logic Levels:           0  
  Clock Path Skew:        -0.328ns (DCD - SCD - CPR)
    Destination Clock Delay (DCD):    0.846ns
    Source Clock Delay      (SCD):    0.920ns
    Clock Pessimism Removal (CPR):    0.253ns
  Clock Uncertainty:      0.601ns  ((TSJ^2 + TIJ^2)^1/2 + DJ) / 2 + PE
    Total System Jitter     (TSJ):    0.071ns
    Total Input Jitter      (TIJ):    1.200ns
    Discrete Jitter          (DJ):    0.000ns
    Phase Error              (PE):    0.000ns
  Clock Domain Crossing:  Inter clock paths are considered valid unless explicitly excluded by timing constraints such as set_clock_groups or set_false_path.

    Location             Delay type                Incr(ns)  Path(ns)    Netlist Resource(s)
  -------------------------------------------------------------------    -------------------
                         (clock clk_fpga_0 rise edge)
                                                      0.000     0.000 r  
    PS7_X0Y0             PS7                          0.000     0.000 r  design_1_i/processing_system7_0/inst/PS7_i/FCLKCLK[0]
                         net (fo=1, routed)           0.315     0.315    design_1_i/processing_system7_0/inst/FCLK_CLK_unbuffered[0]
    BUFGCTRL_X0Y0        BUFG (Prop_bufg_I_O)         0.026     0.341 r  design_1_i/processing_system7_0/inst/buffer_fclk_clk_0.FCLK_CLK_0_BUFG/O
                         net (fo=7094, routed)        0.580     0.920    design_1_i/redim_filter_0/U0/clk
    SLICE_X42Y23         FDCE                                         r  design_1_i/redim_filter_0/U0/S_Axis_TValid_reg_out_reg/C
  -------------------------------------------------------------------    -------------------
    SLICE_X42Y23         FDCE (Prop_fdce_C_Q)         0.164     1.084 r  design_1_i/redim_filter_0/U0/S_Axis_TValid_reg_out_reg/Q
                         net (fo=26, routed)          0.207     1.291    design_1_i/Conv_axis_vga_0/U0/axis_tvalid
    SLICE_X43Y23         FDCE                                         r  design_1_i/Conv_axis_vga_0/U0/S_CTRL_H_reg[1]/CE
  -------------------------------------------------------------------    -------------------

                         (clock sys_clk_pin rise edge)
                                                      0.000     0.000 r  
    BUFGCTRL_X0Y0        BUFG                         0.000     0.000 r  design_1_i/processing_system7_0/inst/buffer_fclk_clk_0.FCLK_CLK_0_BUFG/O
                         net (fo=7094, routed)        0.846     0.846    design_1_i/Conv_axis_vga_0/U0/clk
    SLICE_X43Y23         FDCE                                         r  design_1_i/Conv_axis_vga_0/U0/S_CTRL_H_reg[1]/C
                         clock pessimism             -0.253     0.593    
                         clock uncertainty            0.601     1.194    
    SLICE_X43Y23         FDCE (Hold_fdce_C_CE)       -0.039     1.155    design_1_i/Conv_axis_vga_0/U0/S_CTRL_H_reg[1]
  -------------------------------------------------------------------
                         required time                         -1.155    
                         arrival time                           1.291    
  -------------------------------------------------------------------
                         slack                                  0.137    

Slack (MET) :             0.137ns  (arrival time - required time)
  Source:                 design_1_i/redim_filter_0/U0/S_Axis_TValid_reg_out_reg/C
                            (rising edge-triggered cell FDCE clocked by clk_fpga_0  {rise@0.000ns fall@20.000ns period=40.000ns})
  Destination:            design_1_i/Conv_axis_vga_0/U0/S_CTRL_H_reg[2]/CE
                            (rising edge-triggered cell FDCE clocked by sys_clk_pin  {rise@0.000ns fall@4.000ns period=8.000ns})
  Path Group:             sys_clk_pin
  Path Type:              Hold (Min at Fast Process Corner)
  Requirement:            0.000ns  (sys_clk_pin rise@0.000ns - clk_fpga_0 rise@0.000ns)
  Data Path Delay:        0.371ns  (logic 0.164ns (44.221%)  route 0.207ns (55.779%))
  Logic Levels:           0  
  Clock Path Skew:        -0.328ns (DCD - SCD - CPR)
    Destination Clock Delay (DCD):    0.846ns
    Source Clock Delay      (SCD):    0.920ns
    Clock Pessimism Removal (CPR):    0.253ns
  Clock Uncertainty:      0.601ns  ((TSJ^2 + TIJ^2)^1/2 + DJ) / 2 + PE
    Total System Jitter     (TSJ):    0.071ns
    Total Input Jitter      (TIJ):    1.200ns
    Discrete Jitter          (DJ):    0.000ns
    Phase Error              (PE):    0.000ns
  Clock Domain Crossing:  Inter clock paths are considered valid unless explicitly excluded by timing constraints such as set_clock_groups or set_false_path.

    Location             Delay type                Incr(ns)  Path(ns)    Netlist Resource(s)
  -------------------------------------------------------------------    -------------------
                         (clock clk_fpga_0 rise edge)
                                                      0.000     0.000 r  
    PS7_X0Y0             PS7                          0.000     0.000 r  design_1_i/processing_system7_0/inst/PS7_i/FCLKCLK[0]
                         net (fo=1, routed)           0.315     0.315    design_1_i/processing_system7_0/inst/FCLK_CLK_unbuffered[0]
    BUFGCTRL_X0Y0        BUFG (Prop_bufg_I_O)         0.026     0.341 r  design_1_i/processing_system7_0/inst/buffer_fclk_clk_0.FCLK_CLK_0_BUFG/O
                         net (fo=7094, routed)        0.580     0.920    design_1_i/redim_filter_0/U0/clk
    SLICE_X42Y23         FDCE                                         r  design_1_i/redim_filter_0/U0/S_Axis_TValid_reg_out_reg/C
  -------------------------------------------------------------------    -------------------
    SLICE_X42Y23         FDCE (Prop_fdce_C_Q)         0.164     1.084 r  design_1_i/redim_filter_0/U0/S_Axis_TValid_reg_out_reg/Q
                         net (fo=26, routed)          0.207     1.291    design_1_i/Conv_axis_vga_0/U0/axis_tvalid
    SLICE_X43Y23         FDCE                                         r  design_1_i/Conv_axis_vga_0/U0/S_CTRL_H_reg[2]/CE
  -------------------------------------------------------------------    -------------------

                         (clock sys_clk_pin rise edge)
                                                      0.000     0.000 r  
    BUFGCTRL_X0Y0        BUFG                         0.000     0.000 r  design_1_i/processing_system7_0/inst/buffer_fclk_clk_0.FCLK_CLK_0_BUFG/O
                         net (fo=7094, routed)        0.846     0.846    design_1_i/Conv_axis_vga_0/U0/clk
    SLICE_X43Y23         FDCE                                         r  design_1_i/Conv_axis_vga_0/U0/S_CTRL_H_reg[2]/C
                         clock pessimism             -0.253     0.593    
                         clock uncertainty            0.601     1.194    
    SLICE_X43Y23         FDCE (Hold_fdce_C_CE)       -0.039     1.155    design_1_i/Conv_axis_vga_0/U0/S_CTRL_H_reg[2]
  -------------------------------------------------------------------
                         required time                         -1.155    
                         arrival time                           1.291    
  -------------------------------------------------------------------
                         slack                                  0.137    

Slack (MET) :             0.137ns  (arrival time - required time)
  Source:                 design_1_i/redim_filter_0/U0/S_Axis_TValid_reg_out_reg/C
                            (rising edge-triggered cell FDCE clocked by clk_fpga_0  {rise@0.000ns fall@20.000ns period=40.000ns})
  Destination:            design_1_i/Conv_axis_vga_0/U0/S_CTRL_H_reg[3]/CE
                            (rising edge-triggered cell FDCE clocked by sys_clk_pin  {rise@0.000ns fall@4.000ns period=8.000ns})
  Path Group:             sys_clk_pin
  Path Type:              Hold (Min at Fast Process Corner)
  Requirement:            0.000ns  (sys_clk_pin rise@0.000ns - clk_fpga_0 rise@0.000ns)
  Data Path Delay:        0.371ns  (logic 0.164ns (44.221%)  route 0.207ns (55.779%))
  Logic Levels:           0  
  Clock Path Skew:        -0.328ns (DCD - SCD - CPR)
    Destination Clock Delay (DCD):    0.846ns
    Source Clock Delay      (SCD):    0.920ns
    Clock Pessimism Removal (CPR):    0.253ns
  Clock Uncertainty:      0.601ns  ((TSJ^2 + TIJ^2)^1/2 + DJ) / 2 + PE
    Total System Jitter     (TSJ):    0.071ns
    Total Input Jitter      (TIJ):    1.200ns
    Discrete Jitter          (DJ):    0.000ns
    Phase Error              (PE):    0.000ns
  Clock Domain Crossing:  Inter clock paths are considered valid unless explicitly excluded by timing constraints such as set_clock_groups or set_false_path.

    Location             Delay type                Incr(ns)  Path(ns)    Netlist Resource(s)
  -------------------------------------------------------------------    -------------------
                         (clock clk_fpga_0 rise edge)
                                                      0.000     0.000 r  
    PS7_X0Y0             PS7                          0.000     0.000 r  design_1_i/processing_system7_0/inst/PS7_i/FCLKCLK[0]
                         net (fo=1, routed)           0.315     0.315    design_1_i/processing_system7_0/inst/FCLK_CLK_unbuffered[0]
    BUFGCTRL_X0Y0        BUFG (Prop_bufg_I_O)         0.026     0.341 r  design_1_i/processing_system7_0/inst/buffer_fclk_clk_0.FCLK_CLK_0_BUFG/O
                         net (fo=7094, routed)        0.580     0.920    design_1_i/redim_filter_0/U0/clk
    SLICE_X42Y23         FDCE                                         r  design_1_i/redim_filter_0/U0/S_Axis_TValid_reg_out_reg/C
  -------------------------------------------------------------------    -------------------
    SLICE_X42Y23         FDCE (Prop_fdce_C_Q)         0.164     1.084 r  design_1_i/redim_filter_0/U0/S_Axis_TValid_reg_out_reg/Q
                         net (fo=26, routed)          0.207     1.291    design_1_i/Conv_axis_vga_0/U0/axis_tvalid
    SLICE_X43Y23         FDCE                                         r  design_1_i/Conv_axis_vga_0/U0/S_CTRL_H_reg[3]/CE
  -------------------------------------------------------------------    -------------------

                         (clock sys_clk_pin rise edge)
                                                      0.000     0.000 r  
    BUFGCTRL_X0Y0        BUFG                         0.000     0.000 r  design_1_i/processing_system7_0/inst/buffer_fclk_clk_0.FCLK_CLK_0_BUFG/O
                         net (fo=7094, routed)        0.846     0.846    design_1_i/Conv_axis_vga_0/U0/clk
    SLICE_X43Y23         FDCE                                         r  design_1_i/Conv_axis_vga_0/U0/S_CTRL_H_reg[3]/C
                         clock pessimism             -0.253     0.593    
                         clock uncertainty            0.601     1.194    
    SLICE_X43Y23         FDCE (Hold_fdce_C_CE)       -0.039     1.155    design_1_i/Conv_axis_vga_0/U0/S_CTRL_H_reg[3]
  -------------------------------------------------------------------
                         required time                         -1.155    
                         arrival time                           1.291    
  -------------------------------------------------------------------
                         slack                                  0.137    

Slack (MET) :             0.153ns  (arrival time - required time)
  Source:                 design_1_i/redim_filter_0/U0/S_Axis_TValid_reg_out_reg/C
                            (rising edge-triggered cell FDCE clocked by clk_fpga_0  {rise@0.000ns fall@20.000ns period=40.000ns})
  Destination:            design_1_i/Conv_axis_vga_0/U0/S_VGA_R_reg[1]/D
                            (rising edge-triggered cell FDCE clocked by sys_clk_pin  {rise@0.000ns fall@4.000ns period=8.000ns})
  Path Group:             sys_clk_pin
  Path Type:              Hold (Min at Fast Process Corner)
  Requirement:            0.000ns  (sys_clk_pin rise@0.000ns - clk_fpga_0 rise@0.000ns)
  Data Path Delay:        0.536ns  (logic 0.208ns (38.794%)  route 0.328ns (61.206%))
  Logic Levels:           1  (LUT4=1)
  Clock Path Skew:        -0.325ns (DCD - SCD - CPR)
    Destination Clock Delay (DCD):    0.849ns
    Source Clock Delay      (SCD):    0.920ns
    Clock Pessimism Removal (CPR):    0.253ns
  Clock Uncertainty:      0.601ns  ((TSJ^2 + TIJ^2)^1/2 + DJ) / 2 + PE
    Total System Jitter     (TSJ):    0.071ns
    Total Input Jitter      (TIJ):    1.200ns
    Discrete Jitter          (DJ):    0.000ns
    Phase Error              (PE):    0.000ns
  Clock Domain Crossing:  Inter clock paths are considered valid unless explicitly excluded by timing constraints such as set_clock_groups or set_false_path.

    Location             Delay type                Incr(ns)  Path(ns)    Netlist Resource(s)
  -------------------------------------------------------------------    -------------------
                         (clock clk_fpga_0 rise edge)
                                                      0.000     0.000 r  
    PS7_X0Y0             PS7                          0.000     0.000 r  design_1_i/processing_system7_0/inst/PS7_i/FCLKCLK[0]
                         net (fo=1, routed)           0.315     0.315    design_1_i/processing_system7_0/inst/FCLK_CLK_unbuffered[0]
    BUFGCTRL_X0Y0        BUFG (Prop_bufg_I_O)         0.026     0.341 r  design_1_i/processing_system7_0/inst/buffer_fclk_clk_0.FCLK_CLK_0_BUFG/O
                         net (fo=7094, routed)        0.580     0.920    design_1_i/redim_filter_0/U0/clk
    SLICE_X42Y23         FDCE                                         r  design_1_i/redim_filter_0/U0/S_Axis_TValid_reg_out_reg/C
  -------------------------------------------------------------------    -------------------
    SLICE_X42Y23         FDCE (Prop_fdce_C_Q)         0.164     1.084 r  design_1_i/redim_filter_0/U0/S_Axis_TValid_reg_out_reg/Q
                         net (fo=26, routed)          0.328     1.413    design_1_i/Conv_axis_vga_0/U0/axis_tvalid
    SLICE_X43Y21         LUT4 (Prop_lut4_I2_O)        0.044     1.457 r  design_1_i/Conv_axis_vga_0/U0/S_VGA_R[1]_i_1/O
                         net (fo=1, routed)           0.000     1.457    design_1_i/Conv_axis_vga_0/U0/S_VGA_R[1]_i_1_n_0
    SLICE_X43Y21         FDCE                                         r  design_1_i/Conv_axis_vga_0/U0/S_VGA_R_reg[1]/D
  -------------------------------------------------------------------    -------------------

                         (clock sys_clk_pin rise edge)
                                                      0.000     0.000 r  
    BUFGCTRL_X0Y0        BUFG                         0.000     0.000 r  design_1_i/processing_system7_0/inst/buffer_fclk_clk_0.FCLK_CLK_0_BUFG/O
                         net (fo=7094, routed)        0.849     0.849    design_1_i/Conv_axis_vga_0/U0/clk
    SLICE_X43Y21         FDCE                                         r  design_1_i/Conv_axis_vga_0/U0/S_VGA_R_reg[1]/C
                         clock pessimism             -0.253     0.596    
                         clock uncertainty            0.601     1.197    
    SLICE_X43Y21         FDCE (Hold_fdce_C_D)         0.107     1.304    design_1_i/Conv_axis_vga_0/U0/S_VGA_R_reg[1]
  -------------------------------------------------------------------
                         required time                         -1.304    
                         arrival time                           1.457    
  -------------------------------------------------------------------
                         slack                                  0.153    

Slack (MET) :             0.154ns  (arrival time - required time)
  Source:                 design_1_i/redim_filter_0/U0/S_Axis_TValid_reg_out_reg/C
                            (rising edge-triggered cell FDCE clocked by clk_fpga_0  {rise@0.000ns fall@20.000ns period=40.000ns})
  Destination:            design_1_i/Conv_axis_vga_0/U0/S_VGA_R_reg[3]/D
                            (rising edge-triggered cell FDCE clocked by sys_clk_pin  {rise@0.000ns fall@4.000ns period=8.000ns})
  Path Group:             sys_clk_pin
  Path Type:              Hold (Min at Fast Process Corner)
  Requirement:            0.000ns  (sys_clk_pin rise@0.000ns - clk_fpga_0 rise@0.000ns)
  Data Path Delay:        0.537ns  (logic 0.208ns (38.722%)  route 0.329ns (61.278%))
  Logic Levels:           1  (LUT4=1)
  Clock Path Skew:        -0.325ns (DCD - SCD - CPR)
    Destination Clock Delay (DCD):    0.849ns
    Source Clock Delay      (SCD):    0.920ns
    Clock Pessimism Removal (CPR):    0.253ns
  Clock Uncertainty:      0.601ns  ((TSJ^2 + TIJ^2)^1/2 + DJ) / 2 + PE
    Total System Jitter     (TSJ):    0.071ns
    Total Input Jitter      (TIJ):    1.200ns
    Discrete Jitter          (DJ):    0.000ns
    Phase Error              (PE):    0.000ns
  Clock Domain Crossing:  Inter clock paths are considered valid unless explicitly excluded by timing constraints such as set_clock_groups or set_false_path.

    Location             Delay type                Incr(ns)  Path(ns)    Netlist Resource(s)
  -------------------------------------------------------------------    -------------------
                         (clock clk_fpga_0 rise edge)
                                                      0.000     0.000 r  
    PS7_X0Y0             PS7                          0.000     0.000 r  design_1_i/processing_system7_0/inst/PS7_i/FCLKCLK[0]
                         net (fo=1, routed)           0.315     0.315    design_1_i/processing_system7_0/inst/FCLK_CLK_unbuffered[0]
    BUFGCTRL_X0Y0        BUFG (Prop_bufg_I_O)         0.026     0.341 r  design_1_i/processing_system7_0/inst/buffer_fclk_clk_0.FCLK_CLK_0_BUFG/O
                         net (fo=7094, routed)        0.580     0.920    design_1_i/redim_filter_0/U0/clk
    SLICE_X42Y23         FDCE                                         r  design_1_i/redim_filter_0/U0/S_Axis_TValid_reg_out_reg/C
  -------------------------------------------------------------------    -------------------
    SLICE_X42Y23         FDCE (Prop_fdce_C_Q)         0.164     1.084 r  design_1_i/redim_filter_0/U0/S_Axis_TValid_reg_out_reg/Q
                         net (fo=26, routed)          0.329     1.414    design_1_i/Conv_axis_vga_0/U0/axis_tvalid
    SLICE_X43Y21         LUT4 (Prop_lut4_I2_O)        0.044     1.458 r  design_1_i/Conv_axis_vga_0/U0/S_VGA_R[3]_i_1/O
                         net (fo=1, routed)           0.000     1.458    design_1_i/Conv_axis_vga_0/U0/S_VGA_R[3]_i_1_n_0
    SLICE_X43Y21         FDCE                                         r  design_1_i/Conv_axis_vga_0/U0/S_VGA_R_reg[3]/D
  -------------------------------------------------------------------    -------------------

                         (clock sys_clk_pin rise edge)
                                                      0.000     0.000 r  
    BUFGCTRL_X0Y0        BUFG                         0.000     0.000 r  design_1_i/processing_system7_0/inst/buffer_fclk_clk_0.FCLK_CLK_0_BUFG/O
                         net (fo=7094, routed)        0.849     0.849    design_1_i/Conv_axis_vga_0/U0/clk
    SLICE_X43Y21         FDCE                                         r  design_1_i/Conv_axis_vga_0/U0/S_VGA_R_reg[3]/C
                         clock pessimism             -0.253     0.596    
                         clock uncertainty            0.601     1.197    
    SLICE_X43Y21         FDCE (Hold_fdce_C_D)         0.107     1.304    design_1_i/Conv_axis_vga_0/U0/S_VGA_R_reg[3]
  -------------------------------------------------------------------
                         required time                         -1.304    
                         arrival time                           1.458    
  -------------------------------------------------------------------
                         slack                                  0.154    

Slack (MET) :             0.169ns  (arrival time - required time)
  Source:                 design_1_i/redim_filter_0/U0/S_Axis_TValid_reg_out_reg/C
                            (rising edge-triggered cell FDCE clocked by clk_fpga_0  {rise@0.000ns fall@20.000ns period=40.000ns})
  Destination:            design_1_i/Conv_axis_vga_0/U0/S_VGA_R_reg[0]/D
                            (rising edge-triggered cell FDCE clocked by sys_clk_pin  {rise@0.000ns fall@4.000ns period=8.000ns})
  Path Group:             sys_clk_pin
  Path Type:              Hold (Min at Fast Process Corner)
  Requirement:            0.000ns  (sys_clk_pin rise@0.000ns - clk_fpga_0 rise@0.000ns)
  Data Path Delay:        0.537ns  (logic 0.209ns (38.908%)  route 0.328ns (61.092%))
  Logic Levels:           1  (LUT4=1)
  Clock Path Skew:        -0.325ns (DCD - SCD - CPR)
    Destination Clock Delay (DCD):    0.849ns
    Source Clock Delay      (SCD):    0.920ns
    Clock Pessimism Removal (CPR):    0.253ns
  Clock Uncertainty:      0.601ns  ((TSJ^2 + TIJ^2)^1/2 + DJ) / 2 + PE
    Total System Jitter     (TSJ):    0.071ns
    Total Input Jitter      (TIJ):    1.200ns
    Discrete Jitter          (DJ):    0.000ns
    Phase Error              (PE):    0.000ns
  Clock Domain Crossing:  Inter clock paths are considered valid unless explicitly excluded by timing constraints such as set_clock_groups or set_false_path.

    Location             Delay type                Incr(ns)  Path(ns)    Netlist Resource(s)
  -------------------------------------------------------------------    -------------------
                         (clock clk_fpga_0 rise edge)
                                                      0.000     0.000 r  
    PS7_X0Y0             PS7                          0.000     0.000 r  design_1_i/processing_system7_0/inst/PS7_i/FCLKCLK[0]
                         net (fo=1, routed)           0.315     0.315    design_1_i/processing_system7_0/inst/FCLK_CLK_unbuffered[0]
    BUFGCTRL_X0Y0        BUFG (Prop_bufg_I_O)         0.026     0.341 r  design_1_i/processing_system7_0/inst/buffer_fclk_clk_0.FCLK_CLK_0_BUFG/O
                         net (fo=7094, routed)        0.580     0.920    design_1_i/redim_filter_0/U0/clk
    SLICE_X42Y23         FDCE                                         r  design_1_i/redim_filter_0/U0/S_Axis_TValid_reg_out_reg/C
  -------------------------------------------------------------------    -------------------
    SLICE_X42Y23         FDCE (Prop_fdce_C_Q)         0.164     1.084 r  design_1_i/redim_filter_0/U0/S_Axis_TValid_reg_out_reg/Q
                         net (fo=26, routed)          0.328     1.413    design_1_i/Conv_axis_vga_0/U0/axis_tvalid
    SLICE_X43Y21         LUT4 (Prop_lut4_I2_O)        0.045     1.458 r  design_1_i/Conv_axis_vga_0/U0/S_VGA_R[0]_i_1/O
                         net (fo=1, routed)           0.000     1.458    design_1_i/Conv_axis_vga_0/U0/S_VGA_R[0]_i_1_n_0
    SLICE_X43Y21         FDCE                                         r  design_1_i/Conv_axis_vga_0/U0/S_VGA_R_reg[0]/D
  -------------------------------------------------------------------    -------------------

                         (clock sys_clk_pin rise edge)
                                                      0.000     0.000 r  
    BUFGCTRL_X0Y0        BUFG                         0.000     0.000 r  design_1_i/processing_system7_0/inst/buffer_fclk_clk_0.FCLK_CLK_0_BUFG/O
                         net (fo=7094, routed)        0.849     0.849    design_1_i/Conv_axis_vga_0/U0/clk
    SLICE_X43Y21         FDCE                                         r  design_1_i/Conv_axis_vga_0/U0/S_VGA_R_reg[0]/C
                         clock pessimism             -0.253     0.596    
                         clock uncertainty            0.601     1.197    
    SLICE_X43Y21         FDCE (Hold_fdce_C_D)         0.092     1.289    design_1_i/Conv_axis_vga_0/U0/S_VGA_R_reg[0]
  -------------------------------------------------------------------
                         required time                         -1.289    
                         arrival time                           1.458    
  -------------------------------------------------------------------
                         slack                                  0.169    

Slack (MET) :             0.170ns  (arrival time - required time)
  Source:                 design_1_i/redim_filter_0/U0/S_Axis_TValid_reg_out_reg/C
                            (rising edge-triggered cell FDCE clocked by clk_fpga_0  {rise@0.000ns fall@20.000ns period=40.000ns})
  Destination:            design_1_i/Conv_axis_vga_0/U0/S_VGA_R_reg[2]/D
                            (rising edge-triggered cell FDCE clocked by sys_clk_pin  {rise@0.000ns fall@4.000ns period=8.000ns})
  Path Group:             sys_clk_pin
  Path Type:              Hold (Min at Fast Process Corner)
  Requirement:            0.000ns  (sys_clk_pin rise@0.000ns - clk_fpga_0 rise@0.000ns)
  Data Path Delay:        0.538ns  (logic 0.209ns (38.836%)  route 0.329ns (61.164%))
  Logic Levels:           1  (LUT4=1)
  Clock Path Skew:        -0.325ns (DCD - SCD - CPR)
    Destination Clock Delay (DCD):    0.849ns
    Source Clock Delay      (SCD):    0.920ns
    Clock Pessimism Removal (CPR):    0.253ns
  Clock Uncertainty:      0.601ns  ((TSJ^2 + TIJ^2)^1/2 + DJ) / 2 + PE
    Total System Jitter     (TSJ):    0.071ns
    Total Input Jitter      (TIJ):    1.200ns
    Discrete Jitter          (DJ):    0.000ns
    Phase Error              (PE):    0.000ns
  Clock Domain Crossing:  Inter clock paths are considered valid unless explicitly excluded by timing constraints such as set_clock_groups or set_false_path.

    Location             Delay type                Incr(ns)  Path(ns)    Netlist Resource(s)
  -------------------------------------------------------------------    -------------------
                         (clock clk_fpga_0 rise edge)
                                                      0.000     0.000 r  
    PS7_X0Y0             PS7                          0.000     0.000 r  design_1_i/processing_system7_0/inst/PS7_i/FCLKCLK[0]
                         net (fo=1, routed)           0.315     0.315    design_1_i/processing_system7_0/inst/FCLK_CLK_unbuffered[0]
    BUFGCTRL_X0Y0        BUFG (Prop_bufg_I_O)         0.026     0.341 r  design_1_i/processing_system7_0/inst/buffer_fclk_clk_0.FCLK_CLK_0_BUFG/O
                         net (fo=7094, routed)        0.580     0.920    design_1_i/redim_filter_0/U0/clk
    SLICE_X42Y23         FDCE                                         r  design_1_i/redim_filter_0/U0/S_Axis_TValid_reg_out_reg/C
  -------------------------------------------------------------------    -------------------
    SLICE_X42Y23         FDCE (Prop_fdce_C_Q)         0.164     1.084 r  design_1_i/redim_filter_0/U0/S_Axis_TValid_reg_out_reg/Q
                         net (fo=26, routed)          0.329     1.414    design_1_i/Conv_axis_vga_0/U0/axis_tvalid
    SLICE_X43Y21         LUT4 (Prop_lut4_I2_O)        0.045     1.459 r  design_1_i/Conv_axis_vga_0/U0/S_VGA_R[2]_i_1/O
                         net (fo=1, routed)           0.000     1.459    design_1_i/Conv_axis_vga_0/U0/S_VGA_R[2]_i_1_n_0
    SLICE_X43Y21         FDCE                                         r  design_1_i/Conv_axis_vga_0/U0/S_VGA_R_reg[2]/D
  -------------------------------------------------------------------    -------------------

                         (clock sys_clk_pin rise edge)
                                                      0.000     0.000 r  
    BUFGCTRL_X0Y0        BUFG                         0.000     0.000 r  design_1_i/processing_system7_0/inst/buffer_fclk_clk_0.FCLK_CLK_0_BUFG/O
                         net (fo=7094, routed)        0.849     0.849    design_1_i/Conv_axis_vga_0/U0/clk
    SLICE_X43Y21         FDCE                                         r  design_1_i/Conv_axis_vga_0/U0/S_VGA_R_reg[2]/C
                         clock pessimism             -0.253     0.596    
                         clock uncertainty            0.601     1.197    
    SLICE_X43Y21         FDCE (Hold_fdce_C_D)         0.092     1.289    design_1_i/Conv_axis_vga_0/U0/S_VGA_R_reg[2]
  -------------------------------------------------------------------
                         required time                         -1.289    
                         arrival time                           1.459    
  -------------------------------------------------------------------
                         slack                                  0.170    

Slack (MET) :             0.178ns  (arrival time - required time)
  Source:                 design_1_i/redim_filter_0/U0/S_Axis_TValid_reg_out_reg/C
                            (rising edge-triggered cell FDCE clocked by clk_fpga_0  {rise@0.000ns fall@20.000ns period=40.000ns})
  Destination:            design_1_i/Conv_axis_vga_0/U0/S_VGA_G_reg[3]/D
                            (rising edge-triggered cell FDCE clocked by sys_clk_pin  {rise@0.000ns fall@4.000ns period=8.000ns})
  Path Group:             sys_clk_pin
  Path Type:              Hold (Min at Fast Process Corner)
  Requirement:            0.000ns  (sys_clk_pin rise@0.000ns - clk_fpga_0 rise@0.000ns)
  Data Path Delay:        0.578ns  (logic 0.209ns (36.189%)  route 0.369ns (63.811%))
  Logic Levels:           1  (LUT4=1)
  Clock Path Skew:        -0.309ns (DCD - SCD - CPR)
    Destination Clock Delay (DCD):    0.845ns
    Source Clock Delay      (SCD):    0.920ns
    Clock Pessimism Removal (CPR):    0.233ns
  Clock Uncertainty:      0.601ns  ((TSJ^2 + TIJ^2)^1/2 + DJ) / 2 + PE
    Total System Jitter     (TSJ):    0.071ns
    Total Input Jitter      (TIJ):    1.200ns
    Discrete Jitter          (DJ):    0.000ns
    Phase Error              (PE):    0.000ns
  Clock Domain Crossing:  Inter clock paths are considered valid unless explicitly excluded by timing constraints such as set_clock_groups or set_false_path.

    Location             Delay type                Incr(ns)  Path(ns)    Netlist Resource(s)
  -------------------------------------------------------------------    -------------------
                         (clock clk_fpga_0 rise edge)
                                                      0.000     0.000 r  
    PS7_X0Y0             PS7                          0.000     0.000 r  design_1_i/processing_system7_0/inst/PS7_i/FCLKCLK[0]
                         net (fo=1, routed)           0.315     0.315    design_1_i/processing_system7_0/inst/FCLK_CLK_unbuffered[0]
    BUFGCTRL_X0Y0        BUFG (Prop_bufg_I_O)         0.026     0.341 r  design_1_i/processing_system7_0/inst/buffer_fclk_clk_0.FCLK_CLK_0_BUFG/O
                         net (fo=7094, routed)        0.580     0.920    design_1_i/redim_filter_0/U0/clk
    SLICE_X42Y23         FDCE                                         r  design_1_i/redim_filter_0/U0/S_Axis_TValid_reg_out_reg/C
  -------------------------------------------------------------------    -------------------
    SLICE_X42Y23         FDCE (Prop_fdce_C_Q)         0.164     1.084 r  design_1_i/redim_filter_0/U0/S_Axis_TValid_reg_out_reg/Q
                         net (fo=26, routed)          0.369     1.453    design_1_i/Conv_axis_vga_0/U0/axis_tvalid
    SLICE_X41Y25         LUT4 (Prop_lut4_I2_O)        0.045     1.498 r  design_1_i/Conv_axis_vga_0/U0/S_VGA_G[3]_i_1/O
                         net (fo=1, routed)           0.000     1.498    design_1_i/Conv_axis_vga_0/U0/S_VGA_G[3]_i_1_n_0
    SLICE_X41Y25         FDCE                                         r  design_1_i/Conv_axis_vga_0/U0/S_VGA_G_reg[3]/D
  -------------------------------------------------------------------    -------------------

                         (clock sys_clk_pin rise edge)
                                                      0.000     0.000 r  
    BUFGCTRL_X0Y0        BUFG                         0.000     0.000 r  design_1_i/processing_system7_0/inst/buffer_fclk_clk_0.FCLK_CLK_0_BUFG/O
                         net (fo=7094, routed)        0.845     0.845    design_1_i/Conv_axis_vga_0/U0/clk
    SLICE_X41Y25         FDCE                                         r  design_1_i/Conv_axis_vga_0/U0/S_VGA_G_reg[3]/C
                         clock pessimism             -0.233     0.612    
                         clock uncertainty            0.601     1.213    
    SLICE_X41Y25         FDCE (Hold_fdce_C_D)         0.107     1.320    design_1_i/Conv_axis_vga_0/U0/S_VGA_G_reg[3]
  -------------------------------------------------------------------
                         required time                         -1.320    
                         arrival time                           1.498    
  -------------------------------------------------------------------
                         slack                                  0.178    

Slack (MET) :             0.179ns  (arrival time - required time)
  Source:                 design_1_i/redim_filter_0/U0/S_Axis_TValid_reg_out_reg/C
                            (rising edge-triggered cell FDCE clocked by clk_fpga_0  {rise@0.000ns fall@20.000ns period=40.000ns})
  Destination:            design_1_i/Conv_axis_vga_0/U0/S_VGA_G_reg[1]/D
                            (rising edge-triggered cell FDCE clocked by sys_clk_pin  {rise@0.000ns fall@4.000ns period=8.000ns})
  Path Group:             sys_clk_pin
  Path Type:              Hold (Min at Fast Process Corner)
  Requirement:            0.000ns  (sys_clk_pin rise@0.000ns - clk_fpga_0 rise@0.000ns)
  Data Path Delay:        0.579ns  (logic 0.210ns (36.299%)  route 0.369ns (63.701%))
  Logic Levels:           1  (LUT4=1)
  Clock Path Skew:        -0.309ns (DCD - SCD - CPR)
    Destination Clock Delay (DCD):    0.845ns
    Source Clock Delay      (SCD):    0.920ns
    Clock Pessimism Removal (CPR):    0.233ns
  Clock Uncertainty:      0.601ns  ((TSJ^2 + TIJ^2)^1/2 + DJ) / 2 + PE
    Total System Jitter     (TSJ):    0.071ns
    Total Input Jitter      (TIJ):    1.200ns
    Discrete Jitter          (DJ):    0.000ns
    Phase Error              (PE):    0.000ns
  Clock Domain Crossing:  Inter clock paths are considered valid unless explicitly excluded by timing constraints such as set_clock_groups or set_false_path.

    Location             Delay type                Incr(ns)  Path(ns)    Netlist Resource(s)
  -------------------------------------------------------------------    -------------------
                         (clock clk_fpga_0 rise edge)
                                                      0.000     0.000 r  
    PS7_X0Y0             PS7                          0.000     0.000 r  design_1_i/processing_system7_0/inst/PS7_i/FCLKCLK[0]
                         net (fo=1, routed)           0.315     0.315    design_1_i/processing_system7_0/inst/FCLK_CLK_unbuffered[0]
    BUFGCTRL_X0Y0        BUFG (Prop_bufg_I_O)         0.026     0.341 r  design_1_i/processing_system7_0/inst/buffer_fclk_clk_0.FCLK_CLK_0_BUFG/O
                         net (fo=7094, routed)        0.580     0.920    design_1_i/redim_filter_0/U0/clk
    SLICE_X42Y23         FDCE                                         r  design_1_i/redim_filter_0/U0/S_Axis_TValid_reg_out_reg/C
  -------------------------------------------------------------------    -------------------
    SLICE_X42Y23         FDCE (Prop_fdce_C_Q)         0.164     1.084 r  design_1_i/redim_filter_0/U0/S_Axis_TValid_reg_out_reg/Q
                         net (fo=26, routed)          0.369     1.453    design_1_i/Conv_axis_vga_0/U0/axis_tvalid
    SLICE_X41Y25         LUT4 (Prop_lut4_I2_O)        0.046     1.499 r  design_1_i/Conv_axis_vga_0/U0/S_VGA_G[1]_i_1/O
                         net (fo=1, routed)           0.000     1.499    design_1_i/Conv_axis_vga_0/U0/S_VGA_G[1]_i_1_n_0
    SLICE_X41Y25         FDCE                                         r  design_1_i/Conv_axis_vga_0/U0/S_VGA_G_reg[1]/D
  -------------------------------------------------------------------    -------------------

                         (clock sys_clk_pin rise edge)
                                                      0.000     0.000 r  
    BUFGCTRL_X0Y0        BUFG                         0.000     0.000 r  design_1_i/processing_system7_0/inst/buffer_fclk_clk_0.FCLK_CLK_0_BUFG/O
                         net (fo=7094, routed)        0.845     0.845    design_1_i/Conv_axis_vga_0/U0/clk
    SLICE_X41Y25         FDCE                                         r  design_1_i/Conv_axis_vga_0/U0/S_VGA_G_reg[1]/C
                         clock pessimism             -0.233     0.612    
                         clock uncertainty            0.601     1.213    
    SLICE_X41Y25         FDCE (Hold_fdce_C_D)         0.107     1.320    design_1_i/Conv_axis_vga_0/U0/S_VGA_G_reg[1]
  -------------------------------------------------------------------
                         required time                         -1.320    
                         arrival time                           1.499    
  -------------------------------------------------------------------
                         slack                                  0.179    





---------------------------------------------------------------------------------------------------
Path Group:  **async_default**
From Clock:  clk_fpga_0
  To Clock:  clk_fpga_0

Setup :            0  Failing Endpoints,  Worst Slack       33.814ns,  Total Violation        0.000ns
Hold  :            0  Failing Endpoints,  Worst Slack        0.433ns,  Total Violation        0.000ns
---------------------------------------------------------------------------------------------------


Max Delay Paths
--------------------------------------------------------------------------------------
Slack (MET) :             33.814ns  (required time - arrival time)
  Source:                 design_1_i/proc_sys_reset_0/U0/ACTIVE_LOW_PR_OUT_DFF[0].FDRE_PER_N/C
                            (rising edge-triggered cell FDRE clocked by clk_fpga_0  {rise@0.000ns fall@20.000ns period=40.000ns})
  Destination:            design_1_i/Top_tpg_0/U0/h_cntr_reg_reg[4]/CLR
                            (recovery check against rising-edge clock clk_fpga_0  {rise@0.000ns fall@20.000ns period=40.000ns})
  Path Group:             **async_default**
  Path Type:              Recovery (Max at Slow Process Corner)
  Requirement:            40.000ns  (clk_fpga_0 rise@40.000ns - clk_fpga_0 rise@0.000ns)
  Data Path Delay:        4.794ns  (logic 0.608ns (12.682%)  route 4.186ns (87.318%))
  Logic Levels:           1  (LUT1=1)
  Clock Path Skew:        -0.178ns (DCD - SCD + CPR)
    Destination Clock Delay (DCD):    2.757ns = ( 42.757 - 40.000 ) 
    Source Clock Delay      (SCD):    3.051ns
    Clock Pessimism Removal (CPR):    0.116ns
  Clock Uncertainty:      0.601ns  ((TSJ^2 + TIJ^2)^1/2 + DJ) / 2 + PE
    Total System Jitter     (TSJ):    0.071ns
    Total Input Jitter      (TIJ):    1.200ns
    Discrete Jitter          (DJ):    0.000ns
    Phase Error              (PE):    0.000ns

    Location             Delay type                Incr(ns)  Path(ns)    Netlist Resource(s)
  -------------------------------------------------------------------    -------------------
                         (clock clk_fpga_0 rise edge)
                                                      0.000     0.000 r  
    PS7_X0Y0             PS7                          0.000     0.000 r  design_1_i/processing_system7_0/inst/PS7_i/FCLKCLK[0]
                         net (fo=1, routed)           1.207     1.207    design_1_i/processing_system7_0/inst/FCLK_CLK_unbuffered[0]
    BUFGCTRL_X0Y0        BUFG (Prop_bufg_I_O)         0.101     1.308 r  design_1_i/processing_system7_0/inst/buffer_fclk_clk_0.FCLK_CLK_0_BUFG/O
                         net (fo=7094, routed)        1.743     3.051    design_1_i/proc_sys_reset_0/U0/slowest_sync_clk
    SLICE_X41Y54         FDRE                                         r  design_1_i/proc_sys_reset_0/U0/ACTIVE_LOW_PR_OUT_DFF[0].FDRE_PER_N/C
  -------------------------------------------------------------------    -------------------
    SLICE_X41Y54         FDRE (Prop_fdre_C_Q)         0.456     3.507 r  design_1_i/proc_sys_reset_0/U0/ACTIVE_LOW_PR_OUT_DFF[0].FDRE_PER_N/Q
                         net (fo=88, routed)          2.000     5.507    design_1_i/Top_tpg_0/U0/resetn
    SLICE_X41Y38         LUT1 (Prop_lut1_I0_O)        0.152     5.659 f  design_1_i/Top_tpg_0/U0/v_cntr_reg[11]_i_3/O
                         net (fo=75, routed)          2.186     7.845    design_1_i/Top_tpg_0/U0/clear
    SLICE_X43Y29         FDCE                                         f  design_1_i/Top_tpg_0/U0/h_cntr_reg_reg[4]/CLR
  -------------------------------------------------------------------    -------------------

                         (clock clk_fpga_0 rise edge)
                                                     40.000    40.000 r  
    PS7_X0Y0             PS7                          0.000    40.000 r  design_1_i/processing_system7_0/inst/PS7_i/FCLKCLK[0]
                         net (fo=1, routed)           1.101    41.101    design_1_i/processing_system7_0/inst/FCLK_CLK_unbuffered[0]
    BUFGCTRL_X0Y0        BUFG (Prop_bufg_I_O)         0.091    41.192 r  design_1_i/processing_system7_0/inst/buffer_fclk_clk_0.FCLK_CLK_0_BUFG/O
                         net (fo=7094, routed)        1.565    42.757    design_1_i/Top_tpg_0/U0/Clk
    SLICE_X43Y29         FDCE                                         r  design_1_i/Top_tpg_0/U0/h_cntr_reg_reg[4]/C
                         clock pessimism              0.116    42.873    
                         clock uncertainty           -0.601    42.272    
    SLICE_X43Y29         FDCE (Recov_fdce_C_CLR)     -0.613    41.659    design_1_i/Top_tpg_0/U0/h_cntr_reg_reg[4]
  -------------------------------------------------------------------
                         required time                         41.659    
                         arrival time                          -7.845    
  -------------------------------------------------------------------
                         slack                                 33.814    

Slack (MET) :             33.814ns  (required time - arrival time)
  Source:                 design_1_i/proc_sys_reset_0/U0/ACTIVE_LOW_PR_OUT_DFF[0].FDRE_PER_N/C
                            (rising edge-triggered cell FDRE clocked by clk_fpga_0  {rise@0.000ns fall@20.000ns period=40.000ns})
  Destination:            design_1_i/Top_tpg_0/U0/h_cntr_reg_reg[5]/CLR
                            (recovery check against rising-edge clock clk_fpga_0  {rise@0.000ns fall@20.000ns period=40.000ns})
  Path Group:             **async_default**
  Path Type:              Recovery (Max at Slow Process Corner)
  Requirement:            40.000ns  (clk_fpga_0 rise@40.000ns - clk_fpga_0 rise@0.000ns)
  Data Path Delay:        4.794ns  (logic 0.608ns (12.682%)  route 4.186ns (87.318%))
  Logic Levels:           1  (LUT1=1)
  Clock Path Skew:        -0.178ns (DCD - SCD + CPR)
    Destination Clock Delay (DCD):    2.757ns = ( 42.757 - 40.000 ) 
    Source Clock Delay      (SCD):    3.051ns
    Clock Pessimism Removal (CPR):    0.116ns
  Clock Uncertainty:      0.601ns  ((TSJ^2 + TIJ^2)^1/2 + DJ) / 2 + PE
    Total System Jitter     (TSJ):    0.071ns
    Total Input Jitter      (TIJ):    1.200ns
    Discrete Jitter          (DJ):    0.000ns
    Phase Error              (PE):    0.000ns

    Location             Delay type                Incr(ns)  Path(ns)    Netlist Resource(s)
  -------------------------------------------------------------------    -------------------
                         (clock clk_fpga_0 rise edge)
                                                      0.000     0.000 r  
    PS7_X0Y0             PS7                          0.000     0.000 r  design_1_i/processing_system7_0/inst/PS7_i/FCLKCLK[0]
                         net (fo=1, routed)           1.207     1.207    design_1_i/processing_system7_0/inst/FCLK_CLK_unbuffered[0]
    BUFGCTRL_X0Y0        BUFG (Prop_bufg_I_O)         0.101     1.308 r  design_1_i/processing_system7_0/inst/buffer_fclk_clk_0.FCLK_CLK_0_BUFG/O
                         net (fo=7094, routed)        1.743     3.051    design_1_i/proc_sys_reset_0/U0/slowest_sync_clk
    SLICE_X41Y54         FDRE                                         r  design_1_i/proc_sys_reset_0/U0/ACTIVE_LOW_PR_OUT_DFF[0].FDRE_PER_N/C
  -------------------------------------------------------------------    -------------------
    SLICE_X41Y54         FDRE (Prop_fdre_C_Q)         0.456     3.507 r  design_1_i/proc_sys_reset_0/U0/ACTIVE_LOW_PR_OUT_DFF[0].FDRE_PER_N/Q
                         net (fo=88, routed)          2.000     5.507    design_1_i/Top_tpg_0/U0/resetn
    SLICE_X41Y38         LUT1 (Prop_lut1_I0_O)        0.152     5.659 f  design_1_i/Top_tpg_0/U0/v_cntr_reg[11]_i_3/O
                         net (fo=75, routed)          2.186     7.845    design_1_i/Top_tpg_0/U0/clear
    SLICE_X43Y29         FDCE                                         f  design_1_i/Top_tpg_0/U0/h_cntr_reg_reg[5]/CLR
  -------------------------------------------------------------------    -------------------

                         (clock clk_fpga_0 rise edge)
                                                     40.000    40.000 r  
    PS7_X0Y0             PS7                          0.000    40.000 r  design_1_i/processing_system7_0/inst/PS7_i/FCLKCLK[0]
                         net (fo=1, routed)           1.101    41.101    design_1_i/processing_system7_0/inst/FCLK_CLK_unbuffered[0]
    BUFGCTRL_X0Y0        BUFG (Prop_bufg_I_O)         0.091    41.192 r  design_1_i/processing_system7_0/inst/buffer_fclk_clk_0.FCLK_CLK_0_BUFG/O
                         net (fo=7094, routed)        1.565    42.757    design_1_i/Top_tpg_0/U0/Clk
    SLICE_X43Y29         FDCE                                         r  design_1_i/Top_tpg_0/U0/h_cntr_reg_reg[5]/C
                         clock pessimism              0.116    42.873    
                         clock uncertainty           -0.601    42.272    
    SLICE_X43Y29         FDCE (Recov_fdce_C_CLR)     -0.613    41.659    design_1_i/Top_tpg_0/U0/h_cntr_reg_reg[5]
  -------------------------------------------------------------------
                         required time                         41.659    
                         arrival time                          -7.845    
  -------------------------------------------------------------------
                         slack                                 33.814    

Slack (MET) :             33.814ns  (required time - arrival time)
  Source:                 design_1_i/proc_sys_reset_0/U0/ACTIVE_LOW_PR_OUT_DFF[0].FDRE_PER_N/C
                            (rising edge-triggered cell FDRE clocked by clk_fpga_0  {rise@0.000ns fall@20.000ns period=40.000ns})
  Destination:            design_1_i/Top_tpg_0/U0/h_cntr_reg_reg[6]/CLR
                            (recovery check against rising-edge clock clk_fpga_0  {rise@0.000ns fall@20.000ns period=40.000ns})
  Path Group:             **async_default**
  Path Type:              Recovery (Max at Slow Process Corner)
  Requirement:            40.000ns  (clk_fpga_0 rise@40.000ns - clk_fpga_0 rise@0.000ns)
  Data Path Delay:        4.794ns  (logic 0.608ns (12.682%)  route 4.186ns (87.318%))
  Logic Levels:           1  (LUT1=1)
  Clock Path Skew:        -0.178ns (DCD - SCD + CPR)
    Destination Clock Delay (DCD):    2.757ns = ( 42.757 - 40.000 ) 
    Source Clock Delay      (SCD):    3.051ns
    Clock Pessimism Removal (CPR):    0.116ns
  Clock Uncertainty:      0.601ns  ((TSJ^2 + TIJ^2)^1/2 + DJ) / 2 + PE
    Total System Jitter     (TSJ):    0.071ns
    Total Input Jitter      (TIJ):    1.200ns
    Discrete Jitter          (DJ):    0.000ns
    Phase Error              (PE):    0.000ns

    Location             Delay type                Incr(ns)  Path(ns)    Netlist Resource(s)
  -------------------------------------------------------------------    -------------------
                         (clock clk_fpga_0 rise edge)
                                                      0.000     0.000 r  
    PS7_X0Y0             PS7                          0.000     0.000 r  design_1_i/processing_system7_0/inst/PS7_i/FCLKCLK[0]
                         net (fo=1, routed)           1.207     1.207    design_1_i/processing_system7_0/inst/FCLK_CLK_unbuffered[0]
    BUFGCTRL_X0Y0        BUFG (Prop_bufg_I_O)         0.101     1.308 r  design_1_i/processing_system7_0/inst/buffer_fclk_clk_0.FCLK_CLK_0_BUFG/O
                         net (fo=7094, routed)        1.743     3.051    design_1_i/proc_sys_reset_0/U0/slowest_sync_clk
    SLICE_X41Y54         FDRE                                         r  design_1_i/proc_sys_reset_0/U0/ACTIVE_LOW_PR_OUT_DFF[0].FDRE_PER_N/C
  -------------------------------------------------------------------    -------------------
    SLICE_X41Y54         FDRE (Prop_fdre_C_Q)         0.456     3.507 r  design_1_i/proc_sys_reset_0/U0/ACTIVE_LOW_PR_OUT_DFF[0].FDRE_PER_N/Q
                         net (fo=88, routed)          2.000     5.507    design_1_i/Top_tpg_0/U0/resetn
    SLICE_X41Y38         LUT1 (Prop_lut1_I0_O)        0.152     5.659 f  design_1_i/Top_tpg_0/U0/v_cntr_reg[11]_i_3/O
                         net (fo=75, routed)          2.186     7.845    design_1_i/Top_tpg_0/U0/clear
    SLICE_X43Y29         FDCE                                         f  design_1_i/Top_tpg_0/U0/h_cntr_reg_reg[6]/CLR
  -------------------------------------------------------------------    -------------------

                         (clock clk_fpga_0 rise edge)
                                                     40.000    40.000 r  
    PS7_X0Y0             PS7                          0.000    40.000 r  design_1_i/processing_system7_0/inst/PS7_i/FCLKCLK[0]
                         net (fo=1, routed)           1.101    41.101    design_1_i/processing_system7_0/inst/FCLK_CLK_unbuffered[0]
    BUFGCTRL_X0Y0        BUFG (Prop_bufg_I_O)         0.091    41.192 r  design_1_i/processing_system7_0/inst/buffer_fclk_clk_0.FCLK_CLK_0_BUFG/O
                         net (fo=7094, routed)        1.565    42.757    design_1_i/Top_tpg_0/U0/Clk
    SLICE_X43Y29         FDCE                                         r  design_1_i/Top_tpg_0/U0/h_cntr_reg_reg[6]/C
                         clock pessimism              0.116    42.873    
                         clock uncertainty           -0.601    42.272    
    SLICE_X43Y29         FDCE (Recov_fdce_C_CLR)     -0.613    41.659    design_1_i/Top_tpg_0/U0/h_cntr_reg_reg[6]
  -------------------------------------------------------------------
                         required time                         41.659    
                         arrival time                          -7.845    
  -------------------------------------------------------------------
                         slack                                 33.814    

Slack (MET) :             33.814ns  (required time - arrival time)
  Source:                 design_1_i/proc_sys_reset_0/U0/ACTIVE_LOW_PR_OUT_DFF[0].FDRE_PER_N/C
                            (rising edge-triggered cell FDRE clocked by clk_fpga_0  {rise@0.000ns fall@20.000ns period=40.000ns})
  Destination:            design_1_i/Top_tpg_0/U0/h_cntr_reg_reg[7]/CLR
                            (recovery check against rising-edge clock clk_fpga_0  {rise@0.000ns fall@20.000ns period=40.000ns})
  Path Group:             **async_default**
  Path Type:              Recovery (Max at Slow Process Corner)
  Requirement:            40.000ns  (clk_fpga_0 rise@40.000ns - clk_fpga_0 rise@0.000ns)
  Data Path Delay:        4.794ns  (logic 0.608ns (12.682%)  route 4.186ns (87.318%))
  Logic Levels:           1  (LUT1=1)
  Clock Path Skew:        -0.178ns (DCD - SCD + CPR)
    Destination Clock Delay (DCD):    2.757ns = ( 42.757 - 40.000 ) 
    Source Clock Delay      (SCD):    3.051ns
    Clock Pessimism Removal (CPR):    0.116ns
  Clock Uncertainty:      0.601ns  ((TSJ^2 + TIJ^2)^1/2 + DJ) / 2 + PE
    Total System Jitter     (TSJ):    0.071ns
    Total Input Jitter      (TIJ):    1.200ns
    Discrete Jitter          (DJ):    0.000ns
    Phase Error              (PE):    0.000ns

    Location             Delay type                Incr(ns)  Path(ns)    Netlist Resource(s)
  -------------------------------------------------------------------    -------------------
                         (clock clk_fpga_0 rise edge)
                                                      0.000     0.000 r  
    PS7_X0Y0             PS7                          0.000     0.000 r  design_1_i/processing_system7_0/inst/PS7_i/FCLKCLK[0]
                         net (fo=1, routed)           1.207     1.207    design_1_i/processing_system7_0/inst/FCLK_CLK_unbuffered[0]
    BUFGCTRL_X0Y0        BUFG (Prop_bufg_I_O)         0.101     1.308 r  design_1_i/processing_system7_0/inst/buffer_fclk_clk_0.FCLK_CLK_0_BUFG/O
                         net (fo=7094, routed)        1.743     3.051    design_1_i/proc_sys_reset_0/U0/slowest_sync_clk
    SLICE_X41Y54         FDRE                                         r  design_1_i/proc_sys_reset_0/U0/ACTIVE_LOW_PR_OUT_DFF[0].FDRE_PER_N/C
  -------------------------------------------------------------------    -------------------
    SLICE_X41Y54         FDRE (Prop_fdre_C_Q)         0.456     3.507 r  design_1_i/proc_sys_reset_0/U0/ACTIVE_LOW_PR_OUT_DFF[0].FDRE_PER_N/Q
                         net (fo=88, routed)          2.000     5.507    design_1_i/Top_tpg_0/U0/resetn
    SLICE_X41Y38         LUT1 (Prop_lut1_I0_O)        0.152     5.659 f  design_1_i/Top_tpg_0/U0/v_cntr_reg[11]_i_3/O
                         net (fo=75, routed)          2.186     7.845    design_1_i/Top_tpg_0/U0/clear
    SLICE_X43Y29         FDCE                                         f  design_1_i/Top_tpg_0/U0/h_cntr_reg_reg[7]/CLR
  -------------------------------------------------------------------    -------------------

                         (clock clk_fpga_0 rise edge)
                                                     40.000    40.000 r  
    PS7_X0Y0             PS7                          0.000    40.000 r  design_1_i/processing_system7_0/inst/PS7_i/FCLKCLK[0]
                         net (fo=1, routed)           1.101    41.101    design_1_i/processing_system7_0/inst/FCLK_CLK_unbuffered[0]
    BUFGCTRL_X0Y0        BUFG (Prop_bufg_I_O)         0.091    41.192 r  design_1_i/processing_system7_0/inst/buffer_fclk_clk_0.FCLK_CLK_0_BUFG/O
                         net (fo=7094, routed)        1.565    42.757    design_1_i/Top_tpg_0/U0/Clk
    SLICE_X43Y29         FDCE                                         r  design_1_i/Top_tpg_0/U0/h_cntr_reg_reg[7]/C
                         clock pessimism              0.116    42.873    
                         clock uncertainty           -0.601    42.272    
    SLICE_X43Y29         FDCE (Recov_fdce_C_CLR)     -0.613    41.659    design_1_i/Top_tpg_0/U0/h_cntr_reg_reg[7]
  -------------------------------------------------------------------
                         required time                         41.659    
                         arrival time                          -7.845    
  -------------------------------------------------------------------
                         slack                                 33.814    

Slack (MET) :             34.144ns  (required time - arrival time)
  Source:                 design_1_i/proc_sys_reset_0/U0/ACTIVE_LOW_PR_OUT_DFF[0].FDRE_PER_N/C
                            (rising edge-triggered cell FDRE clocked by clk_fpga_0  {rise@0.000ns fall@20.000ns period=40.000ns})
  Destination:            design_1_i/Top_tpg_0/U0/v_cntr_reg_reg[10]/CLR
                            (recovery check against rising-edge clock clk_fpga_0  {rise@0.000ns fall@20.000ns period=40.000ns})
  Path Group:             **async_default**
  Path Type:              Recovery (Max at Slow Process Corner)
  Requirement:            40.000ns  (clk_fpga_0 rise@40.000ns - clk_fpga_0 rise@0.000ns)
  Data Path Delay:        4.467ns  (logic 0.608ns (13.611%)  route 3.859ns (86.389%))
  Logic Levels:           1  (LUT1=1)
  Clock Path Skew:        -0.175ns (DCD - SCD + CPR)
    Destination Clock Delay (DCD):    2.760ns = ( 42.760 - 40.000 ) 
    Source Clock Delay      (SCD):    3.051ns
    Clock Pessimism Removal (CPR):    0.116ns
  Clock Uncertainty:      0.601ns  ((TSJ^2 + TIJ^2)^1/2 + DJ) / 2 + PE
    Total System Jitter     (TSJ):    0.071ns
    Total Input Jitter      (TIJ):    1.200ns
    Discrete Jitter          (DJ):    0.000ns
    Phase Error              (PE):    0.000ns

    Location             Delay type                Incr(ns)  Path(ns)    Netlist Resource(s)
  -------------------------------------------------------------------    -------------------
                         (clock clk_fpga_0 rise edge)
                                                      0.000     0.000 r  
    PS7_X0Y0             PS7                          0.000     0.000 r  design_1_i/processing_system7_0/inst/PS7_i/FCLKCLK[0]
                         net (fo=1, routed)           1.207     1.207    design_1_i/processing_system7_0/inst/FCLK_CLK_unbuffered[0]
    BUFGCTRL_X0Y0        BUFG (Prop_bufg_I_O)         0.101     1.308 r  design_1_i/processing_system7_0/inst/buffer_fclk_clk_0.FCLK_CLK_0_BUFG/O
                         net (fo=7094, routed)        1.743     3.051    design_1_i/proc_sys_reset_0/U0/slowest_sync_clk
    SLICE_X41Y54         FDRE                                         r  design_1_i/proc_sys_reset_0/U0/ACTIVE_LOW_PR_OUT_DFF[0].FDRE_PER_N/C
  -------------------------------------------------------------------    -------------------
    SLICE_X41Y54         FDRE (Prop_fdre_C_Q)         0.456     3.507 r  design_1_i/proc_sys_reset_0/U0/ACTIVE_LOW_PR_OUT_DFF[0].FDRE_PER_N/Q
                         net (fo=88, routed)          2.000     5.507    design_1_i/Top_tpg_0/U0/resetn
    SLICE_X41Y38         LUT1 (Prop_lut1_I0_O)        0.152     5.659 f  design_1_i/Top_tpg_0/U0/v_cntr_reg[11]_i_3/O
                         net (fo=75, routed)          1.858     7.518    design_1_i/Top_tpg_0/U0/clear
    SLICE_X41Y32         FDCE                                         f  design_1_i/Top_tpg_0/U0/v_cntr_reg_reg[10]/CLR
  -------------------------------------------------------------------    -------------------

                         (clock clk_fpga_0 rise edge)
                                                     40.000    40.000 r  
    PS7_X0Y0             PS7                          0.000    40.000 r  design_1_i/processing_system7_0/inst/PS7_i/FCLKCLK[0]
                         net (fo=1, routed)           1.101    41.101    design_1_i/processing_system7_0/inst/FCLK_CLK_unbuffered[0]
    BUFGCTRL_X0Y0        BUFG (Prop_bufg_I_O)         0.091    41.192 r  design_1_i/processing_system7_0/inst/buffer_fclk_clk_0.FCLK_CLK_0_BUFG/O
                         net (fo=7094, routed)        1.568    42.761    design_1_i/Top_tpg_0/U0/Clk
    SLICE_X41Y32         FDCE                                         r  design_1_i/Top_tpg_0/U0/v_cntr_reg_reg[10]/C
                         clock pessimism              0.116    42.876    
                         clock uncertainty           -0.601    42.275    
    SLICE_X41Y32         FDCE (Recov_fdce_C_CLR)     -0.613    41.662    design_1_i/Top_tpg_0/U0/v_cntr_reg_reg[10]
  -------------------------------------------------------------------
                         required time                         41.662    
                         arrival time                          -7.518    
  -------------------------------------------------------------------
                         slack                                 34.144    

Slack (MET) :             34.144ns  (required time - arrival time)
  Source:                 design_1_i/proc_sys_reset_0/U0/ACTIVE_LOW_PR_OUT_DFF[0].FDRE_PER_N/C
                            (rising edge-triggered cell FDRE clocked by clk_fpga_0  {rise@0.000ns fall@20.000ns period=40.000ns})
  Destination:            design_1_i/Top_tpg_0/U0/v_cntr_reg_reg[11]/CLR
                            (recovery check against rising-edge clock clk_fpga_0  {rise@0.000ns fall@20.000ns period=40.000ns})
  Path Group:             **async_default**
  Path Type:              Recovery (Max at Slow Process Corner)
  Requirement:            40.000ns  (clk_fpga_0 rise@40.000ns - clk_fpga_0 rise@0.000ns)
  Data Path Delay:        4.467ns  (logic 0.608ns (13.611%)  route 3.859ns (86.389%))
  Logic Levels:           1  (LUT1=1)
  Clock Path Skew:        -0.175ns (DCD - SCD + CPR)
    Destination Clock Delay (DCD):    2.760ns = ( 42.760 - 40.000 ) 
    Source Clock Delay      (SCD):    3.051ns
    Clock Pessimism Removal (CPR):    0.116ns
  Clock Uncertainty:      0.601ns  ((TSJ^2 + TIJ^2)^1/2 + DJ) / 2 + PE
    Total System Jitter     (TSJ):    0.071ns
    Total Input Jitter      (TIJ):    1.200ns
    Discrete Jitter          (DJ):    0.000ns
    Phase Error              (PE):    0.000ns

    Location             Delay type                Incr(ns)  Path(ns)    Netlist Resource(s)
  -------------------------------------------------------------------    -------------------
                         (clock clk_fpga_0 rise edge)
                                                      0.000     0.000 r  
    PS7_X0Y0             PS7                          0.000     0.000 r  design_1_i/processing_system7_0/inst/PS7_i/FCLKCLK[0]
                         net (fo=1, routed)           1.207     1.207    design_1_i/processing_system7_0/inst/FCLK_CLK_unbuffered[0]
    BUFGCTRL_X0Y0        BUFG (Prop_bufg_I_O)         0.101     1.308 r  design_1_i/processing_system7_0/inst/buffer_fclk_clk_0.FCLK_CLK_0_BUFG/O
                         net (fo=7094, routed)        1.743     3.051    design_1_i/proc_sys_reset_0/U0/slowest_sync_clk
    SLICE_X41Y54         FDRE                                         r  design_1_i/proc_sys_reset_0/U0/ACTIVE_LOW_PR_OUT_DFF[0].FDRE_PER_N/C
  -------------------------------------------------------------------    -------------------
    SLICE_X41Y54         FDRE (Prop_fdre_C_Q)         0.456     3.507 r  design_1_i/proc_sys_reset_0/U0/ACTIVE_LOW_PR_OUT_DFF[0].FDRE_PER_N/Q
                         net (fo=88, routed)          2.000     5.507    design_1_i/Top_tpg_0/U0/resetn
    SLICE_X41Y38         LUT1 (Prop_lut1_I0_O)        0.152     5.659 f  design_1_i/Top_tpg_0/U0/v_cntr_reg[11]_i_3/O
                         net (fo=75, routed)          1.858     7.518    design_1_i/Top_tpg_0/U0/clear
    SLICE_X41Y32         FDCE                                         f  design_1_i/Top_tpg_0/U0/v_cntr_reg_reg[11]/CLR
  -------------------------------------------------------------------    -------------------

                         (clock clk_fpga_0 rise edge)
                                                     40.000    40.000 r  
    PS7_X0Y0             PS7                          0.000    40.000 r  design_1_i/processing_system7_0/inst/PS7_i/FCLKCLK[0]
                         net (fo=1, routed)           1.101    41.101    design_1_i/processing_system7_0/inst/FCLK_CLK_unbuffered[0]
    BUFGCTRL_X0Y0        BUFG (Prop_bufg_I_O)         0.091    41.192 r  design_1_i/processing_system7_0/inst/buffer_fclk_clk_0.FCLK_CLK_0_BUFG/O
                         net (fo=7094, routed)        1.568    42.761    design_1_i/Top_tpg_0/U0/Clk
    SLICE_X41Y32         FDCE                                         r  design_1_i/Top_tpg_0/U0/v_cntr_reg_reg[11]/C
                         clock pessimism              0.116    42.876    
                         clock uncertainty           -0.601    42.275    
    SLICE_X41Y32         FDCE (Recov_fdce_C_CLR)     -0.613    41.662    design_1_i/Top_tpg_0/U0/v_cntr_reg_reg[11]
  -------------------------------------------------------------------
                         required time                         41.662    
                         arrival time                          -7.518    
  -------------------------------------------------------------------
                         slack                                 34.144    

Slack (MET) :             34.144ns  (required time - arrival time)
  Source:                 design_1_i/proc_sys_reset_0/U0/ACTIVE_LOW_PR_OUT_DFF[0].FDRE_PER_N/C
                            (rising edge-triggered cell FDRE clocked by clk_fpga_0  {rise@0.000ns fall@20.000ns period=40.000ns})
  Destination:            design_1_i/Top_tpg_0/U0/v_cntr_reg_reg[8]/CLR
                            (recovery check against rising-edge clock clk_fpga_0  {rise@0.000ns fall@20.000ns period=40.000ns})
  Path Group:             **async_default**
  Path Type:              Recovery (Max at Slow Process Corner)
  Requirement:            40.000ns  (clk_fpga_0 rise@40.000ns - clk_fpga_0 rise@0.000ns)
  Data Path Delay:        4.467ns  (logic 0.608ns (13.611%)  route 3.859ns (86.389%))
  Logic Levels:           1  (LUT1=1)
  Clock Path Skew:        -0.175ns (DCD - SCD + CPR)
    Destination Clock Delay (DCD):    2.760ns = ( 42.760 - 40.000 ) 
    Source Clock Delay      (SCD):    3.051ns
    Clock Pessimism Removal (CPR):    0.116ns
  Clock Uncertainty:      0.601ns  ((TSJ^2 + TIJ^2)^1/2 + DJ) / 2 + PE
    Total System Jitter     (TSJ):    0.071ns
    Total Input Jitter      (TIJ):    1.200ns
    Discrete Jitter          (DJ):    0.000ns
    Phase Error              (PE):    0.000ns

    Location             Delay type                Incr(ns)  Path(ns)    Netlist Resource(s)
  -------------------------------------------------------------------    -------------------
                         (clock clk_fpga_0 rise edge)
                                                      0.000     0.000 r  
    PS7_X0Y0             PS7                          0.000     0.000 r  design_1_i/processing_system7_0/inst/PS7_i/FCLKCLK[0]
                         net (fo=1, routed)           1.207     1.207    design_1_i/processing_system7_0/inst/FCLK_CLK_unbuffered[0]
    BUFGCTRL_X0Y0        BUFG (Prop_bufg_I_O)         0.101     1.308 r  design_1_i/processing_system7_0/inst/buffer_fclk_clk_0.FCLK_CLK_0_BUFG/O
                         net (fo=7094, routed)        1.743     3.051    design_1_i/proc_sys_reset_0/U0/slowest_sync_clk
    SLICE_X41Y54         FDRE                                         r  design_1_i/proc_sys_reset_0/U0/ACTIVE_LOW_PR_OUT_DFF[0].FDRE_PER_N/C
  -------------------------------------------------------------------    -------------------
    SLICE_X41Y54         FDRE (Prop_fdre_C_Q)         0.456     3.507 r  design_1_i/proc_sys_reset_0/U0/ACTIVE_LOW_PR_OUT_DFF[0].FDRE_PER_N/Q
                         net (fo=88, routed)          2.000     5.507    design_1_i/Top_tpg_0/U0/resetn
    SLICE_X41Y38         LUT1 (Prop_lut1_I0_O)        0.152     5.659 f  design_1_i/Top_tpg_0/U0/v_cntr_reg[11]_i_3/O
                         net (fo=75, routed)          1.858     7.518    design_1_i/Top_tpg_0/U0/clear
    SLICE_X41Y32         FDCE                                         f  design_1_i/Top_tpg_0/U0/v_cntr_reg_reg[8]/CLR
  -------------------------------------------------------------------    -------------------

                         (clock clk_fpga_0 rise edge)
                                                     40.000    40.000 r  
    PS7_X0Y0             PS7                          0.000    40.000 r  design_1_i/processing_system7_0/inst/PS7_i/FCLKCLK[0]
                         net (fo=1, routed)           1.101    41.101    design_1_i/processing_system7_0/inst/FCLK_CLK_unbuffered[0]
    BUFGCTRL_X0Y0        BUFG (Prop_bufg_I_O)         0.091    41.192 r  design_1_i/processing_system7_0/inst/buffer_fclk_clk_0.FCLK_CLK_0_BUFG/O
                         net (fo=7094, routed)        1.568    42.761    design_1_i/Top_tpg_0/U0/Clk
    SLICE_X41Y32         FDCE                                         r  design_1_i/Top_tpg_0/U0/v_cntr_reg_reg[8]/C
                         clock pessimism              0.116    42.876    
                         clock uncertainty           -0.601    42.275    
    SLICE_X41Y32         FDCE (Recov_fdce_C_CLR)     -0.613    41.662    design_1_i/Top_tpg_0/U0/v_cntr_reg_reg[8]
  -------------------------------------------------------------------
                         required time                         41.662    
                         arrival time                          -7.518    
  -------------------------------------------------------------------
                         slack                                 34.144    

Slack (MET) :             34.144ns  (required time - arrival time)
  Source:                 design_1_i/proc_sys_reset_0/U0/ACTIVE_LOW_PR_OUT_DFF[0].FDRE_PER_N/C
                            (rising edge-triggered cell FDRE clocked by clk_fpga_0  {rise@0.000ns fall@20.000ns period=40.000ns})
  Destination:            design_1_i/Top_tpg_0/U0/v_cntr_reg_reg[9]/CLR
                            (recovery check against rising-edge clock clk_fpga_0  {rise@0.000ns fall@20.000ns period=40.000ns})
  Path Group:             **async_default**
  Path Type:              Recovery (Max at Slow Process Corner)
  Requirement:            40.000ns  (clk_fpga_0 rise@40.000ns - clk_fpga_0 rise@0.000ns)
  Data Path Delay:        4.467ns  (logic 0.608ns (13.611%)  route 3.859ns (86.389%))
  Logic Levels:           1  (LUT1=1)
  Clock Path Skew:        -0.175ns (DCD - SCD + CPR)
    Destination Clock Delay (DCD):    2.760ns = ( 42.760 - 40.000 ) 
    Source Clock Delay      (SCD):    3.051ns
    Clock Pessimism Removal (CPR):    0.116ns
  Clock Uncertainty:      0.601ns  ((TSJ^2 + TIJ^2)^1/2 + DJ) / 2 + PE
    Total System Jitter     (TSJ):    0.071ns
    Total Input Jitter      (TIJ):    1.200ns
    Discrete Jitter          (DJ):    0.000ns
    Phase Error              (PE):    0.000ns

    Location             Delay type                Incr(ns)  Path(ns)    Netlist Resource(s)
  -------------------------------------------------------------------    -------------------
                         (clock clk_fpga_0 rise edge)
                                                      0.000     0.000 r  
    PS7_X0Y0             PS7                          0.000     0.000 r  design_1_i/processing_system7_0/inst/PS7_i/FCLKCLK[0]
                         net (fo=1, routed)           1.207     1.207    design_1_i/processing_system7_0/inst/FCLK_CLK_unbuffered[0]
    BUFGCTRL_X0Y0        BUFG (Prop_bufg_I_O)         0.101     1.308 r  design_1_i/processing_system7_0/inst/buffer_fclk_clk_0.FCLK_CLK_0_BUFG/O
                         net (fo=7094, routed)        1.743     3.051    design_1_i/proc_sys_reset_0/U0/slowest_sync_clk
    SLICE_X41Y54         FDRE                                         r  design_1_i/proc_sys_reset_0/U0/ACTIVE_LOW_PR_OUT_DFF[0].FDRE_PER_N/C
  -------------------------------------------------------------------    -------------------
    SLICE_X41Y54         FDRE (Prop_fdre_C_Q)         0.456     3.507 r  design_1_i/proc_sys_reset_0/U0/ACTIVE_LOW_PR_OUT_DFF[0].FDRE_PER_N/Q
                         net (fo=88, routed)          2.000     5.507    design_1_i/Top_tpg_0/U0/resetn
    SLICE_X41Y38         LUT1 (Prop_lut1_I0_O)        0.152     5.659 f  design_1_i/Top_tpg_0/U0/v_cntr_reg[11]_i_3/O
                         net (fo=75, routed)          1.858     7.518    design_1_i/Top_tpg_0/U0/clear
    SLICE_X41Y32         FDCE                                         f  design_1_i/Top_tpg_0/U0/v_cntr_reg_reg[9]/CLR
  -------------------------------------------------------------------    -------------------

                         (clock clk_fpga_0 rise edge)
                                                     40.000    40.000 r  
    PS7_X0Y0             PS7                          0.000    40.000 r  design_1_i/processing_system7_0/inst/PS7_i/FCLKCLK[0]
                         net (fo=1, routed)           1.101    41.101    design_1_i/processing_system7_0/inst/FCLK_CLK_unbuffered[0]
    BUFGCTRL_X0Y0        BUFG (Prop_bufg_I_O)         0.091    41.192 r  design_1_i/processing_system7_0/inst/buffer_fclk_clk_0.FCLK_CLK_0_BUFG/O
                         net (fo=7094, routed)        1.568    42.761    design_1_i/Top_tpg_0/U0/Clk
    SLICE_X41Y32         FDCE                                         r  design_1_i/Top_tpg_0/U0/v_cntr_reg_reg[9]/C
                         clock pessimism              0.116    42.876    
                         clock uncertainty           -0.601    42.275    
    SLICE_X41Y32         FDCE (Recov_fdce_C_CLR)     -0.613    41.662    design_1_i/Top_tpg_0/U0/v_cntr_reg_reg[9]
  -------------------------------------------------------------------
                         required time                         41.662    
                         arrival time                          -7.518    
  -------------------------------------------------------------------
                         slack                                 34.144    

Slack (MET) :             34.344ns  (required time - arrival time)
  Source:                 design_1_i/proc_sys_reset_0/U0/ACTIVE_LOW_PR_OUT_DFF[0].FDRE_PER_N/C
                            (rising edge-triggered cell FDRE clocked by clk_fpga_0  {rise@0.000ns fall@20.000ns period=40.000ns})
  Destination:            design_1_i/Top_tpg_0/U0/s_box_x_reg_reg[4]/CLR
                            (recovery check against rising-edge clock clk_fpga_0  {rise@0.000ns fall@20.000ns period=40.000ns})
  Path Group:             **async_default**
  Path Type:              Recovery (Max at Slow Process Corner)
  Requirement:            40.000ns  (clk_fpga_0 rise@40.000ns - clk_fpga_0 rise@0.000ns)
  Data Path Delay:        4.263ns  (logic 0.608ns (14.262%)  route 3.655ns (85.738%))
  Logic Levels:           1  (LUT1=1)
  Clock Path Skew:        -0.179ns (DCD - SCD + CPR)
    Destination Clock Delay (DCD):    2.757ns = ( 42.757 - 40.000 ) 
    Source Clock Delay      (SCD):    3.051ns
    Clock Pessimism Removal (CPR):    0.116ns
  Clock Uncertainty:      0.601ns  ((TSJ^2 + TIJ^2)^1/2 + DJ) / 2 + PE
    Total System Jitter     (TSJ):    0.071ns
    Total Input Jitter      (TIJ):    1.200ns
    Discrete Jitter          (DJ):    0.000ns
    Phase Error              (PE):    0.000ns

    Location             Delay type                Incr(ns)  Path(ns)    Netlist Resource(s)
  -------------------------------------------------------------------    -------------------
                         (clock clk_fpga_0 rise edge)
                                                      0.000     0.000 r  
    PS7_X0Y0             PS7                          0.000     0.000 r  design_1_i/processing_system7_0/inst/PS7_i/FCLKCLK[0]
                         net (fo=1, routed)           1.207     1.207    design_1_i/processing_system7_0/inst/FCLK_CLK_unbuffered[0]
    BUFGCTRL_X0Y0        BUFG (Prop_bufg_I_O)         0.101     1.308 r  design_1_i/processing_system7_0/inst/buffer_fclk_clk_0.FCLK_CLK_0_BUFG/O
                         net (fo=7094, routed)        1.743     3.051    design_1_i/proc_sys_reset_0/U0/slowest_sync_clk
    SLICE_X41Y54         FDRE                                         r  design_1_i/proc_sys_reset_0/U0/ACTIVE_LOW_PR_OUT_DFF[0].FDRE_PER_N/C
  -------------------------------------------------------------------    -------------------
    SLICE_X41Y54         FDRE (Prop_fdre_C_Q)         0.456     3.507 r  design_1_i/proc_sys_reset_0/U0/ACTIVE_LOW_PR_OUT_DFF[0].FDRE_PER_N/Q
                         net (fo=88, routed)          2.000     5.507    design_1_i/Top_tpg_0/U0/resetn
    SLICE_X41Y38         LUT1 (Prop_lut1_I0_O)        0.152     5.659 f  design_1_i/Top_tpg_0/U0/v_cntr_reg[11]_i_3/O
                         net (fo=75, routed)          1.655     7.314    design_1_i/Top_tpg_0/U0/clear
    SLICE_X40Y28         FDCE                                         f  design_1_i/Top_tpg_0/U0/s_box_x_reg_reg[4]/CLR
  -------------------------------------------------------------------    -------------------

                         (clock clk_fpga_0 rise edge)
                                                     40.000    40.000 r  
    PS7_X0Y0             PS7                          0.000    40.000 r  design_1_i/processing_system7_0/inst/PS7_i/FCLKCLK[0]
                         net (fo=1, routed)           1.101    41.101    design_1_i/processing_system7_0/inst/FCLK_CLK_unbuffered[0]
    BUFGCTRL_X0Y0        BUFG (Prop_bufg_I_O)         0.091    41.192 r  design_1_i/processing_system7_0/inst/buffer_fclk_clk_0.FCLK_CLK_0_BUFG/O
                         net (fo=7094, routed)        1.564    42.757    design_1_i/Top_tpg_0/U0/Clk
    SLICE_X40Y28         FDCE                                         r  design_1_i/Top_tpg_0/U0/s_box_x_reg_reg[4]/C
                         clock pessimism              0.116    42.872    
                         clock uncertainty           -0.601    42.271    
    SLICE_X40Y28         FDCE (Recov_fdce_C_CLR)     -0.613    41.658    design_1_i/Top_tpg_0/U0/s_box_x_reg_reg[4]
  -------------------------------------------------------------------
                         required time                         41.658    
                         arrival time                          -7.314    
  -------------------------------------------------------------------
                         slack                                 34.344    

Slack (MET) :             34.344ns  (required time - arrival time)
  Source:                 design_1_i/proc_sys_reset_0/U0/ACTIVE_LOW_PR_OUT_DFF[0].FDRE_PER_N/C
                            (rising edge-triggered cell FDRE clocked by clk_fpga_0  {rise@0.000ns fall@20.000ns period=40.000ns})
  Destination:            design_1_i/Top_tpg_0/U0/s_box_x_reg_reg[5]/CLR
                            (recovery check against rising-edge clock clk_fpga_0  {rise@0.000ns fall@20.000ns period=40.000ns})
  Path Group:             **async_default**
  Path Type:              Recovery (Max at Slow Process Corner)
  Requirement:            40.000ns  (clk_fpga_0 rise@40.000ns - clk_fpga_0 rise@0.000ns)
  Data Path Delay:        4.263ns  (logic 0.608ns (14.262%)  route 3.655ns (85.738%))
  Logic Levels:           1  (LUT1=1)
  Clock Path Skew:        -0.179ns (DCD - SCD + CPR)
    Destination Clock Delay (DCD):    2.757ns = ( 42.757 - 40.000 ) 
    Source Clock Delay      (SCD):    3.051ns
    Clock Pessimism Removal (CPR):    0.116ns
  Clock Uncertainty:      0.601ns  ((TSJ^2 + TIJ^2)^1/2 + DJ) / 2 + PE
    Total System Jitter     (TSJ):    0.071ns
    Total Input Jitter      (TIJ):    1.200ns
    Discrete Jitter          (DJ):    0.000ns
    Phase Error              (PE):    0.000ns

    Location             Delay type                Incr(ns)  Path(ns)    Netlist Resource(s)
  -------------------------------------------------------------------    -------------------
                         (clock clk_fpga_0 rise edge)
                                                      0.000     0.000 r  
    PS7_X0Y0             PS7                          0.000     0.000 r  design_1_i/processing_system7_0/inst/PS7_i/FCLKCLK[0]
                         net (fo=1, routed)           1.207     1.207    design_1_i/processing_system7_0/inst/FCLK_CLK_unbuffered[0]
    BUFGCTRL_X0Y0        BUFG (Prop_bufg_I_O)         0.101     1.308 r  design_1_i/processing_system7_0/inst/buffer_fclk_clk_0.FCLK_CLK_0_BUFG/O
                         net (fo=7094, routed)        1.743     3.051    design_1_i/proc_sys_reset_0/U0/slowest_sync_clk
    SLICE_X41Y54         FDRE                                         r  design_1_i/proc_sys_reset_0/U0/ACTIVE_LOW_PR_OUT_DFF[0].FDRE_PER_N/C
  -------------------------------------------------------------------    -------------------
    SLICE_X41Y54         FDRE (Prop_fdre_C_Q)         0.456     3.507 r  design_1_i/proc_sys_reset_0/U0/ACTIVE_LOW_PR_OUT_DFF[0].FDRE_PER_N/Q
                         net (fo=88, routed)          2.000     5.507    design_1_i/Top_tpg_0/U0/resetn
    SLICE_X41Y38         LUT1 (Prop_lut1_I0_O)        0.152     5.659 f  design_1_i/Top_tpg_0/U0/v_cntr_reg[11]_i_3/O
                         net (fo=75, routed)          1.655     7.314    design_1_i/Top_tpg_0/U0/clear
    SLICE_X40Y28         FDCE                                         f  design_1_i/Top_tpg_0/U0/s_box_x_reg_reg[5]/CLR
  -------------------------------------------------------------------    -------------------

                         (clock clk_fpga_0 rise edge)
                                                     40.000    40.000 r  
    PS7_X0Y0             PS7                          0.000    40.000 r  design_1_i/processing_system7_0/inst/PS7_i/FCLKCLK[0]
                         net (fo=1, routed)           1.101    41.101    design_1_i/processing_system7_0/inst/FCLK_CLK_unbuffered[0]
    BUFGCTRL_X0Y0        BUFG (Prop_bufg_I_O)         0.091    41.192 r  design_1_i/processing_system7_0/inst/buffer_fclk_clk_0.FCLK_CLK_0_BUFG/O
                         net (fo=7094, routed)        1.564    42.757    design_1_i/Top_tpg_0/U0/Clk
    SLICE_X40Y28         FDCE                                         r  design_1_i/Top_tpg_0/U0/s_box_x_reg_reg[5]/C
                         clock pessimism              0.116    42.872    
                         clock uncertainty           -0.601    42.271    
    SLICE_X40Y28         FDCE (Recov_fdce_C_CLR)     -0.613    41.658    design_1_i/Top_tpg_0/U0/s_box_x_reg_reg[5]
  -------------------------------------------------------------------
                         required time                         41.658    
                         arrival time                          -7.314    
  -------------------------------------------------------------------
                         slack                                 34.344    





Min Delay Paths
--------------------------------------------------------------------------------------
Slack (MET) :             0.433ns  (arrival time - required time)
  Source:                 design_1_i/ps7_0_axi_periph/m00_couplers/auto_ds/inst/gen_downsizer.gen_simple_downsizer.axi_downsizer_inst/USE_WRITE.write_addr_inst/cmd_queue/inst/fifo_gen_inst/inst_fifo_gen/gconvfifo.rf/grf.rf/rstblk/ngwrdrst.grst.g7serrst.gnsckt_wrst.rst_wr_reg2_inst/arststages_ff_reg[1]/C
                            (rising edge-triggered cell FDPE clocked by clk_fpga_0  {rise@0.000ns fall@20.000ns period=40.000ns})
  Destination:            design_1_i/ps7_0_axi_periph/m00_couplers/auto_ds/inst/gen_downsizer.gen_simple_downsizer.axi_downsizer_inst/USE_WRITE.write_addr_inst/cmd_queue/inst/fifo_gen_inst/inst_fifo_gen/gconvfifo.rf/grf.rf/gntv_or_sync_fifo.gl0.rd/rpntr/gc0.count_d1_reg[0]/CLR
                            (removal check against rising-edge clock clk_fpga_0  {rise@0.000ns fall@20.000ns period=40.000ns})
  Path Group:             **async_default**
  Path Type:              Removal (Min at Fast Process Corner)
  Requirement:            0.000ns  (clk_fpga_0 rise@0.000ns - clk_fpga_0 rise@0.000ns)
  Data Path Delay:        0.611ns  (logic 0.227ns (37.123%)  route 0.384ns (62.877%))
  Logic Levels:           1  (LUT3=1)
  Clock Path Skew:        0.270ns (DCD - SCD - CPR)
    Destination Clock Delay (DCD):    1.205ns
    Source Clock Delay      (SCD):    0.906ns
    Clock Pessimism Removal (CPR):    0.029ns

    Location             Delay type                Incr(ns)  Path(ns)    Netlist Resource(s)
  -------------------------------------------------------------------    -------------------
                         (clock clk_fpga_0 rise edge)
                                                      0.000     0.000 r  
    PS7_X0Y0             PS7                          0.000     0.000 r  design_1_i/processing_system7_0/inst/PS7_i/FCLKCLK[0]
                         net (fo=1, routed)           0.315     0.315    design_1_i/processing_system7_0/inst/FCLK_CLK_unbuffered[0]
    BUFGCTRL_X0Y0        BUFG (Prop_bufg_I_O)         0.026     0.341 r  design_1_i/processing_system7_0/inst/buffer_fclk_clk_0.FCLK_CLK_0_BUFG/O
                         net (fo=7094, routed)        0.565     0.906    design_1_i/ps7_0_axi_periph/m00_couplers/auto_ds/inst/gen_downsizer.gen_simple_downsizer.axi_downsizer_inst/USE_WRITE.write_addr_inst/cmd_queue/inst/fifo_gen_inst/inst_fifo_gen/gconvfifo.rf/grf.rf/rstblk/ngwrdrst.grst.g7serrst.gnsckt_wrst.rst_wr_reg2_inst/dest_clk
    SLICE_X13Y52         FDPE                                         r  design_1_i/ps7_0_axi_periph/m00_couplers/auto_ds/inst/gen_downsizer.gen_simple_downsizer.axi_downsizer_inst/USE_WRITE.write_addr_inst/cmd_queue/inst/fifo_gen_inst/inst_fifo_gen/gconvfifo.rf/grf.rf/rstblk/ngwrdrst.grst.g7serrst.gnsckt_wrst.rst_wr_reg2_inst/arststages_ff_reg[1]/C
  -------------------------------------------------------------------    -------------------
    SLICE_X13Y52         FDPE (Prop_fdpe_C_Q)         0.128     1.034 f  design_1_i/ps7_0_axi_periph/m00_couplers/auto_ds/inst/gen_downsizer.gen_simple_downsizer.axi_downsizer_inst/USE_WRITE.write_addr_inst/cmd_queue/inst/fifo_gen_inst/inst_fifo_gen/gconvfifo.rf/grf.rf/rstblk/ngwrdrst.grst.g7serrst.gnsckt_wrst.rst_wr_reg2_inst/arststages_ff_reg[1]/Q
                         net (fo=3, routed)           0.131     1.165    design_1_i/ps7_0_axi_periph/m00_couplers/auto_ds/inst/gen_downsizer.gen_simple_downsizer.axi_downsizer_inst/USE_WRITE.write_addr_inst/cmd_queue/inst/fifo_gen_inst/inst_fifo_gen/gconvfifo.rf/grf.rf/rstblk/rst_wr_reg2
    SLICE_X13Y51         LUT3 (Prop_lut3_I2_O)        0.099     1.264 f  design_1_i/ps7_0_axi_periph/m00_couplers/auto_ds/inst/gen_downsizer.gen_simple_downsizer.axi_downsizer_inst/USE_WRITE.write_addr_inst/cmd_queue/inst/fifo_gen_inst/inst_fifo_gen/gconvfifo.rf/grf.rf/rstblk/gpregsm1.curr_fwft_state[1]_i_2/O
                         net (fo=32, routed)          0.254     1.517    design_1_i/ps7_0_axi_periph/m00_couplers/auto_ds/inst/gen_downsizer.gen_simple_downsizer.axi_downsizer_inst/USE_WRITE.write_addr_inst/cmd_queue/inst/fifo_gen_inst/inst_fifo_gen/gconvfifo.rf/grf.rf/gntv_or_sync_fifo.gl0.rd/rpntr/gc0.count_d1_reg[4]_1
    SLICE_X13Y47         FDCE                                         f  design_1_i/ps7_0_axi_periph/m00_couplers/auto_ds/inst/gen_downsizer.gen_simple_downsizer.axi_downsizer_inst/USE_WRITE.write_addr_inst/cmd_queue/inst/fifo_gen_inst/inst_fifo_gen/gconvfifo.rf/grf.rf/gntv_or_sync_fifo.gl0.rd/rpntr/gc0.count_d1_reg[0]/CLR
  -------------------------------------------------------------------    -------------------

                         (clock clk_fpga_0 rise edge)
                                                      0.000     0.000 r  
    PS7_X0Y0             PS7                          0.000     0.000 r  design_1_i/processing_system7_0/inst/PS7_i/FCLKCLK[0]
                         net (fo=1, routed)           0.341     0.341    design_1_i/processing_system7_0/inst/FCLK_CLK_unbuffered[0]
    BUFGCTRL_X0Y0        BUFG (Prop_bufg_I_O)         0.029     0.370 r  design_1_i/processing_system7_0/inst/buffer_fclk_clk_0.FCLK_CLK_0_BUFG/O
                         net (fo=7094, routed)        0.835     1.205    design_1_i/ps7_0_axi_periph/m00_couplers/auto_ds/inst/gen_downsizer.gen_simple_downsizer.axi_downsizer_inst/USE_WRITE.write_addr_inst/cmd_queue/inst/fifo_gen_inst/inst_fifo_gen/gconvfifo.rf/grf.rf/gntv_or_sync_fifo.gl0.rd/rpntr/clk
    SLICE_X13Y47         FDCE                                         r  design_1_i/ps7_0_axi_periph/m00_couplers/auto_ds/inst/gen_downsizer.gen_simple_downsizer.axi_downsizer_inst/USE_WRITE.write_addr_inst/cmd_queue/inst/fifo_gen_inst/inst_fifo_gen/gconvfifo.rf/grf.rf/gntv_or_sync_fifo.gl0.rd/rpntr/gc0.count_d1_reg[0]/C
                         clock pessimism             -0.029     1.176    
    SLICE_X13Y47         FDCE (Remov_fdce_C_CLR)     -0.092     1.084    design_1_i/ps7_0_axi_periph/m00_couplers/auto_ds/inst/gen_downsizer.gen_simple_downsizer.axi_downsizer_inst/USE_WRITE.write_addr_inst/cmd_queue/inst/fifo_gen_inst/inst_fifo_gen/gconvfifo.rf/grf.rf/gntv_or_sync_fifo.gl0.rd/rpntr/gc0.count_d1_reg[0]
  -------------------------------------------------------------------
                         required time                         -1.084    
                         arrival time                           1.517    
  -------------------------------------------------------------------
                         slack                                  0.433    

Slack (MET) :             0.433ns  (arrival time - required time)
  Source:                 design_1_i/ps7_0_axi_periph/m00_couplers/auto_ds/inst/gen_downsizer.gen_simple_downsizer.axi_downsizer_inst/USE_WRITE.write_addr_inst/cmd_queue/inst/fifo_gen_inst/inst_fifo_gen/gconvfifo.rf/grf.rf/rstblk/ngwrdrst.grst.g7serrst.gnsckt_wrst.rst_wr_reg2_inst/arststages_ff_reg[1]/C
                            (rising edge-triggered cell FDPE clocked by clk_fpga_0  {rise@0.000ns fall@20.000ns period=40.000ns})
  Destination:            design_1_i/ps7_0_axi_periph/m00_couplers/auto_ds/inst/gen_downsizer.gen_simple_downsizer.axi_downsizer_inst/USE_WRITE.write_addr_inst/cmd_queue/inst/fifo_gen_inst/inst_fifo_gen/gconvfifo.rf/grf.rf/gntv_or_sync_fifo.gl0.rd/rpntr/gc0.count_reg[1]/CLR
                            (removal check against rising-edge clock clk_fpga_0  {rise@0.000ns fall@20.000ns period=40.000ns})
  Path Group:             **async_default**
  Path Type:              Removal (Min at Fast Process Corner)
  Requirement:            0.000ns  (clk_fpga_0 rise@0.000ns - clk_fpga_0 rise@0.000ns)
  Data Path Delay:        0.611ns  (logic 0.227ns (37.123%)  route 0.384ns (62.877%))
  Logic Levels:           1  (LUT3=1)
  Clock Path Skew:        0.270ns (DCD - SCD - CPR)
    Destination Clock Delay (DCD):    1.205ns
    Source Clock Delay      (SCD):    0.906ns
    Clock Pessimism Removal (CPR):    0.029ns

    Location             Delay type                Incr(ns)  Path(ns)    Netlist Resource(s)
  -------------------------------------------------------------------    -------------------
                         (clock clk_fpga_0 rise edge)
                                                      0.000     0.000 r  
    PS7_X0Y0             PS7                          0.000     0.000 r  design_1_i/processing_system7_0/inst/PS7_i/FCLKCLK[0]
                         net (fo=1, routed)           0.315     0.315    design_1_i/processing_system7_0/inst/FCLK_CLK_unbuffered[0]
    BUFGCTRL_X0Y0        BUFG (Prop_bufg_I_O)         0.026     0.341 r  design_1_i/processing_system7_0/inst/buffer_fclk_clk_0.FCLK_CLK_0_BUFG/O
                         net (fo=7094, routed)        0.565     0.906    design_1_i/ps7_0_axi_periph/m00_couplers/auto_ds/inst/gen_downsizer.gen_simple_downsizer.axi_downsizer_inst/USE_WRITE.write_addr_inst/cmd_queue/inst/fifo_gen_inst/inst_fifo_gen/gconvfifo.rf/grf.rf/rstblk/ngwrdrst.grst.g7serrst.gnsckt_wrst.rst_wr_reg2_inst/dest_clk
    SLICE_X13Y52         FDPE                                         r  design_1_i/ps7_0_axi_periph/m00_couplers/auto_ds/inst/gen_downsizer.gen_simple_downsizer.axi_downsizer_inst/USE_WRITE.write_addr_inst/cmd_queue/inst/fifo_gen_inst/inst_fifo_gen/gconvfifo.rf/grf.rf/rstblk/ngwrdrst.grst.g7serrst.gnsckt_wrst.rst_wr_reg2_inst/arststages_ff_reg[1]/C
  -------------------------------------------------------------------    -------------------
    SLICE_X13Y52         FDPE (Prop_fdpe_C_Q)         0.128     1.034 f  design_1_i/ps7_0_axi_periph/m00_couplers/auto_ds/inst/gen_downsizer.gen_simple_downsizer.axi_downsizer_inst/USE_WRITE.write_addr_inst/cmd_queue/inst/fifo_gen_inst/inst_fifo_gen/gconvfifo.rf/grf.rf/rstblk/ngwrdrst.grst.g7serrst.gnsckt_wrst.rst_wr_reg2_inst/arststages_ff_reg[1]/Q
                         net (fo=3, routed)           0.131     1.165    design_1_i/ps7_0_axi_periph/m00_couplers/auto_ds/inst/gen_downsizer.gen_simple_downsizer.axi_downsizer_inst/USE_WRITE.write_addr_inst/cmd_queue/inst/fifo_gen_inst/inst_fifo_gen/gconvfifo.rf/grf.rf/rstblk/rst_wr_reg2
    SLICE_X13Y51         LUT3 (Prop_lut3_I2_O)        0.099     1.264 f  design_1_i/ps7_0_axi_periph/m00_couplers/auto_ds/inst/gen_downsizer.gen_simple_downsizer.axi_downsizer_inst/USE_WRITE.write_addr_inst/cmd_queue/inst/fifo_gen_inst/inst_fifo_gen/gconvfifo.rf/grf.rf/rstblk/gpregsm1.curr_fwft_state[1]_i_2/O
                         net (fo=32, routed)          0.254     1.517    design_1_i/ps7_0_axi_periph/m00_couplers/auto_ds/inst/gen_downsizer.gen_simple_downsizer.axi_downsizer_inst/USE_WRITE.write_addr_inst/cmd_queue/inst/fifo_gen_inst/inst_fifo_gen/gconvfifo.rf/grf.rf/gntv_or_sync_fifo.gl0.rd/rpntr/gc0.count_d1_reg[4]_1
    SLICE_X13Y47         FDCE                                         f  design_1_i/ps7_0_axi_periph/m00_couplers/auto_ds/inst/gen_downsizer.gen_simple_downsizer.axi_downsizer_inst/USE_WRITE.write_addr_inst/cmd_queue/inst/fifo_gen_inst/inst_fifo_gen/gconvfifo.rf/grf.rf/gntv_or_sync_fifo.gl0.rd/rpntr/gc0.count_reg[1]/CLR
  -------------------------------------------------------------------    -------------------

                         (clock clk_fpga_0 rise edge)
                                                      0.000     0.000 r  
    PS7_X0Y0             PS7                          0.000     0.000 r  design_1_i/processing_system7_0/inst/PS7_i/FCLKCLK[0]
                         net (fo=1, routed)           0.341     0.341    design_1_i/processing_system7_0/inst/FCLK_CLK_unbuffered[0]
    BUFGCTRL_X0Y0        BUFG (Prop_bufg_I_O)         0.029     0.370 r  design_1_i/processing_system7_0/inst/buffer_fclk_clk_0.FCLK_CLK_0_BUFG/O
                         net (fo=7094, routed)        0.835     1.205    design_1_i/ps7_0_axi_periph/m00_couplers/auto_ds/inst/gen_downsizer.gen_simple_downsizer.axi_downsizer_inst/USE_WRITE.write_addr_inst/cmd_queue/inst/fifo_gen_inst/inst_fifo_gen/gconvfifo.rf/grf.rf/gntv_or_sync_fifo.gl0.rd/rpntr/clk
    SLICE_X13Y47         FDCE                                         r  design_1_i/ps7_0_axi_periph/m00_couplers/auto_ds/inst/gen_downsizer.gen_simple_downsizer.axi_downsizer_inst/USE_WRITE.write_addr_inst/cmd_queue/inst/fifo_gen_inst/inst_fifo_gen/gconvfifo.rf/grf.rf/gntv_or_sync_fifo.gl0.rd/rpntr/gc0.count_reg[1]/C
                         clock pessimism             -0.029     1.176    
    SLICE_X13Y47         FDCE (Remov_fdce_C_CLR)     -0.092     1.084    design_1_i/ps7_0_axi_periph/m00_couplers/auto_ds/inst/gen_downsizer.gen_simple_downsizer.axi_downsizer_inst/USE_WRITE.write_addr_inst/cmd_queue/inst/fifo_gen_inst/inst_fifo_gen/gconvfifo.rf/grf.rf/gntv_or_sync_fifo.gl0.rd/rpntr/gc0.count_reg[1]
  -------------------------------------------------------------------
                         required time                         -1.084    
                         arrival time                           1.517    
  -------------------------------------------------------------------
                         slack                                  0.433    

Slack (MET) :             0.433ns  (arrival time - required time)
  Source:                 design_1_i/ps7_0_axi_periph/m00_couplers/auto_ds/inst/gen_downsizer.gen_simple_downsizer.axi_downsizer_inst/USE_WRITE.write_addr_inst/cmd_queue/inst/fifo_gen_inst/inst_fifo_gen/gconvfifo.rf/grf.rf/rstblk/ngwrdrst.grst.g7serrst.gnsckt_wrst.rst_wr_reg2_inst/arststages_ff_reg[1]/C
                            (rising edge-triggered cell FDPE clocked by clk_fpga_0  {rise@0.000ns fall@20.000ns period=40.000ns})
  Destination:            design_1_i/ps7_0_axi_periph/m00_couplers/auto_ds/inst/gen_downsizer.gen_simple_downsizer.axi_downsizer_inst/USE_WRITE.write_addr_inst/cmd_queue/inst/fifo_gen_inst/inst_fifo_gen/gconvfifo.rf/grf.rf/gntv_or_sync_fifo.gl0.rd/rpntr/gc0.count_reg[2]/CLR
                            (removal check against rising-edge clock clk_fpga_0  {rise@0.000ns fall@20.000ns period=40.000ns})
  Path Group:             **async_default**
  Path Type:              Removal (Min at Fast Process Corner)
  Requirement:            0.000ns  (clk_fpga_0 rise@0.000ns - clk_fpga_0 rise@0.000ns)
  Data Path Delay:        0.611ns  (logic 0.227ns (37.123%)  route 0.384ns (62.877%))
  Logic Levels:           1  (LUT3=1)
  Clock Path Skew:        0.270ns (DCD - SCD - CPR)
    Destination Clock Delay (DCD):    1.205ns
    Source Clock Delay      (SCD):    0.906ns
    Clock Pessimism Removal (CPR):    0.029ns

    Location             Delay type                Incr(ns)  Path(ns)    Netlist Resource(s)
  -------------------------------------------------------------------    -------------------
                         (clock clk_fpga_0 rise edge)
                                                      0.000     0.000 r  
    PS7_X0Y0             PS7                          0.000     0.000 r  design_1_i/processing_system7_0/inst/PS7_i/FCLKCLK[0]
                         net (fo=1, routed)           0.315     0.315    design_1_i/processing_system7_0/inst/FCLK_CLK_unbuffered[0]
    BUFGCTRL_X0Y0        BUFG (Prop_bufg_I_O)         0.026     0.341 r  design_1_i/processing_system7_0/inst/buffer_fclk_clk_0.FCLK_CLK_0_BUFG/O
                         net (fo=7094, routed)        0.565     0.906    design_1_i/ps7_0_axi_periph/m00_couplers/auto_ds/inst/gen_downsizer.gen_simple_downsizer.axi_downsizer_inst/USE_WRITE.write_addr_inst/cmd_queue/inst/fifo_gen_inst/inst_fifo_gen/gconvfifo.rf/grf.rf/rstblk/ngwrdrst.grst.g7serrst.gnsckt_wrst.rst_wr_reg2_inst/dest_clk
    SLICE_X13Y52         FDPE                                         r  design_1_i/ps7_0_axi_periph/m00_couplers/auto_ds/inst/gen_downsizer.gen_simple_downsizer.axi_downsizer_inst/USE_WRITE.write_addr_inst/cmd_queue/inst/fifo_gen_inst/inst_fifo_gen/gconvfifo.rf/grf.rf/rstblk/ngwrdrst.grst.g7serrst.gnsckt_wrst.rst_wr_reg2_inst/arststages_ff_reg[1]/C
  -------------------------------------------------------------------    -------------------
    SLICE_X13Y52         FDPE (Prop_fdpe_C_Q)         0.128     1.034 f  design_1_i/ps7_0_axi_periph/m00_couplers/auto_ds/inst/gen_downsizer.gen_simple_downsizer.axi_downsizer_inst/USE_WRITE.write_addr_inst/cmd_queue/inst/fifo_gen_inst/inst_fifo_gen/gconvfifo.rf/grf.rf/rstblk/ngwrdrst.grst.g7serrst.gnsckt_wrst.rst_wr_reg2_inst/arststages_ff_reg[1]/Q
                         net (fo=3, routed)           0.131     1.165    design_1_i/ps7_0_axi_periph/m00_couplers/auto_ds/inst/gen_downsizer.gen_simple_downsizer.axi_downsizer_inst/USE_WRITE.write_addr_inst/cmd_queue/inst/fifo_gen_inst/inst_fifo_gen/gconvfifo.rf/grf.rf/rstblk/rst_wr_reg2
    SLICE_X13Y51         LUT3 (Prop_lut3_I2_O)        0.099     1.264 f  design_1_i/ps7_0_axi_periph/m00_couplers/auto_ds/inst/gen_downsizer.gen_simple_downsizer.axi_downsizer_inst/USE_WRITE.write_addr_inst/cmd_queue/inst/fifo_gen_inst/inst_fifo_gen/gconvfifo.rf/grf.rf/rstblk/gpregsm1.curr_fwft_state[1]_i_2/O
                         net (fo=32, routed)          0.254     1.517    design_1_i/ps7_0_axi_periph/m00_couplers/auto_ds/inst/gen_downsizer.gen_simple_downsizer.axi_downsizer_inst/USE_WRITE.write_addr_inst/cmd_queue/inst/fifo_gen_inst/inst_fifo_gen/gconvfifo.rf/grf.rf/gntv_or_sync_fifo.gl0.rd/rpntr/gc0.count_d1_reg[4]_1
    SLICE_X13Y47         FDCE                                         f  design_1_i/ps7_0_axi_periph/m00_couplers/auto_ds/inst/gen_downsizer.gen_simple_downsizer.axi_downsizer_inst/USE_WRITE.write_addr_inst/cmd_queue/inst/fifo_gen_inst/inst_fifo_gen/gconvfifo.rf/grf.rf/gntv_or_sync_fifo.gl0.rd/rpntr/gc0.count_reg[2]/CLR
  -------------------------------------------------------------------    -------------------

                         (clock clk_fpga_0 rise edge)
                                                      0.000     0.000 r  
    PS7_X0Y0             PS7                          0.000     0.000 r  design_1_i/processing_system7_0/inst/PS7_i/FCLKCLK[0]
                         net (fo=1, routed)           0.341     0.341    design_1_i/processing_system7_0/inst/FCLK_CLK_unbuffered[0]
    BUFGCTRL_X0Y0        BUFG (Prop_bufg_I_O)         0.029     0.370 r  design_1_i/processing_system7_0/inst/buffer_fclk_clk_0.FCLK_CLK_0_BUFG/O
                         net (fo=7094, routed)        0.835     1.205    design_1_i/ps7_0_axi_periph/m00_couplers/auto_ds/inst/gen_downsizer.gen_simple_downsizer.axi_downsizer_inst/USE_WRITE.write_addr_inst/cmd_queue/inst/fifo_gen_inst/inst_fifo_gen/gconvfifo.rf/grf.rf/gntv_or_sync_fifo.gl0.rd/rpntr/clk
    SLICE_X13Y47         FDCE                                         r  design_1_i/ps7_0_axi_periph/m00_couplers/auto_ds/inst/gen_downsizer.gen_simple_downsizer.axi_downsizer_inst/USE_WRITE.write_addr_inst/cmd_queue/inst/fifo_gen_inst/inst_fifo_gen/gconvfifo.rf/grf.rf/gntv_or_sync_fifo.gl0.rd/rpntr/gc0.count_reg[2]/C
                         clock pessimism             -0.029     1.176    
    SLICE_X13Y47         FDCE (Remov_fdce_C_CLR)     -0.092     1.084    design_1_i/ps7_0_axi_periph/m00_couplers/auto_ds/inst/gen_downsizer.gen_simple_downsizer.axi_downsizer_inst/USE_WRITE.write_addr_inst/cmd_queue/inst/fifo_gen_inst/inst_fifo_gen/gconvfifo.rf/grf.rf/gntv_or_sync_fifo.gl0.rd/rpntr/gc0.count_reg[2]
  -------------------------------------------------------------------
                         required time                         -1.084    
                         arrival time                           1.517    
  -------------------------------------------------------------------
                         slack                                  0.433    

Slack (MET) :             0.436ns  (arrival time - required time)
  Source:                 design_1_i/ps7_0_axi_periph/m00_couplers/auto_ds/inst/gen_downsizer.gen_simple_downsizer.axi_downsizer_inst/USE_WRITE.write_addr_inst/cmd_queue/inst/fifo_gen_inst/inst_fifo_gen/gconvfifo.rf/grf.rf/rstblk/ngwrdrst.grst.g7serrst.gnsckt_wrst.rst_wr_reg2_inst/arststages_ff_reg[1]/C
                            (rising edge-triggered cell FDPE clocked by clk_fpga_0  {rise@0.000ns fall@20.000ns period=40.000ns})
  Destination:            design_1_i/ps7_0_axi_periph/m00_couplers/auto_ds/inst/gen_downsizer.gen_simple_downsizer.axi_downsizer_inst/USE_WRITE.write_addr_inst/cmd_queue/inst/fifo_gen_inst/inst_fifo_gen/gconvfifo.rf/grf.rf/gntv_or_sync_fifo.gl0.rd/rpntr/gc0.count_reg[0]/PRE
                            (removal check against rising-edge clock clk_fpga_0  {rise@0.000ns fall@20.000ns period=40.000ns})
  Path Group:             **async_default**
  Path Type:              Removal (Min at Fast Process Corner)
  Requirement:            0.000ns  (clk_fpga_0 rise@0.000ns - clk_fpga_0 rise@0.000ns)
  Data Path Delay:        0.611ns  (logic 0.227ns (37.123%)  route 0.384ns (62.877%))
  Logic Levels:           1  (LUT3=1)
  Clock Path Skew:        0.270ns (DCD - SCD - CPR)
    Destination Clock Delay (DCD):    1.205ns
    Source Clock Delay      (SCD):    0.906ns
    Clock Pessimism Removal (CPR):    0.029ns

    Location             Delay type                Incr(ns)  Path(ns)    Netlist Resource(s)
  -------------------------------------------------------------------    -------------------
                         (clock clk_fpga_0 rise edge)
                                                      0.000     0.000 r  
    PS7_X0Y0             PS7                          0.000     0.000 r  design_1_i/processing_system7_0/inst/PS7_i/FCLKCLK[0]
                         net (fo=1, routed)           0.315     0.315    design_1_i/processing_system7_0/inst/FCLK_CLK_unbuffered[0]
    BUFGCTRL_X0Y0        BUFG (Prop_bufg_I_O)         0.026     0.341 r  design_1_i/processing_system7_0/inst/buffer_fclk_clk_0.FCLK_CLK_0_BUFG/O
                         net (fo=7094, routed)        0.565     0.906    design_1_i/ps7_0_axi_periph/m00_couplers/auto_ds/inst/gen_downsizer.gen_simple_downsizer.axi_downsizer_inst/USE_WRITE.write_addr_inst/cmd_queue/inst/fifo_gen_inst/inst_fifo_gen/gconvfifo.rf/grf.rf/rstblk/ngwrdrst.grst.g7serrst.gnsckt_wrst.rst_wr_reg2_inst/dest_clk
    SLICE_X13Y52         FDPE                                         r  design_1_i/ps7_0_axi_periph/m00_couplers/auto_ds/inst/gen_downsizer.gen_simple_downsizer.axi_downsizer_inst/USE_WRITE.write_addr_inst/cmd_queue/inst/fifo_gen_inst/inst_fifo_gen/gconvfifo.rf/grf.rf/rstblk/ngwrdrst.grst.g7serrst.gnsckt_wrst.rst_wr_reg2_inst/arststages_ff_reg[1]/C
  -------------------------------------------------------------------    -------------------
    SLICE_X13Y52         FDPE (Prop_fdpe_C_Q)         0.128     1.034 f  design_1_i/ps7_0_axi_periph/m00_couplers/auto_ds/inst/gen_downsizer.gen_simple_downsizer.axi_downsizer_inst/USE_WRITE.write_addr_inst/cmd_queue/inst/fifo_gen_inst/inst_fifo_gen/gconvfifo.rf/grf.rf/rstblk/ngwrdrst.grst.g7serrst.gnsckt_wrst.rst_wr_reg2_inst/arststages_ff_reg[1]/Q
                         net (fo=3, routed)           0.131     1.165    design_1_i/ps7_0_axi_periph/m00_couplers/auto_ds/inst/gen_downsizer.gen_simple_downsizer.axi_downsizer_inst/USE_WRITE.write_addr_inst/cmd_queue/inst/fifo_gen_inst/inst_fifo_gen/gconvfifo.rf/grf.rf/rstblk/rst_wr_reg2
    SLICE_X13Y51         LUT3 (Prop_lut3_I2_O)        0.099     1.264 f  design_1_i/ps7_0_axi_periph/m00_couplers/auto_ds/inst/gen_downsizer.gen_simple_downsizer.axi_downsizer_inst/USE_WRITE.write_addr_inst/cmd_queue/inst/fifo_gen_inst/inst_fifo_gen/gconvfifo.rf/grf.rf/rstblk/gpregsm1.curr_fwft_state[1]_i_2/O
                         net (fo=32, routed)          0.254     1.517    design_1_i/ps7_0_axi_periph/m00_couplers/auto_ds/inst/gen_downsizer.gen_simple_downsizer.axi_downsizer_inst/USE_WRITE.write_addr_inst/cmd_queue/inst/fifo_gen_inst/inst_fifo_gen/gconvfifo.rf/grf.rf/gntv_or_sync_fifo.gl0.rd/rpntr/gc0.count_d1_reg[4]_1
    SLICE_X13Y47         FDPE                                         f  design_1_i/ps7_0_axi_periph/m00_couplers/auto_ds/inst/gen_downsizer.gen_simple_downsizer.axi_downsizer_inst/USE_WRITE.write_addr_inst/cmd_queue/inst/fifo_gen_inst/inst_fifo_gen/gconvfifo.rf/grf.rf/gntv_or_sync_fifo.gl0.rd/rpntr/gc0.count_reg[0]/PRE
  -------------------------------------------------------------------    -------------------

                         (clock clk_fpga_0 rise edge)
                                                      0.000     0.000 r  
    PS7_X0Y0             PS7                          0.000     0.000 r  design_1_i/processing_system7_0/inst/PS7_i/FCLKCLK[0]
                         net (fo=1, routed)           0.341     0.341    design_1_i/processing_system7_0/inst/FCLK_CLK_unbuffered[0]
    BUFGCTRL_X0Y0        BUFG (Prop_bufg_I_O)         0.029     0.370 r  design_1_i/processing_system7_0/inst/buffer_fclk_clk_0.FCLK_CLK_0_BUFG/O
                         net (fo=7094, routed)        0.835     1.205    design_1_i/ps7_0_axi_periph/m00_couplers/auto_ds/inst/gen_downsizer.gen_simple_downsizer.axi_downsizer_inst/USE_WRITE.write_addr_inst/cmd_queue/inst/fifo_gen_inst/inst_fifo_gen/gconvfifo.rf/grf.rf/gntv_or_sync_fifo.gl0.rd/rpntr/clk
    SLICE_X13Y47         FDPE                                         r  design_1_i/ps7_0_axi_periph/m00_couplers/auto_ds/inst/gen_downsizer.gen_simple_downsizer.axi_downsizer_inst/USE_WRITE.write_addr_inst/cmd_queue/inst/fifo_gen_inst/inst_fifo_gen/gconvfifo.rf/grf.rf/gntv_or_sync_fifo.gl0.rd/rpntr/gc0.count_reg[0]/C
                         clock pessimism             -0.029     1.176    
    SLICE_X13Y47         FDPE (Remov_fdpe_C_PRE)     -0.095     1.081    design_1_i/ps7_0_axi_periph/m00_couplers/auto_ds/inst/gen_downsizer.gen_simple_downsizer.axi_downsizer_inst/USE_WRITE.write_addr_inst/cmd_queue/inst/fifo_gen_inst/inst_fifo_gen/gconvfifo.rf/grf.rf/gntv_or_sync_fifo.gl0.rd/rpntr/gc0.count_reg[0]
  -------------------------------------------------------------------
                         required time                         -1.081    
                         arrival time                           1.517    
  -------------------------------------------------------------------
                         slack                                  0.436    

Slack (MET) :             0.520ns  (arrival time - required time)
  Source:                 design_1_i/ps7_0_axi_periph/m01_couplers/auto_pc/inst/gen_axi4_axi3.axi3_conv_inst/USE_WRITE.write_addr_inst/USE_BURSTS.cmd_queue/inst/fifo_gen_inst/inst_fifo_gen/gconvfifo.rf/grf.rf/rstblk/ngwrdrst.grst.g7serrst.gnsckt_wrst.gcc_rst.sckt_wr_rst_cc_reg[1]/C
                            (rising edge-triggered cell FDRE clocked by clk_fpga_0  {rise@0.000ns fall@20.000ns period=40.000ns})
  Destination:            design_1_i/ps7_0_axi_periph/m01_couplers/auto_pc/inst/gen_axi4_axi3.axi3_conv_inst/USE_WRITE.write_addr_inst/USE_BURSTS.cmd_queue/inst/fifo_gen_inst/inst_fifo_gen/gconvfifo.rf/grf.rf/gntv_or_sync_fifo.gl0.rd/gr1.gr1_int.rfwft/aempty_fwft_fb_i_reg/PRE
                            (removal check against rising-edge clock clk_fpga_0  {rise@0.000ns fall@20.000ns period=40.000ns})
  Path Group:             **async_default**
  Path Type:              Removal (Min at Fast Process Corner)
  Requirement:            0.000ns  (clk_fpga_0 rise@0.000ns - clk_fpga_0 rise@0.000ns)
  Data Path Delay:        0.482ns  (logic 0.186ns (38.550%)  route 0.296ns (61.450%))
  Logic Levels:           1  (LUT3=1)
  Clock Path Skew:        0.033ns (DCD - SCD - CPR)
    Destination Clock Delay (DCD):    1.222ns
    Source Clock Delay      (SCD):    0.927ns
    Clock Pessimism Removal (CPR):    0.262ns

    Location             Delay type                Incr(ns)  Path(ns)    Netlist Resource(s)
  -------------------------------------------------------------------    -------------------
                         (clock clk_fpga_0 rise edge)
                                                      0.000     0.000 r  
    PS7_X0Y0             PS7                          0.000     0.000 r  design_1_i/processing_system7_0/inst/PS7_i/FCLKCLK[0]
                         net (fo=1, routed)           0.315     0.315    design_1_i/processing_system7_0/inst/FCLK_CLK_unbuffered[0]
    BUFGCTRL_X0Y0        BUFG (Prop_bufg_I_O)         0.026     0.341 r  design_1_i/processing_system7_0/inst/buffer_fclk_clk_0.FCLK_CLK_0_BUFG/O
                         net (fo=7094, routed)        0.586     0.927    design_1_i/ps7_0_axi_periph/m01_couplers/auto_pc/inst/gen_axi4_axi3.axi3_conv_inst/USE_WRITE.write_addr_inst/USE_BURSTS.cmd_queue/inst/fifo_gen_inst/inst_fifo_gen/gconvfifo.rf/grf.rf/rstblk/clk
    SLICE_X3Y0           FDRE                                         r  design_1_i/ps7_0_axi_periph/m01_couplers/auto_pc/inst/gen_axi4_axi3.axi3_conv_inst/USE_WRITE.write_addr_inst/USE_BURSTS.cmd_queue/inst/fifo_gen_inst/inst_fifo_gen/gconvfifo.rf/grf.rf/rstblk/ngwrdrst.grst.g7serrst.gnsckt_wrst.gcc_rst.sckt_wr_rst_cc_reg[1]/C
  -------------------------------------------------------------------    -------------------
    SLICE_X3Y0           FDRE (Prop_fdre_C_Q)         0.141     1.068 f  design_1_i/ps7_0_axi_periph/m01_couplers/auto_pc/inst/gen_axi4_axi3.axi3_conv_inst/USE_WRITE.write_addr_inst/USE_BURSTS.cmd_queue/inst/fifo_gen_inst/inst_fifo_gen/gconvfifo.rf/grf.rf/rstblk/ngwrdrst.grst.g7serrst.gnsckt_wrst.gcc_rst.sckt_wr_rst_cc_reg[1]/Q
                         net (fo=2, routed)           0.117     1.185    design_1_i/ps7_0_axi_periph/m01_couplers/auto_pc/inst/gen_axi4_axi3.axi3_conv_inst/USE_WRITE.write_addr_inst/USE_BURSTS.cmd_queue/inst/fifo_gen_inst/inst_fifo_gen/gconvfifo.rf/grf.rf/rstblk/sckt_wr_rst_cc[1]
    SLICE_X3Y1           LUT3 (Prop_lut3_I0_O)        0.045     1.230 f  design_1_i/ps7_0_axi_periph/m01_couplers/auto_pc/inst/gen_axi4_axi3.axi3_conv_inst/USE_WRITE.write_addr_inst/USE_BURSTS.cmd_queue/inst/fifo_gen_inst/inst_fifo_gen/gconvfifo.rf/grf.rf/rstblk/gpregsm1.curr_fwft_state[1]_i_2/O
                         net (fo=32, routed)          0.179     1.409    design_1_i/ps7_0_axi_periph/m01_couplers/auto_pc/inst/gen_axi4_axi3.axi3_conv_inst/USE_WRITE.write_addr_inst/USE_BURSTS.cmd_queue/inst/fifo_gen_inst/inst_fifo_gen/gconvfifo.rf/grf.rf/gntv_or_sync_fifo.gl0.rd/gr1.gr1_int.rfwft/gpregsm1.user_valid_reg_0
    SLICE_X0Y1           FDPE                                         f  design_1_i/ps7_0_axi_periph/m01_couplers/auto_pc/inst/gen_axi4_axi3.axi3_conv_inst/USE_WRITE.write_addr_inst/USE_BURSTS.cmd_queue/inst/fifo_gen_inst/inst_fifo_gen/gconvfifo.rf/grf.rf/gntv_or_sync_fifo.gl0.rd/gr1.gr1_int.rfwft/aempty_fwft_fb_i_reg/PRE
  -------------------------------------------------------------------    -------------------

                         (clock clk_fpga_0 rise edge)
                                                      0.000     0.000 r  
    PS7_X0Y0             PS7                          0.000     0.000 r  design_1_i/processing_system7_0/inst/PS7_i/FCLKCLK[0]
                         net (fo=1, routed)           0.341     0.341    design_1_i/processing_system7_0/inst/FCLK_CLK_unbuffered[0]
    BUFGCTRL_X0Y0        BUFG (Prop_bufg_I_O)         0.029     0.370 r  design_1_i/processing_system7_0/inst/buffer_fclk_clk_0.FCLK_CLK_0_BUFG/O
                         net (fo=7094, routed)        0.852     1.222    design_1_i/ps7_0_axi_periph/m01_couplers/auto_pc/inst/gen_axi4_axi3.axi3_conv_inst/USE_WRITE.write_addr_inst/USE_BURSTS.cmd_queue/inst/fifo_gen_inst/inst_fifo_gen/gconvfifo.rf/grf.rf/gntv_or_sync_fifo.gl0.rd/gr1.gr1_int.rfwft/clk
    SLICE_X0Y1           FDPE                                         r  design_1_i/ps7_0_axi_periph/m01_couplers/auto_pc/inst/gen_axi4_axi3.axi3_conv_inst/USE_WRITE.write_addr_inst/USE_BURSTS.cmd_queue/inst/fifo_gen_inst/inst_fifo_gen/gconvfifo.rf/grf.rf/gntv_or_sync_fifo.gl0.rd/gr1.gr1_int.rfwft/aempty_fwft_fb_i_reg/C
                         clock pessimism             -0.262     0.960    
    SLICE_X0Y1           FDPE (Remov_fdpe_C_PRE)     -0.071     0.889    design_1_i/ps7_0_axi_periph/m01_couplers/auto_pc/inst/gen_axi4_axi3.axi3_conv_inst/USE_WRITE.write_addr_inst/USE_BURSTS.cmd_queue/inst/fifo_gen_inst/inst_fifo_gen/gconvfifo.rf/grf.rf/gntv_or_sync_fifo.gl0.rd/gr1.gr1_int.rfwft/aempty_fwft_fb_i_reg
  -------------------------------------------------------------------
                         required time                         -0.889    
                         arrival time                           1.409    
  -------------------------------------------------------------------
                         slack                                  0.520    

Slack (MET) :             0.520ns  (arrival time - required time)
  Source:                 design_1_i/ps7_0_axi_periph/m01_couplers/auto_pc/inst/gen_axi4_axi3.axi3_conv_inst/USE_WRITE.write_addr_inst/USE_BURSTS.cmd_queue/inst/fifo_gen_inst/inst_fifo_gen/gconvfifo.rf/grf.rf/rstblk/ngwrdrst.grst.g7serrst.gnsckt_wrst.gcc_rst.sckt_wr_rst_cc_reg[1]/C
                            (rising edge-triggered cell FDRE clocked by clk_fpga_0  {rise@0.000ns fall@20.000ns period=40.000ns})
  Destination:            design_1_i/ps7_0_axi_periph/m01_couplers/auto_pc/inst/gen_axi4_axi3.axi3_conv_inst/USE_WRITE.write_addr_inst/USE_BURSTS.cmd_queue/inst/fifo_gen_inst/inst_fifo_gen/gconvfifo.rf/grf.rf/gntv_or_sync_fifo.gl0.rd/gr1.gr1_int.rfwft/aempty_fwft_i_reg/PRE
                            (removal check against rising-edge clock clk_fpga_0  {rise@0.000ns fall@20.000ns period=40.000ns})
  Path Group:             **async_default**
  Path Type:              Removal (Min at Fast Process Corner)
  Requirement:            0.000ns  (clk_fpga_0 rise@0.000ns - clk_fpga_0 rise@0.000ns)
  Data Path Delay:        0.482ns  (logic 0.186ns (38.550%)  route 0.296ns (61.450%))
  Logic Levels:           1  (LUT3=1)
  Clock Path Skew:        0.033ns (DCD - SCD - CPR)
    Destination Clock Delay (DCD):    1.222ns
    Source Clock Delay      (SCD):    0.927ns
    Clock Pessimism Removal (CPR):    0.262ns

    Location             Delay type                Incr(ns)  Path(ns)    Netlist Resource(s)
  -------------------------------------------------------------------    -------------------
                         (clock clk_fpga_0 rise edge)
                                                      0.000     0.000 r  
    PS7_X0Y0             PS7                          0.000     0.000 r  design_1_i/processing_system7_0/inst/PS7_i/FCLKCLK[0]
                         net (fo=1, routed)           0.315     0.315    design_1_i/processing_system7_0/inst/FCLK_CLK_unbuffered[0]
    BUFGCTRL_X0Y0        BUFG (Prop_bufg_I_O)         0.026     0.341 r  design_1_i/processing_system7_0/inst/buffer_fclk_clk_0.FCLK_CLK_0_BUFG/O
                         net (fo=7094, routed)        0.586     0.927    design_1_i/ps7_0_axi_periph/m01_couplers/auto_pc/inst/gen_axi4_axi3.axi3_conv_inst/USE_WRITE.write_addr_inst/USE_BURSTS.cmd_queue/inst/fifo_gen_inst/inst_fifo_gen/gconvfifo.rf/grf.rf/rstblk/clk
    SLICE_X3Y0           FDRE                                         r  design_1_i/ps7_0_axi_periph/m01_couplers/auto_pc/inst/gen_axi4_axi3.axi3_conv_inst/USE_WRITE.write_addr_inst/USE_BURSTS.cmd_queue/inst/fifo_gen_inst/inst_fifo_gen/gconvfifo.rf/grf.rf/rstblk/ngwrdrst.grst.g7serrst.gnsckt_wrst.gcc_rst.sckt_wr_rst_cc_reg[1]/C
  -------------------------------------------------------------------    -------------------
    SLICE_X3Y0           FDRE (Prop_fdre_C_Q)         0.141     1.068 f  design_1_i/ps7_0_axi_periph/m01_couplers/auto_pc/inst/gen_axi4_axi3.axi3_conv_inst/USE_WRITE.write_addr_inst/USE_BURSTS.cmd_queue/inst/fifo_gen_inst/inst_fifo_gen/gconvfifo.rf/grf.rf/rstblk/ngwrdrst.grst.g7serrst.gnsckt_wrst.gcc_rst.sckt_wr_rst_cc_reg[1]/Q
                         net (fo=2, routed)           0.117     1.185    design_1_i/ps7_0_axi_periph/m01_couplers/auto_pc/inst/gen_axi4_axi3.axi3_conv_inst/USE_WRITE.write_addr_inst/USE_BURSTS.cmd_queue/inst/fifo_gen_inst/inst_fifo_gen/gconvfifo.rf/grf.rf/rstblk/sckt_wr_rst_cc[1]
    SLICE_X3Y1           LUT3 (Prop_lut3_I0_O)        0.045     1.230 f  design_1_i/ps7_0_axi_periph/m01_couplers/auto_pc/inst/gen_axi4_axi3.axi3_conv_inst/USE_WRITE.write_addr_inst/USE_BURSTS.cmd_queue/inst/fifo_gen_inst/inst_fifo_gen/gconvfifo.rf/grf.rf/rstblk/gpregsm1.curr_fwft_state[1]_i_2/O
                         net (fo=32, routed)          0.179     1.409    design_1_i/ps7_0_axi_periph/m01_couplers/auto_pc/inst/gen_axi4_axi3.axi3_conv_inst/USE_WRITE.write_addr_inst/USE_BURSTS.cmd_queue/inst/fifo_gen_inst/inst_fifo_gen/gconvfifo.rf/grf.rf/gntv_or_sync_fifo.gl0.rd/gr1.gr1_int.rfwft/gpregsm1.user_valid_reg_0
    SLICE_X0Y1           FDPE                                         f  design_1_i/ps7_0_axi_periph/m01_couplers/auto_pc/inst/gen_axi4_axi3.axi3_conv_inst/USE_WRITE.write_addr_inst/USE_BURSTS.cmd_queue/inst/fifo_gen_inst/inst_fifo_gen/gconvfifo.rf/grf.rf/gntv_or_sync_fifo.gl0.rd/gr1.gr1_int.rfwft/aempty_fwft_i_reg/PRE
  -------------------------------------------------------------------    -------------------

                         (clock clk_fpga_0 rise edge)
                                                      0.000     0.000 r  
    PS7_X0Y0             PS7                          0.000     0.000 r  design_1_i/processing_system7_0/inst/PS7_i/FCLKCLK[0]
                         net (fo=1, routed)           0.341     0.341    design_1_i/processing_system7_0/inst/FCLK_CLK_unbuffered[0]
    BUFGCTRL_X0Y0        BUFG (Prop_bufg_I_O)         0.029     0.370 r  design_1_i/processing_system7_0/inst/buffer_fclk_clk_0.FCLK_CLK_0_BUFG/O
                         net (fo=7094, routed)        0.852     1.222    design_1_i/ps7_0_axi_periph/m01_couplers/auto_pc/inst/gen_axi4_axi3.axi3_conv_inst/USE_WRITE.write_addr_inst/USE_BURSTS.cmd_queue/inst/fifo_gen_inst/inst_fifo_gen/gconvfifo.rf/grf.rf/gntv_or_sync_fifo.gl0.rd/gr1.gr1_int.rfwft/clk
    SLICE_X0Y1           FDPE                                         r  design_1_i/ps7_0_axi_periph/m01_couplers/auto_pc/inst/gen_axi4_axi3.axi3_conv_inst/USE_WRITE.write_addr_inst/USE_BURSTS.cmd_queue/inst/fifo_gen_inst/inst_fifo_gen/gconvfifo.rf/grf.rf/gntv_or_sync_fifo.gl0.rd/gr1.gr1_int.rfwft/aempty_fwft_i_reg/C
                         clock pessimism             -0.262     0.960    
    SLICE_X0Y1           FDPE (Remov_fdpe_C_PRE)     -0.071     0.889    design_1_i/ps7_0_axi_periph/m01_couplers/auto_pc/inst/gen_axi4_axi3.axi3_conv_inst/USE_WRITE.write_addr_inst/USE_BURSTS.cmd_queue/inst/fifo_gen_inst/inst_fifo_gen/gconvfifo.rf/grf.rf/gntv_or_sync_fifo.gl0.rd/gr1.gr1_int.rfwft/aempty_fwft_i_reg
  -------------------------------------------------------------------
                         required time                         -0.889    
                         arrival time                           1.409    
  -------------------------------------------------------------------
                         slack                                  0.520    

Slack (MET) :             0.520ns  (arrival time - required time)
  Source:                 design_1_i/ps7_0_axi_periph/m01_couplers/auto_pc/inst/gen_axi4_axi3.axi3_conv_inst/USE_WRITE.write_addr_inst/USE_BURSTS.cmd_queue/inst/fifo_gen_inst/inst_fifo_gen/gconvfifo.rf/grf.rf/rstblk/ngwrdrst.grst.g7serrst.gnsckt_wrst.gcc_rst.sckt_wr_rst_cc_reg[1]/C
                            (rising edge-triggered cell FDRE clocked by clk_fpga_0  {rise@0.000ns fall@20.000ns period=40.000ns})
  Destination:            design_1_i/ps7_0_axi_periph/m01_couplers/auto_pc/inst/gen_axi4_axi3.axi3_conv_inst/USE_WRITE.write_addr_inst/USE_BURSTS.cmd_queue/inst/fifo_gen_inst/inst_fifo_gen/gconvfifo.rf/grf.rf/gntv_or_sync_fifo.gl0.rd/gr1.gr1_int.rfwft/empty_fwft_fb_i_reg/PRE
                            (removal check against rising-edge clock clk_fpga_0  {rise@0.000ns fall@20.000ns period=40.000ns})
  Path Group:             **async_default**
  Path Type:              Removal (Min at Fast Process Corner)
  Requirement:            0.000ns  (clk_fpga_0 rise@0.000ns - clk_fpga_0 rise@0.000ns)
  Data Path Delay:        0.482ns  (logic 0.186ns (38.550%)  route 0.296ns (61.450%))
  Logic Levels:           1  (LUT3=1)
  Clock Path Skew:        0.033ns (DCD - SCD - CPR)
    Destination Clock Delay (DCD):    1.222ns
    Source Clock Delay      (SCD):    0.927ns
    Clock Pessimism Removal (CPR):    0.262ns

    Location             Delay type                Incr(ns)  Path(ns)    Netlist Resource(s)
  -------------------------------------------------------------------    -------------------
                         (clock clk_fpga_0 rise edge)
                                                      0.000     0.000 r  
    PS7_X0Y0             PS7                          0.000     0.000 r  design_1_i/processing_system7_0/inst/PS7_i/FCLKCLK[0]
                         net (fo=1, routed)           0.315     0.315    design_1_i/processing_system7_0/inst/FCLK_CLK_unbuffered[0]
    BUFGCTRL_X0Y0        BUFG (Prop_bufg_I_O)         0.026     0.341 r  design_1_i/processing_system7_0/inst/buffer_fclk_clk_0.FCLK_CLK_0_BUFG/O
                         net (fo=7094, routed)        0.586     0.927    design_1_i/ps7_0_axi_periph/m01_couplers/auto_pc/inst/gen_axi4_axi3.axi3_conv_inst/USE_WRITE.write_addr_inst/USE_BURSTS.cmd_queue/inst/fifo_gen_inst/inst_fifo_gen/gconvfifo.rf/grf.rf/rstblk/clk
    SLICE_X3Y0           FDRE                                         r  design_1_i/ps7_0_axi_periph/m01_couplers/auto_pc/inst/gen_axi4_axi3.axi3_conv_inst/USE_WRITE.write_addr_inst/USE_BURSTS.cmd_queue/inst/fifo_gen_inst/inst_fifo_gen/gconvfifo.rf/grf.rf/rstblk/ngwrdrst.grst.g7serrst.gnsckt_wrst.gcc_rst.sckt_wr_rst_cc_reg[1]/C
  -------------------------------------------------------------------    -------------------
    SLICE_X3Y0           FDRE (Prop_fdre_C_Q)         0.141     1.068 f  design_1_i/ps7_0_axi_periph/m01_couplers/auto_pc/inst/gen_axi4_axi3.axi3_conv_inst/USE_WRITE.write_addr_inst/USE_BURSTS.cmd_queue/inst/fifo_gen_inst/inst_fifo_gen/gconvfifo.rf/grf.rf/rstblk/ngwrdrst.grst.g7serrst.gnsckt_wrst.gcc_rst.sckt_wr_rst_cc_reg[1]/Q
                         net (fo=2, routed)           0.117     1.185    design_1_i/ps7_0_axi_periph/m01_couplers/auto_pc/inst/gen_axi4_axi3.axi3_conv_inst/USE_WRITE.write_addr_inst/USE_BURSTS.cmd_queue/inst/fifo_gen_inst/inst_fifo_gen/gconvfifo.rf/grf.rf/rstblk/sckt_wr_rst_cc[1]
    SLICE_X3Y1           LUT3 (Prop_lut3_I0_O)        0.045     1.230 f  design_1_i/ps7_0_axi_periph/m01_couplers/auto_pc/inst/gen_axi4_axi3.axi3_conv_inst/USE_WRITE.write_addr_inst/USE_BURSTS.cmd_queue/inst/fifo_gen_inst/inst_fifo_gen/gconvfifo.rf/grf.rf/rstblk/gpregsm1.curr_fwft_state[1]_i_2/O
                         net (fo=32, routed)          0.179     1.409    design_1_i/ps7_0_axi_periph/m01_couplers/auto_pc/inst/gen_axi4_axi3.axi3_conv_inst/USE_WRITE.write_addr_inst/USE_BURSTS.cmd_queue/inst/fifo_gen_inst/inst_fifo_gen/gconvfifo.rf/grf.rf/gntv_or_sync_fifo.gl0.rd/gr1.gr1_int.rfwft/gpregsm1.user_valid_reg_0
    SLICE_X0Y1           FDPE                                         f  design_1_i/ps7_0_axi_periph/m01_couplers/auto_pc/inst/gen_axi4_axi3.axi3_conv_inst/USE_WRITE.write_addr_inst/USE_BURSTS.cmd_queue/inst/fifo_gen_inst/inst_fifo_gen/gconvfifo.rf/grf.rf/gntv_or_sync_fifo.gl0.rd/gr1.gr1_int.rfwft/empty_fwft_fb_i_reg/PRE
  -------------------------------------------------------------------    -------------------

                         (clock clk_fpga_0 rise edge)
                                                      0.000     0.000 r  
    PS7_X0Y0             PS7                          0.000     0.000 r  design_1_i/processing_system7_0/inst/PS7_i/FCLKCLK[0]
                         net (fo=1, routed)           0.341     0.341    design_1_i/processing_system7_0/inst/FCLK_CLK_unbuffered[0]
    BUFGCTRL_X0Y0        BUFG (Prop_bufg_I_O)         0.029     0.370 r  design_1_i/processing_system7_0/inst/buffer_fclk_clk_0.FCLK_CLK_0_BUFG/O
                         net (fo=7094, routed)        0.852     1.222    design_1_i/ps7_0_axi_periph/m01_couplers/auto_pc/inst/gen_axi4_axi3.axi3_conv_inst/USE_WRITE.write_addr_inst/USE_BURSTS.cmd_queue/inst/fifo_gen_inst/inst_fifo_gen/gconvfifo.rf/grf.rf/gntv_or_sync_fifo.gl0.rd/gr1.gr1_int.rfwft/clk
    SLICE_X0Y1           FDPE                                         r  design_1_i/ps7_0_axi_periph/m01_couplers/auto_pc/inst/gen_axi4_axi3.axi3_conv_inst/USE_WRITE.write_addr_inst/USE_BURSTS.cmd_queue/inst/fifo_gen_inst/inst_fifo_gen/gconvfifo.rf/grf.rf/gntv_or_sync_fifo.gl0.rd/gr1.gr1_int.rfwft/empty_fwft_fb_i_reg/C
                         clock pessimism             -0.262     0.960    
    SLICE_X0Y1           FDPE (Remov_fdpe_C_PRE)     -0.071     0.889    design_1_i/ps7_0_axi_periph/m01_couplers/auto_pc/inst/gen_axi4_axi3.axi3_conv_inst/USE_WRITE.write_addr_inst/USE_BURSTS.cmd_queue/inst/fifo_gen_inst/inst_fifo_gen/gconvfifo.rf/grf.rf/gntv_or_sync_fifo.gl0.rd/gr1.gr1_int.rfwft/empty_fwft_fb_i_reg
  -------------------------------------------------------------------
                         required time                         -0.889    
                         arrival time                           1.409    
  -------------------------------------------------------------------
                         slack                                  0.520    

Slack (MET) :             0.520ns  (arrival time - required time)
  Source:                 design_1_i/ps7_0_axi_periph/m01_couplers/auto_pc/inst/gen_axi4_axi3.axi3_conv_inst/USE_WRITE.write_addr_inst/USE_BURSTS.cmd_queue/inst/fifo_gen_inst/inst_fifo_gen/gconvfifo.rf/grf.rf/rstblk/ngwrdrst.grst.g7serrst.gnsckt_wrst.gcc_rst.sckt_wr_rst_cc_reg[1]/C
                            (rising edge-triggered cell FDRE clocked by clk_fpga_0  {rise@0.000ns fall@20.000ns period=40.000ns})
  Destination:            design_1_i/ps7_0_axi_periph/m01_couplers/auto_pc/inst/gen_axi4_axi3.axi3_conv_inst/USE_WRITE.write_addr_inst/USE_BURSTS.cmd_queue/inst/fifo_gen_inst/inst_fifo_gen/gconvfifo.rf/grf.rf/gntv_or_sync_fifo.gl0.rd/gr1.gr1_int.rfwft/empty_fwft_fb_o_i_reg/PRE
                            (removal check against rising-edge clock clk_fpga_0  {rise@0.000ns fall@20.000ns period=40.000ns})
  Path Group:             **async_default**
  Path Type:              Removal (Min at Fast Process Corner)
  Requirement:            0.000ns  (clk_fpga_0 rise@0.000ns - clk_fpga_0 rise@0.000ns)
  Data Path Delay:        0.482ns  (logic 0.186ns (38.550%)  route 0.296ns (61.450%))
  Logic Levels:           1  (LUT3=1)
  Clock Path Skew:        0.033ns (DCD - SCD - CPR)
    Destination Clock Delay (DCD):    1.222ns
    Source Clock Delay      (SCD):    0.927ns
    Clock Pessimism Removal (CPR):    0.262ns

    Location             Delay type                Incr(ns)  Path(ns)    Netlist Resource(s)
  -------------------------------------------------------------------    -------------------
                         (clock clk_fpga_0 rise edge)
                                                      0.000     0.000 r  
    PS7_X0Y0             PS7                          0.000     0.000 r  design_1_i/processing_system7_0/inst/PS7_i/FCLKCLK[0]
                         net (fo=1, routed)           0.315     0.315    design_1_i/processing_system7_0/inst/FCLK_CLK_unbuffered[0]
    BUFGCTRL_X0Y0        BUFG (Prop_bufg_I_O)         0.026     0.341 r  design_1_i/processing_system7_0/inst/buffer_fclk_clk_0.FCLK_CLK_0_BUFG/O
                         net (fo=7094, routed)        0.586     0.927    design_1_i/ps7_0_axi_periph/m01_couplers/auto_pc/inst/gen_axi4_axi3.axi3_conv_inst/USE_WRITE.write_addr_inst/USE_BURSTS.cmd_queue/inst/fifo_gen_inst/inst_fifo_gen/gconvfifo.rf/grf.rf/rstblk/clk
    SLICE_X3Y0           FDRE                                         r  design_1_i/ps7_0_axi_periph/m01_couplers/auto_pc/inst/gen_axi4_axi3.axi3_conv_inst/USE_WRITE.write_addr_inst/USE_BURSTS.cmd_queue/inst/fifo_gen_inst/inst_fifo_gen/gconvfifo.rf/grf.rf/rstblk/ngwrdrst.grst.g7serrst.gnsckt_wrst.gcc_rst.sckt_wr_rst_cc_reg[1]/C
  -------------------------------------------------------------------    -------------------
    SLICE_X3Y0           FDRE (Prop_fdre_C_Q)         0.141     1.068 f  design_1_i/ps7_0_axi_periph/m01_couplers/auto_pc/inst/gen_axi4_axi3.axi3_conv_inst/USE_WRITE.write_addr_inst/USE_BURSTS.cmd_queue/inst/fifo_gen_inst/inst_fifo_gen/gconvfifo.rf/grf.rf/rstblk/ngwrdrst.grst.g7serrst.gnsckt_wrst.gcc_rst.sckt_wr_rst_cc_reg[1]/Q
                         net (fo=2, routed)           0.117     1.185    design_1_i/ps7_0_axi_periph/m01_couplers/auto_pc/inst/gen_axi4_axi3.axi3_conv_inst/USE_WRITE.write_addr_inst/USE_BURSTS.cmd_queue/inst/fifo_gen_inst/inst_fifo_gen/gconvfifo.rf/grf.rf/rstblk/sckt_wr_rst_cc[1]
    SLICE_X3Y1           LUT3 (Prop_lut3_I0_O)        0.045     1.230 f  design_1_i/ps7_0_axi_periph/m01_couplers/auto_pc/inst/gen_axi4_axi3.axi3_conv_inst/USE_WRITE.write_addr_inst/USE_BURSTS.cmd_queue/inst/fifo_gen_inst/inst_fifo_gen/gconvfifo.rf/grf.rf/rstblk/gpregsm1.curr_fwft_state[1]_i_2/O
                         net (fo=32, routed)          0.179     1.409    design_1_i/ps7_0_axi_periph/m01_couplers/auto_pc/inst/gen_axi4_axi3.axi3_conv_inst/USE_WRITE.write_addr_inst/USE_BURSTS.cmd_queue/inst/fifo_gen_inst/inst_fifo_gen/gconvfifo.rf/grf.rf/gntv_or_sync_fifo.gl0.rd/gr1.gr1_int.rfwft/gpregsm1.user_valid_reg_0
    SLICE_X0Y1           FDPE                                         f  design_1_i/ps7_0_axi_periph/m01_couplers/auto_pc/inst/gen_axi4_axi3.axi3_conv_inst/USE_WRITE.write_addr_inst/USE_BURSTS.cmd_queue/inst/fifo_gen_inst/inst_fifo_gen/gconvfifo.rf/grf.rf/gntv_or_sync_fifo.gl0.rd/gr1.gr1_int.rfwft/empty_fwft_fb_o_i_reg/PRE
  -------------------------------------------------------------------    -------------------

                         (clock clk_fpga_0 rise edge)
                                                      0.000     0.000 r  
    PS7_X0Y0             PS7                          0.000     0.000 r  design_1_i/processing_system7_0/inst/PS7_i/FCLKCLK[0]
                         net (fo=1, routed)           0.341     0.341    design_1_i/processing_system7_0/inst/FCLK_CLK_unbuffered[0]
    BUFGCTRL_X0Y0        BUFG (Prop_bufg_I_O)         0.029     0.370 r  design_1_i/processing_system7_0/inst/buffer_fclk_clk_0.FCLK_CLK_0_BUFG/O
                         net (fo=7094, routed)        0.852     1.222    design_1_i/ps7_0_axi_periph/m01_couplers/auto_pc/inst/gen_axi4_axi3.axi3_conv_inst/USE_WRITE.write_addr_inst/USE_BURSTS.cmd_queue/inst/fifo_gen_inst/inst_fifo_gen/gconvfifo.rf/grf.rf/gntv_or_sync_fifo.gl0.rd/gr1.gr1_int.rfwft/clk
    SLICE_X0Y1           FDPE                                         r  design_1_i/ps7_0_axi_periph/m01_couplers/auto_pc/inst/gen_axi4_axi3.axi3_conv_inst/USE_WRITE.write_addr_inst/USE_BURSTS.cmd_queue/inst/fifo_gen_inst/inst_fifo_gen/gconvfifo.rf/grf.rf/gntv_or_sync_fifo.gl0.rd/gr1.gr1_int.rfwft/empty_fwft_fb_o_i_reg/C
                         clock pessimism             -0.262     0.960    
    SLICE_X0Y1           FDPE (Remov_fdpe_C_PRE)     -0.071     0.889    design_1_i/ps7_0_axi_periph/m01_couplers/auto_pc/inst/gen_axi4_axi3.axi3_conv_inst/USE_WRITE.write_addr_inst/USE_BURSTS.cmd_queue/inst/fifo_gen_inst/inst_fifo_gen/gconvfifo.rf/grf.rf/gntv_or_sync_fifo.gl0.rd/gr1.gr1_int.rfwft/empty_fwft_fb_o_i_reg
  -------------------------------------------------------------------
                         required time                         -0.889    
                         arrival time                           1.409    
  -------------------------------------------------------------------
                         slack                                  0.520    

Slack (MET) :             0.523ns  (arrival time - required time)
  Source:                 design_1_i/ps7_0_axi_periph/m01_couplers/auto_pc/inst/gen_axi4_axi3.axi3_conv_inst/USE_WRITE.write_addr_inst/USE_BURSTS.cmd_queue/inst/fifo_gen_inst/inst_fifo_gen/gconvfifo.rf/grf.rf/rstblk/ngwrdrst.grst.g7serrst.gnsckt_wrst.gcc_rst.sckt_wr_rst_cc_reg[1]/C
                            (rising edge-triggered cell FDRE clocked by clk_fpga_0  {rise@0.000ns fall@20.000ns period=40.000ns})
  Destination:            design_1_i/ps7_0_axi_periph/m01_couplers/auto_pc/inst/gen_axi4_axi3.axi3_conv_inst/USE_WRITE.write_addr_inst/USE_BURSTS.cmd_queue/inst/fifo_gen_inst/inst_fifo_gen/gconvfifo.rf/grf.rf/gntv_or_sync_fifo.gl0.wr/wpntr/gcc0.gc0.count_d1_reg[0]/CLR
                            (removal check against rising-edge clock clk_fpga_0  {rise@0.000ns fall@20.000ns period=40.000ns})
  Path Group:             **async_default**
  Path Type:              Removal (Min at Fast Process Corner)
  Requirement:            0.000ns  (clk_fpga_0 rise@0.000ns - clk_fpga_0 rise@0.000ns)
  Data Path Delay:        0.447ns  (logic 0.186ns (41.603%)  route 0.261ns (58.397%))
  Logic Levels:           1  (LUT3=1)
  Clock Path Skew:        0.016ns (DCD - SCD - CPR)
    Destination Clock Delay (DCD):    1.224ns
    Source Clock Delay      (SCD):    0.927ns
    Clock Pessimism Removal (CPR):    0.281ns

    Location             Delay type                Incr(ns)  Path(ns)    Netlist Resource(s)
  -------------------------------------------------------------------    -------------------
                         (clock clk_fpga_0 rise edge)
                                                      0.000     0.000 r  
    PS7_X0Y0             PS7                          0.000     0.000 r  design_1_i/processing_system7_0/inst/PS7_i/FCLKCLK[0]
                         net (fo=1, routed)           0.315     0.315    design_1_i/processing_system7_0/inst/FCLK_CLK_unbuffered[0]
    BUFGCTRL_X0Y0        BUFG (Prop_bufg_I_O)         0.026     0.341 r  design_1_i/processing_system7_0/inst/buffer_fclk_clk_0.FCLK_CLK_0_BUFG/O
                         net (fo=7094, routed)        0.586     0.927    design_1_i/ps7_0_axi_periph/m01_couplers/auto_pc/inst/gen_axi4_axi3.axi3_conv_inst/USE_WRITE.write_addr_inst/USE_BURSTS.cmd_queue/inst/fifo_gen_inst/inst_fifo_gen/gconvfifo.rf/grf.rf/rstblk/clk
    SLICE_X3Y0           FDRE                                         r  design_1_i/ps7_0_axi_periph/m01_couplers/auto_pc/inst/gen_axi4_axi3.axi3_conv_inst/USE_WRITE.write_addr_inst/USE_BURSTS.cmd_queue/inst/fifo_gen_inst/inst_fifo_gen/gconvfifo.rf/grf.rf/rstblk/ngwrdrst.grst.g7serrst.gnsckt_wrst.gcc_rst.sckt_wr_rst_cc_reg[1]/C
  -------------------------------------------------------------------    -------------------
    SLICE_X3Y0           FDRE (Prop_fdre_C_Q)         0.141     1.068 f  design_1_i/ps7_0_axi_periph/m01_couplers/auto_pc/inst/gen_axi4_axi3.axi3_conv_inst/USE_WRITE.write_addr_inst/USE_BURSTS.cmd_queue/inst/fifo_gen_inst/inst_fifo_gen/gconvfifo.rf/grf.rf/rstblk/ngwrdrst.grst.g7serrst.gnsckt_wrst.gcc_rst.sckt_wr_rst_cc_reg[1]/Q
                         net (fo=2, routed)           0.117     1.185    design_1_i/ps7_0_axi_periph/m01_couplers/auto_pc/inst/gen_axi4_axi3.axi3_conv_inst/USE_WRITE.write_addr_inst/USE_BURSTS.cmd_queue/inst/fifo_gen_inst/inst_fifo_gen/gconvfifo.rf/grf.rf/rstblk/sckt_wr_rst_cc[1]
    SLICE_X3Y1           LUT3 (Prop_lut3_I0_O)        0.045     1.230 f  design_1_i/ps7_0_axi_periph/m01_couplers/auto_pc/inst/gen_axi4_axi3.axi3_conv_inst/USE_WRITE.write_addr_inst/USE_BURSTS.cmd_queue/inst/fifo_gen_inst/inst_fifo_gen/gconvfifo.rf/grf.rf/rstblk/gpregsm1.curr_fwft_state[1]_i_2/O
                         net (fo=32, routed)          0.144     1.374    design_1_i/ps7_0_axi_periph/m01_couplers/auto_pc/inst/gen_axi4_axi3.axi3_conv_inst/USE_WRITE.write_addr_inst/USE_BURSTS.cmd_queue/inst/fifo_gen_inst/inst_fifo_gen/gconvfifo.rf/grf.rf/gntv_or_sync_fifo.gl0.wr/wpntr/AR[0]
    SLICE_X2Y2           FDCE                                         f  design_1_i/ps7_0_axi_periph/m01_couplers/auto_pc/inst/gen_axi4_axi3.axi3_conv_inst/USE_WRITE.write_addr_inst/USE_BURSTS.cmd_queue/inst/fifo_gen_inst/inst_fifo_gen/gconvfifo.rf/grf.rf/gntv_or_sync_fifo.gl0.wr/wpntr/gcc0.gc0.count_d1_reg[0]/CLR
  -------------------------------------------------------------------    -------------------

                         (clock clk_fpga_0 rise edge)
                                                      0.000     0.000 r  
    PS7_X0Y0             PS7                          0.000     0.000 r  design_1_i/processing_system7_0/inst/PS7_i/FCLKCLK[0]
                         net (fo=1, routed)           0.341     0.341    design_1_i/processing_system7_0/inst/FCLK_CLK_unbuffered[0]
    BUFGCTRL_X0Y0        BUFG (Prop_bufg_I_O)         0.029     0.370 r  design_1_i/processing_system7_0/inst/buffer_fclk_clk_0.FCLK_CLK_0_BUFG/O
                         net (fo=7094, routed)        0.854     1.224    design_1_i/ps7_0_axi_periph/m01_couplers/auto_pc/inst/gen_axi4_axi3.axi3_conv_inst/USE_WRITE.write_addr_inst/USE_BURSTS.cmd_queue/inst/fifo_gen_inst/inst_fifo_gen/gconvfifo.rf/grf.rf/gntv_or_sync_fifo.gl0.wr/wpntr/clk
    SLICE_X2Y2           FDCE                                         r  design_1_i/ps7_0_axi_periph/m01_couplers/auto_pc/inst/gen_axi4_axi3.axi3_conv_inst/USE_WRITE.write_addr_inst/USE_BURSTS.cmd_queue/inst/fifo_gen_inst/inst_fifo_gen/gconvfifo.rf/grf.rf/gntv_or_sync_fifo.gl0.wr/wpntr/gcc0.gc0.count_d1_reg[0]/C
                         clock pessimism             -0.281     0.943    
    SLICE_X2Y2           FDCE (Remov_fdce_C_CLR)     -0.092     0.851    design_1_i/ps7_0_axi_periph/m01_couplers/auto_pc/inst/gen_axi4_axi3.axi3_conv_inst/USE_WRITE.write_addr_inst/USE_BURSTS.cmd_queue/inst/fifo_gen_inst/inst_fifo_gen/gconvfifo.rf/grf.rf/gntv_or_sync_fifo.gl0.wr/wpntr/gcc0.gc0.count_d1_reg[0]
  -------------------------------------------------------------------
                         required time                         -0.851    
                         arrival time                           1.374    
  -------------------------------------------------------------------
                         slack                                  0.523    

Slack (MET) :             0.523ns  (arrival time - required time)
  Source:                 design_1_i/ps7_0_axi_periph/m01_couplers/auto_pc/inst/gen_axi4_axi3.axi3_conv_inst/USE_WRITE.write_addr_inst/USE_BURSTS.cmd_queue/inst/fifo_gen_inst/inst_fifo_gen/gconvfifo.rf/grf.rf/rstblk/ngwrdrst.grst.g7serrst.gnsckt_wrst.gcc_rst.sckt_wr_rst_cc_reg[1]/C
                            (rising edge-triggered cell FDRE clocked by clk_fpga_0  {rise@0.000ns fall@20.000ns period=40.000ns})
  Destination:            design_1_i/ps7_0_axi_periph/m01_couplers/auto_pc/inst/gen_axi4_axi3.axi3_conv_inst/USE_WRITE.write_addr_inst/USE_BURSTS.cmd_queue/inst/fifo_gen_inst/inst_fifo_gen/gconvfifo.rf/grf.rf/gntv_or_sync_fifo.gl0.wr/wpntr/gcc0.gc0.count_d1_reg[1]/CLR
                            (removal check against rising-edge clock clk_fpga_0  {rise@0.000ns fall@20.000ns period=40.000ns})
  Path Group:             **async_default**
  Path Type:              Removal (Min at Fast Process Corner)
  Requirement:            0.000ns  (clk_fpga_0 rise@0.000ns - clk_fpga_0 rise@0.000ns)
  Data Path Delay:        0.447ns  (logic 0.186ns (41.603%)  route 0.261ns (58.397%))
  Logic Levels:           1  (LUT3=1)
  Clock Path Skew:        0.016ns (DCD - SCD - CPR)
    Destination Clock Delay (DCD):    1.224ns
    Source Clock Delay      (SCD):    0.927ns
    Clock Pessimism Removal (CPR):    0.281ns

    Location             Delay type                Incr(ns)  Path(ns)    Netlist Resource(s)
  -------------------------------------------------------------------    -------------------
                         (clock clk_fpga_0 rise edge)
                                                      0.000     0.000 r  
    PS7_X0Y0             PS7                          0.000     0.000 r  design_1_i/processing_system7_0/inst/PS7_i/FCLKCLK[0]
                         net (fo=1, routed)           0.315     0.315    design_1_i/processing_system7_0/inst/FCLK_CLK_unbuffered[0]
    BUFGCTRL_X0Y0        BUFG (Prop_bufg_I_O)         0.026     0.341 r  design_1_i/processing_system7_0/inst/buffer_fclk_clk_0.FCLK_CLK_0_BUFG/O
                         net (fo=7094, routed)        0.586     0.927    design_1_i/ps7_0_axi_periph/m01_couplers/auto_pc/inst/gen_axi4_axi3.axi3_conv_inst/USE_WRITE.write_addr_inst/USE_BURSTS.cmd_queue/inst/fifo_gen_inst/inst_fifo_gen/gconvfifo.rf/grf.rf/rstblk/clk
    SLICE_X3Y0           FDRE                                         r  design_1_i/ps7_0_axi_periph/m01_couplers/auto_pc/inst/gen_axi4_axi3.axi3_conv_inst/USE_WRITE.write_addr_inst/USE_BURSTS.cmd_queue/inst/fifo_gen_inst/inst_fifo_gen/gconvfifo.rf/grf.rf/rstblk/ngwrdrst.grst.g7serrst.gnsckt_wrst.gcc_rst.sckt_wr_rst_cc_reg[1]/C
  -------------------------------------------------------------------    -------------------
    SLICE_X3Y0           FDRE (Prop_fdre_C_Q)         0.141     1.068 f  design_1_i/ps7_0_axi_periph/m01_couplers/auto_pc/inst/gen_axi4_axi3.axi3_conv_inst/USE_WRITE.write_addr_inst/USE_BURSTS.cmd_queue/inst/fifo_gen_inst/inst_fifo_gen/gconvfifo.rf/grf.rf/rstblk/ngwrdrst.grst.g7serrst.gnsckt_wrst.gcc_rst.sckt_wr_rst_cc_reg[1]/Q
                         net (fo=2, routed)           0.117     1.185    design_1_i/ps7_0_axi_periph/m01_couplers/auto_pc/inst/gen_axi4_axi3.axi3_conv_inst/USE_WRITE.write_addr_inst/USE_BURSTS.cmd_queue/inst/fifo_gen_inst/inst_fifo_gen/gconvfifo.rf/grf.rf/rstblk/sckt_wr_rst_cc[1]
    SLICE_X3Y1           LUT3 (Prop_lut3_I0_O)        0.045     1.230 f  design_1_i/ps7_0_axi_periph/m01_couplers/auto_pc/inst/gen_axi4_axi3.axi3_conv_inst/USE_WRITE.write_addr_inst/USE_BURSTS.cmd_queue/inst/fifo_gen_inst/inst_fifo_gen/gconvfifo.rf/grf.rf/rstblk/gpregsm1.curr_fwft_state[1]_i_2/O
                         net (fo=32, routed)          0.144     1.374    design_1_i/ps7_0_axi_periph/m01_couplers/auto_pc/inst/gen_axi4_axi3.axi3_conv_inst/USE_WRITE.write_addr_inst/USE_BURSTS.cmd_queue/inst/fifo_gen_inst/inst_fifo_gen/gconvfifo.rf/grf.rf/gntv_or_sync_fifo.gl0.wr/wpntr/AR[0]
    SLICE_X2Y2           FDCE                                         f  design_1_i/ps7_0_axi_periph/m01_couplers/auto_pc/inst/gen_axi4_axi3.axi3_conv_inst/USE_WRITE.write_addr_inst/USE_BURSTS.cmd_queue/inst/fifo_gen_inst/inst_fifo_gen/gconvfifo.rf/grf.rf/gntv_or_sync_fifo.gl0.wr/wpntr/gcc0.gc0.count_d1_reg[1]/CLR
  -------------------------------------------------------------------    -------------------

                         (clock clk_fpga_0 rise edge)
                                                      0.000     0.000 r  
    PS7_X0Y0             PS7                          0.000     0.000 r  design_1_i/processing_system7_0/inst/PS7_i/FCLKCLK[0]
                         net (fo=1, routed)           0.341     0.341    design_1_i/processing_system7_0/inst/FCLK_CLK_unbuffered[0]
    BUFGCTRL_X0Y0        BUFG (Prop_bufg_I_O)         0.029     0.370 r  design_1_i/processing_system7_0/inst/buffer_fclk_clk_0.FCLK_CLK_0_BUFG/O
                         net (fo=7094, routed)        0.854     1.224    design_1_i/ps7_0_axi_periph/m01_couplers/auto_pc/inst/gen_axi4_axi3.axi3_conv_inst/USE_WRITE.write_addr_inst/USE_BURSTS.cmd_queue/inst/fifo_gen_inst/inst_fifo_gen/gconvfifo.rf/grf.rf/gntv_or_sync_fifo.gl0.wr/wpntr/clk
    SLICE_X2Y2           FDCE                                         r  design_1_i/ps7_0_axi_periph/m01_couplers/auto_pc/inst/gen_axi4_axi3.axi3_conv_inst/USE_WRITE.write_addr_inst/USE_BURSTS.cmd_queue/inst/fifo_gen_inst/inst_fifo_gen/gconvfifo.rf/grf.rf/gntv_or_sync_fifo.gl0.wr/wpntr/gcc0.gc0.count_d1_reg[1]/C
                         clock pessimism             -0.281     0.943    
    SLICE_X2Y2           FDCE (Remov_fdce_C_CLR)     -0.092     0.851    design_1_i/ps7_0_axi_periph/m01_couplers/auto_pc/inst/gen_axi4_axi3.axi3_conv_inst/USE_WRITE.write_addr_inst/USE_BURSTS.cmd_queue/inst/fifo_gen_inst/inst_fifo_gen/gconvfifo.rf/grf.rf/gntv_or_sync_fifo.gl0.wr/wpntr/gcc0.gc0.count_d1_reg[1]
  -------------------------------------------------------------------
                         required time                         -0.851    
                         arrival time                           1.374    
  -------------------------------------------------------------------
                         slack                                  0.523    





---------------------------------------------------------------------------------------------------
Path Group:  **async_default**
From Clock:  clk_fpga_0
  To Clock:  sys_clk_pin

Setup :            0  Failing Endpoints,  Worst Slack        2.440ns,  Total Violation        0.000ns
Hold  :            0  Failing Endpoints,  Worst Slack        0.625ns,  Total Violation        0.000ns
---------------------------------------------------------------------------------------------------


Max Delay Paths
--------------------------------------------------------------------------------------
Slack (MET) :             2.440ns  (required time - arrival time)
  Source:                 design_1_i/proc_sys_reset_0/U0/ACTIVE_LOW_PR_OUT_DFF[0].FDRE_PER_N/C
                            (rising edge-triggered cell FDRE clocked by clk_fpga_0  {rise@0.000ns fall@20.000ns period=40.000ns})
  Destination:            design_1_i/Conv_axis_vga_0/U0/S_CTRL_V_reg[4]/CLR
                            (recovery check against rising-edge clock sys_clk_pin  {rise@0.000ns fall@4.000ns period=8.000ns})
  Path Group:             **async_default**
  Path Type:              Recovery (Max at Slow Process Corner)
  Requirement:            8.000ns  (sys_clk_pin rise@8.000ns - clk_fpga_0 rise@0.000ns)
  Data Path Delay:        2.947ns  (logic 0.572ns (19.409%)  route 2.375ns (80.591%))
  Logic Levels:           1  (LUT1=1)
  Clock Path Skew:        -1.489ns (DCD - SCD + CPR)
    Destination Clock Delay (DCD):    1.562ns = ( 9.562 - 8.000 ) 
    Source Clock Delay      (SCD):    3.051ns
    Clock Pessimism Removal (CPR):    0.000ns
  Clock Uncertainty:      0.601ns  ((TSJ^2 + TIJ^2)^1/2 + DJ) / 2 + PE
    Total System Jitter     (TSJ):    0.071ns
    Total Input Jitter      (TIJ):    1.200ns
    Discrete Jitter          (DJ):    0.000ns
    Phase Error              (PE):    0.000ns
  Clock Domain Crossing:  Inter clock paths are considered valid unless explicitly excluded by timing constraints such as set_clock_groups or set_false_path.

    Location             Delay type                Incr(ns)  Path(ns)    Netlist Resource(s)
  -------------------------------------------------------------------    -------------------
                         (clock clk_fpga_0 rise edge)
                                                      0.000     0.000 r  
    PS7_X0Y0             PS7                          0.000     0.000 r  design_1_i/processing_system7_0/inst/PS7_i/FCLKCLK[0]
                         net (fo=1, routed)           1.207     1.207    design_1_i/processing_system7_0/inst/FCLK_CLK_unbuffered[0]
    BUFGCTRL_X0Y0        BUFG (Prop_bufg_I_O)         0.101     1.308 r  design_1_i/processing_system7_0/inst/buffer_fclk_clk_0.FCLK_CLK_0_BUFG/O
                         net (fo=7094, routed)        1.743     3.051    design_1_i/proc_sys_reset_0/U0/slowest_sync_clk
    SLICE_X41Y54         FDRE                                         r  design_1_i/proc_sys_reset_0/U0/ACTIVE_LOW_PR_OUT_DFF[0].FDRE_PER_N/C
  -------------------------------------------------------------------    -------------------
    SLICE_X41Y54         FDRE (Prop_fdre_C_Q)         0.456     3.507 r  design_1_i/proc_sys_reset_0/U0/ACTIVE_LOW_PR_OUT_DFF[0].FDRE_PER_N/Q
                         net (fo=88, routed)          1.440     4.947    design_1_i/Conv_axis_vga_0/U0/resetn
    SLICE_X38Y19         LUT1 (Prop_lut1_I0_O)        0.116     5.063 f  design_1_i/Conv_axis_vga_0/U0/S_VGA_R[3]_i_2/O
                         net (fo=48, routed)          0.935     5.998    design_1_i/Conv_axis_vga_0/U0/S_VGA_R[3]_i_2_n_0
    SLICE_X42Y27         FDCE                                         f  design_1_i/Conv_axis_vga_0/U0/S_CTRL_V_reg[4]/CLR
  -------------------------------------------------------------------    -------------------

                         (clock sys_clk_pin rise edge)
                                                      8.000     8.000 r  
    BUFGCTRL_X0Y0        BUFG                         0.000     8.000 r  design_1_i/processing_system7_0/inst/buffer_fclk_clk_0.FCLK_CLK_0_BUFG/O
                         net (fo=7094, routed)        1.562     9.562    design_1_i/Conv_axis_vga_0/U0/clk
    SLICE_X42Y27         FDCE                                         r  design_1_i/Conv_axis_vga_0/U0/S_CTRL_V_reg[4]/C
                         clock pessimism              0.000     9.562    
                         clock uncertainty           -0.601     8.961    
    SLICE_X42Y27         FDCE (Recov_fdce_C_CLR)     -0.523     8.438    design_1_i/Conv_axis_vga_0/U0/S_CTRL_V_reg[4]
  -------------------------------------------------------------------
                         required time                          8.438    
                         arrival time                          -5.998    
  -------------------------------------------------------------------
                         slack                                  2.440    

Slack (MET) :             2.440ns  (required time - arrival time)
  Source:                 design_1_i/proc_sys_reset_0/U0/ACTIVE_LOW_PR_OUT_DFF[0].FDRE_PER_N/C
                            (rising edge-triggered cell FDRE clocked by clk_fpga_0  {rise@0.000ns fall@20.000ns period=40.000ns})
  Destination:            design_1_i/Conv_axis_vga_0/U0/S_CTRL_V_reg[5]/CLR
                            (recovery check against rising-edge clock sys_clk_pin  {rise@0.000ns fall@4.000ns period=8.000ns})
  Path Group:             **async_default**
  Path Type:              Recovery (Max at Slow Process Corner)
  Requirement:            8.000ns  (sys_clk_pin rise@8.000ns - clk_fpga_0 rise@0.000ns)
  Data Path Delay:        2.947ns  (logic 0.572ns (19.409%)  route 2.375ns (80.591%))
  Logic Levels:           1  (LUT1=1)
  Clock Path Skew:        -1.489ns (DCD - SCD + CPR)
    Destination Clock Delay (DCD):    1.562ns = ( 9.562 - 8.000 ) 
    Source Clock Delay      (SCD):    3.051ns
    Clock Pessimism Removal (CPR):    0.000ns
  Clock Uncertainty:      0.601ns  ((TSJ^2 + TIJ^2)^1/2 + DJ) / 2 + PE
    Total System Jitter     (TSJ):    0.071ns
    Total Input Jitter      (TIJ):    1.200ns
    Discrete Jitter          (DJ):    0.000ns
    Phase Error              (PE):    0.000ns
  Clock Domain Crossing:  Inter clock paths are considered valid unless explicitly excluded by timing constraints such as set_clock_groups or set_false_path.

    Location             Delay type                Incr(ns)  Path(ns)    Netlist Resource(s)
  -------------------------------------------------------------------    -------------------
                         (clock clk_fpga_0 rise edge)
                                                      0.000     0.000 r  
    PS7_X0Y0             PS7                          0.000     0.000 r  design_1_i/processing_system7_0/inst/PS7_i/FCLKCLK[0]
                         net (fo=1, routed)           1.207     1.207    design_1_i/processing_system7_0/inst/FCLK_CLK_unbuffered[0]
    BUFGCTRL_X0Y0        BUFG (Prop_bufg_I_O)         0.101     1.308 r  design_1_i/processing_system7_0/inst/buffer_fclk_clk_0.FCLK_CLK_0_BUFG/O
                         net (fo=7094, routed)        1.743     3.051    design_1_i/proc_sys_reset_0/U0/slowest_sync_clk
    SLICE_X41Y54         FDRE                                         r  design_1_i/proc_sys_reset_0/U0/ACTIVE_LOW_PR_OUT_DFF[0].FDRE_PER_N/C
  -------------------------------------------------------------------    -------------------
    SLICE_X41Y54         FDRE (Prop_fdre_C_Q)         0.456     3.507 r  design_1_i/proc_sys_reset_0/U0/ACTIVE_LOW_PR_OUT_DFF[0].FDRE_PER_N/Q
                         net (fo=88, routed)          1.440     4.947    design_1_i/Conv_axis_vga_0/U0/resetn
    SLICE_X38Y19         LUT1 (Prop_lut1_I0_O)        0.116     5.063 f  design_1_i/Conv_axis_vga_0/U0/S_VGA_R[3]_i_2/O
                         net (fo=48, routed)          0.935     5.998    design_1_i/Conv_axis_vga_0/U0/S_VGA_R[3]_i_2_n_0
    SLICE_X42Y27         FDCE                                         f  design_1_i/Conv_axis_vga_0/U0/S_CTRL_V_reg[5]/CLR
  -------------------------------------------------------------------    -------------------

                         (clock sys_clk_pin rise edge)
                                                      8.000     8.000 r  
    BUFGCTRL_X0Y0        BUFG                         0.000     8.000 r  design_1_i/processing_system7_0/inst/buffer_fclk_clk_0.FCLK_CLK_0_BUFG/O
                         net (fo=7094, routed)        1.562     9.562    design_1_i/Conv_axis_vga_0/U0/clk
    SLICE_X42Y27         FDCE                                         r  design_1_i/Conv_axis_vga_0/U0/S_CTRL_V_reg[5]/C
                         clock pessimism              0.000     9.562    
                         clock uncertainty           -0.601     8.961    
    SLICE_X42Y27         FDCE (Recov_fdce_C_CLR)     -0.523     8.438    design_1_i/Conv_axis_vga_0/U0/S_CTRL_V_reg[5]
  -------------------------------------------------------------------
                         required time                          8.438    
                         arrival time                          -5.998    
  -------------------------------------------------------------------
                         slack                                  2.440    

Slack (MET) :             2.440ns  (required time - arrival time)
  Source:                 design_1_i/proc_sys_reset_0/U0/ACTIVE_LOW_PR_OUT_DFF[0].FDRE_PER_N/C
                            (rising edge-triggered cell FDRE clocked by clk_fpga_0  {rise@0.000ns fall@20.000ns period=40.000ns})
  Destination:            design_1_i/Conv_axis_vga_0/U0/S_CTRL_V_reg[6]/CLR
                            (recovery check against rising-edge clock sys_clk_pin  {rise@0.000ns fall@4.000ns period=8.000ns})
  Path Group:             **async_default**
  Path Type:              Recovery (Max at Slow Process Corner)
  Requirement:            8.000ns  (sys_clk_pin rise@8.000ns - clk_fpga_0 rise@0.000ns)
  Data Path Delay:        2.947ns  (logic 0.572ns (19.409%)  route 2.375ns (80.591%))
  Logic Levels:           1  (LUT1=1)
  Clock Path Skew:        -1.489ns (DCD - SCD + CPR)
    Destination Clock Delay (DCD):    1.562ns = ( 9.562 - 8.000 ) 
    Source Clock Delay      (SCD):    3.051ns
    Clock Pessimism Removal (CPR):    0.000ns
  Clock Uncertainty:      0.601ns  ((TSJ^2 + TIJ^2)^1/2 + DJ) / 2 + PE
    Total System Jitter     (TSJ):    0.071ns
    Total Input Jitter      (TIJ):    1.200ns
    Discrete Jitter          (DJ):    0.000ns
    Phase Error              (PE):    0.000ns
  Clock Domain Crossing:  Inter clock paths are considered valid unless explicitly excluded by timing constraints such as set_clock_groups or set_false_path.

    Location             Delay type                Incr(ns)  Path(ns)    Netlist Resource(s)
  -------------------------------------------------------------------    -------------------
                         (clock clk_fpga_0 rise edge)
                                                      0.000     0.000 r  
    PS7_X0Y0             PS7                          0.000     0.000 r  design_1_i/processing_system7_0/inst/PS7_i/FCLKCLK[0]
                         net (fo=1, routed)           1.207     1.207    design_1_i/processing_system7_0/inst/FCLK_CLK_unbuffered[0]
    BUFGCTRL_X0Y0        BUFG (Prop_bufg_I_O)         0.101     1.308 r  design_1_i/processing_system7_0/inst/buffer_fclk_clk_0.FCLK_CLK_0_BUFG/O
                         net (fo=7094, routed)        1.743     3.051    design_1_i/proc_sys_reset_0/U0/slowest_sync_clk
    SLICE_X41Y54         FDRE                                         r  design_1_i/proc_sys_reset_0/U0/ACTIVE_LOW_PR_OUT_DFF[0].FDRE_PER_N/C
  -------------------------------------------------------------------    -------------------
    SLICE_X41Y54         FDRE (Prop_fdre_C_Q)         0.456     3.507 r  design_1_i/proc_sys_reset_0/U0/ACTIVE_LOW_PR_OUT_DFF[0].FDRE_PER_N/Q
                         net (fo=88, routed)          1.440     4.947    design_1_i/Conv_axis_vga_0/U0/resetn
    SLICE_X38Y19         LUT1 (Prop_lut1_I0_O)        0.116     5.063 f  design_1_i/Conv_axis_vga_0/U0/S_VGA_R[3]_i_2/O
                         net (fo=48, routed)          0.935     5.998    design_1_i/Conv_axis_vga_0/U0/S_VGA_R[3]_i_2_n_0
    SLICE_X42Y27         FDCE                                         f  design_1_i/Conv_axis_vga_0/U0/S_CTRL_V_reg[6]/CLR
  -------------------------------------------------------------------    -------------------

                         (clock sys_clk_pin rise edge)
                                                      8.000     8.000 r  
    BUFGCTRL_X0Y0        BUFG                         0.000     8.000 r  design_1_i/processing_system7_0/inst/buffer_fclk_clk_0.FCLK_CLK_0_BUFG/O
                         net (fo=7094, routed)        1.562     9.562    design_1_i/Conv_axis_vga_0/U0/clk
    SLICE_X42Y27         FDCE                                         r  design_1_i/Conv_axis_vga_0/U0/S_CTRL_V_reg[6]/C
                         clock pessimism              0.000     9.562    
                         clock uncertainty           -0.601     8.961    
    SLICE_X42Y27         FDCE (Recov_fdce_C_CLR)     -0.523     8.438    design_1_i/Conv_axis_vga_0/U0/S_CTRL_V_reg[6]
  -------------------------------------------------------------------
                         required time                          8.438    
                         arrival time                          -5.998    
  -------------------------------------------------------------------
                         slack                                  2.440    

Slack (MET) :             2.440ns  (required time - arrival time)
  Source:                 design_1_i/proc_sys_reset_0/U0/ACTIVE_LOW_PR_OUT_DFF[0].FDRE_PER_N/C
                            (rising edge-triggered cell FDRE clocked by clk_fpga_0  {rise@0.000ns fall@20.000ns period=40.000ns})
  Destination:            design_1_i/Conv_axis_vga_0/U0/S_CTRL_V_reg[7]/CLR
                            (recovery check against rising-edge clock sys_clk_pin  {rise@0.000ns fall@4.000ns period=8.000ns})
  Path Group:             **async_default**
  Path Type:              Recovery (Max at Slow Process Corner)
  Requirement:            8.000ns  (sys_clk_pin rise@8.000ns - clk_fpga_0 rise@0.000ns)
  Data Path Delay:        2.947ns  (logic 0.572ns (19.409%)  route 2.375ns (80.591%))
  Logic Levels:           1  (LUT1=1)
  Clock Path Skew:        -1.489ns (DCD - SCD + CPR)
    Destination Clock Delay (DCD):    1.562ns = ( 9.562 - 8.000 ) 
    Source Clock Delay      (SCD):    3.051ns
    Clock Pessimism Removal (CPR):    0.000ns
  Clock Uncertainty:      0.601ns  ((TSJ^2 + TIJ^2)^1/2 + DJ) / 2 + PE
    Total System Jitter     (TSJ):    0.071ns
    Total Input Jitter      (TIJ):    1.200ns
    Discrete Jitter          (DJ):    0.000ns
    Phase Error              (PE):    0.000ns
  Clock Domain Crossing:  Inter clock paths are considered valid unless explicitly excluded by timing constraints such as set_clock_groups or set_false_path.

    Location             Delay type                Incr(ns)  Path(ns)    Netlist Resource(s)
  -------------------------------------------------------------------    -------------------
                         (clock clk_fpga_0 rise edge)
                                                      0.000     0.000 r  
    PS7_X0Y0             PS7                          0.000     0.000 r  design_1_i/processing_system7_0/inst/PS7_i/FCLKCLK[0]
                         net (fo=1, routed)           1.207     1.207    design_1_i/processing_system7_0/inst/FCLK_CLK_unbuffered[0]
    BUFGCTRL_X0Y0        BUFG (Prop_bufg_I_O)         0.101     1.308 r  design_1_i/processing_system7_0/inst/buffer_fclk_clk_0.FCLK_CLK_0_BUFG/O
                         net (fo=7094, routed)        1.743     3.051    design_1_i/proc_sys_reset_0/U0/slowest_sync_clk
    SLICE_X41Y54         FDRE                                         r  design_1_i/proc_sys_reset_0/U0/ACTIVE_LOW_PR_OUT_DFF[0].FDRE_PER_N/C
  -------------------------------------------------------------------    -------------------
    SLICE_X41Y54         FDRE (Prop_fdre_C_Q)         0.456     3.507 r  design_1_i/proc_sys_reset_0/U0/ACTIVE_LOW_PR_OUT_DFF[0].FDRE_PER_N/Q
                         net (fo=88, routed)          1.440     4.947    design_1_i/Conv_axis_vga_0/U0/resetn
    SLICE_X38Y19         LUT1 (Prop_lut1_I0_O)        0.116     5.063 f  design_1_i/Conv_axis_vga_0/U0/S_VGA_R[3]_i_2/O
                         net (fo=48, routed)          0.935     5.998    design_1_i/Conv_axis_vga_0/U0/S_VGA_R[3]_i_2_n_0
    SLICE_X42Y27         FDCE                                         f  design_1_i/Conv_axis_vga_0/U0/S_CTRL_V_reg[7]/CLR
  -------------------------------------------------------------------    -------------------

                         (clock sys_clk_pin rise edge)
                                                      8.000     8.000 r  
    BUFGCTRL_X0Y0        BUFG                         0.000     8.000 r  design_1_i/processing_system7_0/inst/buffer_fclk_clk_0.FCLK_CLK_0_BUFG/O
                         net (fo=7094, routed)        1.562     9.562    design_1_i/Conv_axis_vga_0/U0/clk
    SLICE_X42Y27         FDCE                                         r  design_1_i/Conv_axis_vga_0/U0/S_CTRL_V_reg[7]/C
                         clock pessimism              0.000     9.562    
                         clock uncertainty           -0.601     8.961    
    SLICE_X42Y27         FDCE (Recov_fdce_C_CLR)     -0.523     8.438    design_1_i/Conv_axis_vga_0/U0/S_CTRL_V_reg[7]
  -------------------------------------------------------------------
                         required time                          8.438    
                         arrival time                          -5.998    
  -------------------------------------------------------------------
                         slack                                  2.440    

Slack (MET) :             2.514ns  (required time - arrival time)
  Source:                 design_1_i/proc_sys_reset_0/U0/ACTIVE_LOW_PR_OUT_DFF[0].FDRE_PER_N/C
                            (rising edge-triggered cell FDRE clocked by clk_fpga_0  {rise@0.000ns fall@20.000ns period=40.000ns})
  Destination:            design_1_i/Conv_axis_vga_0/U0/S_VGA_G_reg[0]/CLR
                            (recovery check against rising-edge clock sys_clk_pin  {rise@0.000ns fall@4.000ns period=8.000ns})
  Path Group:             **async_default**
  Path Type:              Recovery (Max at Slow Process Corner)
  Requirement:            8.000ns  (sys_clk_pin rise@8.000ns - clk_fpga_0 rise@0.000ns)
  Data Path Delay:        2.785ns  (logic 0.572ns (20.542%)  route 2.213ns (79.458%))
  Logic Levels:           1  (LUT1=1)
  Clock Path Skew:        -1.492ns (DCD - SCD + CPR)
    Destination Clock Delay (DCD):    1.559ns = ( 9.559 - 8.000 ) 
    Source Clock Delay      (SCD):    3.051ns
    Clock Pessimism Removal (CPR):    0.000ns
  Clock Uncertainty:      0.601ns  ((TSJ^2 + TIJ^2)^1/2 + DJ) / 2 + PE
    Total System Jitter     (TSJ):    0.071ns
    Total Input Jitter      (TIJ):    1.200ns
    Discrete Jitter          (DJ):    0.000ns
    Phase Error              (PE):    0.000ns
  Clock Domain Crossing:  Inter clock paths are considered valid unless explicitly excluded by timing constraints such as set_clock_groups or set_false_path.

    Location             Delay type                Incr(ns)  Path(ns)    Netlist Resource(s)
  -------------------------------------------------------------------    -------------------
                         (clock clk_fpga_0 rise edge)
                                                      0.000     0.000 r  
    PS7_X0Y0             PS7                          0.000     0.000 r  design_1_i/processing_system7_0/inst/PS7_i/FCLKCLK[0]
                         net (fo=1, routed)           1.207     1.207    design_1_i/processing_system7_0/inst/FCLK_CLK_unbuffered[0]
    BUFGCTRL_X0Y0        BUFG (Prop_bufg_I_O)         0.101     1.308 r  design_1_i/processing_system7_0/inst/buffer_fclk_clk_0.FCLK_CLK_0_BUFG/O
                         net (fo=7094, routed)        1.743     3.051    design_1_i/proc_sys_reset_0/U0/slowest_sync_clk
    SLICE_X41Y54         FDRE                                         r  design_1_i/proc_sys_reset_0/U0/ACTIVE_LOW_PR_OUT_DFF[0].FDRE_PER_N/C
  -------------------------------------------------------------------    -------------------
    SLICE_X41Y54         FDRE (Prop_fdre_C_Q)         0.456     3.507 r  design_1_i/proc_sys_reset_0/U0/ACTIVE_LOW_PR_OUT_DFF[0].FDRE_PER_N/Q
                         net (fo=88, routed)          1.440     4.947    design_1_i/Conv_axis_vga_0/U0/resetn
    SLICE_X38Y19         LUT1 (Prop_lut1_I0_O)        0.116     5.063 f  design_1_i/Conv_axis_vga_0/U0/S_VGA_R[3]_i_2/O
                         net (fo=48, routed)          0.772     5.836    design_1_i/Conv_axis_vga_0/U0/S_VGA_R[3]_i_2_n_0
    SLICE_X41Y25         FDCE                                         f  design_1_i/Conv_axis_vga_0/U0/S_VGA_G_reg[0]/CLR
  -------------------------------------------------------------------    -------------------

                         (clock sys_clk_pin rise edge)
                                                      8.000     8.000 r  
    BUFGCTRL_X0Y0        BUFG                         0.000     8.000 r  design_1_i/processing_system7_0/inst/buffer_fclk_clk_0.FCLK_CLK_0_BUFG/O
                         net (fo=7094, routed)        1.559     9.559    design_1_i/Conv_axis_vga_0/U0/clk
    SLICE_X41Y25         FDCE                                         r  design_1_i/Conv_axis_vga_0/U0/S_VGA_G_reg[0]/C
                         clock pessimism              0.000     9.559    
                         clock uncertainty           -0.601     8.958    
    SLICE_X41Y25         FDCE (Recov_fdce_C_CLR)     -0.609     8.349    design_1_i/Conv_axis_vga_0/U0/S_VGA_G_reg[0]
  -------------------------------------------------------------------
                         required time                          8.349    
                         arrival time                          -5.836    
  -------------------------------------------------------------------
                         slack                                  2.514    

Slack (MET) :             2.514ns  (required time - arrival time)
  Source:                 design_1_i/proc_sys_reset_0/U0/ACTIVE_LOW_PR_OUT_DFF[0].FDRE_PER_N/C
                            (rising edge-triggered cell FDRE clocked by clk_fpga_0  {rise@0.000ns fall@20.000ns period=40.000ns})
  Destination:            design_1_i/Conv_axis_vga_0/U0/S_VGA_G_reg[1]/CLR
                            (recovery check against rising-edge clock sys_clk_pin  {rise@0.000ns fall@4.000ns period=8.000ns})
  Path Group:             **async_default**
  Path Type:              Recovery (Max at Slow Process Corner)
  Requirement:            8.000ns  (sys_clk_pin rise@8.000ns - clk_fpga_0 rise@0.000ns)
  Data Path Delay:        2.785ns  (logic 0.572ns (20.542%)  route 2.213ns (79.458%))
  Logic Levels:           1  (LUT1=1)
  Clock Path Skew:        -1.492ns (DCD - SCD + CPR)
    Destination Clock Delay (DCD):    1.559ns = ( 9.559 - 8.000 ) 
    Source Clock Delay      (SCD):    3.051ns
    Clock Pessimism Removal (CPR):    0.000ns
  Clock Uncertainty:      0.601ns  ((TSJ^2 + TIJ^2)^1/2 + DJ) / 2 + PE
    Total System Jitter     (TSJ):    0.071ns
    Total Input Jitter      (TIJ):    1.200ns
    Discrete Jitter          (DJ):    0.000ns
    Phase Error              (PE):    0.000ns
  Clock Domain Crossing:  Inter clock paths are considered valid unless explicitly excluded by timing constraints such as set_clock_groups or set_false_path.

    Location             Delay type                Incr(ns)  Path(ns)    Netlist Resource(s)
  -------------------------------------------------------------------    -------------------
                         (clock clk_fpga_0 rise edge)
                                                      0.000     0.000 r  
    PS7_X0Y0             PS7                          0.000     0.000 r  design_1_i/processing_system7_0/inst/PS7_i/FCLKCLK[0]
                         net (fo=1, routed)           1.207     1.207    design_1_i/processing_system7_0/inst/FCLK_CLK_unbuffered[0]
    BUFGCTRL_X0Y0        BUFG (Prop_bufg_I_O)         0.101     1.308 r  design_1_i/processing_system7_0/inst/buffer_fclk_clk_0.FCLK_CLK_0_BUFG/O
                         net (fo=7094, routed)        1.743     3.051    design_1_i/proc_sys_reset_0/U0/slowest_sync_clk
    SLICE_X41Y54         FDRE                                         r  design_1_i/proc_sys_reset_0/U0/ACTIVE_LOW_PR_OUT_DFF[0].FDRE_PER_N/C
  -------------------------------------------------------------------    -------------------
    SLICE_X41Y54         FDRE (Prop_fdre_C_Q)         0.456     3.507 r  design_1_i/proc_sys_reset_0/U0/ACTIVE_LOW_PR_OUT_DFF[0].FDRE_PER_N/Q
                         net (fo=88, routed)          1.440     4.947    design_1_i/Conv_axis_vga_0/U0/resetn
    SLICE_X38Y19         LUT1 (Prop_lut1_I0_O)        0.116     5.063 f  design_1_i/Conv_axis_vga_0/U0/S_VGA_R[3]_i_2/O
                         net (fo=48, routed)          0.772     5.836    design_1_i/Conv_axis_vga_0/U0/S_VGA_R[3]_i_2_n_0
    SLICE_X41Y25         FDCE                                         f  design_1_i/Conv_axis_vga_0/U0/S_VGA_G_reg[1]/CLR
  -------------------------------------------------------------------    -------------------

                         (clock sys_clk_pin rise edge)
                                                      8.000     8.000 r  
    BUFGCTRL_X0Y0        BUFG                         0.000     8.000 r  design_1_i/processing_system7_0/inst/buffer_fclk_clk_0.FCLK_CLK_0_BUFG/O
                         net (fo=7094, routed)        1.559     9.559    design_1_i/Conv_axis_vga_0/U0/clk
    SLICE_X41Y25         FDCE                                         r  design_1_i/Conv_axis_vga_0/U0/S_VGA_G_reg[1]/C
                         clock pessimism              0.000     9.559    
                         clock uncertainty           -0.601     8.958    
    SLICE_X41Y25         FDCE (Recov_fdce_C_CLR)     -0.609     8.349    design_1_i/Conv_axis_vga_0/U0/S_VGA_G_reg[1]
  -------------------------------------------------------------------
                         required time                          8.349    
                         arrival time                          -5.836    
  -------------------------------------------------------------------
                         slack                                  2.514    

Slack (MET) :             2.514ns  (required time - arrival time)
  Source:                 design_1_i/proc_sys_reset_0/U0/ACTIVE_LOW_PR_OUT_DFF[0].FDRE_PER_N/C
                            (rising edge-triggered cell FDRE clocked by clk_fpga_0  {rise@0.000ns fall@20.000ns period=40.000ns})
  Destination:            design_1_i/Conv_axis_vga_0/U0/S_VGA_G_reg[2]/CLR
                            (recovery check against rising-edge clock sys_clk_pin  {rise@0.000ns fall@4.000ns period=8.000ns})
  Path Group:             **async_default**
  Path Type:              Recovery (Max at Slow Process Corner)
  Requirement:            8.000ns  (sys_clk_pin rise@8.000ns - clk_fpga_0 rise@0.000ns)
  Data Path Delay:        2.785ns  (logic 0.572ns (20.542%)  route 2.213ns (79.458%))
  Logic Levels:           1  (LUT1=1)
  Clock Path Skew:        -1.492ns (DCD - SCD + CPR)
    Destination Clock Delay (DCD):    1.559ns = ( 9.559 - 8.000 ) 
    Source Clock Delay      (SCD):    3.051ns
    Clock Pessimism Removal (CPR):    0.000ns
  Clock Uncertainty:      0.601ns  ((TSJ^2 + TIJ^2)^1/2 + DJ) / 2 + PE
    Total System Jitter     (TSJ):    0.071ns
    Total Input Jitter      (TIJ):    1.200ns
    Discrete Jitter          (DJ):    0.000ns
    Phase Error              (PE):    0.000ns
  Clock Domain Crossing:  Inter clock paths are considered valid unless explicitly excluded by timing constraints such as set_clock_groups or set_false_path.

    Location             Delay type                Incr(ns)  Path(ns)    Netlist Resource(s)
  -------------------------------------------------------------------    -------------------
                         (clock clk_fpga_0 rise edge)
                                                      0.000     0.000 r  
    PS7_X0Y0             PS7                          0.000     0.000 r  design_1_i/processing_system7_0/inst/PS7_i/FCLKCLK[0]
                         net (fo=1, routed)           1.207     1.207    design_1_i/processing_system7_0/inst/FCLK_CLK_unbuffered[0]
    BUFGCTRL_X0Y0        BUFG (Prop_bufg_I_O)         0.101     1.308 r  design_1_i/processing_system7_0/inst/buffer_fclk_clk_0.FCLK_CLK_0_BUFG/O
                         net (fo=7094, routed)        1.743     3.051    design_1_i/proc_sys_reset_0/U0/slowest_sync_clk
    SLICE_X41Y54         FDRE                                         r  design_1_i/proc_sys_reset_0/U0/ACTIVE_LOW_PR_OUT_DFF[0].FDRE_PER_N/C
  -------------------------------------------------------------------    -------------------
    SLICE_X41Y54         FDRE (Prop_fdre_C_Q)         0.456     3.507 r  design_1_i/proc_sys_reset_0/U0/ACTIVE_LOW_PR_OUT_DFF[0].FDRE_PER_N/Q
                         net (fo=88, routed)          1.440     4.947    design_1_i/Conv_axis_vga_0/U0/resetn
    SLICE_X38Y19         LUT1 (Prop_lut1_I0_O)        0.116     5.063 f  design_1_i/Conv_axis_vga_0/U0/S_VGA_R[3]_i_2/O
                         net (fo=48, routed)          0.772     5.836    design_1_i/Conv_axis_vga_0/U0/S_VGA_R[3]_i_2_n_0
    SLICE_X41Y25         FDCE                                         f  design_1_i/Conv_axis_vga_0/U0/S_VGA_G_reg[2]/CLR
  -------------------------------------------------------------------    -------------------

                         (clock sys_clk_pin rise edge)
                                                      8.000     8.000 r  
    BUFGCTRL_X0Y0        BUFG                         0.000     8.000 r  design_1_i/processing_system7_0/inst/buffer_fclk_clk_0.FCLK_CLK_0_BUFG/O
                         net (fo=7094, routed)        1.559     9.559    design_1_i/Conv_axis_vga_0/U0/clk
    SLICE_X41Y25         FDCE                                         r  design_1_i/Conv_axis_vga_0/U0/S_VGA_G_reg[2]/C
                         clock pessimism              0.000     9.559    
                         clock uncertainty           -0.601     8.958    
    SLICE_X41Y25         FDCE (Recov_fdce_C_CLR)     -0.609     8.349    design_1_i/Conv_axis_vga_0/U0/S_VGA_G_reg[2]
  -------------------------------------------------------------------
                         required time                          8.349    
                         arrival time                          -5.836    
  -------------------------------------------------------------------
                         slack                                  2.514    

Slack (MET) :             2.514ns  (required time - arrival time)
  Source:                 design_1_i/proc_sys_reset_0/U0/ACTIVE_LOW_PR_OUT_DFF[0].FDRE_PER_N/C
                            (rising edge-triggered cell FDRE clocked by clk_fpga_0  {rise@0.000ns fall@20.000ns period=40.000ns})
  Destination:            design_1_i/Conv_axis_vga_0/U0/S_VGA_G_reg[3]/CLR
                            (recovery check against rising-edge clock sys_clk_pin  {rise@0.000ns fall@4.000ns period=8.000ns})
  Path Group:             **async_default**
  Path Type:              Recovery (Max at Slow Process Corner)
  Requirement:            8.000ns  (sys_clk_pin rise@8.000ns - clk_fpga_0 rise@0.000ns)
  Data Path Delay:        2.785ns  (logic 0.572ns (20.542%)  route 2.213ns (79.458%))
  Logic Levels:           1  (LUT1=1)
  Clock Path Skew:        -1.492ns (DCD - SCD + CPR)
    Destination Clock Delay (DCD):    1.559ns = ( 9.559 - 8.000 ) 
    Source Clock Delay      (SCD):    3.051ns
    Clock Pessimism Removal (CPR):    0.000ns
  Clock Uncertainty:      0.601ns  ((TSJ^2 + TIJ^2)^1/2 + DJ) / 2 + PE
    Total System Jitter     (TSJ):    0.071ns
    Total Input Jitter      (TIJ):    1.200ns
    Discrete Jitter          (DJ):    0.000ns
    Phase Error              (PE):    0.000ns
  Clock Domain Crossing:  Inter clock paths are considered valid unless explicitly excluded by timing constraints such as set_clock_groups or set_false_path.

    Location             Delay type                Incr(ns)  Path(ns)    Netlist Resource(s)
  -------------------------------------------------------------------    -------------------
                         (clock clk_fpga_0 rise edge)
                                                      0.000     0.000 r  
    PS7_X0Y0             PS7                          0.000     0.000 r  design_1_i/processing_system7_0/inst/PS7_i/FCLKCLK[0]
                         net (fo=1, routed)           1.207     1.207    design_1_i/processing_system7_0/inst/FCLK_CLK_unbuffered[0]
    BUFGCTRL_X0Y0        BUFG (Prop_bufg_I_O)         0.101     1.308 r  design_1_i/processing_system7_0/inst/buffer_fclk_clk_0.FCLK_CLK_0_BUFG/O
                         net (fo=7094, routed)        1.743     3.051    design_1_i/proc_sys_reset_0/U0/slowest_sync_clk
    SLICE_X41Y54         FDRE                                         r  design_1_i/proc_sys_reset_0/U0/ACTIVE_LOW_PR_OUT_DFF[0].FDRE_PER_N/C
  -------------------------------------------------------------------    -------------------
    SLICE_X41Y54         FDRE (Prop_fdre_C_Q)         0.456     3.507 r  design_1_i/proc_sys_reset_0/U0/ACTIVE_LOW_PR_OUT_DFF[0].FDRE_PER_N/Q
                         net (fo=88, routed)          1.440     4.947    design_1_i/Conv_axis_vga_0/U0/resetn
    SLICE_X38Y19         LUT1 (Prop_lut1_I0_O)        0.116     5.063 f  design_1_i/Conv_axis_vga_0/U0/S_VGA_R[3]_i_2/O
                         net (fo=48, routed)          0.772     5.836    design_1_i/Conv_axis_vga_0/U0/S_VGA_R[3]_i_2_n_0
    SLICE_X41Y25         FDCE                                         f  design_1_i/Conv_axis_vga_0/U0/S_VGA_G_reg[3]/CLR
  -------------------------------------------------------------------    -------------------

                         (clock sys_clk_pin rise edge)
                                                      8.000     8.000 r  
    BUFGCTRL_X0Y0        BUFG                         0.000     8.000 r  design_1_i/processing_system7_0/inst/buffer_fclk_clk_0.FCLK_CLK_0_BUFG/O
                         net (fo=7094, routed)        1.559     9.559    design_1_i/Conv_axis_vga_0/U0/clk
    SLICE_X41Y25         FDCE                                         r  design_1_i/Conv_axis_vga_0/U0/S_VGA_G_reg[3]/C
                         clock pessimism              0.000     9.559    
                         clock uncertainty           -0.601     8.958    
    SLICE_X41Y25         FDCE (Recov_fdce_C_CLR)     -0.609     8.349    design_1_i/Conv_axis_vga_0/U0/S_VGA_G_reg[3]
  -------------------------------------------------------------------
                         required time                          8.349    
                         arrival time                          -5.836    
  -------------------------------------------------------------------
                         slack                                  2.514    

Slack (MET) :             2.532ns  (required time - arrival time)
  Source:                 design_1_i/proc_sys_reset_0/U0/ACTIVE_LOW_PR_OUT_DFF[0].FDRE_PER_N/C
                            (rising edge-triggered cell FDRE clocked by clk_fpga_0  {rise@0.000ns fall@20.000ns period=40.000ns})
  Destination:            design_1_i/Conv_axis_vga_0/U0/S_CTRL_V_reg[10]/CLR
                            (recovery check against rising-edge clock sys_clk_pin  {rise@0.000ns fall@4.000ns period=8.000ns})
  Path Group:             **async_default**
  Path Type:              Recovery (Max at Slow Process Corner)
  Requirement:            8.000ns  (sys_clk_pin rise@8.000ns - clk_fpga_0 rise@0.000ns)
  Data Path Delay:        2.857ns  (logic 0.572ns (20.018%)  route 2.285ns (79.982%))
  Logic Levels:           1  (LUT1=1)
  Clock Path Skew:        -1.487ns (DCD - SCD + CPR)
    Destination Clock Delay (DCD):    1.564ns = ( 9.564 - 8.000 ) 
    Source Clock Delay      (SCD):    3.051ns
    Clock Pessimism Removal (CPR):    0.000ns
  Clock Uncertainty:      0.601ns  ((TSJ^2 + TIJ^2)^1/2 + DJ) / 2 + PE
    Total System Jitter     (TSJ):    0.071ns
    Total Input Jitter      (TIJ):    1.200ns
    Discrete Jitter          (DJ):    0.000ns
    Phase Error              (PE):    0.000ns
  Clock Domain Crossing:  Inter clock paths are considered valid unless explicitly excluded by timing constraints such as set_clock_groups or set_false_path.

    Location             Delay type                Incr(ns)  Path(ns)    Netlist Resource(s)
  -------------------------------------------------------------------    -------------------
                         (clock clk_fpga_0 rise edge)
                                                      0.000     0.000 r  
    PS7_X0Y0             PS7                          0.000     0.000 r  design_1_i/processing_system7_0/inst/PS7_i/FCLKCLK[0]
                         net (fo=1, routed)           1.207     1.207    design_1_i/processing_system7_0/inst/FCLK_CLK_unbuffered[0]
    BUFGCTRL_X0Y0        BUFG (Prop_bufg_I_O)         0.101     1.308 r  design_1_i/processing_system7_0/inst/buffer_fclk_clk_0.FCLK_CLK_0_BUFG/O
                         net (fo=7094, routed)        1.743     3.051    design_1_i/proc_sys_reset_0/U0/slowest_sync_clk
    SLICE_X41Y54         FDRE                                         r  design_1_i/proc_sys_reset_0/U0/ACTIVE_LOW_PR_OUT_DFF[0].FDRE_PER_N/C
  -------------------------------------------------------------------    -------------------
    SLICE_X41Y54         FDRE (Prop_fdre_C_Q)         0.456     3.507 r  design_1_i/proc_sys_reset_0/U0/ACTIVE_LOW_PR_OUT_DFF[0].FDRE_PER_N/Q
                         net (fo=88, routed)          1.440     4.947    design_1_i/Conv_axis_vga_0/U0/resetn
    SLICE_X38Y19         LUT1 (Prop_lut1_I0_O)        0.116     5.063 f  design_1_i/Conv_axis_vga_0/U0/S_VGA_R[3]_i_2/O
                         net (fo=48, routed)          0.845     5.908    design_1_i/Conv_axis_vga_0/U0/S_VGA_R[3]_i_2_n_0
    SLICE_X42Y28         FDCE                                         f  design_1_i/Conv_axis_vga_0/U0/S_CTRL_V_reg[10]/CLR
  -------------------------------------------------------------------    -------------------

                         (clock sys_clk_pin rise edge)
                                                      8.000     8.000 r  
    BUFGCTRL_X0Y0        BUFG                         0.000     8.000 r  design_1_i/processing_system7_0/inst/buffer_fclk_clk_0.FCLK_CLK_0_BUFG/O
                         net (fo=7094, routed)        1.564     9.564    design_1_i/Conv_axis_vga_0/U0/clk
    SLICE_X42Y28         FDCE                                         r  design_1_i/Conv_axis_vga_0/U0/S_CTRL_V_reg[10]/C
                         clock pessimism              0.000     9.564    
                         clock uncertainty           -0.601     8.963    
    SLICE_X42Y28         FDCE (Recov_fdce_C_CLR)     -0.523     8.440    design_1_i/Conv_axis_vga_0/U0/S_CTRL_V_reg[10]
  -------------------------------------------------------------------
                         required time                          8.440    
                         arrival time                          -5.908    
  -------------------------------------------------------------------
                         slack                                  2.532    

Slack (MET) :             2.532ns  (required time - arrival time)
  Source:                 design_1_i/proc_sys_reset_0/U0/ACTIVE_LOW_PR_OUT_DFF[0].FDRE_PER_N/C
                            (rising edge-triggered cell FDRE clocked by clk_fpga_0  {rise@0.000ns fall@20.000ns period=40.000ns})
  Destination:            design_1_i/Conv_axis_vga_0/U0/S_CTRL_V_reg[11]/CLR
                            (recovery check against rising-edge clock sys_clk_pin  {rise@0.000ns fall@4.000ns period=8.000ns})
  Path Group:             **async_default**
  Path Type:              Recovery (Max at Slow Process Corner)
  Requirement:            8.000ns  (sys_clk_pin rise@8.000ns - clk_fpga_0 rise@0.000ns)
  Data Path Delay:        2.857ns  (logic 0.572ns (20.018%)  route 2.285ns (79.982%))
  Logic Levels:           1  (LUT1=1)
  Clock Path Skew:        -1.487ns (DCD - SCD + CPR)
    Destination Clock Delay (DCD):    1.564ns = ( 9.564 - 8.000 ) 
    Source Clock Delay      (SCD):    3.051ns
    Clock Pessimism Removal (CPR):    0.000ns
  Clock Uncertainty:      0.601ns  ((TSJ^2 + TIJ^2)^1/2 + DJ) / 2 + PE
    Total System Jitter     (TSJ):    0.071ns
    Total Input Jitter      (TIJ):    1.200ns
    Discrete Jitter          (DJ):    0.000ns
    Phase Error              (PE):    0.000ns
  Clock Domain Crossing:  Inter clock paths are considered valid unless explicitly excluded by timing constraints such as set_clock_groups or set_false_path.

    Location             Delay type                Incr(ns)  Path(ns)    Netlist Resource(s)
  -------------------------------------------------------------------    -------------------
                         (clock clk_fpga_0 rise edge)
                                                      0.000     0.000 r  
    PS7_X0Y0             PS7                          0.000     0.000 r  design_1_i/processing_system7_0/inst/PS7_i/FCLKCLK[0]
                         net (fo=1, routed)           1.207     1.207    design_1_i/processing_system7_0/inst/FCLK_CLK_unbuffered[0]
    BUFGCTRL_X0Y0        BUFG (Prop_bufg_I_O)         0.101     1.308 r  design_1_i/processing_system7_0/inst/buffer_fclk_clk_0.FCLK_CLK_0_BUFG/O
                         net (fo=7094, routed)        1.743     3.051    design_1_i/proc_sys_reset_0/U0/slowest_sync_clk
    SLICE_X41Y54         FDRE                                         r  design_1_i/proc_sys_reset_0/U0/ACTIVE_LOW_PR_OUT_DFF[0].FDRE_PER_N/C
  -------------------------------------------------------------------    -------------------
    SLICE_X41Y54         FDRE (Prop_fdre_C_Q)         0.456     3.507 r  design_1_i/proc_sys_reset_0/U0/ACTIVE_LOW_PR_OUT_DFF[0].FDRE_PER_N/Q
                         net (fo=88, routed)          1.440     4.947    design_1_i/Conv_axis_vga_0/U0/resetn
    SLICE_X38Y19         LUT1 (Prop_lut1_I0_O)        0.116     5.063 f  design_1_i/Conv_axis_vga_0/U0/S_VGA_R[3]_i_2/O
                         net (fo=48, routed)          0.845     5.908    design_1_i/Conv_axis_vga_0/U0/S_VGA_R[3]_i_2_n_0
    SLICE_X42Y28         FDCE                                         f  design_1_i/Conv_axis_vga_0/U0/S_CTRL_V_reg[11]/CLR
  -------------------------------------------------------------------    -------------------

                         (clock sys_clk_pin rise edge)
                                                      8.000     8.000 r  
    BUFGCTRL_X0Y0        BUFG                         0.000     8.000 r  design_1_i/processing_system7_0/inst/buffer_fclk_clk_0.FCLK_CLK_0_BUFG/O
                         net (fo=7094, routed)        1.564     9.564    design_1_i/Conv_axis_vga_0/U0/clk
    SLICE_X42Y28         FDCE                                         r  design_1_i/Conv_axis_vga_0/U0/S_CTRL_V_reg[11]/C
                         clock pessimism              0.000     9.564    
                         clock uncertainty           -0.601     8.963    
    SLICE_X42Y28         FDCE (Recov_fdce_C_CLR)     -0.523     8.440    design_1_i/Conv_axis_vga_0/U0/S_CTRL_V_reg[11]
  -------------------------------------------------------------------
                         required time                          8.440    
                         arrival time                          -5.908    
  -------------------------------------------------------------------
                         slack                                  2.532    





Min Delay Paths
--------------------------------------------------------------------------------------
Slack (MET) :             0.625ns  (arrival time - required time)
  Source:                 design_1_i/proc_sys_reset_0/U0/ACTIVE_LOW_PR_OUT_DFF[0].FDRE_PER_N/C
                            (rising edge-triggered cell FDRE clocked by clk_fpga_0  {rise@0.000ns fall@20.000ns period=40.000ns})
  Destination:            design_1_i/Conv_axis_vga_0/U0/S_CTRL_H_reg[0]/CLR
                            (removal check against rising-edge clock sys_clk_pin  {rise@0.000ns fall@4.000ns period=8.000ns})
  Path Group:             **async_default**
  Path Type:              Removal (Min at Fast Process Corner)
  Requirement:            0.000ns  (sys_clk_pin rise@0.000ns - clk_fpga_0 rise@0.000ns)
  Data Path Delay:        0.983ns  (logic 0.189ns (19.228%)  route 0.794ns (80.772%))
  Logic Levels:           1  (LUT1=1)
  Clock Path Skew:        -0.085ns (DCD - SCD - CPR)
    Destination Clock Delay (DCD):    0.846ns
    Source Clock Delay      (SCD):    0.931ns
    Clock Pessimism Removal (CPR):    -0.000ns
  Clock Uncertainty:      0.601ns  ((TSJ^2 + TIJ^2)^1/2 + DJ) / 2 + PE
    Total System Jitter     (TSJ):    0.071ns
    Total Input Jitter      (TIJ):    1.200ns
    Discrete Jitter          (DJ):    0.000ns
    Phase Error              (PE):    0.000ns
  Clock Domain Crossing:  Inter clock paths are considered valid unless explicitly excluded by timing constraints such as set_clock_groups or set_false_path.

    Location             Delay type                Incr(ns)  Path(ns)    Netlist Resource(s)
  -------------------------------------------------------------------    -------------------
                         (clock clk_fpga_0 rise edge)
                                                      0.000     0.000 r  
    PS7_X0Y0             PS7                          0.000     0.000 r  design_1_i/processing_system7_0/inst/PS7_i/FCLKCLK[0]
                         net (fo=1, routed)           0.315     0.315    design_1_i/processing_system7_0/inst/FCLK_CLK_unbuffered[0]
    BUFGCTRL_X0Y0        BUFG (Prop_bufg_I_O)         0.026     0.341 r  design_1_i/processing_system7_0/inst/buffer_fclk_clk_0.FCLK_CLK_0_BUFG/O
                         net (fo=7094, routed)        0.590     0.931    design_1_i/proc_sys_reset_0/U0/slowest_sync_clk
    SLICE_X41Y54         FDRE                                         r  design_1_i/proc_sys_reset_0/U0/ACTIVE_LOW_PR_OUT_DFF[0].FDRE_PER_N/C
  -------------------------------------------------------------------    -------------------
    SLICE_X41Y54         FDRE (Prop_fdre_C_Q)         0.141     1.072 r  design_1_i/proc_sys_reset_0/U0/ACTIVE_LOW_PR_OUT_DFF[0].FDRE_PER_N/Q
                         net (fo=88, routed)          0.575     1.647    design_1_i/Conv_axis_vga_0/U0/resetn
    SLICE_X38Y19         LUT1 (Prop_lut1_I0_O)        0.048     1.695 f  design_1_i/Conv_axis_vga_0/U0/S_VGA_R[3]_i_2/O
                         net (fo=48, routed)          0.219     1.914    design_1_i/Conv_axis_vga_0/U0/S_VGA_R[3]_i_2_n_0
    SLICE_X43Y23         FDCE                                         f  design_1_i/Conv_axis_vga_0/U0/S_CTRL_H_reg[0]/CLR
  -------------------------------------------------------------------    -------------------

                         (clock sys_clk_pin rise edge)
                                                      0.000     0.000 r  
    BUFGCTRL_X0Y0        BUFG                         0.000     0.000 r  design_1_i/processing_system7_0/inst/buffer_fclk_clk_0.FCLK_CLK_0_BUFG/O
                         net (fo=7094, routed)        0.846     0.846    design_1_i/Conv_axis_vga_0/U0/clk
    SLICE_X43Y23         FDCE                                         r  design_1_i/Conv_axis_vga_0/U0/S_CTRL_H_reg[0]/C
                         clock pessimism              0.000     0.846    
                         clock uncertainty            0.601     1.447    
    SLICE_X43Y23         FDCE (Remov_fdce_C_CLR)     -0.158     1.289    design_1_i/Conv_axis_vga_0/U0/S_CTRL_H_reg[0]
  -------------------------------------------------------------------
                         required time                         -1.289    
                         arrival time                           1.914    
  -------------------------------------------------------------------
                         slack                                  0.625    

Slack (MET) :             0.625ns  (arrival time - required time)
  Source:                 design_1_i/proc_sys_reset_0/U0/ACTIVE_LOW_PR_OUT_DFF[0].FDRE_PER_N/C
                            (rising edge-triggered cell FDRE clocked by clk_fpga_0  {rise@0.000ns fall@20.000ns period=40.000ns})
  Destination:            design_1_i/Conv_axis_vga_0/U0/S_CTRL_H_reg[1]/CLR
                            (removal check against rising-edge clock sys_clk_pin  {rise@0.000ns fall@4.000ns period=8.000ns})
  Path Group:             **async_default**
  Path Type:              Removal (Min at Fast Process Corner)
  Requirement:            0.000ns  (sys_clk_pin rise@0.000ns - clk_fpga_0 rise@0.000ns)
  Data Path Delay:        0.983ns  (logic 0.189ns (19.228%)  route 0.794ns (80.772%))
  Logic Levels:           1  (LUT1=1)
  Clock Path Skew:        -0.085ns (DCD - SCD - CPR)
    Destination Clock Delay (DCD):    0.846ns
    Source Clock Delay      (SCD):    0.931ns
    Clock Pessimism Removal (CPR):    -0.000ns
  Clock Uncertainty:      0.601ns  ((TSJ^2 + TIJ^2)^1/2 + DJ) / 2 + PE
    Total System Jitter     (TSJ):    0.071ns
    Total Input Jitter      (TIJ):    1.200ns
    Discrete Jitter          (DJ):    0.000ns
    Phase Error              (PE):    0.000ns
  Clock Domain Crossing:  Inter clock paths are considered valid unless explicitly excluded by timing constraints such as set_clock_groups or set_false_path.

    Location             Delay type                Incr(ns)  Path(ns)    Netlist Resource(s)
  -------------------------------------------------------------------    -------------------
                         (clock clk_fpga_0 rise edge)
                                                      0.000     0.000 r  
    PS7_X0Y0             PS7                          0.000     0.000 r  design_1_i/processing_system7_0/inst/PS7_i/FCLKCLK[0]
                         net (fo=1, routed)           0.315     0.315    design_1_i/processing_system7_0/inst/FCLK_CLK_unbuffered[0]
    BUFGCTRL_X0Y0        BUFG (Prop_bufg_I_O)         0.026     0.341 r  design_1_i/processing_system7_0/inst/buffer_fclk_clk_0.FCLK_CLK_0_BUFG/O
                         net (fo=7094, routed)        0.590     0.931    design_1_i/proc_sys_reset_0/U0/slowest_sync_clk
    SLICE_X41Y54         FDRE                                         r  design_1_i/proc_sys_reset_0/U0/ACTIVE_LOW_PR_OUT_DFF[0].FDRE_PER_N/C
  -------------------------------------------------------------------    -------------------
    SLICE_X41Y54         FDRE (Prop_fdre_C_Q)         0.141     1.072 r  design_1_i/proc_sys_reset_0/U0/ACTIVE_LOW_PR_OUT_DFF[0].FDRE_PER_N/Q
                         net (fo=88, routed)          0.575     1.647    design_1_i/Conv_axis_vga_0/U0/resetn
    SLICE_X38Y19         LUT1 (Prop_lut1_I0_O)        0.048     1.695 f  design_1_i/Conv_axis_vga_0/U0/S_VGA_R[3]_i_2/O
                         net (fo=48, routed)          0.219     1.914    design_1_i/Conv_axis_vga_0/U0/S_VGA_R[3]_i_2_n_0
    SLICE_X43Y23         FDCE                                         f  design_1_i/Conv_axis_vga_0/U0/S_CTRL_H_reg[1]/CLR
  -------------------------------------------------------------------    -------------------

                         (clock sys_clk_pin rise edge)
                                                      0.000     0.000 r  
    BUFGCTRL_X0Y0        BUFG                         0.000     0.000 r  design_1_i/processing_system7_0/inst/buffer_fclk_clk_0.FCLK_CLK_0_BUFG/O
                         net (fo=7094, routed)        0.846     0.846    design_1_i/Conv_axis_vga_0/U0/clk
    SLICE_X43Y23         FDCE                                         r  design_1_i/Conv_axis_vga_0/U0/S_CTRL_H_reg[1]/C
                         clock pessimism              0.000     0.846    
                         clock uncertainty            0.601     1.447    
    SLICE_X43Y23         FDCE (Remov_fdce_C_CLR)     -0.158     1.289    design_1_i/Conv_axis_vga_0/U0/S_CTRL_H_reg[1]
  -------------------------------------------------------------------
                         required time                         -1.289    
                         arrival time                           1.914    
  -------------------------------------------------------------------
                         slack                                  0.625    

Slack (MET) :             0.625ns  (arrival time - required time)
  Source:                 design_1_i/proc_sys_reset_0/U0/ACTIVE_LOW_PR_OUT_DFF[0].FDRE_PER_N/C
                            (rising edge-triggered cell FDRE clocked by clk_fpga_0  {rise@0.000ns fall@20.000ns period=40.000ns})
  Destination:            design_1_i/Conv_axis_vga_0/U0/S_CTRL_H_reg[2]/CLR
                            (removal check against rising-edge clock sys_clk_pin  {rise@0.000ns fall@4.000ns period=8.000ns})
  Path Group:             **async_default**
  Path Type:              Removal (Min at Fast Process Corner)
  Requirement:            0.000ns  (sys_clk_pin rise@0.000ns - clk_fpga_0 rise@0.000ns)
  Data Path Delay:        0.983ns  (logic 0.189ns (19.228%)  route 0.794ns (80.772%))
  Logic Levels:           1  (LUT1=1)
  Clock Path Skew:        -0.085ns (DCD - SCD - CPR)
    Destination Clock Delay (DCD):    0.846ns
    Source Clock Delay      (SCD):    0.931ns
    Clock Pessimism Removal (CPR):    -0.000ns
  Clock Uncertainty:      0.601ns  ((TSJ^2 + TIJ^2)^1/2 + DJ) / 2 + PE
    Total System Jitter     (TSJ):    0.071ns
    Total Input Jitter      (TIJ):    1.200ns
    Discrete Jitter          (DJ):    0.000ns
    Phase Error              (PE):    0.000ns
  Clock Domain Crossing:  Inter clock paths are considered valid unless explicitly excluded by timing constraints such as set_clock_groups or set_false_path.

    Location             Delay type                Incr(ns)  Path(ns)    Netlist Resource(s)
  -------------------------------------------------------------------    -------------------
                         (clock clk_fpga_0 rise edge)
                                                      0.000     0.000 r  
    PS7_X0Y0             PS7                          0.000     0.000 r  design_1_i/processing_system7_0/inst/PS7_i/FCLKCLK[0]
                         net (fo=1, routed)           0.315     0.315    design_1_i/processing_system7_0/inst/FCLK_CLK_unbuffered[0]
    BUFGCTRL_X0Y0        BUFG (Prop_bufg_I_O)         0.026     0.341 r  design_1_i/processing_system7_0/inst/buffer_fclk_clk_0.FCLK_CLK_0_BUFG/O
                         net (fo=7094, routed)        0.590     0.931    design_1_i/proc_sys_reset_0/U0/slowest_sync_clk
    SLICE_X41Y54         FDRE                                         r  design_1_i/proc_sys_reset_0/U0/ACTIVE_LOW_PR_OUT_DFF[0].FDRE_PER_N/C
  -------------------------------------------------------------------    -------------------
    SLICE_X41Y54         FDRE (Prop_fdre_C_Q)         0.141     1.072 r  design_1_i/proc_sys_reset_0/U0/ACTIVE_LOW_PR_OUT_DFF[0].FDRE_PER_N/Q
                         net (fo=88, routed)          0.575     1.647    design_1_i/Conv_axis_vga_0/U0/resetn
    SLICE_X38Y19         LUT1 (Prop_lut1_I0_O)        0.048     1.695 f  design_1_i/Conv_axis_vga_0/U0/S_VGA_R[3]_i_2/O
                         net (fo=48, routed)          0.219     1.914    design_1_i/Conv_axis_vga_0/U0/S_VGA_R[3]_i_2_n_0
    SLICE_X43Y23         FDCE                                         f  design_1_i/Conv_axis_vga_0/U0/S_CTRL_H_reg[2]/CLR
  -------------------------------------------------------------------    -------------------

                         (clock sys_clk_pin rise edge)
                                                      0.000     0.000 r  
    BUFGCTRL_X0Y0        BUFG                         0.000     0.000 r  design_1_i/processing_system7_0/inst/buffer_fclk_clk_0.FCLK_CLK_0_BUFG/O
                         net (fo=7094, routed)        0.846     0.846    design_1_i/Conv_axis_vga_0/U0/clk
    SLICE_X43Y23         FDCE                                         r  design_1_i/Conv_axis_vga_0/U0/S_CTRL_H_reg[2]/C
                         clock pessimism              0.000     0.846    
                         clock uncertainty            0.601     1.447    
    SLICE_X43Y23         FDCE (Remov_fdce_C_CLR)     -0.158     1.289    design_1_i/Conv_axis_vga_0/U0/S_CTRL_H_reg[2]
  -------------------------------------------------------------------
                         required time                         -1.289    
                         arrival time                           1.914    
  -------------------------------------------------------------------
                         slack                                  0.625    

Slack (MET) :             0.625ns  (arrival time - required time)
  Source:                 design_1_i/proc_sys_reset_0/U0/ACTIVE_LOW_PR_OUT_DFF[0].FDRE_PER_N/C
                            (rising edge-triggered cell FDRE clocked by clk_fpga_0  {rise@0.000ns fall@20.000ns period=40.000ns})
  Destination:            design_1_i/Conv_axis_vga_0/U0/S_CTRL_H_reg[3]/CLR
                            (removal check against rising-edge clock sys_clk_pin  {rise@0.000ns fall@4.000ns period=8.000ns})
  Path Group:             **async_default**
  Path Type:              Removal (Min at Fast Process Corner)
  Requirement:            0.000ns  (sys_clk_pin rise@0.000ns - clk_fpga_0 rise@0.000ns)
  Data Path Delay:        0.983ns  (logic 0.189ns (19.228%)  route 0.794ns (80.772%))
  Logic Levels:           1  (LUT1=1)
  Clock Path Skew:        -0.085ns (DCD - SCD - CPR)
    Destination Clock Delay (DCD):    0.846ns
    Source Clock Delay      (SCD):    0.931ns
    Clock Pessimism Removal (CPR):    -0.000ns
  Clock Uncertainty:      0.601ns  ((TSJ^2 + TIJ^2)^1/2 + DJ) / 2 + PE
    Total System Jitter     (TSJ):    0.071ns
    Total Input Jitter      (TIJ):    1.200ns
    Discrete Jitter          (DJ):    0.000ns
    Phase Error              (PE):    0.000ns
  Clock Domain Crossing:  Inter clock paths are considered valid unless explicitly excluded by timing constraints such as set_clock_groups or set_false_path.

    Location             Delay type                Incr(ns)  Path(ns)    Netlist Resource(s)
  -------------------------------------------------------------------    -------------------
                         (clock clk_fpga_0 rise edge)
                                                      0.000     0.000 r  
    PS7_X0Y0             PS7                          0.000     0.000 r  design_1_i/processing_system7_0/inst/PS7_i/FCLKCLK[0]
                         net (fo=1, routed)           0.315     0.315    design_1_i/processing_system7_0/inst/FCLK_CLK_unbuffered[0]
    BUFGCTRL_X0Y0        BUFG (Prop_bufg_I_O)         0.026     0.341 r  design_1_i/processing_system7_0/inst/buffer_fclk_clk_0.FCLK_CLK_0_BUFG/O
                         net (fo=7094, routed)        0.590     0.931    design_1_i/proc_sys_reset_0/U0/slowest_sync_clk
    SLICE_X41Y54         FDRE                                         r  design_1_i/proc_sys_reset_0/U0/ACTIVE_LOW_PR_OUT_DFF[0].FDRE_PER_N/C
  -------------------------------------------------------------------    -------------------
    SLICE_X41Y54         FDRE (Prop_fdre_C_Q)         0.141     1.072 r  design_1_i/proc_sys_reset_0/U0/ACTIVE_LOW_PR_OUT_DFF[0].FDRE_PER_N/Q
                         net (fo=88, routed)          0.575     1.647    design_1_i/Conv_axis_vga_0/U0/resetn
    SLICE_X38Y19         LUT1 (Prop_lut1_I0_O)        0.048     1.695 f  design_1_i/Conv_axis_vga_0/U0/S_VGA_R[3]_i_2/O
                         net (fo=48, routed)          0.219     1.914    design_1_i/Conv_axis_vga_0/U0/S_VGA_R[3]_i_2_n_0
    SLICE_X43Y23         FDCE                                         f  design_1_i/Conv_axis_vga_0/U0/S_CTRL_H_reg[3]/CLR
  -------------------------------------------------------------------    -------------------

                         (clock sys_clk_pin rise edge)
                                                      0.000     0.000 r  
    BUFGCTRL_X0Y0        BUFG                         0.000     0.000 r  design_1_i/processing_system7_0/inst/buffer_fclk_clk_0.FCLK_CLK_0_BUFG/O
                         net (fo=7094, routed)        0.846     0.846    design_1_i/Conv_axis_vga_0/U0/clk
    SLICE_X43Y23         FDCE                                         r  design_1_i/Conv_axis_vga_0/U0/S_CTRL_H_reg[3]/C
                         clock pessimism              0.000     0.846    
                         clock uncertainty            0.601     1.447    
    SLICE_X43Y23         FDCE (Remov_fdce_C_CLR)     -0.158     1.289    design_1_i/Conv_axis_vga_0/U0/S_CTRL_H_reg[3]
  -------------------------------------------------------------------
                         required time                         -1.289    
                         arrival time                           1.914    
  -------------------------------------------------------------------
                         slack                                  0.625    

Slack (MET) :             0.657ns  (arrival time - required time)
  Source:                 design_1_i/proc_sys_reset_0/U0/ACTIVE_LOW_PR_OUT_DFF[0].FDRE_PER_N/C
                            (rising edge-triggered cell FDRE clocked by clk_fpga_0  {rise@0.000ns fall@20.000ns period=40.000ns})
  Destination:            design_1_i/Conv_axis_vga_0/U0/SV_BLUE_reg_reg[4]/CLR
                            (removal check against rising-edge clock sys_clk_pin  {rise@0.000ns fall@4.000ns period=8.000ns})
  Path Group:             **async_default**
  Path Type:              Removal (Min at Fast Process Corner)
  Requirement:            0.000ns  (sys_clk_pin rise@0.000ns - clk_fpga_0 rise@0.000ns)
  Data Path Delay:        1.014ns  (logic 0.189ns (18.640%)  route 0.825ns (81.360%))
  Logic Levels:           1  (LUT1=1)
  Clock Path Skew:        -0.086ns (DCD - SCD - CPR)
    Destination Clock Delay (DCD):    0.845ns
    Source Clock Delay      (SCD):    0.931ns
    Clock Pessimism Removal (CPR):    -0.000ns
  Clock Uncertainty:      0.601ns  ((TSJ^2 + TIJ^2)^1/2 + DJ) / 2 + PE
    Total System Jitter     (TSJ):    0.071ns
    Total Input Jitter      (TIJ):    1.200ns
    Discrete Jitter          (DJ):    0.000ns
    Phase Error              (PE):    0.000ns
  Clock Domain Crossing:  Inter clock paths are considered valid unless explicitly excluded by timing constraints such as set_clock_groups or set_false_path.

    Location             Delay type                Incr(ns)  Path(ns)    Netlist Resource(s)
  -------------------------------------------------------------------    -------------------
                         (clock clk_fpga_0 rise edge)
                                                      0.000     0.000 r  
    PS7_X0Y0             PS7                          0.000     0.000 r  design_1_i/processing_system7_0/inst/PS7_i/FCLKCLK[0]
                         net (fo=1, routed)           0.315     0.315    design_1_i/processing_system7_0/inst/FCLK_CLK_unbuffered[0]
    BUFGCTRL_X0Y0        BUFG (Prop_bufg_I_O)         0.026     0.341 r  design_1_i/processing_system7_0/inst/buffer_fclk_clk_0.FCLK_CLK_0_BUFG/O
                         net (fo=7094, routed)        0.590     0.931    design_1_i/proc_sys_reset_0/U0/slowest_sync_clk
    SLICE_X41Y54         FDRE                                         r  design_1_i/proc_sys_reset_0/U0/ACTIVE_LOW_PR_OUT_DFF[0].FDRE_PER_N/C
  -------------------------------------------------------------------    -------------------
    SLICE_X41Y54         FDRE (Prop_fdre_C_Q)         0.141     1.072 r  design_1_i/proc_sys_reset_0/U0/ACTIVE_LOW_PR_OUT_DFF[0].FDRE_PER_N/Q
                         net (fo=88, routed)          0.575     1.647    design_1_i/Conv_axis_vga_0/U0/resetn
    SLICE_X38Y19         LUT1 (Prop_lut1_I0_O)        0.048     1.695 f  design_1_i/Conv_axis_vga_0/U0/S_VGA_R[3]_i_2/O
                         net (fo=48, routed)          0.250     1.945    design_1_i/Conv_axis_vga_0/U0/S_VGA_R[3]_i_2_n_0
    SLICE_X41Y24         FDCE                                         f  design_1_i/Conv_axis_vga_0/U0/SV_BLUE_reg_reg[4]/CLR
  -------------------------------------------------------------------    -------------------

                         (clock sys_clk_pin rise edge)
                                                      0.000     0.000 r  
    BUFGCTRL_X0Y0        BUFG                         0.000     0.000 r  design_1_i/processing_system7_0/inst/buffer_fclk_clk_0.FCLK_CLK_0_BUFG/O
                         net (fo=7094, routed)        0.845     0.845    design_1_i/Conv_axis_vga_0/U0/clk
    SLICE_X41Y24         FDCE                                         r  design_1_i/Conv_axis_vga_0/U0/SV_BLUE_reg_reg[4]/C
                         clock pessimism              0.000     0.845    
                         clock uncertainty            0.601     1.446    
    SLICE_X41Y24         FDCE (Remov_fdce_C_CLR)     -0.158     1.288    design_1_i/Conv_axis_vga_0/U0/SV_BLUE_reg_reg[4]
  -------------------------------------------------------------------
                         required time                         -1.288    
                         arrival time                           1.945    
  -------------------------------------------------------------------
                         slack                                  0.657    

Slack (MET) :             0.657ns  (arrival time - required time)
  Source:                 design_1_i/proc_sys_reset_0/U0/ACTIVE_LOW_PR_OUT_DFF[0].FDRE_PER_N/C
                            (rising edge-triggered cell FDRE clocked by clk_fpga_0  {rise@0.000ns fall@20.000ns period=40.000ns})
  Destination:            design_1_i/Conv_axis_vga_0/U0/SV_BLUE_reg_reg[5]/CLR
                            (removal check against rising-edge clock sys_clk_pin  {rise@0.000ns fall@4.000ns period=8.000ns})
  Path Group:             **async_default**
  Path Type:              Removal (Min at Fast Process Corner)
  Requirement:            0.000ns  (sys_clk_pin rise@0.000ns - clk_fpga_0 rise@0.000ns)
  Data Path Delay:        1.014ns  (logic 0.189ns (18.640%)  route 0.825ns (81.360%))
  Logic Levels:           1  (LUT1=1)
  Clock Path Skew:        -0.086ns (DCD - SCD - CPR)
    Destination Clock Delay (DCD):    0.845ns
    Source Clock Delay      (SCD):    0.931ns
    Clock Pessimism Removal (CPR):    -0.000ns
  Clock Uncertainty:      0.601ns  ((TSJ^2 + TIJ^2)^1/2 + DJ) / 2 + PE
    Total System Jitter     (TSJ):    0.071ns
    Total Input Jitter      (TIJ):    1.200ns
    Discrete Jitter          (DJ):    0.000ns
    Phase Error              (PE):    0.000ns
  Clock Domain Crossing:  Inter clock paths are considered valid unless explicitly excluded by timing constraints such as set_clock_groups or set_false_path.

    Location             Delay type                Incr(ns)  Path(ns)    Netlist Resource(s)
  -------------------------------------------------------------------    -------------------
                         (clock clk_fpga_0 rise edge)
                                                      0.000     0.000 r  
    PS7_X0Y0             PS7                          0.000     0.000 r  design_1_i/processing_system7_0/inst/PS7_i/FCLKCLK[0]
                         net (fo=1, routed)           0.315     0.315    design_1_i/processing_system7_0/inst/FCLK_CLK_unbuffered[0]
    BUFGCTRL_X0Y0        BUFG (Prop_bufg_I_O)         0.026     0.341 r  design_1_i/processing_system7_0/inst/buffer_fclk_clk_0.FCLK_CLK_0_BUFG/O
                         net (fo=7094, routed)        0.590     0.931    design_1_i/proc_sys_reset_0/U0/slowest_sync_clk
    SLICE_X41Y54         FDRE                                         r  design_1_i/proc_sys_reset_0/U0/ACTIVE_LOW_PR_OUT_DFF[0].FDRE_PER_N/C
  -------------------------------------------------------------------    -------------------
    SLICE_X41Y54         FDRE (Prop_fdre_C_Q)         0.141     1.072 r  design_1_i/proc_sys_reset_0/U0/ACTIVE_LOW_PR_OUT_DFF[0].FDRE_PER_N/Q
                         net (fo=88, routed)          0.575     1.647    design_1_i/Conv_axis_vga_0/U0/resetn
    SLICE_X38Y19         LUT1 (Prop_lut1_I0_O)        0.048     1.695 f  design_1_i/Conv_axis_vga_0/U0/S_VGA_R[3]_i_2/O
                         net (fo=48, routed)          0.250     1.945    design_1_i/Conv_axis_vga_0/U0/S_VGA_R[3]_i_2_n_0
    SLICE_X41Y24         FDCE                                         f  design_1_i/Conv_axis_vga_0/U0/SV_BLUE_reg_reg[5]/CLR
  -------------------------------------------------------------------    -------------------

                         (clock sys_clk_pin rise edge)
                                                      0.000     0.000 r  
    BUFGCTRL_X0Y0        BUFG                         0.000     0.000 r  design_1_i/processing_system7_0/inst/buffer_fclk_clk_0.FCLK_CLK_0_BUFG/O
                         net (fo=7094, routed)        0.845     0.845    design_1_i/Conv_axis_vga_0/U0/clk
    SLICE_X41Y24         FDCE                                         r  design_1_i/Conv_axis_vga_0/U0/SV_BLUE_reg_reg[5]/C
                         clock pessimism              0.000     0.845    
                         clock uncertainty            0.601     1.446    
    SLICE_X41Y24         FDCE (Remov_fdce_C_CLR)     -0.158     1.288    design_1_i/Conv_axis_vga_0/U0/SV_BLUE_reg_reg[5]
  -------------------------------------------------------------------
                         required time                         -1.288    
                         arrival time                           1.945    
  -------------------------------------------------------------------
                         slack                                  0.657    

Slack (MET) :             0.657ns  (arrival time - required time)
  Source:                 design_1_i/proc_sys_reset_0/U0/ACTIVE_LOW_PR_OUT_DFF[0].FDRE_PER_N/C
                            (rising edge-triggered cell FDRE clocked by clk_fpga_0  {rise@0.000ns fall@20.000ns period=40.000ns})
  Destination:            design_1_i/Conv_axis_vga_0/U0/SV_GREEN_reg_reg[4]/CLR
                            (removal check against rising-edge clock sys_clk_pin  {rise@0.000ns fall@4.000ns period=8.000ns})
  Path Group:             **async_default**
  Path Type:              Removal (Min at Fast Process Corner)
  Requirement:            0.000ns  (sys_clk_pin rise@0.000ns - clk_fpga_0 rise@0.000ns)
  Data Path Delay:        1.014ns  (logic 0.189ns (18.640%)  route 0.825ns (81.360%))
  Logic Levels:           1  (LUT1=1)
  Clock Path Skew:        -0.086ns (DCD - SCD - CPR)
    Destination Clock Delay (DCD):    0.845ns
    Source Clock Delay      (SCD):    0.931ns
    Clock Pessimism Removal (CPR):    -0.000ns
  Clock Uncertainty:      0.601ns  ((TSJ^2 + TIJ^2)^1/2 + DJ) / 2 + PE
    Total System Jitter     (TSJ):    0.071ns
    Total Input Jitter      (TIJ):    1.200ns
    Discrete Jitter          (DJ):    0.000ns
    Phase Error              (PE):    0.000ns
  Clock Domain Crossing:  Inter clock paths are considered valid unless explicitly excluded by timing constraints such as set_clock_groups or set_false_path.

    Location             Delay type                Incr(ns)  Path(ns)    Netlist Resource(s)
  -------------------------------------------------------------------    -------------------
                         (clock clk_fpga_0 rise edge)
                                                      0.000     0.000 r  
    PS7_X0Y0             PS7                          0.000     0.000 r  design_1_i/processing_system7_0/inst/PS7_i/FCLKCLK[0]
                         net (fo=1, routed)           0.315     0.315    design_1_i/processing_system7_0/inst/FCLK_CLK_unbuffered[0]
    BUFGCTRL_X0Y0        BUFG (Prop_bufg_I_O)         0.026     0.341 r  design_1_i/processing_system7_0/inst/buffer_fclk_clk_0.FCLK_CLK_0_BUFG/O
                         net (fo=7094, routed)        0.590     0.931    design_1_i/proc_sys_reset_0/U0/slowest_sync_clk
    SLICE_X41Y54         FDRE                                         r  design_1_i/proc_sys_reset_0/U0/ACTIVE_LOW_PR_OUT_DFF[0].FDRE_PER_N/C
  -------------------------------------------------------------------    -------------------
    SLICE_X41Y54         FDRE (Prop_fdre_C_Q)         0.141     1.072 r  design_1_i/proc_sys_reset_0/U0/ACTIVE_LOW_PR_OUT_DFF[0].FDRE_PER_N/Q
                         net (fo=88, routed)          0.575     1.647    design_1_i/Conv_axis_vga_0/U0/resetn
    SLICE_X38Y19         LUT1 (Prop_lut1_I0_O)        0.048     1.695 f  design_1_i/Conv_axis_vga_0/U0/S_VGA_R[3]_i_2/O
                         net (fo=48, routed)          0.250     1.945    design_1_i/Conv_axis_vga_0/U0/S_VGA_R[3]_i_2_n_0
    SLICE_X41Y24         FDCE                                         f  design_1_i/Conv_axis_vga_0/U0/SV_GREEN_reg_reg[4]/CLR
  -------------------------------------------------------------------    -------------------

                         (clock sys_clk_pin rise edge)
                                                      0.000     0.000 r  
    BUFGCTRL_X0Y0        BUFG                         0.000     0.000 r  design_1_i/processing_system7_0/inst/buffer_fclk_clk_0.FCLK_CLK_0_BUFG/O
                         net (fo=7094, routed)        0.845     0.845    design_1_i/Conv_axis_vga_0/U0/clk
    SLICE_X41Y24         FDCE                                         r  design_1_i/Conv_axis_vga_0/U0/SV_GREEN_reg_reg[4]/C
                         clock pessimism              0.000     0.845    
                         clock uncertainty            0.601     1.446    
    SLICE_X41Y24         FDCE (Remov_fdce_C_CLR)     -0.158     1.288    design_1_i/Conv_axis_vga_0/U0/SV_GREEN_reg_reg[4]
  -------------------------------------------------------------------
                         required time                         -1.288    
                         arrival time                           1.945    
  -------------------------------------------------------------------
                         slack                                  0.657    

Slack (MET) :             0.657ns  (arrival time - required time)
  Source:                 design_1_i/proc_sys_reset_0/U0/ACTIVE_LOW_PR_OUT_DFF[0].FDRE_PER_N/C
                            (rising edge-triggered cell FDRE clocked by clk_fpga_0  {rise@0.000ns fall@20.000ns period=40.000ns})
  Destination:            design_1_i/Conv_axis_vga_0/U0/SV_GREEN_reg_reg[5]/CLR
                            (removal check against rising-edge clock sys_clk_pin  {rise@0.000ns fall@4.000ns period=8.000ns})
  Path Group:             **async_default**
  Path Type:              Removal (Min at Fast Process Corner)
  Requirement:            0.000ns  (sys_clk_pin rise@0.000ns - clk_fpga_0 rise@0.000ns)
  Data Path Delay:        1.014ns  (logic 0.189ns (18.640%)  route 0.825ns (81.360%))
  Logic Levels:           1  (LUT1=1)
  Clock Path Skew:        -0.086ns (DCD - SCD - CPR)
    Destination Clock Delay (DCD):    0.845ns
    Source Clock Delay      (SCD):    0.931ns
    Clock Pessimism Removal (CPR):    -0.000ns
  Clock Uncertainty:      0.601ns  ((TSJ^2 + TIJ^2)^1/2 + DJ) / 2 + PE
    Total System Jitter     (TSJ):    0.071ns
    Total Input Jitter      (TIJ):    1.200ns
    Discrete Jitter          (DJ):    0.000ns
    Phase Error              (PE):    0.000ns
  Clock Domain Crossing:  Inter clock paths are considered valid unless explicitly excluded by timing constraints such as set_clock_groups or set_false_path.

    Location             Delay type                Incr(ns)  Path(ns)    Netlist Resource(s)
  -------------------------------------------------------------------    -------------------
                         (clock clk_fpga_0 rise edge)
                                                      0.000     0.000 r  
    PS7_X0Y0             PS7                          0.000     0.000 r  design_1_i/processing_system7_0/inst/PS7_i/FCLKCLK[0]
                         net (fo=1, routed)           0.315     0.315    design_1_i/processing_system7_0/inst/FCLK_CLK_unbuffered[0]
    BUFGCTRL_X0Y0        BUFG (Prop_bufg_I_O)         0.026     0.341 r  design_1_i/processing_system7_0/inst/buffer_fclk_clk_0.FCLK_CLK_0_BUFG/O
                         net (fo=7094, routed)        0.590     0.931    design_1_i/proc_sys_reset_0/U0/slowest_sync_clk
    SLICE_X41Y54         FDRE                                         r  design_1_i/proc_sys_reset_0/U0/ACTIVE_LOW_PR_OUT_DFF[0].FDRE_PER_N/C
  -------------------------------------------------------------------    -------------------
    SLICE_X41Y54         FDRE (Prop_fdre_C_Q)         0.141     1.072 r  design_1_i/proc_sys_reset_0/U0/ACTIVE_LOW_PR_OUT_DFF[0].FDRE_PER_N/Q
                         net (fo=88, routed)          0.575     1.647    design_1_i/Conv_axis_vga_0/U0/resetn
    SLICE_X38Y19         LUT1 (Prop_lut1_I0_O)        0.048     1.695 f  design_1_i/Conv_axis_vga_0/U0/S_VGA_R[3]_i_2/O
                         net (fo=48, routed)          0.250     1.945    design_1_i/Conv_axis_vga_0/U0/S_VGA_R[3]_i_2_n_0
    SLICE_X41Y24         FDCE                                         f  design_1_i/Conv_axis_vga_0/U0/SV_GREEN_reg_reg[5]/CLR
  -------------------------------------------------------------------    -------------------

                         (clock sys_clk_pin rise edge)
                                                      0.000     0.000 r  
    BUFGCTRL_X0Y0        BUFG                         0.000     0.000 r  design_1_i/processing_system7_0/inst/buffer_fclk_clk_0.FCLK_CLK_0_BUFG/O
                         net (fo=7094, routed)        0.845     0.845    design_1_i/Conv_axis_vga_0/U0/clk
    SLICE_X41Y24         FDCE                                         r  design_1_i/Conv_axis_vga_0/U0/SV_GREEN_reg_reg[5]/C
                         clock pessimism              0.000     0.845    
                         clock uncertainty            0.601     1.446    
    SLICE_X41Y24         FDCE (Remov_fdce_C_CLR)     -0.158     1.288    design_1_i/Conv_axis_vga_0/U0/SV_GREEN_reg_reg[5]
  -------------------------------------------------------------------
                         required time                         -1.288    
                         arrival time                           1.945    
  -------------------------------------------------------------------
                         slack                                  0.657    

Slack (MET) :             0.657ns  (arrival time - required time)
  Source:                 design_1_i/proc_sys_reset_0/U0/ACTIVE_LOW_PR_OUT_DFF[0].FDRE_PER_N/C
                            (rising edge-triggered cell FDRE clocked by clk_fpga_0  {rise@0.000ns fall@20.000ns period=40.000ns})
  Destination:            design_1_i/Conv_axis_vga_0/U0/SV_GREEN_reg_reg[6]/CLR
                            (removal check against rising-edge clock sys_clk_pin  {rise@0.000ns fall@4.000ns period=8.000ns})
  Path Group:             **async_default**
  Path Type:              Removal (Min at Fast Process Corner)
  Requirement:            0.000ns  (sys_clk_pin rise@0.000ns - clk_fpga_0 rise@0.000ns)
  Data Path Delay:        1.014ns  (logic 0.189ns (18.640%)  route 0.825ns (81.360%))
  Logic Levels:           1  (LUT1=1)
  Clock Path Skew:        -0.086ns (DCD - SCD - CPR)
    Destination Clock Delay (DCD):    0.845ns
    Source Clock Delay      (SCD):    0.931ns
    Clock Pessimism Removal (CPR):    -0.000ns
  Clock Uncertainty:      0.601ns  ((TSJ^2 + TIJ^2)^1/2 + DJ) / 2 + PE
    Total System Jitter     (TSJ):    0.071ns
    Total Input Jitter      (TIJ):    1.200ns
    Discrete Jitter          (DJ):    0.000ns
    Phase Error              (PE):    0.000ns
  Clock Domain Crossing:  Inter clock paths are considered valid unless explicitly excluded by timing constraints such as set_clock_groups or set_false_path.

    Location             Delay type                Incr(ns)  Path(ns)    Netlist Resource(s)
  -------------------------------------------------------------------    -------------------
                         (clock clk_fpga_0 rise edge)
                                                      0.000     0.000 r  
    PS7_X0Y0             PS7                          0.000     0.000 r  design_1_i/processing_system7_0/inst/PS7_i/FCLKCLK[0]
                         net (fo=1, routed)           0.315     0.315    design_1_i/processing_system7_0/inst/FCLK_CLK_unbuffered[0]
    BUFGCTRL_X0Y0        BUFG (Prop_bufg_I_O)         0.026     0.341 r  design_1_i/processing_system7_0/inst/buffer_fclk_clk_0.FCLK_CLK_0_BUFG/O
                         net (fo=7094, routed)        0.590     0.931    design_1_i/proc_sys_reset_0/U0/slowest_sync_clk
    SLICE_X41Y54         FDRE                                         r  design_1_i/proc_sys_reset_0/U0/ACTIVE_LOW_PR_OUT_DFF[0].FDRE_PER_N/C
  -------------------------------------------------------------------    -------------------
    SLICE_X41Y54         FDRE (Prop_fdre_C_Q)         0.141     1.072 r  design_1_i/proc_sys_reset_0/U0/ACTIVE_LOW_PR_OUT_DFF[0].FDRE_PER_N/Q
                         net (fo=88, routed)          0.575     1.647    design_1_i/Conv_axis_vga_0/U0/resetn
    SLICE_X38Y19         LUT1 (Prop_lut1_I0_O)        0.048     1.695 f  design_1_i/Conv_axis_vga_0/U0/S_VGA_R[3]_i_2/O
                         net (fo=48, routed)          0.250     1.945    design_1_i/Conv_axis_vga_0/U0/S_VGA_R[3]_i_2_n_0
    SLICE_X41Y24         FDCE                                         f  design_1_i/Conv_axis_vga_0/U0/SV_GREEN_reg_reg[6]/CLR
  -------------------------------------------------------------------    -------------------

                         (clock sys_clk_pin rise edge)
                                                      0.000     0.000 r  
    BUFGCTRL_X0Y0        BUFG                         0.000     0.000 r  design_1_i/processing_system7_0/inst/buffer_fclk_clk_0.FCLK_CLK_0_BUFG/O
                         net (fo=7094, routed)        0.845     0.845    design_1_i/Conv_axis_vga_0/U0/clk
    SLICE_X41Y24         FDCE                                         r  design_1_i/Conv_axis_vga_0/U0/SV_GREEN_reg_reg[6]/C
                         clock pessimism              0.000     0.845    
                         clock uncertainty            0.601     1.446    
    SLICE_X41Y24         FDCE (Remov_fdce_C_CLR)     -0.158     1.288    design_1_i/Conv_axis_vga_0/U0/SV_GREEN_reg_reg[6]
  -------------------------------------------------------------------
                         required time                         -1.288    
                         arrival time                           1.945    
  -------------------------------------------------------------------
                         slack                                  0.657    

Slack (MET) :             0.657ns  (arrival time - required time)
  Source:                 design_1_i/proc_sys_reset_0/U0/ACTIVE_LOW_PR_OUT_DFF[0].FDRE_PER_N/C
                            (rising edge-triggered cell FDRE clocked by clk_fpga_0  {rise@0.000ns fall@20.000ns period=40.000ns})
  Destination:            design_1_i/Conv_axis_vga_0/U0/SV_GREEN_reg_reg[7]/CLR
                            (removal check against rising-edge clock sys_clk_pin  {rise@0.000ns fall@4.000ns period=8.000ns})
  Path Group:             **async_default**
  Path Type:              Removal (Min at Fast Process Corner)
  Requirement:            0.000ns  (sys_clk_pin rise@0.000ns - clk_fpga_0 rise@0.000ns)
  Data Path Delay:        1.014ns  (logic 0.189ns (18.640%)  route 0.825ns (81.360%))
  Logic Levels:           1  (LUT1=1)
  Clock Path Skew:        -0.086ns (DCD - SCD - CPR)
    Destination Clock Delay (DCD):    0.845ns
    Source Clock Delay      (SCD):    0.931ns
    Clock Pessimism Removal (CPR):    -0.000ns
  Clock Uncertainty:      0.601ns  ((TSJ^2 + TIJ^2)^1/2 + DJ) / 2 + PE
    Total System Jitter     (TSJ):    0.071ns
    Total Input Jitter      (TIJ):    1.200ns
    Discrete Jitter          (DJ):    0.000ns
    Phase Error              (PE):    0.000ns
  Clock Domain Crossing:  Inter clock paths are considered valid unless explicitly excluded by timing constraints such as set_clock_groups or set_false_path.

    Location             Delay type                Incr(ns)  Path(ns)    Netlist Resource(s)
  -------------------------------------------------------------------    -------------------
                         (clock clk_fpga_0 rise edge)
                                                      0.000     0.000 r  
    PS7_X0Y0             PS7                          0.000     0.000 r  design_1_i/processing_system7_0/inst/PS7_i/FCLKCLK[0]
                         net (fo=1, routed)           0.315     0.315    design_1_i/processing_system7_0/inst/FCLK_CLK_unbuffered[0]
    BUFGCTRL_X0Y0        BUFG (Prop_bufg_I_O)         0.026     0.341 r  design_1_i/processing_system7_0/inst/buffer_fclk_clk_0.FCLK_CLK_0_BUFG/O
                         net (fo=7094, routed)        0.590     0.931    design_1_i/proc_sys_reset_0/U0/slowest_sync_clk
    SLICE_X41Y54         FDRE                                         r  design_1_i/proc_sys_reset_0/U0/ACTIVE_LOW_PR_OUT_DFF[0].FDRE_PER_N/C
  -------------------------------------------------------------------    -------------------
    SLICE_X41Y54         FDRE (Prop_fdre_C_Q)         0.141     1.072 r  design_1_i/proc_sys_reset_0/U0/ACTIVE_LOW_PR_OUT_DFF[0].FDRE_PER_N/Q
                         net (fo=88, routed)          0.575     1.647    design_1_i/Conv_axis_vga_0/U0/resetn
    SLICE_X38Y19         LUT1 (Prop_lut1_I0_O)        0.048     1.695 f  design_1_i/Conv_axis_vga_0/U0/S_VGA_R[3]_i_2/O
                         net (fo=48, routed)          0.250     1.945    design_1_i/Conv_axis_vga_0/U0/S_VGA_R[3]_i_2_n_0
    SLICE_X41Y24         FDCE                                         f  design_1_i/Conv_axis_vga_0/U0/SV_GREEN_reg_reg[7]/CLR
  -------------------------------------------------------------------    -------------------

                         (clock sys_clk_pin rise edge)
                                                      0.000     0.000 r  
    BUFGCTRL_X0Y0        BUFG                         0.000     0.000 r  design_1_i/processing_system7_0/inst/buffer_fclk_clk_0.FCLK_CLK_0_BUFG/O
                         net (fo=7094, routed)        0.845     0.845    design_1_i/Conv_axis_vga_0/U0/clk
    SLICE_X41Y24         FDCE                                         r  design_1_i/Conv_axis_vga_0/U0/SV_GREEN_reg_reg[7]/C
                         clock pessimism              0.000     0.845    
                         clock uncertainty            0.601     1.446    
    SLICE_X41Y24         FDCE (Remov_fdce_C_CLR)     -0.158     1.288    design_1_i/Conv_axis_vga_0/U0/SV_GREEN_reg_reg[7]
  -------------------------------------------------------------------
                         required time                         -1.288    
                         arrival time                           1.945    
  -------------------------------------------------------------------
                         slack                                  0.657    





