0	83	82	82	82	82	82	82	82	82	82	82	83	82	83	83	83	83	83	83	83	83	83	83	83	83	83	83	83	83	83	83	83	83	83	83	83	83	83	83	83	82	82	83	83	83	83	83	83	83	83	83	83	83	83	83	83	83	83	83	83	83	83	83	83	83	83	83	83	83	83	83	83	83	83	83	83	83	83	83	83	83	83	83	83	83	83	83	83	83	83	83	83	83	83	83	83	83	83	83	83	82	82	83	83	83	83	83	83	83	83	83	83	83	83	83	83	83	83	83	83	83	83	84	83	83	83	83	83	83	83	83	83	83	82	83	83	83	83	83	84	84	84	83	83	84	84	84	84	84	84	84	84	83	83	83	83	83	83	83	83	83	83	83	83	84	84	84	84	84	84	83	83	83	83	83	83	83	83	83	84	84	84	84	84	83	83	83	83	83	83	83	84	84	84	84	84	84	84	84	84	84	84	84	84	84	84	84	84	84	84	84	84	84	84	84	84	84	84	84	84	84	84	84	84	83	83	83	83	83	83	83	83	83	83	83	83	83	83	83	83	83	83	83	83	83	83	83	83	83	83	83	83	83	83	83	83	83	83	83	83	83	83	83	83	83	83	83	83	83	83	83	84	83	84	84	84	84	83	83	84	84	84	83	83	83	83	83	83	83	83	83	83	83	83	83	83	83	83	83	83	83	83	83	83	83	83	83	83	83	83	83	83	83	83	83	83	83	83	83	83	83	84	84	84	84	84	84	84	84	83	83	83	83	83	83	83	83	83	83	83	83	84	84	83	84	84	83	83	83	83	83	83	83	83	83	83	83	83	83	83	83	83	84	84	84	84	83	83	83	83	83	83	83	83	83	83	83	83	83	83	83	83	83	83	83	83	83	83	83	83	83	84	83	83	83	83	83	83	83	83	83	83	82	83	82	83	84	84	83	84	84	83	83	83	83	84	83	83	83	83	84	84	84	84	84	84	84	84	84	84	84	83	83	84	83	83	83	84	84	83	83	83	84	83	83	84	83	83	84	84	84	83	83	84	84	83	83	84	84	84	83	84	83	83	83	84	83	83	84	84	84	83	83	83	83	83	84	84	84	83	83	83	83	84	84	84	84	83	83	83	83	83	83	83	83	83	83	83	83	83	83	83	83	83	83	83	83	83	83	83	83	83	83	83	83	83	83	83	83	84	84	83	83	83	83	83	83	83	83	83	83	83	83	83	84	83	83	84	84	84	83	82	83	83	83	83	84	84	83	84	84	84	83	83	83	83	83	83	83	83	84	84	84	84	83	83	83	83	83	83	83	83	83	83	83	82	83	82	83	83	83	83	83	84	84	84	83	84	83	82	83	83	83	83	83	83	84	83	83	83	84	84	84	84	84	84	84	84	84	84	84	84	84	84	84	84	84	83	84	84	84	84	83	84	84	84	84	84	84	84	84	84	84	84	84	84	84	84	84
84	82	82	82	82	82	82	82	82	82	82	82	83	82	83	83	83	83	83	82	82	83	83	83	83	83	83	83	83	83	83	83	83	83	83	83	83	83	83	83	83	82	82	83	83	83	83	83	83	83	83	83	83	83	83	83	83	83	83	83	83	83	83	83	83	83	83	83	83	83	83	83	83	83	83	83	83	83	83	83	83	83	83	83	83	83	83	83	83	83	83	83	83	83	83	83	83	83	83	83	83	83	83	83	83	83	83	83	83	83	83	83	83	83	83	83	83	83	83	83	83	83	83	83	83	83	83	83	83	83	83	83	83	83	83	83	83	83	83	83	84	84	83	83	83	83	84	84	84	84	84	84	84	83	83	83	83	83	83	83	83	83	83	83	83	83	83	83	84	84	83	83	83	83	83	83	83	83	83	83	83	84	83	84	84	83	83	83	83	83	83	83	84	84	84	84	84	84	84	84	84	84	84	84	84	84	84	84	84	84	84	84	84	84	84	84	84	84	84	84	84	84	84	84	84	83	83	83	83	83	83	83	83	83	83	83	83	83	83	83	83	83	83	83	83	83	83	83	83	83	83	83	83	83	83	83	83	83	83	83	83	83	83	83	83	83	84	84	83	83	83	84	84	84	84	84	84	84	83	83	84	84	84	83	83	83	83	83	83	83	83	83	84	83	83	83	83	83	83	83	83	83	83	83	83	83	83	83	83	83	83	83	83	83	83	83	83	83	83	83	83	83	84	84	84	84	84	84	84	84	83	83	83	83	83	83	83	83	83	83	83	83	84	84	83	83	83	83	83	83	83	83	83	83	83	83	83	83	83	83	83	83	83	84	84	84	84	83	83	83	83	83	83	83	83	83	83	83	83	83	83	83	83	83	83	83	83	83	83	83	83	83	84	83	83	83	83	83	83	83	83	83	83	83	83	83	83	84	83	83	83	83	83	83	83	83	84	83	83	83	83	84	84	84	84	84	84	83	83	84	84	84	83	83	83	83	83	83	83	83	83	83	83	84	83	83	84	83	83	83	84	84	83	83	83	83	83	84	84	84	83	83	83	83	83	84	84	83	83	84	84	84	83	83	83	83	83	84	84	84	83	83	83	83	84	84	83	83	83	83	83	83	83	83	83	83	83	83	83	83	83	83	83	83	83	83	83	83	83	83	83	83	83	83	83	83	83	83	83	83	83	83	83	83	83	83	83	83	83	83	83	83	83	83	83	84	83	83	84	84	83	83	83	83	83	83	84	84	84	83	83	83	83	83	83	83	83	84	83	83	83	83	83	83	84	83	83	83	83	83	83	83	83	83	83	83	83	83	83	83	83	83	83	83	83	83	83	83	83	83	83	83	83	83	84	84	84	84	84	84	84	84	84	84	84	84	84	84	84	84	84	84	84	84	84	83	83	84	84	84	84	84	84	84	84	84	84	84	84	84	84	84	84	84	84	84	84	84	84	84
84	83	82	82	82	82	82	82	82	82	82	83	83	83	83	83	83	83	83	82	82	83	83	83	83	83	83	83	83	83	83	83	83	83	83	83	83	83	83	83	83	82	83	83	83	83	83	83	83	83	83	83	83	83	83	83	83	83	83	83	83	83	83	83	83	83	83	83	83	83	83	83	83	83	83	83	83	83	83	83	83	83	83	83	83	83	83	83	83	83	83	83	83	83	83	83	83	83	83	83	83	83	83	83	83	83	83	83	83	83	83	83	83	83	83	83	83	83	83	83	83	83	83	83	83	83	83	83	83	83	83	83	83	83	83	83	83	83	83	83	83	83	83	83	83	83	83	83	84	84	84	84	84	84	83	83	83	83	83	83	83	83	83	83	83	83	83	83	83	83	83	83	83	83	83	83	83	84	84	83	83	83	83	84	83	83	83	83	83	83	83	83	84	84	84	84	84	84	84	84	84	84	84	84	84	84	84	84	84	84	84	84	84	84	84	84	84	84	84	84	84	84	84	84	84	83	83	83	83	83	83	83	83	83	83	83	83	83	83	83	83	83	83	83	83	83	83	83	83	83	83	83	83	83	83	83	83	83	83	83	83	83	83	83	83	83	84	84	84	83	83	84	84	84	84	84	83	83	83	83	83	83	83	84	83	83	83	83	83	83	83	83	84	83	83	83	83	83	83	83	83	83	83	83	83	83	83	83	83	83	83	83	83	83	83	83	83	83	83	83	83	83	84	84	84	84	84	84	84	84	83	83	83	83	83	83	83	83	83	83	83	83	83	83	83	83	83	83	83	83	83	83	83	83	83	83	83	83	83	83	83	83	83	84	84	84	84	83	83	83	83	83	83	83	83	83	83	83	83	83	83	83	83	83	83	83	83	83	83	83	83	84	84	83	83	84	84	83	83	83	83	84	84	84	84	84	84	84	83	83	83	83	83	83	83	84	84	83	83	83	83	84	84	84	84	84	84	83	83	84	84	84	83	83	84	84	84	83	83	83	83	83	83	84	83	83	84	83	83	83	84	84	83	84	83	83	83	84	84	84	84	83	84	83	83	83	84	83	83	84	84	83	83	83	83	83	83	84	84	84	83	83	83	83	84	83	83	83	83	83	83	83	83	83	83	83	83	83	83	83	83	83	83	83	83	83	83	83	83	83	83	83	83	83	83	83	83	83	83	83	83	83	83	83	83	83	83	83	83	83	83	83	83	83	83	83	83	84	84	83	83	83	83	84	84	83	84	84	83	83	83	83	83	83	83	83	83	84	83	83	84	83	83	83	83	83	83	83	83	83	84	84	84	83	83	83	83	84	84	84	84	84	84	84	83	83	83	83	83	83	83	83	83	83	83	84	84	84	84	84	84	84	84	84	84	84	84	84	84	84	84	85	84	84	84	83	83	83	84	84	84	84	84	84	84	84	84	84	84	84	84	84	84	84	84	84	84	84	84	84
84	83	83	83	82	82	82	83	83	83	83	83	83	83	83	83	83	83	83	83	83	83	83	83	83	83	83	83	83	83	83	82	82	83	83	83	83	83	83	83	83	83	83	83	83	83	83	83	83	83	83	83	83	83	83	83	83	83	83	83	83	83	83	83	83	83	83	83	83	83	83	83	83	83	83	83	83	83	83	83	83	83	83	83	83	83	83	83	83	83	83	83	83	83	83	83	83	83	83	83	83	82	82	83	83	83	83	83	83	83	83	83	83	83	83	83	83	83	83	83	84	83	83	83	83	83	83	83	83	83	83	83	83	83	83	83	83	83	83	83	83	83	83	83	83	83	83	83	83	83	83	84	84	84	84	84	84	84	84	83	83	83	83	83	84	84	84	84	83	83	83	83	83	83	83	83	83	83	83	83	84	83	83	84	84	83	84	83	83	83	83	83	83	83	83	83	84	84	84	84	84	83	83	83	84	84	84	84	84	83	83	84	84	84	84	84	84	84	84	84	84	84	84	84	84	83	83	83	83	83	83	83	83	83	83	83	83	83	83	83	83	83	83	83	83	83	83	83	83	83	83	83	83	83	83	83	83	83	83	83	83	83	83	83	83	83	83	83	83	83	83	84	84	84	84	84	84	83	83	83	83	83	83	83	83	83	83	83	83	83	83	83	83	83	83	83	83	83	83	83	83	83	83	83	83	83	83	83	83	83	83	83	83	83	83	83	83	83	84	84	83	84	84	84	84	83	83	83	84	83	83	83	83	83	83	83	84	84	83	83	83	83	83	83	84	83	83	83	83	83	83	82	82	83	83	83	83	83	83	83	83	83	83	83	83	83	83	83	83	83	83	83	83	83	83	83	84	84	83	83	83	83	83	83	83	83	83	83	83	83	84	84	84	84	84	84	83	83	83	84	84	84	84	84	84	83	84	84	84	84	84	83	84	84	84	84	84	84	84	84	84	84	84	84	83	84	84	84	84	83	83	83	83	83	83	84	84	84	84	84	84	84	84	84	84	84	84	84	84	84	84	83	83	83	83	83	83	83	83	83	83	83	84	84	83	84	84	84	84	84	84	83	83	83	83	83	83	83	83	83	83	83	83	84	84	84	84	83	83	83	83	83	83	83	83	83	83	83	83	83	83	83	83	83	83	83	83	83	83	83	83	83	83	83	83	83	83	83	83	83	83	83	83	83	83	83	83	83	83	83	83	83	83	84	83	83	83	84	84	83	83	83	83	83	84	83	83	83	83	83	83	83	83	83	83	83	83	83	83	83	83	83	83	83	83	83	83	84	84	84	84	84	84	83	83	83	83	84	84	84	84	84	84	83	83	83	84	83	83	83	83	83	83	84	84	84	84	84	83	84	84	84	84	84	84	84	84	83	83	84	84	84	84	84	84	84	84	84	84	84	84	83	84	84	84	84	84	84	84	84	84	84	84	84	84	84	84	84	84	84
84	83	83	83	82	82	82	83	83	83	83	83	83	83	83	83	83	83	83	83	83	83	83	83	83	83	83	83	82	82	83	82	82	82	82	83	83	83	83	83	83	83	83	83	83	83	83	83	83	83	82	82	82	83	83	83	83	83	83	83	83	83	83	83	83	83	83	83	83	83	83	83	83	83	83	83	83	83	83	83	83	83	83	83	83	83	83	83	83	83	83	83	83	83	83	83	83	83	83	83	83	82	82	83	83	83	83	83	83	83	83	83	83	83	83	83	83	83	83	83	84	83	83	83	83	83	83	83	83	83	84	83	83	83	83	83	83	84	84	84	84	84	84	84	84	83	83	83	83	83	83	83	83	83	84	84	84	84	84	83	83	83	83	83	83	84	84	84	83	83	83	83	83	83	83	83	83	83	83	83	84	84	83	84	84	83	84	83	83	83	83	83	83	83	83	83	84	84	84	84	84	83	83	83	84	84	84	84	84	83	83	84	84	84	84	84	84	84	84	84	84	84	84	84	84	83	83	83	83	83	83	83	83	83	83	83	83	83	83	83	83	83	83	83	83	83	83	83	83	83	83	83	83	83	83	83	83	83	83	83	83	83	83	83	83	83	84	84	83	83	83	83	83	83	83	83	83	83	83	83	83	83	83	84	83	83	84	84	83	83	83	83	83	83	83	83	83	83	83	83	83	83	83	83	83	83	83	83	83	83	83	83	83	83	83	83	83	83	84	83	83	84	84	84	84	83	83	83	84	83	83	83	83	83	83	83	83	84	83	83	83	83	83	83	84	83	83	83	83	83	83	83	83	83	83	83	83	83	83	83	83	83	83	83	83	83	83	83	83	83	83	83	83	83	83	83	83	83	83	83	83	83	83	83	83	83	83	83	83	83	83	84	84	84	84	84	84	83	83	83	83	84	84	83	84	83	83	84	83	83	84	83	84	84	84	84	84	84	84	84	84	84	84	84	83	84	84	84	84	83	83	83	84	84	84	84	84	84	83	83	83	83	83	83	83	83	84	84	84	84	83	83	83	83	83	84	84	84	84	84	83	83	84	84	83	84	84	84	84	83	83	83	83	83	83	84	83	83	83	83	83	83	83	84	84	84	84	83	83	83	83	83	83	83	83	83	83	83	83	83	83	83	83	83	83	83	83	83	83	83	83	83	83	83	83	83	83	83	83	83	83	83	83	83	83	83	83	83	83	83	83	83	83	84	83	83	83	84	84	84	83	83	83	83	84	83	83	83	83	83	83	84	84	83	83	83	83	83	83	83	84	83	83	83	83	83	83	84	84	84	84	84	83	83	83	83	83	83	83	83	83	83	83	83	83	83	83	83	83	83	83	84	84	84	84	84	84	84	84	84	84	84	84	84	84	84	84	83	84	84	84	84	84	84	84	83	84	84	84	84	84	83	84	84	84	84	84	84	84	84	84	84	84	84	84	84	84	84	84	84
84	83	83	83	83	83	83	83	83	83	83	82	83	83	83	83	83	83	83	83	83	83	83	83	83	83	83	83	83	82	83	83	82	82	82	83	83	83	83	83	83	83	83	83	83	83	83	83	83	83	82	82	82	83	83	83	83	83	83	83	82	83	83	83	83	83	83	83	83	83	83	83	83	83	83	83	83	83	83	83	83	83	83	83	83	83	83	83	83	83	83	83	83	83	83	83	83	83	83	83	83	82	83	83	83	83	83	83	83	83	83	83	83	83	83	83	83	83	83	83	84	83	83	83	83	83	83	83	83	83	83	84	84	84	84	84	84	84	84	84	84	84	84	84	84	83	83	83	83	83	83	83	83	83	83	84	84	84	84	83	83	83	83	83	83	84	84	84	84	84	84	83	83	83	83	83	83	83	83	83	84	84	83	84	84	83	84	83	83	83	83	83	83	83	83	83	83	83	84	84	83	83	83	83	83	83	83	84	84	83	83	84	84	84	84	84	84	84	84	84	84	84	84	84	84	83	83	83	83	83	83	83	83	83	83	83	83	83	83	83	83	83	83	83	83	83	83	83	83	83	83	83	83	83	83	83	83	83	83	83	83	83	83	83	83	83	84	84	83	83	83	83	83	83	83	83	83	83	84	83	84	84	83	84	84	83	83	83	83	84	83	83	83	83	83	83	83	83	83	83	83	83	83	83	83	83	83	83	83	83	83	83	83	83	83	83	83	83	83	83	83	84	84	84	84	83	83	83	84	83	83	83	83	83	84	84	84	83	83	83	83	83	83	83	83	83	83	83	83	83	83	83	83	83	83	83	83	83	83	83	83	83	83	83	83	83	83	83	83	83	83	83	83	83	83	83	83	83	83	83	83	83	83	83	83	83	83	83	83	83	83	83	83	84	84	84	84	84	83	83	83	84	84	83	84	84	84	83	83	83	84	83	83	84	84	84	83	83	84	84	84	84	84	83	83	84	83	83	83	83	83	83	84	83	83	84	84	84	83	83	83	83	83	83	84	84	84	84	84	83	83	83	83	83	83	83	83	83	84	84	83	83	84	84	83	84	84	84	84	84	83	83	83	83	84	84	84	83	83	83	83	83	83	84	84	84	84	83	83	83	83	83	83	83	83	83	83	83	83	83	83	83	83	83	83	83	83	83	83	83	83	83	83	83	83	83	83	83	83	83	83	83	83	83	83	83	83	83	83	83	83	83	83	83	83	83	83	84	84	84	84	83	83	83	83	83	83	83	83	83	84	84	84	83	84	84	83	83	83	83	83	83	83	83	83	83	83	84	83	83	83	83	83	83	83	83	83	83	83	83	83	83	83	83	83	83	83	83	84	84	84	84	84	84	84	84	84	84	84	84	84	84	84	84	84	84	84	83	84	83	83	83	83	84	84	83	84	84	84	84	84	83	84	84	84	84	84	83	83	84	84	84	84	84	84	84	84	84	84	83
84	83	83	83	83	83	83	83	83	83	83	83	83	83	83	83	83	83	83	83	83	83	83	83	83	83	83	83	83	83	83	83	83	83	83	83	83	83	83	83	83	82	83	83	82	83	83	83	83	83	83	83	82	83	83	83	83	83	83	83	83	83	83	83	83	83	83	83	83	83	83	83	83	83	83	83	83	83	83	83	83	83	83	83	83	83	83	83	83	83	83	83	83	83	83	83	83	83	83	83	83	83	83	83	83	83	83	83	83	83	83	83	83	83	83	83	83	83	83	83	84	83	83	84	83	83	83	83	83	83	83	84	84	84	84	84	84	83	83	83	83	83	83	83	83	83	83	84	84	84	83	83	83	83	83	83	83	83	83	84	84	84	84	84	84	84	84	84	84	84	84	84	84	84	84	84	83	83	83	83	83	84	83	83	84	83	84	83	83	83	83	83	83	83	83	83	83	83	83	83	83	83	83	83	83	83	83	83	83	83	83	84	84	84	84	84	84	84	84	84	84	84	84	84	83	84	83	83	83	83	83	83	83	83	83	83	83	83	83	83	83	83	83	83	83	83	83	83	83	83	83	83	84	84	83	83	83	83	83	83	83	83	83	83	84	84	83	83	83	83	83	83	83	83	83	83	83	83	83	83	84	84	84	83	83	83	83	83	83	83	83	83	83	83	83	83	83	82	82	83	83	83	83	83	83	83	84	84	83	83	83	83	83	83	83	83	83	83	83	83	83	84	83	83	83	83	83	83	84	83	83	83	83	84	83	83	83	83	83	83	83	83	83	83	83	83	83	83	83	83	83	83	83	83	83	83	83	83	83	83	83	83	83	83	83	83	83	83	83	83	83	83	83	83	83	83	84	84	83	83	83	83	84	84	83	84	83	84	84	84	83	83	83	84	84	84	84	84	84	84	84	83	83	83	84	84	84	84	84	84	84	83	83	83	83	83	83	83	84	84	84	83	83	83	83	83	83	83	83	83	83	83	83	83	83	83	83	84	83	83	83	83	83	84	84	84	84	84	84	83	83	83	83	83	83	83	83	84	84	84	84	84	83	84	84	84	83	83	83	83	84	83	84	84	84	84	84	83	83	83	83	83	83	84	84	84	84	84	83	83	83	83	83	83	83	83	83	83	83	83	83	83	83	83	83	83	83	83	83	83	83	83	83	83	83	83	83	83	83	83	83	83	83	83	83	83	83	83	83	83	83	83	83	83	83	84	83	83	83	84	84	84	84	83	83	83	83	83	83	83	84	84	83	83	83	84	83	83	83	83	83	83	83	84	84	84	84	84	84	84	83	83	83	83	83	83	83	83	83	83	83	84	84	84	84	84	84	84	84	84	84	84	84	84	84	84	84	84	84	84	84	83	84	84	83	83	83	83	83	83	83	83	84	84	84	84	84	84	84	84	84	84	84	84	84	84	83	83	83	84	84	84	84	84	84	84	84	84	84	84
84	83	83	83	83	83	83	83	83	83	83	83	83	83	83	83	83	83	83	83	83	83	83	83	83	83	83	83	83	82	83	83	83	83	83	83	83	83	83	83	83	83	83	83	82	83	83	83	83	83	84	84	83	83	83	83	83	83	83	83	83	83	83	83	83	83	83	83	83	83	83	83	83	83	83	83	83	83	83	82	83	83	83	83	82	83	83	83	83	83	83	83	83	83	83	83	83	83	83	83	83	83	83	83	83	83	83	83	83	83	83	83	83	83	83	83	83	83	83	83	83	83	83	83	83	83	84	83	84	84	84	84	83	83	84	84	84	83	83	83	83	83	83	83	83	83	83	84	84	84	84	83	83	83	83	83	83	83	83	84	84	84	84	84	84	84	84	84	84	83	83	83	83	83	83	83	83	83	83	83	83	84	83	83	84	83	84	83	83	83	83	83	83	83	83	83	83	84	84	84	84	84	83	83	83	83	83	83	83	83	83	84	84	84	84	84	84	84	84	84	84	84	84	84	83	84	83	83	83	83	83	83	83	83	83	84	84	83	83	83	83	83	83	83	83	83	83	83	83	83	83	83	84	84	83	83	83	83	83	83	83	83	83	83	84	84	83	83	83	84	84	83	84	83	83	83	83	83	83	83	83	83	83	83	83	83	83	83	83	83	83	83	83	83	83	83	83	83	83	82	83	83	83	83	83	83	84	84	83	83	83	83	83	83	83	83	83	83	83	83	83	84	83	83	83	84	84	84	84	83	83	83	83	84	83	83	83	83	83	83	83	83	83	83	83	83	83	83	83	83	83	83	83	83	83	83	83	83	83	83	83	83	83	83	83	83	83	83	83	83	83	83	83	83	83	83	84	84	83	83	83	83	84	84	83	84	83	83	83	83	83	83	83	84	84	84	84	84	84	84	84	84	83	83	84	84	84	83	83	83	84	83	83	83	83	83	83	83	84	84	84	83	83	83	83	83	84	84	83	83	83	83	83	83	83	83	84	84	83	83	83	83	83	84	84	84	84	84	84	84	84	84	83	83	83	83	83	84	84	84	84	84	83	84	84	84	83	83	83	83	84	83	84	84	84	84	84	83	83	83	83	83	83	84	84	84	84	84	83	83	83	83	83	83	83	83	83	83	83	83	83	83	83	83	83	83	83	83	83	83	83	83	83	83	83	83	83	83	83	83	83	83	83	83	83	83	83	83	83	83	84	83	84	84	84	84	84	83	83	84	83	83	83	83	83	83	83	83	83	84	84	83	83	83	83	83	83	83	83	84	84	84	84	84	84	83	83	84	84	84	84	84	84	84	84	84	84	84	84	84	84	84	84	84	83	83	83	83	83	84	84	84	84	84	84	84	84	84	84	84	84	84	84	84	84	84	84	84	84	84	84	84	83	84	84	83	83	83	84	84	84	84	84	84	84	84	84	83	84	84	84	84	84	84	84	84	84	84	84	84
84	83	83	83	83	82	83	83	83	83	83	83	83	83	83	83	83	83	83	83	83	83	83	83	83	83	83	83	83	83	83	83	83	83	83	83	83	83	83	83	83	83	83	83	83	83	83	83	83	83	83	83	83	83	83	83	83	83	83	83	83	83	83	83	83	83	83	83	83	83	83	83	83	83	83	83	83	83	83	83	83	83	83	83	83	83	83	83	83	83	83	83	83	83	83	83	83	83	83	83	83	83	83	83	83	83	83	83	83	83	83	83	83	83	83	83	83	83	83	83	83	83	83	84	83	84	84	84	84	84	83	83	83	83	83	83	83	83	83	83	83	83	83	83	83	83	83	83	83	84	84	83	83	83	83	83	83	83	83	83	83	83	83	83	84	84	84	84	84	83	83	83	83	83	83	84	83	83	83	83	83	84	83	84	84	83	83	83	83	83	83	83	83	83	83	83	83	84	84	83	84	83	83	83	83	83	83	83	83	83	83	83	84	84	84	84	84	84	84	84	84	84	84	84	84	84	83	83	83	83	83	83	83	84	84	83	83	83	83	83	83	83	83	83	83	83	83	83	83	83	83	83	83	83	83	83	83	83	83	83	83	83	83	83	83	83	83	83	83	84	83	83	83	83	83	84	83	83	83	83	83	83	83	83	83	84	84	83	83	83	83	83	84	83	83	83	83	83	83	83	83	83	83	83	83	83	83	83	83	83	83	83	83	83	83	84	84	83	83	83	83	83	84	84	83	84	84	84	84	84	84	84	84	84	83	83	83	84	83	83	83	83	83	83	83	83	83	83	83	83	83	83	83	83	83	83	83	83	83	83	83	83	83	83	83	83	83	83	83	83	83	84	83	83	83	83	83	83	83	83	83	83	83	83	83	83	83	83	83	83	84	84	84	84	84	84	84	84	84	83	83	83	83	83	84	84	84	83	83	83	83	83	83	83	83	83	84	84	84	83	84	84	84	84	83	83	83	83	83	83	83	83	83	83	83	83	83	83	83	84	83	83	83	84	84	84	83	83	83	84	84	84	83	83	83	83	83	83	83	83	84	84	84	83	84	83	83	84	84	84	84	84	84	84	84	83	83	83	83	83	83	83	83	83	83	84	84	84	84	83	83	83	83	83	83	83	83	83	83	83	83	83	83	83	83	83	83	83	83	83	83	83	83	83	83	83	83	83	83	83	83	83	83	83	83	83	83	83	83	83	83	83	84	83	83	83	83	83	83	84	84	83	83	83	83	83	83	83	83	83	83	83	83	83	83	83	83	84	84	84	84	84	84	84	84	83	84	84	84	84	84	84	84	84	84	84	84	84	84	84	84	84	84	83	83	83	83	83	83	84	84	84	84	84	84	84	84	84	84	84	84	84	84	84	84	84	84	84	84	84	84	84	84	84	84	83	83	84	84	84	84	84	84	84	84	84	84	84	84	84	84	84	84	84	84	84	84	84	84	84
84	83	83	83	83	82	82	83	83	83	83	83	83	83	83	83	83	83	83	83	83	83	83	83	83	83	83	83	83	83	83	83	83	83	83	83	83	83	83	83	83	83	83	83	83	83	83	83	83	83	83	83	83	83	83	83	83	83	83	83	83	83	83	83	83	83	83	83	83	83	83	83	83	83	83	83	83	83	83	83	83	83	83	83	83	83	83	83	83	83	83	83	83	83	83	83	83	83	83	83	83	83	83	83	83	83	83	83	83	83	83	83	83	83	83	83	83	83	83	83	83	83	83	84	83	84	84	84	83	83	83	83	83	83	83	83	83	83	83	83	83	83	83	83	83	83	83	83	83	84	84	83	83	83	83	83	83	83	83	83	83	83	83	83	83	84	84	84	84	84	84	84	84	84	84	84	84	84	84	83	83	84	83	84	84	83	83	83	83	83	83	83	83	83	83	83	83	83	83	83	83	83	83	83	83	83	83	83	83	83	83	83	83	84	84	84	84	84	84	84	84	84	84	84	84	84	83	83	83	83	83	83	83	84	84	83	83	83	83	83	83	83	83	83	83	83	83	83	83	83	83	83	83	83	83	83	83	83	83	83	83	83	83	83	83	83	84	84	83	83	83	83	83	83	83	83	83	83	83	83	83	83	83	83	83	84	84	83	83	83	83	83	84	83	83	83	83	83	83	83	83	83	83	83	83	83	83	83	83	83	84	83	83	83	83	84	84	83	83	83	83	83	84	84	83	84	84	84	84	84	84	83	84	84	83	83	83	83	83	83	83	83	83	83	83	83	83	83	83	84	83	83	83	83	83	83	83	83	83	83	83	83	83	83	83	83	83	83	83	83	83	84	84	83	83	83	83	83	83	83	83	83	83	83	83	83	83	83	83	83	84	84	84	84	84	84	84	84	84	84	83	83	83	83	84	84	84	83	83	83	83	83	84	84	83	84	84	84	84	83	84	84	84	84	83	83	83	83	83	83	83	83	83	83	83	83	83	83	83	83	84	84	84	83	84	83	83	83	83	84	84	84	83	83	83	83	83	83	83	83	83	83	83	83	84	84	83	83	83	84	84	84	84	84	83	83	83	83	83	83	83	83	83	83	83	83	84	84	84	83	83	83	83	83	83	83	83	83	83	83	83	83	83	83	83	83	83	83	83	83	83	83	83	83	83	83	83	83	83	83	83	83	83	83	83	83	83	83	83	83	83	83	84	83	83	83	84	83	83	84	84	83	83	83	83	83	83	83	82	83	83	83	83	84	84	84	83	84	84	84	84	84	84	84	84	84	84	84	84	84	84	84	84	84	84	84	83	83	83	83	83	83	83	83	83	83	83	83	84	84	84	84	84	84	84	84	84	84	83	83	84	84	84	84	84	84	84	84	84	84	84	84	84	84	84	84	84	84	84	84	84	84	84	84	84	84	83	84	84	84	84	84	84	84	84	84	84	84	84	84
84	83	83	83	83	83	83	83	83	83	83	83	83	83	83	83	83	83	83	83	83	83	83	83	83	83	83	83	83	83	83	83	83	83	83	83	83	83	82	82	83	83	83	83	83	83	83	83	83	83	83	83	83	83	83	83	83	83	83	83	83	83	83	83	83	83	83	83	83	83	83	83	83	83	83	83	83	83	84	84	83	83	83	83	83	83	83	83	82	83	83	83	83	83	83	83	83	83	83	83	83	83	83	83	83	83	83	83	83	83	83	83	83	82	83	83	83	83	83	83	83	83	83	83	83	83	84	83	83	83	83	83	83	83	83	83	83	83	83	83	83	83	83	83	83	83	83	83	83	84	84	83	83	83	83	83	83	83	83	83	83	83	83	83	83	84	84	84	84	84	84	84	84	84	84	84	84	84	84	83	83	84	83	84	84	83	83	83	83	83	83	83	83	83	83	83	83	83	83	83	83	83	83	83	83	83	83	83	83	83	83	83	83	84	84	84	84	84	84	84	84	84	84	84	84	84	83	84	84	84	84	84	83	83	83	83	83	83	83	83	83	83	83	83	83	83	83	83	83	83	83	83	83	83	83	83	83	83	83	83	83	84	84	83	83	83	84	84	83	83	83	83	83	83	83	83	83	83	83	83	83	83	83	83	83	84	84	83	83	83	83	83	84	83	83	83	83	83	83	83	83	83	83	83	83	83	83	83	83	83	84	83	83	83	83	84	84	83	83	83	83	83	83	83	83	83	84	84	84	84	84	83	83	83	83	83	83	83	83	83	83	83	83	83	83	84	84	84	83	83	83	83	83	83	83	82	82	83	83	83	83	83	83	83	83	83	83	83	83	83	83	84	84	83	83	83	83	83	83	83	83	83	83	83	83	83	83	83	83	83	84	84	83	84	84	84	84	84	83	83	83	83	83	83	84	83	83	83	83	84	83	83	84	84	83	84	84	84	84	83	84	83	83	83	83	83	83	83	83	83	84	83	83	83	83	83	83	83	83	83	83	84	84	83	84	83	83	83	83	84	84	84	83	83	83	83	83	83	83	83	83	83	83	83	84	83	83	83	83	84	84	84	84	84	83	83	83	83	83	83	83	83	83	83	83	83	84	84	84	83	83	83	83	83	83	83	83	83	83	84	83	83	83	83	83	83	83	83	83	83	83	83	83	83	83	83	83	83	83	83	83	83	83	83	83	83	83	84	83	84	84	83	84	83	83	83	84	83	83	83	83	83	83	83	83	84	83	83	83	83	83	83	84	84	84	84	83	84	84	84	84	84	84	84	84	84	84	84	84	84	84	84	84	84	84	84	84	84	84	84	84	84	84	84	84	84	84	84	84	84	84	84	84	84	84	84	84	84	84	84	84	84	84	84	84	84	84	84	84	84	84	84	84	84	84	84	84	84	84	84	84	84	84	84	84	84	83	84	84	84	84	84	84	84	84	84	84	84	84	84
84	83	83	83	83	83	83	83	83	83	83	83	83	83	83	83	83	83	83	83	83	83	83	83	83	83	83	83	83	83	83	83	83	83	83	83	83	83	83	83	83	83	83	83	83	83	83	83	82	83	83	83	83	82	82	83	83	83	83	83	83	83	83	83	83	83	83	83	83	83	83	83	83	83	83	83	83	83	83	83	83	83	83	83	83	83	83	82	83	83	83	83	83	83	83	83	83	83	83	83	83	83	83	83	83	83	83	83	83	83	82	83	83	83	83	84	84	84	84	83	83	83	83	84	83	83	83	83	84	84	84	83	83	83	83	83	83	83	83	83	83	83	83	83	83	83	83	83	83	83	83	83	84	84	84	84	84	83	83	83	83	83	83	83	83	83	83	84	84	84	84	84	84	84	84	84	84	84	83	83	84	83	83	83	83	83	83	83	83	83	83	83	83	83	83	83	83	83	83	83	83	83	83	83	84	84	84	83	83	84	83	84	84	84	84	84	84	84	84	84	84	84	84	84	84	84	84	84	84	84	84	84	84	83	83	84	84	84	83	83	83	83	83	83	83	83	83	83	83	83	83	83	83	83	83	83	83	83	83	83	83	83	83	83	83	83	83	83	83	84	83	83	83	83	83	83	83	83	83	83	83	83	83	83	83	83	84	83	83	83	83	83	83	83	83	83	83	83	83	83	84	84	84	83	83	83	83	84	83	83	83	83	83	83	83	83	83	83	83	83	83	83	83	83	83	84	84	84	83	83	83	83	83	83	83	83	83	83	83	83	83	83	83	83	83	84	84	84	84	84	84	83	83	83	83	83	83	83	83	83	83	83	83	83	83	83	83	83	83	83	84	84	84	83	83	83	83	83	83	83	83	83	84	84	84	83	83	84	84	83	83	83	83	84	84	84	83	83	83	83	83	83	83	83	83	83	84	83	84	84	84	84	83	84	84	84	84	84	84	84	84	83	83	83	83	83	83	83	83	83	83	83	83	83	84	84	84	83	83	83	83	83	83	83	84	84	83	83	83	84	84	83	83	83	83	83	83	83	83	83	83	83	83	83	84	83	83	83	83	83	83	83	83	83	83	83	83	83	83	83	83	84	83	83	83	83	83	83	83	83	83	83	83	83	83	83	83	83	84	84	84	84	84	84	84	83	83	83	84	84	84	84	84	84	84	83	83	84	84	83	83	83	83	83	83	83	83	83	83	84	84	83	84	84	84	84	83	83	83	83	83	83	84	83	83	83	83	83	83	83	83	84	84	84	84	84	83	84	84	84	84	84	84	84	84	84	84	84	84	84	84	84	84	84	84	84	84	84	84	84	84	84	84	84	84	84	84	84	84	84	84	84	84	83	84	84	84	84	83	84	84	84	84	84	84	84	84	84	84	84	84	84	84	84	84	84	84	84	84	84	84	84	84	83	83	84	84	84	84	84	84	84	84	84	84	84	84	84	84	84
83	83	83	83	83	83	83	83	83	83	83	83	83	83	83	83	83	83	83	83	83	83	83	83	83	83	83	83	83	83	83	83	83	83	83	83	83	83	83	83	83	83	83	83	83	83	83	83	82	83	83	83	83	82	82	83	83	83	83	83	83	83	83	83	82	82	83	83	83	83	83	83	83	83	83	83	83	83	83	83	83	83	83	83	83	83	83	82	83	83	83	83	83	83	83	83	83	83	83	83	83	83	83	83	83	83	82	82	83	83	83	83	83	83	83	83	83	83	83	83	83	83	83	84	83	83	83	83	83	84	84	83	83	83	83	83	84	83	83	83	83	83	83	83	83	83	83	83	83	83	83	84	84	84	84	84	84	83	83	83	83	83	84	83	83	83	83	83	84	84	84	84	84	84	84	84	84	84	83	83	84	83	83	83	83	83	83	83	83	83	83	83	83	83	83	83	83	83	83	83	83	83	83	83	84	84	84	83	83	84	83	84	84	84	84	84	84	84	84	84	84	84	84	84	84	84	84	84	84	84	84	84	84	84	84	84	84	84	83	83	83	83	83	83	83	83	83	83	83	83	83	83	83	83	83	83	83	83	83	83	83	83	83	83	83	83	83	83	83	84	83	83	83	83	83	83	83	83	83	83	83	83	83	83	83	83	83	83	83	83	83	83	83	83	83	83	83	83	83	83	83	84	83	83	83	83	83	84	83	83	83	83	83	83	83	83	83	83	83	83	83	83	83	83	83	84	84	83	83	83	83	83	83	83	83	83	83	83	83	83	83	83	83	83	83	84	84	84	84	84	84	83	83	83	83	83	83	83	83	83	83	83	83	83	83	83	83	83	83	83	83	83	83	83	83	83	83	83	83	83	83	83	84	84	84	84	84	84	84	84	83	83	83	84	84	84	83	83	83	83	83	84	84	84	83	84	84	84	84	84	83	83	83	84	84	84	84	84	84	84	84	83	83	83	83	83	83	83	83	83	83	83	83	83	84	84	84	84	83	83	83	84	83	84	84	84	84	83	83	84	83	83	83	83	83	83	83	83	83	83	83	83	83	83	83	83	83	83	83	83	83	83	84	84	83	83	83	83	83	83	83	83	83	84	84	83	83	83	83	83	83	83	83	83	83	83	83	83	83	84	84	84	84	84	84	84	83	83	84	84	84	84	84	84	84	83	84	84	84	83	83	83	83	83	83	83	83	83	83	83	84	83	84	84	84	84	83	83	83	83	83	84	84	84	83	83	83	83	83	83	84	84	84	84	84	84	84	84	84	84	84	84	84	84	84	84	84	84	84	84	84	84	84	84	84	84	84	84	84	84	84	84	84	84	84	84	84	84	84	84	84	84	84	83	84	84	84	84	83	84	84	84	84	84	84	84	84	84	84	84	84	84	84	84	84	84	84	84	84	84	84	84	84	83	83	84	84	84	84	84	84	84	84	84	84	84	84	84	84	84
84	83	83	83	83	83	83	83	83	83	83	83	83	83	83	83	83	83	83	83	83	83	83	83	83	83	83	83	83	83	83	83	83	83	83	83	83	83	83	83	83	83	83	83	83	83	83	83	82	83	83	83	83	82	82	82	82	82	83	83	83	83	83	83	83	82	83	83	83	83	83	83	83	83	83	83	83	83	83	83	83	83	83	83	83	83	83	82	83	83	83	83	83	83	83	83	83	83	83	83	83	83	83	83	83	83	82	82	83	83	83	83	83	83	83	83	83	83	83	83	83	83	83	83	83	83	83	83	83	83	83	83	83	83	83	83	84	83	83	83	83	83	83	83	83	83	83	83	83	83	83	84	84	84	84	84	83	83	83	83	83	83	84	83	83	83	83	83	84	84	84	84	84	84	84	84	84	84	83	83	84	83	83	83	83	83	83	83	83	83	83	83	83	83	83	83	83	83	83	83	83	83	83	83	84	84	84	83	83	84	84	84	84	84	84	84	84	84	84	84	84	84	84	84	84	84	84	84	84	84	84	84	84	84	84	84	84	84	84	84	84	84	84	84	84	84	83	83	83	83	83	83	83	83	83	83	83	83	83	83	83	83	83	83	83	83	83	83	83	84	83	83	83	83	83	83	83	83	83	83	83	83	83	84	83	83	83	83	83	83	83	83	83	83	83	83	83	83	83	83	83	83	83	83	83	83	83	83	83	83	83	83	83	83	83	83	83	83	83	83	83	83	83	83	83	83	83	83	83	83	83	84	84	84	83	83	83	83	83	83	83	83	83	83	83	84	84	84	84	84	84	83	83	83	83	83	83	83	83	84	84	83	83	83	83	83	83	83	83	83	83	83	83	83	83	83	83	83	83	83	83	83	84	84	84	84	84	84	84	84	83	83	83	84	84	84	83	83	84	83	83	83	83	83	83	83	84	84	84	84	84	83	83	83	83	84	84	84	84	84	84	83	83	83	83	83	83	83	83	83	83	83	83	83	84	84	84	84	83	83	84	84	84	84	84	84	84	84	84	84	83	83	83	83	83	83	83	83	83	83	83	83	83	83	83	83	83	83	83	83	83	83	83	83	83	83	83	83	83	83	83	83	83	83	83	83	83	83	83	83	83	83	83	83	83	83	84	83	84	84	84	84	84	84	84	84	84	84	84	84	84	84	84	84	84	83	83	84	84	83	83	83	83	83	83	83	84	83	83	83	83	83	83	84	84	84	83	83	83	83	84	84	84	84	83	83	84	84	84	84	84	84	84	84	84	84	84	84	84	84	84	84	84	84	84	84	84	84	84	84	84	84	84	84	84	84	84	84	84	84	84	84	84	84	84	84	84	84	84	84	84	84	84	84	84	84	84	84	83	84	84	84	84	84	84	84	84	84	84	84	84	84	84	84	84	84	84	84	84	84	84	84	84	84	84	84	84	84	84	84	84	84	84	84	84	84	84	84	84	84
84	83	83	83	83	84	84	83	83	83	83	83	83	83	84	83	83	83	83	83	83	83	83	83	83	83	83	83	83	83	83	83	83	83	83	83	83	83	83	83	83	83	83	83	83	83	83	83	83	83	83	83	83	83	83	83	83	83	83	83	83	83	83	83	83	83	83	83	83	83	83	83	83	83	83	83	83	83	83	83	83	83	83	83	83	83	83	83	83	83	83	83	83	83	83	83	83	83	83	83	83	83	83	83	83	83	83	83	83	83	83	83	83	83	83	84	84	84	84	83	83	83	83	83	83	84	84	83	83	83	83	83	83	83	83	83	83	83	83	83	83	83	83	83	83	83	83	84	83	83	83	83	83	83	84	84	83	83	83	83	84	84	84	84	84	83	83	83	84	84	83	83	83	83	84	84	84	83	83	83	83	83	83	84	83	83	83	83	83	83	83	83	83	84	83	83	83	83	83	83	83	83	83	83	83	83	83	83	83	83	84	84	84	84	84	84	84	84	84	84	84	84	84	84	84	84	84	84	84	84	84	84	84	84	84	84	84	84	84	84	84	83	83	84	84	84	84	84	84	84	84	83	84	84	84	83	83	83	83	83	83	83	83	83	83	83	83	83	83	83	83	83	83	83	83	84	83	83	83	83	83	83	83	84	84	84	83	83	83	83	83	83	83	83	83	83	83	83	83	83	83	83	83	83	83	83	83	83	83	83	83	83	83	83	83	83	83	84	84	84	83	83	83	83	83	83	83	83	83	83	83	84	84	83	83	83	83	83	83	83	83	83	83	83	83	84	84	84	84	84	83	83	83	83	83	84	84	84	84	83	83	83	84	84	83	83	83	84	84	84	84	84	84	84	84	84	84	84	83	83	83	83	83	83	83	84	84	83	83	83	84	84	84	84	83	84	84	84	84	84	83	83	84	84	84	84	84	84	84	84	84	83	84	84	84	83	83	84	84	84	83	83	83	83	83	83	83	83	83	84	84	83	83	83	83	84	84	84	83	83	83	83	83	83	84	84	84	84	83	83	84	83	83	83	83	83	83	83	83	83	83	83	83	83	83	83	83	83	83	83	83	83	84	84	83	84	83	83	83	83	83	84	84	83	83	83	83	83	83	83	83	83	83	84	83	83	83	83	83	83	83	83	83	83	83	83	83	83	84	83	83	83	84	83	84	84	84	84	84	83	83	83	83	84	83	83	84	84	83	83	83	83	84	84	84	84	84	84	84	83	83	83	83	83	83	83	83	83	83	84	84	84	84	84	84	84	84	84	84	84	84	84	84	84	84	84	84	84	84	84	84	84	84	84	84	84	84	84	84	84	84	84	84	84	84	84	84	83	83	84	84	84	84	84	84	84	84	84	84	84	84	84	84	84	84	84	84	84	84	84	84	84	84	84	84	84	84	84	83	84	83	83	84	84	84	84	84	84	84	84	83	83	83	83	83	84	84	84	84	84
84	83	83	83	83	84	83	83	83	83	83	83	83	84	84	84	83	83	83	83	83	83	83	83	83	83	83	83	83	83	83	83	83	83	83	83	83	83	83	83	83	83	83	83	83	83	83	83	83	83	83	83	83	83	83	83	83	83	83	83	83	83	83	83	83	83	83	83	83	83	83	83	83	83	83	83	83	83	84	83	83	83	83	83	83	83	83	83	83	83	83	83	83	83	83	83	83	83	83	83	83	83	83	83	83	83	83	83	83	83	83	83	83	83	84	84	84	84	83	83	83	83	83	83	83	83	84	84	83	83	83	83	83	83	83	83	83	83	83	83	83	83	83	83	83	83	83	84	83	83	83	83	83	83	84	84	83	83	83	83	83	83	84	84	84	83	83	83	83	83	83	83	83	83	83	83	83	83	83	83	83	84	83	84	83	83	83	83	83	83	83	83	83	84	83	83	83	83	83	83	83	83	83	83	83	83	83	83	83	83	84	84	84	84	84	84	84	84	84	84	84	84	84	84	84	84	84	84	84	84	84	84	84	84	84	84	84	84	84	84	84	84	84	84	84	84	84	84	84	84	84	83	84	84	84	83	83	83	83	83	83	83	83	83	83	83	83	83	83	83	83	83	83	83	83	84	83	83	83	83	83	83	83	84	84	84	83	83	83	84	83	83	83	83	83	83	83	83	83	83	83	83	83	83	83	83	83	84	83	83	83	83	83	83	83	83	83	84	84	84	83	83	83	83	83	83	83	83	83	83	83	83	83	83	83	83	83	83	83	83	83	83	83	83	83	83	83	83	83	84	83	83	83	83	83	84	84	84	84	83	83	83	83	83	83	83	83	84	84	84	84	83	84	84	84	84	84	84	83	83	83	83	83	83	83	84	84	83	83	83	84	84	84	84	83	84	84	84	84	84	84	83	84	83	84	84	84	84	84	84	84	83	84	84	84	83	83	84	83	84	83	83	83	83	83	83	83	84	84	84	83	83	83	83	83	84	84	84	83	83	83	84	84	83	83	83	84	84	84	84	84	83	83	83	83	83	83	83	83	83	83	83	83	83	83	83	83	83	83	83	83	83	84	84	84	84	83	83	83	83	83	83	83	84	84	83	83	83	83	83	83	83	83	84	84	84	83	83	83	84	83	83	84	84	84	84	83	83	83	83	83	83	84	83	84	84	83	83	83	83	83	83	83	83	83	83	83	84	83	84	84	83	84	83	83	84	84	84	83	83	83	83	83	83	83	83	84	84	84	84	84	84	84	84	84	84	84	84	84	84	84	84	84	84	84	84	84	84	84	84	84	84	84	84	84	84	84	84	84	84	84	84	84	84	84	84	84	84	84	84	84	84	84	84	84	84	84	84	84	84	84	84	84	84	84	84	84	84	84	84	84	84	84	84	84	84	84	84	84	84	83	83	84	84	84	84	84	84	84	83	83	83	83	83	83	84	84	84	84	84
84	83	83	83	83	83	83	83	83	83	83	83	83	84	84	84	83	83	83	83	83	83	83	83	83	83	83	83	83	83	83	83	83	83	83	83	83	83	83	83	83	83	83	83	83	83	83	83	83	83	83	83	83	83	83	83	83	83	83	82	83	83	83	83	83	83	83	83	83	83	83	83	83	83	83	83	83	83	84	83	83	83	83	83	83	83	83	83	83	83	83	83	83	83	83	83	83	83	83	83	83	83	83	83	83	83	83	83	83	84	84	84	84	84	84	84	84	83	83	83	83	83	83	83	83	83	84	83	83	83	83	83	83	83	83	83	83	83	83	83	83	83	83	83	83	83	83	84	83	83	83	83	83	83	84	84	83	83	83	83	83	83	84	84	84	83	83	83	83	83	83	83	84	83	83	83	83	83	83	83	84	84	83	84	83	83	83	83	83	83	84	84	84	84	83	83	83	83	83	83	83	83	83	83	83	83	83	83	83	84	84	84	84	84	84	84	84	84	84	84	84	84	84	84	84	83	84	84	84	84	84	84	84	84	84	84	84	84	84	84	84	84	84	84	84	84	84	84	84	84	84	84	84	84	84	83	83	83	84	84	84	83	83	83	83	83	83	83	83	83	83	83	83	83	83	84	83	83	83	83	83	83	83	84	84	84	83	83	83	83	83	83	83	83	83	83	83	83	83	83	84	84	83	83	83	83	84	84	84	83	83	83	83	83	83	83	83	84	84	83	83	83	83	83	83	83	83	83	83	83	83	83	83	83	83	83	83	83	83	83	83	83	83	83	83	83	83	83	83	84	83	83	83	83	83	83	83	83	83	84	84	84	83	83	83	83	83	83	84	84	83	83	83	84	84	84	84	84	83	83	83	83	83	83	83	84	84	83	83	83	84	84	84	84	83	83	84	84	84	84	84	83	84	84	84	84	84	84	84	84	84	83	84	84	84	83	83	84	83	84	83	83	83	83	83	83	83	84	84	84	84	83	83	83	83	84	84	84	83	83	83	84	84	83	83	83	83	83	83	83	84	83	83	83	83	83	83	83	83	83	83	83	83	84	84	84	83	83	83	83	83	83	84	84	83	83	83	83	83	83	83	83	83	83	83	83	83	83	83	83	83	83	83	84	84	84	84	83	83	83	83	84	84	84	84	84	83	83	83	83	83	83	83	83	83	84	83	83	83	83	83	83	83	83	83	83	83	83	83	84	84	83	83	83	83	83	84	83	83	84	84	84	83	83	83	84	84	84	84	84	83	83	83	84	84	84	84	84	84	84	84	84	84	84	84	84	84	84	84	84	84	84	84	84	84	84	84	84	84	84	84	84	84	84	84	84	84	84	84	84	84	84	84	84	84	84	84	84	84	84	84	84	84	84	84	84	84	84	84	84	84	84	84	84	84	84	84	84	84	84	84	84	84	83	83	83	84	84	84	84	83	83	84	83	83	84	84	84	84	84
84	83	83	83	83	83	83	83	83	83	83	83	83	83	84	84	83	83	83	83	83	83	83	83	83	83	83	83	83	83	83	83	83	83	83	83	83	83	83	82	83	83	83	83	83	83	83	83	83	83	82	83	83	83	83	83	83	83	83	83	83	83	83	83	83	83	83	83	83	83	83	83	83	83	83	83	83	83	83	83	83	83	83	83	83	83	83	83	83	83	83	83	83	83	83	83	83	83	83	83	83	83	83	83	83	83	83	83	83	84	84	84	84	84	83	83	83	83	83	83	83	83	83	83	83	83	83	83	83	83	83	83	83	83	83	83	83	83	83	83	83	83	83	83	83	83	83	83	83	83	83	83	83	83	83	84	83	83	83	84	84	84	83	83	83	83	83	83	83	83	83	83	83	83	83	82	83	83	83	83	83	83	84	84	84	83	83	83	83	83	83	83	83	83	83	83	83	83	83	83	83	83	83	83	83	83	83	83	84	84	84	84	84	84	84	84	84	84	84	84	84	84	83	83	84	84	84	84	84	84	84	84	84	84	84	84	84	84	84	84	84	84	84	84	84	84	84	84	84	84	84	84	84	84	84	83	83	83	83	83	83	84	83	83	83	83	83	83	83	83	83	83	83	83	83	84	83	83	84	83	84	83	83	83	83	83	84	84	84	83	83	83	83	83	83	83	83	83	83	83	83	83	83	83	83	83	83	83	83	83	83	83	83	83	83	83	83	83	83	83	83	83	83	83	83	83	83	83	83	83	83	83	83	83	84	84	84	83	83	83	83	83	84	84	84	84	84	84	84	84	83	83	83	83	84	83	84	84	84	84	84	84	84	84	84	83	83	83	84	84	83	83	84	84	83	83	83	84	83	83	83	83	83	83	83	83	84	84	84	84	84	83	83	84	83	83	84	84	84	84	84	84	84	84	84	83	83	84	84	84	84	84	84	84	83	83	83	83	83	83	83	83	83	83	83	83	83	83	83	84	84	83	83	83	83	84	84	84	84	84	84	84	84	84	84	84	84	84	84	84	83	84	84	84	83	83	83	83	84	84	84	83	83	83	83	83	83	83	83	83	83	83	83	83	83	83	83	83	83	83	83	83	83	83	83	83	83	83	83	83	83	83	84	84	83	83	83	83	83	83	83	83	83	83	83	84	84	84	83	83	83	83	83	83	83	83	84	84	84	84	84	84	83	83	83	83	84	84	83	83	83	83	83	83	83	84	84	84	84	83	83	83	83	83	83	84	84	84	84	84	84	84	84	84	84	84	84	84	84	84	84	84	84	84	84	84	84	84	84	84	84	84	84	84	84	84	84	84	84	84	84	84	84	84	84	84	84	83	83	84	84	84	84	84	84	84	84	84	84	84	84	84	84	84	84	83	83	84	84	83	84	84	84	84	84	84	84	84	84	84	84	84	84	84	84	84	84	84	84	84	84	84	85	85	84	84	84	84	84	84
84	83	83	83	83	83	83	83	83	83	83	83	83	83	84	84	83	83	83	83	83	83	83	83	83	83	83	83	83	83	83	83	83	83	83	83	83	83	83	83	83	83	83	83	83	83	83	83	83	83	83	83	83	83	83	83	83	83	83	83	83	83	83	83	83	83	83	83	83	83	83	83	82	82	82	83	83	83	83	83	83	83	83	83	83	83	83	83	83	83	83	83	83	83	83	83	83	83	83	83	83	83	83	83	83	83	83	83	83	84	84	84	84	84	83	83	83	83	83	83	83	83	83	83	83	83	83	83	83	83	83	83	83	83	83	83	83	83	83	83	83	83	83	83	83	83	83	83	83	83	83	83	83	83	83	84	83	83	83	84	84	84	83	83	83	83	83	83	83	83	83	83	83	83	83	82	83	83	84	83	83	83	83	84	83	83	83	83	83	83	83	83	83	83	83	83	83	83	83	83	83	83	83	83	83	83	83	83	84	84	84	84	84	84	84	84	84	84	84	84	84	83	83	83	84	84	84	84	84	84	84	84	84	84	84	84	84	84	84	84	84	84	84	84	84	84	84	84	84	84	84	84	84	84	84	84	84	84	83	83	83	84	83	83	83	83	83	83	83	83	83	83	83	83	83	84	83	84	84	83	84	83	83	84	83	83	83	83	83	83	83	83	83	83	84	83	83	83	83	83	83	83	83	83	83	83	83	83	83	83	83	83	83	83	83	83	83	83	83	83	83	83	83	83	83	83	83	83	83	83	83	83	83	83	84	83	83	83	83	83	83	83	84	84	84	84	84	84	84	84	84	84	84	83	83	83	84	84	84	83	83	83	84	84	84	84	83	83	84	84	83	83	83	83	83	83	83	83	84	84	84	84	83	83	83	83	84	84	84	84	84	83	83	84	84	83	83	84	84	84	84	84	84	84	84	83	83	84	84	84	84	84	84	84	83	83	83	83	83	83	83	83	83	83	83	83	83	83	83	84	84	83	83	83	83	84	84	84	84	84	84	84	84	84	84	84	84	84	84	83	83	83	84	84	83	83	83	83	84	84	84	83	84	83	83	83	83	83	83	83	83	83	83	83	83	83	83	83	83	83	83	83	83	83	83	83	84	84	83	83	84	84	84	84	83	83	83	83	83	83	83	83	83	83	83	83	83	83	83	83	83	84	83	83	84	84	84	83	83	83	83	84	83	83	83	83	84	84	83	83	83	84	84	83	83	84	84	84	83	83	84	84	83	83	83	84	84	84	84	84	84	84	84	84	84	84	84	84	84	84	84	84	84	84	84	84	84	84	84	84	84	84	84	84	84	84	84	84	84	84	84	84	84	84	83	83	83	84	84	84	84	84	84	84	84	84	84	84	84	84	84	84	84	84	83	83	83	84	84	83	84	84	84	84	84	84	84	84	84	84	84	84	84	84	84	84	84	84	84	84	84	84	84	84	84	84	84	84	84	84
84	83	83	83	83	83	83	83	83	83	83	83	83	83	83	83	83	83	83	83	83	83	83	83	83	83	83	83	83	83	83	83	83	83	83	83	83	83	83	83	83	83	83	83	83	83	83	83	83	83	83	83	83	83	83	83	83	83	83	83	83	83	83	83	83	83	83	83	83	83	83	83	83	83	83	83	83	83	83	83	83	83	83	83	83	83	83	83	83	83	83	83	83	83	83	83	83	83	83	83	83	83	83	83	83	83	83	83	83	84	83	84	84	84	83	83	83	83	83	83	83	83	83	83	83	83	83	83	83	83	83	83	83	83	83	83	83	83	83	83	83	83	83	83	83	83	83	83	83	83	83	83	83	83	83	84	83	83	83	84	84	84	83	83	83	83	83	83	83	83	83	83	83	83	83	83	83	84	84	83	83	83	83	83	83	83	83	83	83	83	83	83	83	83	83	83	83	83	83	83	83	83	83	83	83	83	83	84	84	84	84	84	84	84	84	84	84	84	84	84	84	84	83	84	84	84	84	84	84	84	84	84	84	84	84	84	84	84	84	84	84	84	84	84	84	84	84	84	84	84	84	84	84	84	84	84	84	84	83	83	83	83	83	83	83	83	84	84	83	83	83	83	83	83	83	84	83	83	84	83	84	83	83	84	83	83	83	83	83	84	83	83	83	83	84	84	84	83	83	83	83	83	83	83	83	83	83	83	83	83	83	83	83	83	83	83	83	83	83	83	83	83	83	83	83	83	83	83	83	83	83	83	83	83	83	83	84	84	83	83	83	83	84	84	84	84	84	84	84	83	84	84	84	84	83	83	84	84	84	83	83	83	84	84	84	84	84	84	84	84	83	83	83	83	83	83	83	83	84	84	84	84	84	84	83	83	84	84	84	84	84	84	83	84	84	84	84	84	84	84	83	84	84	84	84	83	83	84	84	84	84	84	84	84	83	83	83	83	83	83	83	83	83	83	83	83	83	84	84	84	84	83	83	83	83	84	84	84	84	84	84	84	84	84	84	84	84	84	84	84	84	84	84	84	84	84	84	84	84	84	84	83	84	83	83	83	83	83	83	83	83	83	83	83	83	83	83	83	83	83	83	83	83	83	83	83	83	83	83	83	84	83	84	84	83	83	83	83	83	83	83	83	83	83	83	83	83	83	84	84	84	84	84	84	84	84	84	83	83	83	83	84	83	83	83	83	84	84	83	83	83	84	84	84	83	84	84	84	83	83	83	84	83	83	83	84	84	84	84	84	84	84	84	84	84	84	84	84	84	84	84	84	84	84	84	84	84	84	84	84	84	84	84	84	84	84	84	84	84	84	84	84	84	84	83	83	83	84	84	84	84	84	84	84	84	84	84	84	84	84	84	84	84	84	83	83	83	84	84	84	84	84	84	84	84	84	84	84	84	84	84	84	84	84	84	84	84	84	84	84	84	84	83	83	84	84	84	84	84	84
84	83	83	83	83	83	83	83	83	83	83	83	83	83	83	83	83	83	83	83	83	83	83	83	83	83	83	83	83	83	83	83	83	83	83	83	82	83	83	83	83	83	83	83	83	83	83	83	83	83	83	83	83	83	83	83	83	83	83	83	83	83	83	83	83	83	83	83	82	83	83	84	83	83	83	83	83	83	83	83	83	83	83	83	83	83	83	83	83	83	83	83	83	83	83	83	83	83	83	83	83	83	83	83	83	83	84	84	84	84	83	83	83	83	83	83	83	83	83	83	83	83	83	83	83	83	83	83	83	83	83	83	83	83	83	83	83	83	83	83	83	83	83	83	84	84	84	84	83	83	83	83	83	84	84	84	84	83	84	83	83	84	83	83	83	83	83	83	83	83	83	83	83	83	83	83	83	83	83	83	83	82	83	83	83	83	83	83	83	83	83	83	83	83	83	83	83	83	83	83	83	83	83	84	83	83	83	84	84	84	83	84	84	84	84	84	83	83	84	84	84	84	84	84	84	84	84	84	84	84	84	84	84	84	84	84	83	83	84	84	84	84	84	84	84	84	84	84	84	84	84	83	84	84	84	84	84	84	84	84	83	83	83	83	83	83	84	84	84	83	83	83	84	83	84	84	84	83	83	83	83	83	83	83	83	83	83	83	83	84	83	83	83	83	83	84	83	83	83	83	83	83	83	83	83	83	83	83	83	83	83	83	83	83	83	83	83	83	83	83	83	83	83	83	83	83	83	83	83	83	83	84	84	83	83	83	84	84	84	83	83	83	84	84	84	84	84	84	83	83	83	84	84	84	84	83	84	84	84	83	83	83	83	83	83	83	83	83	84	84	84	83	83	83	84	84	83	83	83	84	84	84	84	84	84	83	84	84	84	84	84	84	84	83	84	84	83	83	83	83	83	84	83	83	83	83	84	83	84	84	84	83	83	84	84	83	84	83	84	84	84	83	83	83	83	83	84	84	84	84	83	83	83	83	83	84	84	83	84	84	83	83	83	84	84	84	83	83	83	84	84	84	84	84	84	84	84	84	84	84	84	84	84	83	83	83	83	83	83	83	83	83	83	83	83	83	83	83	83	83	83	83	83	83	83	83	83	83	83	83	83	83	83	83	83	83	83	83	83	83	83	83	83	83	83	83	83	83	84	84	84	84	84	84	83	84	84	83	83	84	84	83	83	83	84	84	83	83	83	83	84	84	84	84	84	84	84	84	84	83	83	83	84	83	83	84	84	84	84	84	84	83	84	84	84	84	84	84	84	84	84	83	83	83	83	83	84	84	84	84	84	84	84	84	84	84	84	84	84	84	84	84	84	84	84	84	84	84	84	84	84	84	84	84	84	84	84	84	83	83	83	84	84	84	83	83	84	84	84	84	84	84	84	84	84	84	84	84	84	84	84	84	84	84	84	84	84	84	84	84	84	84	83	83	84	85	85	84	84	84
84	83	83	83	83	83	83	83	83	83	83	83	83	83	83	83	83	83	83	83	83	83	83	83	83	83	83	83	83	83	82	83	83	83	83	83	83	83	83	83	83	83	83	83	83	83	83	83	83	83	83	83	83	83	83	83	83	83	83	83	83	83	83	83	83	83	83	83	82	83	83	84	83	83	83	83	83	83	83	83	83	83	83	83	83	83	83	83	83	83	83	83	83	83	83	83	83	83	83	83	83	83	83	83	83	83	84	84	84	84	83	83	83	83	83	83	83	83	83	83	83	83	83	83	83	83	83	83	83	83	83	83	83	83	83	83	83	83	83	83	83	83	83	83	84	84	84	84	83	83	83	83	84	84	84	84	84	84	84	83	83	84	84	84	83	83	83	83	83	83	83	83	83	83	83	84	83	83	83	83	83	82	83	83	83	83	83	83	83	83	83	83	83	83	83	83	83	83	83	83	83	83	83	84	83	83	83	84	84	84	83	84	84	84	84	84	83	83	84	84	84	84	84	84	84	84	84	84	84	84	85	85	84	84	84	84	84	84	84	84	84	84	84	84	84	84	84	84	84	84	84	83	84	84	84	84	84	84	84	84	83	83	83	83	83	83	83	83	83	83	83	83	84	83	84	84	84	83	83	83	83	83	83	83	83	83	83	83	84	84	84	84	83	83	83	83	83	83	84	83	83	83	83	83	83	83	83	83	83	83	83	83	83	83	83	83	83	83	83	83	83	83	83	83	83	83	83	83	83	83	83	84	84	83	83	83	83	83	83	83	83	83	84	84	84	84	84	84	83	83	83	84	84	84	84	83	84	84	84	83	83	83	83	83	83	83	83	83	84	84	83	83	83	83	84	84	83	83	83	84	84	84	84	84	84	83	84	84	84	84	84	84	84	84	83	83	83	83	83	83	83	84	83	83	83	83	84	83	84	84	84	83	83	84	84	83	84	83	84	84	84	83	83	83	83	83	84	84	84	84	84	84	84	84	84	84	83	83	84	84	83	83	83	84	84	84	83	83	83	84	84	84	84	84	84	84	84	84	84	84	84	84	84	83	83	83	83	83	83	83	83	83	83	83	83	83	83	83	83	83	83	83	83	84	84	83	83	84	84	83	83	83	83	83	83	83	83	83	83	83	83	83	83	83	83	83	83	83	83	83	83	83	83	83	83	83	83	83	83	84	83	83	83	83	84	83	83	83	83	84	84	84	84	84	83	84	83	83	83	83	83	83	84	83	83	84	84	84	84	84	84	84	84	84	84	84	84	84	84	84	84	84	84	84	84	84	84	84	84	84	84	84	84	84	84	84	84	84	84	84	84	84	84	84	84	84	84	84	84	84	84	84	84	84	84	84	84	84	83	83	83	84	84	84	84	84	84	84	84	84	84	84	84	84	84	84	84	84	84	84	84	84	84	84	84	84	84	84	84	84	84	84	83	83	84	84	84	84	84	84
84	83	83	83	83	83	83	83	83	83	83	83	83	83	83	83	83	83	83	83	83	83	83	83	83	83	83	83	83	83	83	83	83	83	83	83	83	83	83	83	83	83	83	83	83	83	83	83	83	83	83	83	83	83	83	83	83	83	83	83	83	83	83	83	83	83	83	83	83	83	83	83	83	83	83	83	83	83	83	83	83	83	83	83	83	83	83	83	83	83	83	83	83	83	83	83	83	83	83	83	83	83	83	83	83	83	84	84	84	83	83	83	83	83	83	83	83	83	83	83	83	83	83	83	83	83	83	83	83	83	83	83	83	83	83	83	83	83	83	83	83	83	83	83	84	84	84	84	84	83	83	83	83	83	83	84	84	83	84	83	83	84	83	83	83	83	83	83	83	83	83	83	83	83	83	84	83	83	83	83	83	83	83	83	83	83	83	83	83	83	83	83	83	83	83	83	83	83	83	83	83	83	83	83	83	83	84	84	84	84	84	84	84	84	84	84	84	84	84	84	84	84	84	84	84	84	84	84	84	84	84	84	84	84	84	84	84	84	84	84	84	84	84	84	84	84	84	84	84	84	84	84	84	84	84	84	84	84	84	84	84	83	83	83	83	83	83	83	83	83	83	83	83	83	83	83	83	83	83	83	84	83	83	83	83	83	83	83	83	84	84	84	84	84	83	83	83	83	83	84	83	83	83	83	83	83	83	83	83	83	83	83	83	84	83	83	83	83	83	83	83	83	83	83	83	83	83	83	83	83	83	83	83	83	83	83	83	83	83	83	83	83	84	84	84	84	84	84	83	83	83	84	84	84	83	83	84	84	84	83	83	83	83	83	83	83	83	83	84	83	83	83	83	84	84	84	83	83	83	84	84	84	84	84	84	84	84	84	84	84	84	84	84	83	83	83	83	83	84	84	83	83	83	83	83	83	84	83	84	84	84	84	84	84	84	84	84	84	84	84	83	83	83	83	83	83	84	84	84	84	84	84	83	83	83	83	83	83	83	83	83	83	83	83	83	84	83	83	84	84	84	84	84	84	84	84	84	84	84	84	84	84	84	83	83	84	83	83	83	83	83	83	83	83	83	83	83	83	83	83	84	84	84	83	83	83	83	84	83	83	83	83	84	84	83	83	83	83	83	83	83	83	84	83	83	83	83	83	83	83	83	83	83	83	83	83	83	83	83	84	83	83	83	83	83	83	83	83	83	83	83	83	83	83	83	83	83	83	83	83	83	84	84	83	83	84	84	84	84	84	84	84	84	84	84	84	84	84	84	84	84	84	84	84	84	84	84	84	84	84	84	84	84	84	84	84	84	84	84	84	84	84	84	84	84	84	84	84	84	84	84	84	84	84	84	84	84	84	84	83	84	84	84	84	84	84	84	84	84	84	84	84	84	84	84	84	84	84	84	84	84	84	84	84	84	84	83	84	84	84	84	84	83	83	83	83	83	84	84	84
84	83	83	83	83	83	83	83	83	83	83	83	83	83	83	83	84	84	83	83	83	83	83	83	83	83	83	82	83	83	83	83	83	83	83	83	83	83	82	82	82	83	83	84	83	83	83	83	83	83	83	83	83	83	83	83	83	83	83	83	83	83	82	83	83	83	83	83	83	83	83	83	83	83	83	83	83	83	83	83	83	83	83	83	83	83	83	83	83	83	83	83	83	83	83	83	83	83	83	83	83	84	83	83	83	83	84	83	83	83	83	83	83	83	83	83	83	83	83	83	83	83	83	83	83	83	83	83	83	83	83	83	83	83	83	83	83	83	84	83	83	83	83	84	84	83	83	83	84	84	84	83	83	83	83	84	83	83	83	83	83	83	83	83	83	83	83	83	83	83	83	83	83	83	83	83	83	83	83	83	83	83	83	83	83	83	83	83	83	83	83	83	83	83	83	83	83	84	83	83	83	83	83	83	83	84	84	84	84	84	84	84	84	84	84	84	84	84	84	84	84	84	84	84	84	84	84	84	84	84	84	84	84	84	84	84	84	84	84	84	84	84	84	84	84	84	84	84	84	84	84	84	84	84	84	84	84	84	84	84	84	84	83	84	83	83	83	83	83	83	83	83	83	83	83	83	83	83	83	83	84	84	83	83	83	83	83	83	83	84	84	84	84	84	83	83	83	83	83	84	84	83	83	83	83	83	83	83	83	83	83	84	83	84	83	83	83	83	83	83	83	83	83	83	83	83	83	83	83	83	83	83	83	83	83	83	83	84	84	84	84	84	84	84	84	84	84	84	84	84	84	84	83	83	83	83	84	84	84	84	84	83	83	83	83	84	84	83	84	84	84	84	84	84	84	84	83	83	84	84	84	84	84	84	84	84	84	84	84	84	84	84	84	83	83	83	83	84	84	84	84	84	84	83	83	83	83	84	84	84	84	83	84	84	83	84	84	84	83	83	83	83	83	83	83	84	84	84	84	84	84	84	83	83	83	83	83	83	83	83	83	84	84	83	83	83	83	83	83	83	83	83	84	84	84	84	84	84	84	84	84	83	84	84	84	84	83	83	83	83	83	83	83	83	83	83	83	83	83	83	84	84	84	83	83	83	83	83	83	83	83	83	84	84	83	83	83	83	83	83	83	83	83	83	83	84	84	83	83	83	83	83	83	83	83	83	83	83	84	84	83	83	84	83	83	83	83	83	83	83	83	83	83	83	83	83	83	83	83	83	84	84	84	83	83	83	84	84	84	84	84	84	84	84	84	84	84	84	84	83	84	84	84	84	84	83	83	84	84	84	84	84	84	83	84	84	84	84	84	84	84	84	84	84	84	84	84	84	84	84	83	84	84	84	83	84	84	84	84	84	84	84	84	84	84	84	84	84	84	83	83	83	84	84	84	84	84	84	84	84	84	83	83	84	84	84	83	84	84	84	84	84	83	83	84	83	83	83	83	83
83	83	83	83	83	83	83	83	83	83	83	83	83	83	83	83	84	84	83	83	83	83	83	83	83	83	83	82	83	83	83	83	83	83	83	83	83	83	82	82	82	83	83	84	83	83	83	83	83	83	83	83	83	83	83	83	83	83	83	83	83	83	82	83	83	83	83	83	83	83	83	83	83	83	83	83	83	83	83	83	83	83	83	82	82	82	83	83	83	83	83	83	83	83	83	83	83	83	83	83	83	84	83	83	83	83	84	83	83	83	83	83	83	83	83	83	83	83	83	83	83	83	83	83	83	83	83	83	83	83	83	83	83	83	83	83	83	83	84	83	83	83	83	84	84	83	83	83	84	84	84	83	83	83	84	84	84	83	84	83	83	83	83	83	83	83	83	83	83	83	83	83	84	83	83	83	83	83	83	83	83	83	83	83	83	83	83	83	83	83	83	83	83	83	83	83	83	84	83	83	83	83	83	83	83	84	84	84	84	84	84	84	84	84	84	84	84	84	84	84	84	84	84	84	84	84	84	84	84	84	84	84	84	84	84	84	84	84	84	85	85	84	84	84	84	84	84	84	84	84	84	84	84	84	84	84	84	84	84	84	84	84	83	84	83	83	83	83	83	83	83	83	83	83	83	83	83	83	83	83	84	84	83	83	83	83	83	83	83	84	84	84	83	83	83	83	83	83	83	84	84	83	83	83	83	83	83	83	83	83	83	83	83	83	83	83	83	83	83	83	83	83	83	83	83	83	83	83	83	83	83	83	83	83	83	83	83	84	84	84	84	84	84	84	84	84	84	84	84	84	84	84	83	83	83	83	84	84	84	84	84	84	83	83	83	84	84	84	84	84	83	84	84	84	84	84	83	83	83	84	84	84	84	84	84	84	84	84	84	84	84	84	84	83	83	83	83	84	84	84	84	84	84	84	83	83	83	84	84	84	83	83	83	84	83	84	84	84	83	83	83	83	83	83	83	84	84	84	84	84	84	84	83	83	83	83	83	83	83	83	83	84	84	83	83	83	83	83	83	83	83	84	84	84	84	84	84	84	84	84	84	83	84	84	84	84	83	83	83	83	83	83	83	83	83	83	83	83	83	83	84	84	84	83	84	83	83	84	83	83	84	83	83	83	83	83	83	83	83	83	83	83	83	83	83	83	83	83	84	83	83	83	83	83	83	84	83	83	84	84	83	83	83	83	83	83	84	84	83	83	83	83	83	83	83	84	83	83	84	84	84	84	84	84	83	83	84	84	84	84	84	84	84	84	84	84	84	84	84	84	84	84	84	84	84	83	83	84	84	84	84	84	84	83	84	84	84	84	84	84	84	84	84	84	84	84	84	84	84	84	83	84	84	84	83	84	84	84	84	84	84	84	84	84	84	84	83	83	83	83	83	83	84	84	84	84	84	84	84	84	84	83	83	84	84	84	83	84	84	85	85	84	83	83	84	83	83	83	83	83
83	83	83	83	83	83	83	83	83	83	83	83	83	83	83	83	83	83	83	83	83	83	84	84	83	83	83	83	83	83	83	83	83	83	83	83	83	83	83	83	83	83	83	83	83	83	83	83	83	83	83	83	83	83	83	83	83	83	83	83	83	83	83	83	83	83	83	83	83	83	83	83	83	83	83	83	83	83	83	83	83	83	83	82	83	82	83	83	83	83	83	83	83	83	83	83	83	83	83	83	83	83	83	83	83	83	84	84	83	83	83	83	83	83	83	83	83	83	83	83	83	83	83	83	83	83	83	83	83	83	83	83	83	83	83	83	83	83	83	83	83	83	83	83	83	83	84	84	83	83	83	83	83	83	83	83	83	83	83	83	83	83	83	83	83	83	83	83	83	83	83	83	83	83	83	83	83	83	83	83	83	83	83	83	83	83	83	83	83	83	83	83	83	83	83	83	83	83	83	83	83	83	83	83	84	84	84	84	84	84	84	84	84	84	84	84	84	84	84	84	84	84	84	84	84	84	84	84	84	84	84	84	84	84	84	84	84	84	84	84	84	85	84	84	84	84	84	84	84	84	84	84	84	84	84	84	84	84	84	84	84	84	84	84	83	83	83	83	83	83	83	83	83	83	83	83	83	83	83	83	83	83	83	83	83	83	83	83	83	84	84	83	83	83	83	84	83	83	83	83	84	83	83	84	83	83	83	83	83	83	83	83	83	83	83	83	83	83	83	83	83	83	83	83	83	83	83	83	83	83	83	83	83	83	84	83	83	84	84	84	84	84	84	84	84	84	84	84	84	84	84	83	83	83	83	83	83	84	84	83	84	84	84	83	83	84	84	84	83	84	83	84	83	84	84	84	83	84	83	83	83	83	84	84	84	84	84	84	84	84	83	83	83	83	84	83	83	83	84	83	83	84	84	84	84	83	83	84	84	84	84	83	83	84	83	83	83	83	83	83	83	84	84	84	84	84	84	83	83	83	83	83	83	83	83	83	83	83	83	83	83	83	84	83	83	83	84	84	84	84	84	84	83	83	83	83	83	84	84	84	84	83	83	83	83	83	83	83	83	84	84	84	84	83	83	83	83	83	83	83	83	83	83	83	84	83	83	83	83	83	83	83	83	83	84	84	83	83	83	83	83	83	83	83	82	83	83	83	83	83	83	83	83	84	84	84	84	84	84	84	83	83	84	84	84	83	84	83	83	83	83	83	83	83	83	84	83	84	84	84	84	84	84	84	84	84	84	84	84	84	84	84	84	84	84	84	84	84	84	84	84	84	84	84	84	84	84	84	84	84	84	84	84	84	84	84	84	84	84	84	84	84	84	84	84	84	84	84	84	84	84	84	84	84	84	84	84	84	84	84	84	84	84	84	84	84	83	83	83	83	83	83	83	83	83	84	84	84	84	84	84	84	84	84	84	83	83	83	84	84	84	84	83	83	83	83	83	83	83	83
83	83	83	83	83	83	83	83	83	83	83	83	83	83	83	83	83	83	83	83	83	84	84	84	83	83	83	83	83	83	83	83	83	83	83	83	83	83	83	83	83	83	83	83	83	83	83	83	83	83	83	83	83	83	83	83	83	83	83	83	83	83	83	83	83	83	83	83	83	83	83	83	83	83	83	83	83	83	83	83	83	83	83	83	83	83	83	83	83	83	83	83	83	84	83	83	83	83	83	83	83	83	83	83	83	83	84	84	84	83	83	83	83	83	83	83	83	83	83	83	83	83	83	83	83	83	83	83	83	83	83	83	83	83	83	83	83	83	83	83	83	84	83	83	83	84	84	84	83	83	83	83	83	83	83	82	82	83	83	83	83	83	83	83	83	83	83	83	83	83	83	83	83	83	83	83	83	83	83	83	83	83	83	83	83	83	83	83	83	83	83	83	83	83	83	83	83	83	83	83	83	83	83	84	84	84	84	84	84	84	84	84	84	84	84	84	84	84	84	84	84	84	84	84	84	84	84	84	84	84	84	84	84	84	84	84	84	84	84	84	84	84	84	84	84	84	84	84	84	84	84	84	84	84	84	84	84	84	84	84	84	84	84	84	83	83	83	83	83	83	83	83	83	83	83	83	83	83	83	83	83	83	83	83	83	83	84	83	83	84	83	83	83	83	83	84	83	83	83	83	84	83	83	84	83	83	83	83	83	83	83	83	83	83	83	83	83	83	83	83	83	83	83	83	83	83	83	83	83	83	83	83	83	83	84	83	84	84	84	84	84	84	84	84	84	84	84	84	84	83	83	83	83	83	83	83	83	83	83	83	84	84	84	83	83	83	83	83	83	84	83	83	83	84	84	84	83	83	84	84	83	83	83	84	83	83	84	84	84	84	83	83	83	84	84	84	83	83	84	84	83	84	84	84	84	83	83	84	84	84	84	83	84	84	83	83	83	83	83	83	83	84	84	84	84	84	84	83	83	83	83	83	83	83	83	83	83	83	83	83	83	83	83	83	83	83	84	84	84	84	84	84	83	83	83	83	83	84	84	84	83	84	84	83	83	83	83	83	84	84	84	84	84	84	84	83	83	83	83	83	83	83	83	83	83	83	83	83	83	83	83	83	83	83	83	84	83	83	83	83	83	83	83	83	83	83	83	84	83	83	83	83	84	84	83	84	83	83	84	84	83	83	83	84	84	83	84	83	83	83	83	83	83	83	84	84	84	84	84	84	84	84	84	84	84	84	84	84	84	84	84	84	84	84	84	84	84	84	84	84	84	84	84	84	84	84	84	84	84	84	84	84	84	84	84	84	84	84	84	84	84	84	84	84	84	84	84	83	83	83	84	84	84	84	84	84	84	84	84	84	84	84	84	84	84	84	84	84	84	84	83	83	83	83	83	84	84	84	84	84	84	84	84	84	84	84	84	83	83	84	84	84	83	83	83	83	83	83	83	83
83	83	83	83	83	83	83	83	83	83	83	83	83	83	83	83	83	83	83	83	83	83	84	84	83	83	83	83	83	83	83	83	83	83	83	83	83	83	83	83	83	83	83	83	83	83	83	83	83	83	83	83	83	83	83	83	83	83	83	83	83	83	83	83	83	83	83	83	83	83	83	83	83	83	83	83	83	83	83	83	83	83	83	83	83	83	83	83	83	83	83	83	83	84	83	83	83	83	83	83	83	83	83	83	83	83	84	84	84	83	83	83	83	83	83	83	83	83	83	83	83	83	83	83	83	83	83	83	83	83	83	83	83	83	83	83	83	83	83	83	84	84	83	83	83	84	84	84	83	83	83	83	83	83	83	83	83	83	83	83	83	83	83	83	83	83	83	83	83	83	83	83	83	83	83	83	83	83	83	83	83	83	83	83	83	83	83	83	83	83	83	83	83	83	83	83	83	83	83	83	83	83	83	84	84	84	84	84	84	84	84	84	84	84	84	84	84	84	84	84	84	84	84	84	84	84	84	84	84	84	84	84	84	84	84	84	84	84	84	84	84	84	84	84	84	84	84	84	84	84	84	84	84	84	84	84	84	84	84	84	84	84	84	84	83	83	83	83	83	84	83	83	83	83	83	83	83	83	83	83	83	83	83	84	84	83	84	83	83	84	83	83	83	83	83	84	83	83	83	83	84	83	83	84	83	83	83	83	83	83	83	83	83	83	83	83	83	83	83	83	83	83	83	83	83	83	83	83	83	83	83	84	83	83	84	83	84	84	84	84	84	84	84	84	84	84	84	84	83	83	83	83	83	83	83	83	83	83	83	83	83	84	84	84	83	83	83	83	83	83	83	83	83	84	84	84	83	83	84	84	83	83	83	83	83	83	83	84	84	83	83	83	83	84	84	84	83	83	83	83	83	84	84	84	84	83	83	84	84	84	84	83	83	83	83	83	83	83	83	83	83	84	84	84	84	84	84	83	83	83	83	83	83	83	83	83	83	83	83	83	83	83	83	83	83	83	84	84	84	84	84	84	83	83	83	83	83	84	84	84	84	83	83	84	83	83	83	83	83	84	84	84	84	84	84	84	84	83	83	84	84	84	83	83	83	83	83	83	84	84	83	84	84	83	83	83	83	83	84	83	83	83	83	83	83	83	83	84	83	83	83	83	83	83	83	83	83	83	83	84	83	83	83	83	84	83	83	83	83	83	83	83	83	84	84	84	84	84	84	84	84	84	84	84	84	84	84	84	84	84	84	84	84	84	84	84	84	84	84	84	84	84	84	84	84	84	84	84	84	84	84	84	84	84	84	84	84	84	84	84	84	84	84	84	84	84	84	83	83	83	84	84	84	84	84	84	84	84	84	84	84	84	84	84	84	84	84	85	85	84	84	84	83	83	83	84	84	84	84	84	84	84	84	84	85	85	84	83	83	84	84	84	83	83	83	83	83	83	83	83
83	83	83	83	83	83	83	83	83	83	83	83	83	83	83	83	83	83	83	83	83	83	83	83	83	83	83	83	83	83	83	83	83	83	83	83	83	83	83	82	82	83	83	83	83	83	83	83	83	83	83	83	83	83	83	83	83	83	83	83	83	83	83	83	83	83	83	83	83	83	83	83	83	83	83	83	83	83	83	83	83	83	83	83	83	83	83	83	83	83	83	83	83	83	83	83	83	83	83	83	83	83	83	83	83	83	84	84	84	83	83	83	83	83	83	83	83	83	83	83	83	83	83	83	83	83	83	83	83	83	83	83	83	83	83	83	83	83	83	83	83	83	84	84	84	84	84	84	84	84	84	83	83	83	83	83	83	83	84	83	83	84	83	83	83	83	83	83	83	83	83	83	83	84	84	84	83	83	83	83	83	83	83	83	83	83	83	83	83	83	83	84	84	83	83	83	83	83	83	83	83	83	83	84	84	84	84	84	84	84	84	84	84	84	84	84	84	84	84	84	84	84	84	84	84	84	84	84	84	84	84	84	84	84	84	84	84	84	84	84	84	85	84	84	84	84	84	84	84	84	83	84	84	84	84	84	84	84	84	84	84	84	84	84	84	83	83	83	83	83	83	83	83	83	83	83	83	83	83	83	83	83	83	83	83	83	84	84	83	84	83	84	84	83	83	83	83	84	84	83	84	83	83	84	84	83	83	83	83	83	83	83	83	83	83	83	83	83	83	83	83	83	83	83	83	83	83	83	83	83	83	84	83	83	84	84	84	83	83	84	84	83	84	84	84	84	84	84	84	84	84	84	83	83	83	83	83	84	84	84	84	84	84	83	83	83	83	83	83	83	83	83	83	83	84	84	83	83	83	84	83	83	83	83	83	83	84	84	84	83	83	83	83	84	84	84	84	84	84	84	84	84	84	84	84	83	83	84	84	84	84	84	84	83	83	83	83	83	83	83	83	84	84	84	84	84	84	84	84	84	84	84	84	83	83	83	83	83	83	83	83	83	84	84	84	84	83	83	83	84	84	84	84	84	84	84	84	84	84	84	84	84	84	83	83	83	84	83	83	83	84	84	83	84	83	83	84	84	84	84	84	84	83	83	83	83	84	84	84	84	83	84	84	84	83	84	83	83	83	83	83	83	83	83	83	83	83	84	83	83	83	83	84	84	84	84	83	83	84	83	83	83	83	83	83	83	83	83	83	83	83	83	84	84	84	84	84	84	84	84	84	84	84	84	84	84	84	84	84	84	84	84	84	84	84	84	83	83	84	84	84	84	83	83	84	84	84	84	84	84	84	84	84	84	84	84	84	84	84	84	84	84	84	84	84	84	84	84	84	84	84	84	84	84	84	84	84	84	84	84	84	84	85	84	84	84	84	84	84	84	84	84	83	83	83	83	83	83	83	83	84	84	84	84	84	84	84	84	84	83	83	83	83	83	83	83	84	83	84	83
83	83	83	83	83	83	83	83	83	83	83	83	83	83	83	83	83	83	83	83	83	83	83	83	83	83	83	83	83	83	83	83	83	83	83	83	83	83	83	82	82	83	83	83	83	83	83	83	83	83	83	83	83	83	83	83	83	83	83	83	83	83	83	83	83	83	83	83	83	83	83	83	83	83	83	83	83	83	83	83	83	83	83	83	83	83	83	83	83	84	83	83	83	83	83	83	83	83	83	83	83	83	83	83	83	83	84	84	84	83	83	83	83	83	83	83	83	83	83	83	83	83	83	83	83	83	83	83	83	83	83	83	83	83	83	83	83	83	83	83	83	83	84	84	84	84	84	84	84	84	84	83	83	83	83	83	83	83	84	83	83	83	83	83	83	83	83	83	83	83	83	83	84	84	84	84	83	83	83	83	83	83	83	83	83	83	83	83	83	83	83	83	84	83	83	83	83	83	83	83	83	83	83	84	84	84	84	84	84	84	84	84	84	84	84	84	84	84	84	84	84	84	84	84	84	84	84	84	84	84	84	84	84	84	84	84	84	84	84	84	84	84	84	84	84	84	84	84	84	83	83	83	84	84	84	84	84	84	84	84	84	84	84	84	84	83	83	83	83	83	83	83	83	83	83	83	83	83	83	82	83	83	83	83	83	83	84	84	83	84	83	84	84	84	83	83	83	84	84	83	84	83	83	84	84	84	83	83	83	83	83	83	83	83	83	83	83	83	83	83	83	83	83	83	83	83	83	83	83	83	83	83	83	83	84	84	84	83	83	83	84	83	84	84	84	84	84	84	84	83	83	84	83	83	83	83	84	84	84	84	84	84	84	83	83	84	84	83	83	83	83	83	83	83	84	84	83	83	83	84	83	83	83	83	83	83	84	84	84	84	83	83	83	84	84	84	84	84	84	83	83	84	84	83	84	83	83	84	84	84	84	84	83	83	83	83	83	83	83	83	83	84	84	84	84	84	84	84	84	84	84	84	84	84	83	83	83	83	83	83	83	83	84	84	84	84	83	83	83	84	84	84	84	84	84	84	84	84	84	84	84	84	84	83	84	84	83	83	83	83	84	84	83	84	83	83	83	83	84	84	83	83	83	84	84	83	83	84	84	84	83	84	84	83	83	83	83	83	83	83	83	83	83	83	83	83	83	84	84	83	83	83	83	84	84	84	83	83	83	83	83	84	83	83	83	83	83	83	84	84	84	83	83	84	84	84	84	84	84	84	84	84	84	84	84	84	84	84	84	84	84	84	84	84	84	84	83	83	83	84	84	84	83	83	83	84	84	84	84	84	84	84	84	84	84	84	84	84	84	84	84	84	84	84	84	84	84	84	84	84	84	84	84	84	84	84	84	84	84	84	84	85	85	84	84	84	84	84	84	84	84	84	83	83	83	83	83	83	83	83	84	84	84	84	84	84	84	84	84	83	83	83	83	83	83	83	84	83	84	84
83	83	83	83	83	83	83	83	83	83	83	83	83	83	83	83	83	83	83	83	83	83	83	83	83	83	83	83	83	83	83	83	83	83	83	83	83	83	83	82	82	83	83	83	83	83	83	83	83	83	82	82	83	83	83	83	83	83	83	83	83	83	83	83	83	83	83	82	82	83	83	83	83	83	83	83	83	83	83	83	83	83	83	83	83	83	83	83	83	84	83	83	83	83	83	83	83	83	83	83	83	83	83	83	83	83	84	84	84	83	83	83	83	83	83	83	83	83	83	83	83	83	83	83	83	83	83	83	83	83	83	83	83	83	83	83	83	83	83	83	83	83	84	84	84	84	84	84	84	84	84	83	83	83	83	83	83	83	83	83	83	83	83	83	83	83	83	83	83	83	83	83	84	83	83	84	83	83	83	83	83	83	84	84	84	83	83	83	83	83	83	83	83	83	83	83	83	83	83	83	83	83	83	84	84	84	84	84	84	84	84	84	84	84	84	84	84	84	84	84	84	84	84	84	84	84	84	84	84	84	84	84	84	84	84	84	84	84	84	84	84	84	84	84	84	84	84	84	84	84	83	83	84	84	84	84	84	84	84	84	84	84	84	84	84	83	83	83	83	83	83	83	83	83	83	83	83	83	83	83	83	83	83	83	83	83	84	84	83	84	83	84	84	84	83	83	83	84	84	83	84	83	83	84	84	84	83	83	83	83	83	83	83	83	83	83	83	83	83	83	83	83	83	83	83	84	84	84	83	83	83	83	83	83	84	84	83	83	83	83	84	83	84	84	84	84	84	84	84	83	83	83	83	83	83	83	84	84	84	84	84	84	84	83	83	84	84	83	83	84	83	83	83	83	84	84	83	83	83	84	83	83	83	83	84	83	83	84	84	84	83	83	83	84	84	84	84	84	83	83	83	84	84	84	84	83	83	84	84	84	84	84	83	83	83	83	83	83	83	83	83	84	84	84	84	84	84	84	84	84	84	84	84	84	83	83	83	83	83	83	83	83	84	84	84	84	83	83	83	84	84	84	84	84	84	84	84	84	84	84	84	84	84	83	84	84	84	84	83	83	84	83	83	84	83	83	83	83	84	84	83	83	83	84	84	83	83	83	84	83	83	84	84	83	83	83	83	83	83	83	84	83	83	83	83	83	83	84	84	84	84	83	83	83	83	83	83	83	83	83	83	84	83	83	84	83	83	84	84	84	84	83	83	84	84	84	84	84	84	84	84	84	84	84	84	84	84	84	84	84	84	84	84	84	84	84	83	83	83	84	84	84	83	83	83	84	84	84	84	84	84	84	84	84	84	84	84	84	84	84	84	84	84	84	84	84	84	84	84	84	84	84	84	84	84	84	84	84	84	84	84	85	85	84	84	84	84	84	84	84	84	84	83	83	83	83	83	83	83	83	84	84	84	84	84	84	84	84	84	83	83	83	83	83	83	83	84	83	84	83
83	83	83	83	83	83	83	83	83	83	83	83	83	83	83	83	83	83	83	83	83	83	83	83	83	83	83	83	83	82	82	83	83	83	83	83	83	83	83	82	82	83	83	83	83	83	83	83	83	83	83	83	83	83	83	83	83	83	83	83	83	83	83	83	83	83	83	83	83	82	82	82	83	83	83	83	83	83	83	83	83	83	83	83	83	83	83	83	83	83	83	83	83	83	83	84	84	83	83	83	83	83	83	84	83	83	84	84	84	83	83	83	83	83	83	83	83	83	83	83	83	83	83	83	83	83	83	83	83	83	83	83	83	83	83	83	83	83	83	84	84	84	84	84	84	84	84	84	84	84	84	83	83	83	83	83	83	84	84	83	83	83	83	83	83	83	83	83	84	84	83	83	83	83	83	84	84	84	84	83	84	84	83	83	83	84	84	83	83	84	84	84	84	83	83	84	83	83	83	84	84	83	83	83	83	84	84	84	84	84	84	84	84	84	84	84	84	84	84	84	84	84	84	84	84	84	84	84	84	84	84	84	84	84	84	84	84	84	84	84	84	84	84	84	84	84	84	84	84	84	84	84	84	84	84	84	84	84	84	84	84	84	84	84	84	84	84	83	83	83	83	83	83	83	83	83	83	83	83	83	83	83	83	83	83	83	84	83	83	83	83	84	83	83	83	83	83	84	83	83	84	84	84	84	84	84	84	83	84	84	84	84	84	84	84	83	83	83	83	83	83	83	83	83	83	83	83	84	84	84	84	84	84	83	83	83	83	83	83	83	83	83	84	84	84	84	84	84	84	83	84	84	84	84	84	84	83	83	83	83	83	83	84	83	83	83	83	83	83	83	83	83	83	84	84	84	84	84	84	84	83	83	84	84	84	83	83	84	84	84	83	83	83	84	84	84	84	84	84	84	84	84	84	84	84	83	83	84	84	84	84	83	83	83	83	83	83	83	84	84	84	84	84	83	83	83	84	84	84	84	84	84	83	84	83	83	83	83	84	84	84	84	84	84	84	84	84	84	84	84	84	84	84	84	84	84	84	84	84	84	83	84	83	84	84	84	83	83	83	83	84	83	83	84	83	83	83	83	83	83	83	83	83	83	83	83	84	83	84	83	83	84	84	83	83	83	83	83	83	83	83	83	83	83	83	83	83	83	84	84	84	83	84	83	83	83	83	83	84	83	83	83	83	83	83	83	83	84	84	84	84	84	84	84	84	84	84	84	84	84	84	84	84	84	84	84	84	84	84	84	84	84	84	84	84	84	84	84	84	83	83	83	83	84	84	84	84	84	84	84	84	84	84	84	84	84	84	84	84	84	84	84	84	84	84	84	84	83	84	84	84	84	84	84	84	84	84	84	84	85	84	84	84	84	83	83	83	83	83	83	83	83	83	83	83	84	84	84	83	83	84	84	84	84	84	84	84	84	84	83	83	83	83	83	83	83	83	83	83	83
83	83	83	84	83	83	83	83	83	83	83	83	83	83	83	83	83	83	83	83	83	83	83	83	83	83	83	83	83	82	83	83	83	83	83	83	83	83	83	82	82	83	83	83	83	83	83	83	83	83	83	83	83	83	83	83	83	83	83	83	83	83	83	83	83	83	83	83	83	82	82	82	83	83	83	83	83	83	83	83	83	83	83	83	83	83	83	83	83	83	83	83	83	83	83	84	84	83	83	83	83	83	83	84	83	83	84	84	84	83	83	83	83	83	83	83	83	83	83	83	83	83	83	83	83	83	83	83	83	83	83	83	83	83	83	83	83	83	83	83	83	83	83	84	84	83	83	84	84	84	84	83	83	84	83	83	83	84	84	83	83	83	83	83	84	83	83	83	83	83	83	83	83	83	83	83	83	83	83	83	83	84	84	84	84	83	83	83	83	84	84	84	84	83	84	84	83	83	83	83	84	83	83	83	83	84	84	84	84	84	84	84	84	84	84	84	84	84	84	84	84	84	84	84	84	84	84	84	84	84	84	84	84	84	84	84	84	84	84	84	84	84	84	84	84	84	84	84	84	84	84	84	84	84	84	84	84	84	83	83	84	84	84	84	84	84	84	83	83	83	83	83	83	83	83	84	83	83	83	83	83	83	83	84	83	83	84	84	83	83	84	84	83	83	83	83	83	84	83	83	84	84	84	83	83	84	84	83	84	84	84	84	84	84	84	83	83	83	83	83	83	83	83	83	83	83	83	83	84	84	84	83	83	83	83	83	83	84	83	84	83	83	84	83	84	84	84	84	84	83	84	84	84	84	84	84	83	83	83	83	83	83	84	83	83	83	83	83	83	83	83	83	83	84	84	84	84	84	84	84	83	83	83	83	84	83	83	84	84	84	83	83	83	84	84	84	84	84	84	84	84	84	84	84	84	83	83	84	84	84	84	83	83	83	83	83	83	83	84	84	84	84	84	83	83	83	83	84	84	84	84	84	83	84	83	83	83	83	84	84	84	84	84	84	84	84	84	84	84	84	84	84	83	83	83	84	84	84	84	84	83	84	83	84	84	84	83	84	83	83	83	83	83	83	83	83	83	83	83	83	83	83	83	83	83	84	84	83	83	83	83	83	83	83	83	83	84	83	83	83	84	83	83	83	83	83	83	83	83	83	83	83	84	84	83	83	83	83	83	83	83	83	83	83	84	84	84	84	84	84	84	84	84	84	84	84	84	84	84	84	84	84	84	84	83	84	84	84	84	84	84	84	84	84	84	84	84	84	84	83	83	83	83	84	84	84	84	84	84	84	84	84	84	84	84	84	84	84	84	84	84	84	84	84	84	84	84	83	84	84	84	84	84	84	84	84	84	84	84	84	84	84	84	84	83	83	83	83	83	83	83	83	83	83	83	84	84	84	83	83	84	84	84	84	84	84	84	84	84	83	83	83	83	83	83	83	83	83	83	83
83	83	83	83	83	83	83	83	83	83	83	84	84	83	83	83	83	83	83	83	83	83	83	83	83	83	83	83	83	83	83	83	83	83	83	83	83	83	83	82	82	83	83	83	83	83	83	83	83	83	83	83	83	83	83	83	83	83	83	83	83	83	83	83	83	83	83	83	83	83	83	83	83	83	83	83	83	83	83	83	83	83	83	83	83	83	83	83	83	83	83	83	83	83	83	83	83	83	83	83	83	83	83	84	84	83	84	84	84	83	83	83	83	83	83	83	83	83	83	83	83	83	83	83	83	83	83	83	83	83	83	83	83	83	83	83	83	83	83	83	83	83	83	84	84	83	83	83	84	84	84	83	84	84	83	83	83	84	84	83	83	83	83	83	83	83	83	83	83	83	83	83	83	83	83	83	83	83	83	83	83	83	84	84	84	83	83	83	83	84	83	83	83	83	83	83	83	83	83	83	83	83	83	83	83	84	84	84	84	84	84	84	84	84	84	84	84	84	84	84	84	84	84	84	84	84	84	84	84	84	84	84	84	84	84	84	84	84	84	84	84	84	84	84	84	84	84	84	84	84	84	84	84	84	84	84	84	84	83	83	83	84	84	84	84	84	84	83	83	83	83	83	83	83	83	83	83	83	83	83	83	83	83	84	84	83	84	83	83	83	84	84	84	83	83	83	83	83	83	83	83	83	83	83	83	83	84	83	83	84	84	84	84	84	84	83	83	83	83	83	83	83	83	83	83	83	83	83	84	84	84	83	83	83	83	83	83	84	84	83	83	84	84	83	84	84	84	83	83	83	84	84	84	84	84	84	83	83	83	83	83	83	83	83	83	83	83	83	83	83	83	83	83	83	84	83	84	84	84	84	83	83	83	83	84	83	83	84	84	84	83	83	83	84	84	84	84	84	84	84	84	84	84	84	84	83	84	84	84	84	84	83	83	83	83	83	83	83	84	84	84	84	84	83	83	83	84	84	84	84	84	84	83	84	83	83	83	83	84	84	84	84	84	84	84	84	84	84	84	84	84	84	84	84	84	84	84	84	84	83	83	84	83	84	84	83	83	83	83	83	83	83	83	83	83	84	84	83	83	83	83	83	83	84	84	84	83	83	83	83	83	83	83	83	83	84	84	83	83	83	84	83	83	83	83	83	83	83	83	83	83	84	84	84	83	84	83	83	83	83	83	83	83	84	84	84	84	84	84	84	84	84	84	84	84	84	84	84	84	84	84	84	84	84	84	84	84	84	84	84	84	84	84	84	84	84	84	84	84	83	83	83	83	84	84	84	84	84	84	84	84	84	84	84	84	84	84	84	84	84	84	84	84	84	84	84	84	83	84	84	84	84	84	84	84	84	84	84	83	83	84	84	84	84	84	84	83	83	83	83	83	83	83	83	83	84	84	84	83	83	84	84	84	84	84	84	84	84	84	83	83	83	83	83	83	83	83	83	83	83
83	83	83	83	83	83	83	83	83	83	83	83	83	83	83	83	83	83	83	83	83	83	83	83	83	83	83	83	83	83	83	83	83	83	83	83	82	82	82	82	82	82	82	82	83	83	83	83	83	83	83	83	83	83	83	83	83	83	83	83	83	83	83	83	83	83	83	83	83	83	83	83	83	83	83	83	83	83	83	83	83	83	83	83	83	83	83	83	83	83	83	83	83	83	83	83	83	83	83	83	83	83	83	84	84	84	84	84	84	83	83	83	83	83	83	83	83	83	83	83	83	83	83	83	83	83	83	83	83	83	83	83	83	83	83	83	83	83	83	83	83	83	83	84	83	83	83	83	84	84	84	84	84	84	83	83	83	83	83	83	83	83	83	83	83	83	83	84	84	84	84	84	84	83	83	83	83	83	83	83	83	83	83	83	83	83	83	83	83	83	83	83	84	83	83	83	84	84	83	83	83	84	84	84	84	83	83	83	84	84	83	84	84	84	84	84	84	84	84	84	84	84	84	84	84	84	84	84	84	84	84	84	84	84	84	84	83	83	84	84	84	84	84	84	84	84	84	84	84	84	84	84	84	84	84	84	84	84	84	84	84	83	83	83	84	84	84	84	84	84	84	83	84	83	83	83	83	83	83	83	83	83	83	84	83	83	83	83	83	83	83	83	83	83	83	83	84	83	83	83	83	83	83	83	83	83	83	83	83	83	83	83	83	83	83	83	83	83	83	83	83	83	83	83	83	83	84	83	84	84	84	84	84	83	83	83	84	84	84	84	84	84	83	83	83	84	84	84	84	84	84	84	84	84	84	84	84	84	84	84	84	84	83	83	83	83	83	83	83	83	84	84	84	83	83	83	84	84	84	83	84	84	84	83	83	83	83	84	83	83	84	84	84	84	84	84	83	83	84	84	84	84	83	84	84	84	84	84	84	84	84	83	83	83	83	83	83	83	84	84	84	84	83	83	84	84	84	84	84	84	84	83	83	83	83	83	83	83	83	83	84	84	84	83	83	83	84	84	84	83	83	84	84	84	84	83	84	84	83	83	83	84	83	83	83	83	83	84	83	83	83	83	83	83	83	84	84	83	83	83	83	83	84	84	83	83	83	84	83	83	83	83	83	83	83	83	83	83	83	83	83	83	83	83	83	83	83	83	83	83	83	84	84	84	83	83	83	83	84	83	83	83	83	84	84	84	84	84	84	84	84	84	84	84	84	84	84	84	84	84	84	84	84	84	84	84	84	84	83	84	83	83	83	83	83	83	83	83	83	83	83	83	83	83	83	84	84	84	84	84	84	84	84	84	84	84	84	84	84	84	84	83	83	84	84	84	84	83	84	84	84	84	84	84	83	84	84	84	83	83	83	84	84	84	84	84	84	83	83	84	83	83	83	83	83	83	83	83	83	83	84	84	84	84	84	84	84	83	83	83	83	83	83	83	83	84	83	83	83	83
83	83	83	83	83	83	83	83	83	83	83	83	83	83	83	83	83	83	83	83	83	83	83	83	83	83	83	83	83	83	83	83	83	83	83	83	82	82	82	82	82	82	82	82	83	83	83	83	83	83	83	83	83	83	83	83	83	83	83	83	83	83	83	83	83	83	83	83	83	83	83	83	83	83	83	83	83	83	83	83	83	83	83	83	83	83	83	83	83	83	83	83	83	83	83	83	83	83	83	83	83	83	83	84	84	84	84	84	84	83	83	83	83	83	83	83	83	83	83	83	83	83	83	83	83	83	83	83	83	83	83	83	83	83	83	83	83	83	83	83	83	83	83	83	83	83	84	84	84	84	84	84	84	84	83	83	83	83	83	83	83	83	83	83	83	83	83	83	83	83	83	83	83	83	83	83	83	83	83	83	83	83	83	83	83	83	83	83	83	83	83	83	84	83	83	83	84	84	83	83	83	84	84	84	84	83	83	83	84	84	83	84	84	84	84	84	84	84	84	84	84	84	84	84	84	84	84	84	84	84	84	84	84	84	84	84	83	83	84	84	84	84	84	84	84	84	84	84	84	84	84	84	84	84	84	84	84	84	84	84	84	83	83	84	84	84	84	84	84	84	84	83	84	83	83	83	83	83	84	83	84	84	83	84	84	84	83	83	83	84	83	83	83	83	83	83	84	84	83	83	83	83	83	83	83	83	83	83	83	83	83	83	83	83	83	83	83	83	83	83	83	83	83	83	83	83	84	83	84	84	84	84	83	83	83	83	84	84	84	84	83	83	83	83	84	84	84	84	84	84	84	84	84	84	84	84	84	84	84	83	83	83	83	83	83	83	83	83	83	83	84	84	84	83	83	83	84	84	84	83	84	84	84	83	83	83	83	84	83	83	84	84	84	84	84	84	83	83	84	84	84	84	83	84	84	84	84	84	84	84	84	83	83	83	83	83	83	83	84	84	84	84	83	83	84	84	84	84	84	84	84	83	83	83	83	83	83	83	83	83	83	84	84	83	83	83	84	84	84	83	83	84	84	84	84	83	84	84	83	83	83	84	83	83	84	84	83	84	84	83	84	83	83	83	83	83	83	83	83	83	83	83	84	83	83	83	83	84	84	84	84	83	83	83	83	83	83	83	83	83	83	83	83	84	83	83	83	83	83	83	83	83	84	83	83	83	83	84	84	83	83	83	83	84	84	84	84	84	84	84	84	84	84	84	84	84	84	84	84	84	84	84	84	84	84	84	84	84	84	84	84	83	83	83	83	83	83	83	83	83	83	83	83	83	83	84	84	84	84	84	84	84	84	84	84	84	84	84	84	84	84	83	83	84	84	84	84	83	84	84	84	84	84	84	83	84	84	84	83	83	83	84	84	84	84	84	84	83	83	84	83	83	83	83	83	83	83	83	83	83	84	84	84	84	84	84	83	83	83	83	83	83	83	83	83	84	83	83	83	83
83	83	83	83	83	83	83	83	83	83	83	83	83	83	83	83	83	83	83	83	83	83	83	83	83	83	83	83	83	83	83	83	83	83	83	83	82	82	83	83	83	83	82	83	83	83	83	83	83	83	83	83	83	83	83	83	83	83	83	83	83	83	83	83	83	83	83	83	83	83	83	83	83	83	83	83	83	83	83	83	83	83	83	83	83	83	83	83	83	83	83	83	83	83	83	83	83	83	83	83	83	83	83	84	84	84	84	84	84	83	83	83	83	83	83	83	83	83	83	83	83	83	83	83	83	83	83	83	83	83	83	83	83	83	83	83	83	83	83	83	83	83	83	84	83	84	84	84	83	83	83	84	84	84	83	83	83	83	84	83	83	83	83	83	83	83	83	83	83	84	83	83	83	83	83	83	83	83	83	83	83	83	83	83	83	83	83	83	83	83	83	83	84	83	83	83	84	84	83	83	83	84	84	84	84	83	83	84	84	84	84	84	84	84	84	84	84	84	84	84	84	84	84	84	84	84	84	84	84	84	84	84	84	84	84	84	84	84	84	84	84	84	84	84	84	84	84	84	84	84	84	84	84	84	84	84	84	84	84	84	84	84	83	84	84	84	84	84	84	84	84	84	84	83	84	84	83	83	83	83	84	84	83	84	83	83	84	83	83	83	83	83	83	83	83	84	84	84	84	84	84	83	83	83	83	83	83	83	83	83	83	83	83	83	83	83	83	83	83	83	83	83	83	83	83	83	84	83	84	84	84	84	83	83	84	84	84	84	83	84	84	83	83	83	83	84	84	84	84	84	84	84	84	84	84	84	84	84	84	83	83	83	83	83	83	83	83	83	83	83	84	84	84	83	83	84	84	84	84	83	84	84	83	83	83	83	83	84	84	83	84	84	83	84	84	84	83	83	84	84	84	84	83	84	84	84	83	83	84	84	84	83	83	83	83	83	83	83	84	84	84	84	84	84	84	84	84	84	84	84	83	83	83	83	83	83	83	83	83	83	83	84	84	83	83	83	84	84	84	84	84	84	84	84	84	83	84	84	83	83	83	83	83	83	84	84	83	83	84	83	83	83	83	83	83	83	83	84	84	84	84	84	84	83	83	83	83	83	83	84	84	83	83	83	83	83	83	83	83	83	83	83	83	84	83	83	83	83	84	84	84	83	83	83	83	83	83	83	84	83	83	83	84	84	84	84	84	84	84	84	84	84	84	84	84	84	84	84	84	84	84	84	84	84	84	84	84	84	84	84	84	84	84	84	84	84	83	83	83	83	84	84	83	83	83	84	84	84	84	84	84	84	84	84	84	84	84	84	84	84	84	83	83	84	84	84	84	84	84	84	84	84	84	84	83	84	84	84	84	84	84	84	84	84	84	84	84	84	84	84	83	83	83	83	83	84	83	83	84	84	84	84	84	84	84	84	84	84	84	84	83	84	83	83	83	83	83	83	83	83
83	83	83	83	83	83	83	83	83	83	83	83	83	83	83	83	83	83	83	83	83	83	83	83	83	83	83	83	83	83	83	83	83	82	82	82	82	82	83	83	83	83	83	83	83	83	83	83	83	83	83	83	82	83	83	83	83	83	83	83	83	83	83	83	83	83	83	83	83	83	83	83	83	83	83	83	83	83	83	83	83	83	84	83	83	83	83	83	83	83	83	83	83	83	83	83	83	83	83	83	83	83	83	84	84	84	84	84	84	84	84	84	83	83	83	83	83	82	83	83	83	83	83	83	83	83	83	83	83	83	83	83	83	83	83	83	83	83	83	83	83	84	84	84	84	83	83	83	83	83	83	83	83	84	84	84	84	84	84	83	83	83	83	84	84	84	84	84	84	84	83	83	83	83	83	83	83	83	83	84	84	83	83	83	83	83	83	83	84	84	83	83	84	83	83	83	83	84	83	83	83	84	84	84	83	83	84	84	84	84	84	84	84	84	84	84	84	84	84	84	84	84	84	84	84	84	84	84	84	84	84	84	84	84	84	84	84	84	84	84	84	84	84	84	84	84	84	84	84	84	84	84	84	84	84	84	84	84	84	84	84	84	84	84	84	84	84	84	84	84	84	84	84	84	84	84	83	83	83	83	83	83	83	83	83	83	84	83	83	83	83	83	84	83	83	84	84	84	84	84	84	83	83	83	83	83	84	84	83	83	83	83	83	83	83	83	83	83	83	83	83	83	83	84	84	83	83	83	84	84	84	84	84	84	84	84	84	83	83	83	83	83	84	84	84	84	84	84	84	84	83	84	84	83	84	84	83	84	84	84	84	84	83	83	83	83	83	83	84	83	84	84	84	84	84	84	83	83	84	84	84	84	83	84	83	83	83	84	84	84	84	84	83	83	84	84	83	83	84	84	84	84	84	84	84	83	83	83	83	83	84	84	83	83	83	83	83	83	84	84	84	84	84	84	83	83	84	84	83	83	83	83	83	83	83	83	83	83	83	83	83	83	83	83	83	83	83	84	84	83	84	84	83	83	84	84	84	84	83	83	83	83	83	84	84	84	83	83	84	83	83	83	83	83	83	84	84	84	84	84	84	84	83	83	84	84	83	83	83	83	83	83	83	83	83	83	83	83	83	83	83	83	83	83	83	83	83	83	84	84	84	83	83	83	83	83	83	83	83	83	83	84	84	84	84	84	84	84	84	84	84	83	84	84	84	84	84	84	83	84	84	84	84	84	84	84	84	84	84	84	84	84	84	84	84	84	83	83	83	84	84	84	84	84	84	84	84	84	84	84	84	84	84	84	84	84	84	84	84	84	84	84	84	84	84	84	84	84	84	84	84	84	84	83	83	84	84	84	84	84	84	84	84	84	84	84	84	84	84	84	83	84	83	83	83	84	84	84	84	84	84	84	84	84	84	84	84	84	84	84	84	84	83	83	84	83	83	83	83	83
83	83	83	83	83	83	83	83	83	83	83	83	83	83	83	83	83	83	83	83	83	83	83	83	83	83	83	83	83	83	83	83	83	82	82	82	82	82	83	83	83	83	83	83	83	83	83	83	83	83	83	83	82	83	83	83	83	83	83	83	83	83	83	83	83	83	83	83	83	83	83	83	83	83	83	83	83	83	84	84	83	83	84	83	83	83	83	83	83	83	83	83	83	83	83	83	83	83	83	83	83	83	83	84	84	84	84	84	84	84	84	84	83	83	83	83	83	82	83	83	83	83	83	83	83	83	83	83	83	83	83	83	83	83	83	83	83	83	83	83	83	84	84	84	84	84	84	84	84	84	84	83	83	83	83	83	83	83	83	83	83	83	83	83	83	83	83	83	83	83	83	83	83	83	83	83	83	83	83	83	83	83	83	83	83	83	83	83	84	84	83	83	84	83	83	83	83	84	83	83	83	84	84	84	83	83	84	84	84	84	84	84	84	84	84	84	84	84	84	84	84	84	84	84	84	84	84	84	84	84	84	84	84	84	84	84	84	84	84	84	84	84	84	84	84	84	84	84	84	84	84	84	84	84	84	84	84	84	84	84	84	84	84	84	84	84	84	84	84	84	84	84	84	84	84	84	83	83	83	83	84	84	83	83	83	83	84	84	84	84	83	83	83	83	83	83	84	83	83	83	83	83	83	84	83	83	84	84	83	83	83	83	83	83	83	83	83	83	83	83	83	83	84	84	83	83	83	83	83	83	83	84	84	83	84	84	83	83	83	83	83	83	84	84	84	83	83	83	84	84	84	83	83	84	84	84	83	84	84	84	84	84	83	83	83	83	83	83	84	83	84	84	84	84	84	84	84	83	83	83	83	83	83	83	84	84	84	84	84	84	84	83	83	83	84	83	83	83	83	84	84	83	83	83	84	83	83	83	83	83	84	84	83	83	83	83	83	83	84	84	84	84	84	84	83	83	84	84	83	83	83	83	83	83	83	83	83	83	83	83	83	83	83	83	83	83	83	84	84	83	84	84	83	83	84	84	84	84	83	83	84	84	84	84	84	84	83	83	84	84	83	83	83	83	83	83	84	84	84	83	84	84	83	83	84	84	84	84	83	83	84	83	83	83	83	83	83	83	83	83	84	84	83	83	83	83	83	84	83	83	83	83	83	83	83	83	83	83	84	84	84	84	84	84	84	84	84	84	84	84	84	83	84	84	84	85	84	84	84	84	84	84	84	84	84	84	84	84	84	84	84	84	84	84	84	84	83	83	83	84	84	84	84	84	84	84	84	84	84	84	84	84	84	84	84	84	84	84	84	84	84	84	84	84	84	84	84	84	84	84	84	84	84	83	83	84	84	84	84	84	84	84	84	84	84	84	84	84	84	84	83	84	83	83	83	84	84	84	84	84	84	84	84	84	84	84	84	84	84	84	84	84	83	83	84	83	83	83	83	83
83	83	83	83	83	83	83	83	83	83	83	83	83	83	83	83	83	83	83	83	83	83	83	83	83	83	83	83	83	83	83	82	83	83	83	83	83	83	83	83	83	83	83	83	83	83	83	83	83	83	83	83	83	83	83	83	83	83	83	83	83	83	83	83	83	83	83	83	83	83	83	83	83	83	83	83	83	83	83	83	83	83	83	83	83	83	83	83	83	83	83	83	83	83	83	83	83	83	83	83	83	83	83	83	83	83	84	84	84	84	84	84	84	84	83	83	83	83	83	83	83	83	83	83	83	83	83	83	83	83	83	83	83	83	83	83	83	83	83	83	83	83	83	83	83	84	84	84	84	84	83	83	83	83	83	83	83	83	84	83	84	83	83	83	83	83	84	83	83	83	83	83	84	83	83	83	83	83	83	83	83	83	83	83	83	83	83	83	84	84	83	83	84	83	83	83	84	84	83	83	83	83	83	83	83	83	84	84	84	84	84	84	84	84	84	84	84	84	84	84	84	84	84	84	84	84	84	84	84	84	84	84	83	83	83	84	84	84	84	84	84	84	84	84	84	84	84	84	84	84	84	84	84	84	84	84	84	84	84	84	84	84	84	84	84	84	84	84	84	84	84	84	84	84	84	84	84	84	84	83	83	83	83	83	83	83	83	83	83	84	83	83	83	83	83	83	83	83	83	83	83	83	83	83	83	83	83	83	83	84	83	83	83	83	83	83	83	84	84	84	84	84	84	84	84	84	84	83	84	84	83	84	83	83	83	83	83	83	83	84	84	84	83	83	84	83	83	83	83	83	83	84	84	84	84	84	84	84	84	84	84	84	84	83	83	83	83	84	84	84	84	84	84	84	84	84	83	83	84	84	84	84	84	84	84	84	84	84	83	83	84	84	83	83	83	83	83	83	84	84	84	83	83	84	83	83	83	83	84	84	83	83	83	84	84	83	83	84	84	84	84	84	84	84	84	84	83	83	83	83	83	83	83	83	83	83	83	83	83	83	83	83	84	84	84	83	84	84	84	84	84	84	83	84	84	84	84	84	83	83	83	84	84	84	84	84	83	83	83	83	83	83	83	84	83	83	83	83	83	83	83	83	83	83	84	84	84	84	84	84	84	84	84	84	83	83	83	83	83	83	83	83	83	83	83	83	83	83	83	83	83	83	83	83	83	84	84	84	84	84	84	84	84	84	84	84	84	84	84	84	84	84	84	84	84	84	84	84	84	84	84	84	84	84	84	84	84	84	84	84	84	84	84	84	84	84	83	83	83	84	84	84	84	84	84	84	84	84	84	84	84	84	84	84	84	84	84	84	84	84	84	83	83	84	83	83	84	84	84	84	84	84	84	84	84	84	84	84	84	84	84	84	84	84	84	84	84	84	84	83	83	83	83	83	83	84	84	84	84	84	84	84	84	84	84	84	84	84	84	84	84	84	83	83	83	83	83	83	83	83
83	83	83	83	83	83	83	83	83	83	83	83	83	83	83	83	83	83	83	83	83	83	83	83	83	83	83	83	83	83	82	82	83	83	83	83	83	83	83	83	83	83	83	83	83	83	83	83	83	83	83	83	83	83	83	83	83	83	83	83	83	83	83	83	83	83	83	83	83	83	83	83	83	83	83	83	83	83	83	83	83	83	83	83	83	83	83	83	83	83	83	83	84	84	83	83	83	83	83	83	83	83	83	83	83	83	84	84	84	84	84	84	84	83	83	83	83	83	83	83	83	83	83	83	83	83	83	83	83	83	83	83	83	83	83	83	83	83	83	83	83	83	83	83	83	83	83	83	83	83	83	83	83	83	84	84	84	83	83	83	84	84	84	84	83	83	83	83	83	83	84	84	84	83	83	83	83	83	83	83	83	83	83	83	83	83	83	83	84	84	83	83	84	83	83	83	84	84	83	83	83	83	83	83	83	83	84	83	84	84	84	83	84	84	84	84	84	84	84	84	84	84	84	84	84	84	84	84	84	84	84	84	84	83	83	84	84	84	84	84	84	84	84	84	84	84	84	84	84	84	84	84	84	84	84	84	84	84	84	84	84	84	84	84	84	84	84	84	84	84	84	84	84	84	84	84	84	84	83	83	83	83	83	83	83	83	83	83	83	83	83	83	83	83	83	83	83	83	83	83	83	83	83	83	83	83	83	83	83	84	83	83	83	83	84	83	83	84	84	84	84	83	84	84	84	84	84	84	84	84	83	83	83	83	83	83	83	83	83	84	84	84	83	83	84	84	84	83	83	83	84	84	84	84	84	84	84	84	84	83	83	83	84	83	83	83	83	84	84	84	84	84	83	84	84	84	83	83	83	84	84	84	84	84	83	83	83	84	83	84	84	83	83	83	83	84	84	84	84	84	84	83	83	84	83	83	83	84	84	84	83	83	83	84	84	83	83	83	84	84	84	84	84	84	84	84	83	83	83	83	83	83	83	83	83	83	83	83	83	83	83	83	84	84	84	83	84	84	84	84	84	84	84	84	84	84	84	84	83	83	84	84	84	84	84	84	83	83	83	83	83	83	84	84	84	83	83	83	83	83	82	83	83	83	84	84	84	84	84	83	83	83	83	83	83	83	83	83	83	83	83	83	83	83	83	83	83	83	83	83	83	83	83	83	83	84	84	84	84	84	84	84	84	83	84	84	84	84	84	84	84	84	84	84	84	84	84	84	84	84	84	84	84	84	84	84	84	83	83	83	84	84	84	84	84	84	83	83	83	84	84	84	84	84	84	84	84	84	84	84	84	84	84	84	84	84	83	84	84	84	84	83	83	84	84	84	84	84	84	84	84	84	84	84	84	84	84	84	84	84	84	84	84	84	84	84	84	84	83	83	83	83	83	83	83	84	84	84	84	84	84	84	84	84	84	84	84	84	84	83	83	84	83	83	83	83	83	83	83	83
83	83	83	83	83	83	83	83	83	83	83	83	83	83	83	83	83	83	83	83	83	83	83	83	83	83	83	83	83	83	82	82	83	83	83	83	83	83	83	83	83	83	83	83	83	83	83	83	83	83	83	83	83	83	83	83	83	83	83	83	83	83	83	83	83	83	83	83	83	83	83	83	83	83	83	83	83	83	83	83	83	83	83	83	83	83	83	83	83	83	83	83	84	84	83	83	83	83	83	83	83	83	83	83	83	83	84	84	84	84	84	83	83	82	83	83	83	83	83	83	83	83	83	83	83	83	83	83	83	83	83	83	83	83	83	83	83	83	83	83	83	83	83	83	83	83	83	83	83	83	83	83	83	83	84	84	83	83	83	83	83	83	83	83	83	83	83	83	83	83	83	83	84	83	83	83	83	83	83	83	83	83	83	83	83	83	83	83	84	84	83	83	84	83	83	83	84	84	83	83	83	83	83	83	83	83	84	83	84	84	84	83	84	84	84	84	84	84	84	84	84	84	84	84	84	84	84	84	84	84	84	84	84	84	84	84	84	84	84	84	84	84	84	84	84	84	84	84	84	84	84	84	84	84	84	84	84	84	84	84	84	84	84	84	84	84	84	84	84	84	84	84	84	84	84	84	84	84	84	83	83	83	83	83	84	83	83	83	83	83	83	83	83	83	83	83	83	83	83	84	83	83	83	84	83	84	84	84	84	84	83	83	83	83	83	83	83	84	84	83	83	83	83	84	83	84	84	84	84	84	83	83	83	83	83	83	83	83	83	84	84	84	84	84	83	84	84	84	84	84	84	84	84	84	84	84	84	84	84	83	83	83	84	83	83	84	84	84	84	84	84	84	84	84	84	84	83	83	83	84	84	84	84	84	84	83	83	84	83	83	84	83	83	83	83	83	84	84	84	84	84	83	83	83	83	83	83	84	84	84	83	83	83	84	84	84	84	84	84	84	84	84	84	84	84	84	83	83	83	83	84	83	83	83	83	83	83	83	83	83	83	83	84	84	84	83	83	83	83	84	84	84	83	83	83	84	84	84	83	83	84	84	84	84	84	84	83	83	83	83	84	84	84	84	83	83	83	83	83	83	83	83	83	83	83	83	83	83	83	83	83	83	83	83	84	83	83	83	83	83	83	83	83	83	83	83	84	84	83	84	84	83	83	83	83	84	84	84	84	84	84	84	84	83	84	84	84	84	84	84	84	84	84	84	84	84	84	84	84	84	84	84	84	84	84	84	84	83	83	83	84	84	84	84	84	84	83	83	83	84	84	84	84	84	84	84	84	84	84	84	84	84	84	84	84	84	83	84	84	84	84	84	84	84	84	84	84	84	84	83	83	83	84	84	84	84	84	84	84	84	84	84	84	84	84	84	84	84	83	83	83	83	83	83	83	84	84	84	84	84	84	84	84	84	84	84	84	84	84	83	83	84	83	83	83	83	83	83	83	83
83	83	83	83	83	83	83	83	83	83	83	83	83	83	83	83	83	83	83	83	83	83	83	83	83	83	83	83	83	83	83	83	83	83	83	83	83	83	83	83	83	84	84	84	83	83	83	83	83	83	83	83	83	83	83	83	83	83	83	83	83	83	83	83	83	83	83	83	83	83	83	83	83	83	83	83	83	83	83	83	83	83	83	83	83	83	83	83	83	83	83	83	84	84	84	83	83	83	83	83	83	83	83	83	83	83	83	83	83	84	84	84	83	83	83	83	83	83	83	83	83	83	83	83	83	83	83	83	83	83	83	83	83	83	83	83	83	83	83	83	83	83	83	83	83	83	83	84	84	84	84	84	84	84	83	83	83	83	83	83	83	83	83	83	83	83	83	83	84	84	84	84	84	83	83	83	83	83	83	83	83	83	83	84	83	83	83	83	84	84	83	83	84	83	83	83	83	83	83	83	83	83	83	83	83	83	84	83	84	84	84	84	84	84	84	84	84	84	84	84	84	84	84	84	83	83	83	84	84	84	84	84	84	84	84	84	84	84	84	84	84	84	84	84	84	84	84	84	84	84	84	84	84	84	84	84	84	84	84	84	84	84	84	84	84	84	84	84	84	84	84	84	84	84	84	84	84	84	84	84	84	83	83	83	83	83	83	83	83	83	83	83	83	83	83	83	83	83	83	83	83	83	83	83	83	84	84	84	84	83	83	83	83	83	83	83	83	83	83	83	84	83	84	84	84	84	84	84	84	84	84	84	84	84	84	84	83	83	84	84	84	84	84	83	83	84	84	83	84	84	84	83	83	84	83	83	83	83	83	83	83	83	83	83	83	83	83	84	84	84	83	83	83	83	83	83	83	83	83	84	84	84	84	84	84	84	84	84	84	84	83	83	83	83	83	83	84	84	84	84	83	83	83	83	83	83	83	83	83	83	83	83	84	84	84	84	84	84	84	84	84	83	83	83	83	83	83	84	84	84	84	84	83	83	83	83	83	83	83	83	83	84	84	84	84	84	83	83	84	84	84	84	84	84	83	83	84	84	84	84	84	84	84	83	84	84	83	84	84	84	84	84	84	83	83	83	83	83	83	84	84	84	84	83	83	83	83	83	83	83	83	83	83	83	83	83	83	83	83	83	83	83	83	83	83	84	84	84	83	84	84	83	83	83	83	83	83	84	84	84	84	84	84	84	84	84	84	84	84	84	84	84	84	84	84	85	84	84	84	84	84	84	84	84	84	84	84	83	83	83	84	84	84	84	84	84	84	84	84	84	84	84	84	84	84	84	84	84	84	84	84	84	84	84	84	84	84	84	84	84	84	84	84	84	84	84	84	84	84	83	83	83	84	84	84	84	84	84	84	84	84	84	84	84	84	84	84	83	83	84	84	84	84	84	84	84	84	84	84	84	84	84	84	84	84	84	84	84	83	83	83	84	83	83	83	84	83	83	83	83
83	84	83	83	83	83	83	83	83	83	83	83	83	83	83	83	83	83	83	83	83	83	83	83	83	82	83	83	83	83	83	83	83	83	83	83	83	83	83	83	83	83	83	83	83	83	83	83	83	83	83	83	83	83	83	83	83	83	83	83	83	83	83	83	83	83	83	83	83	83	83	83	83	83	83	83	83	83	83	83	83	83	83	83	83	83	83	83	83	83	83	83	84	84	84	84	84	83	83	83	83	83	83	83	83	83	83	83	83	84	84	84	84	83	83	83	83	84	83	83	83	83	83	83	83	83	83	83	83	83	83	83	83	83	83	83	83	83	83	83	83	83	83	83	83	83	83	83	83	83	83	83	84	84	83	83	83	83	84	83	83	83	83	83	84	83	83	83	84	84	84	84	84	83	83	83	83	83	83	83	83	83	83	84	83	83	83	83	84	84	83	83	84	83	83	83	83	83	83	83	83	83	83	83	83	83	84	83	84	84	84	84	84	84	84	84	84	84	84	84	84	84	84	83	83	83	83	83	84	84	84	84	84	84	84	84	84	84	84	84	84	84	84	84	84	84	84	84	84	84	84	84	84	84	84	84	84	84	84	84	84	84	84	84	84	84	84	84	84	84	84	84	84	84	84	84	84	84	84	84	84	83	83	83	83	83	83	83	83	83	83	83	83	83	83	83	83	83	83	83	83	83	83	83	83	84	84	84	84	83	83	83	83	83	83	83	83	84	83	84	84	84	83	83	83	84	84	84	84	84	84	84	84	84	84	84	84	84	84	84	84	84	83	83	83	84	84	83	84	83	83	83	83	83	83	83	83	83	83	84	84	84	83	83	83	83	83	84	84	84	84	83	83	83	83	83	83	83	83	84	84	84	84	84	84	84	84	84	84	84	83	83	83	83	83	83	84	84	84	84	83	83	83	83	83	83	83	83	83	83	83	83	84	84	84	84	84	84	84	84	84	83	83	83	83	83	84	84	84	84	84	84	83	83	83	83	83	83	84	84	84	84	84	84	84	84	83	83	84	84	84	84	84	84	83	83	84	84	84	84	84	84	84	83	84	84	83	84	84	84	84	84	84	83	83	83	84	83	83	84	84	84	84	83	83	83	83	83	83	83	83	83	83	83	83	83	83	83	83	83	83	83	83	84	84	84	84	84	83	84	84	83	83	83	83	83	83	84	84	84	84	84	84	84	84	84	84	84	84	84	84	84	84	84	85	85	84	84	84	84	84	84	84	84	84	84	84	83	83	83	84	84	84	84	84	84	84	84	84	84	84	84	84	84	84	84	84	84	84	84	84	84	84	84	84	84	84	84	83	84	84	84	84	84	84	84	84	84	84	84	83	83	84	84	84	84	84	84	84	84	84	84	84	84	84	84	84	83	83	84	84	84	84	84	84	84	84	84	84	84	84	84	84	84	84	84	84	84	83	83	83	84	83	83	83	84	83	83	83	83
83	83	83	83	83	83	83	83	83	83	83	83	83	83	83	83	83	83	83	83	83	83	83	83	83	82	83	83	83	83	83	83	83	83	83	83	83	83	83	83	83	83	83	83	83	83	83	83	83	83	83	83	83	83	83	83	83	83	83	83	83	83	83	83	83	83	83	83	83	83	83	83	83	83	83	83	83	83	83	83	83	83	83	83	83	83	83	83	83	83	83	83	84	84	84	84	84	83	83	83	83	83	83	83	83	83	83	83	83	84	84	84	84	83	83	83	83	84	83	83	84	84	83	83	83	83	83	83	83	83	83	83	83	83	83	83	83	83	83	83	83	83	83	83	83	83	83	83	83	83	83	83	83	83	83	83	83	83	84	83	83	83	83	84	84	83	83	83	84	84	83	83	84	83	83	84	83	83	83	83	83	83	83	84	83	83	83	83	84	84	83	83	84	83	83	83	83	83	83	83	83	83	83	83	83	83	84	83	84	84	84	84	84	84	84	84	84	84	84	84	84	84	84	83	83	83	83	83	84	84	84	84	84	84	84	84	84	84	84	84	84	84	84	84	84	84	84	84	84	84	84	84	84	84	84	84	84	84	84	84	84	84	84	84	84	84	84	84	84	84	84	84	84	84	84	84	84	84	84	84	84	83	83	83	83	83	84	83	83	83	83	83	83	83	83	83	83	83	83	84	84	83	83	84	83	83	83	83	84	84	84	84	84	83	84	84	84	84	84	84	84	84	84	83	83	84	84	83	84	84	84	84	84	84	84	84	84	84	84	84	84	84	83	83	83	84	84	83	84	83	83	83	83	83	83	83	83	83	83	84	84	84	83	83	83	84	84	83	83	83	83	83	83	83	83	83	83	83	83	83	84	84	84	84	84	84	84	84	84	84	83	83	83	83	83	83	84	84	84	84	83	83	83	83	83	83	83	83	83	83	83	83	84	84	84	84	84	84	84	84	84	83	83	83	83	83	84	84	84	84	84	84	83	83	83	83	84	84	83	83	84	84	84	84	84	84	84	84	83	84	84	84	84	84	84	84	84	84	83	83	84	83	83	83	84	84	83	84	84	83	83	83	83	83	83	83	84	83	83	83	83	83	83	83	83	83	84	84	83	83	83	84	84	84	84	83	83	83	83	83	83	83	83	83	83	83	84	84	83	84	84	83	83	83	83	83	83	84	84	84	84	84	84	84	84	84	84	84	84	84	84	84	84	84	84	85	84	84	84	84	84	84	84	84	84	84	84	83	83	83	84	84	84	84	84	84	84	84	84	84	84	84	84	84	84	84	84	84	84	84	84	84	84	84	84	84	84	84	84	84	84	84	84	84	84	84	84	84	84	84	83	83	84	84	84	84	84	84	84	84	84	84	84	84	84	84	84	83	83	84	84	84	84	84	84	84	84	84	84	84	84	84	84	84	84	84	84	84	83	83	83	84	83	83	83	84	83	83	83	83
83	83	83	83	83	83	83	83	83	83	83	83	83	83	83	83	82	82	82	82	82	83	83	83	83	83	83	83	83	83	83	83	83	83	83	83	83	83	83	83	83	83	83	83	83	83	83	83	83	83	83	83	83	83	83	83	83	83	83	83	83	83	83	83	83	83	83	83	83	83	83	83	83	83	83	83	83	83	84	84	84	84	84	84	83	83	83	83	83	83	83	83	83	83	83	83	83	83	83	83	83	83	83	83	83	83	83	83	83	83	83	84	84	83	83	83	83	83	83	83	83	83	83	84	84	84	83	83	83	83	83	83	83	83	83	83	83	83	83	83	83	83	83	83	83	83	83	83	83	83	83	83	83	83	83	84	83	83	83	83	83	83	83	83	84	83	84	84	83	83	83	84	84	83	83	84	83	83	83	83	83	83	83	83	83	83	83	83	84	84	83	83	84	83	83	83	83	83	83	83	83	83	83	83	83	83	83	83	84	84	84	84	84	84	84	84	84	84	84	83	83	83	83	83	83	83	83	83	83	83	84	84	84	84	84	84	84	84	84	84	84	84	84	84	84	84	84	84	84	84	84	84	84	84	84	84	84	84	84	84	84	84	84	84	84	84	84	84	84	84	84	84	84	84	84	84	84	84	84	84	84	83	83	83	83	83	83	83	83	83	83	83	83	83	83	84	83	83	83	83	84	83	83	83	83	83	83	83	83	84	84	84	84	83	83	83	83	83	83	83	84	83	83	83	83	83	83	83	83	83	83	84	84	83	83	83	84	84	84	84	84	84	84	84	84	83	83	83	83	83	84	83	83	83	84	84	83	83	83	83	83	83	83	83	83	83	83	83	83	84	84	83	83	83	84	84	84	84	84	84	84	84	84	84	84	83	83	84	84	84	83	84	83	83	83	83	84	84	84	83	83	83	83	83	83	83	83	83	83	84	84	84	83	83	83	84	84	84	83	83	83	83	83	83	83	83	83	84	83	83	84	84	84	84	84	84	83	83	83	83	83	84	84	84	84	84	84	84	84	83	83	84	83	83	83	83	84	83	83	83	84	84	84	83	83	84	84	84	83	84	83	83	83	84	83	83	83	82	83	83	83	83	83	84	84	84	84	84	84	84	84	84	84	83	83	83	83	83	83	83	83	83	83	83	83	83	84	84	83	83	83	83	83	83	83	83	84	84	84	84	84	84	83	84	84	84	84	84	84	84	84	84	84	84	84	84	84	84	84	84	84	84	84	84	84	84	84	84	83	83	84	84	84	84	84	84	83	84	84	84	84	84	84	84	84	84	84	84	84	84	84	84	84	84	84	84	84	84	84	84	84	84	84	84	84	84	84	83	84	84	84	84	84	84	84	84	84	84	84	84	84	84	84	84	84	84	84	83	83	83	84	84	84	84	84	84	84	84	84	84	84	84	84	84	84	84	83	83	83	83	83	83	83	83	83	83	83	83	84	84
84	83	83	83	83	83	83	83	83	83	83	83	83	83	83	83	82	82	82	82	82	83	83	83	83	83	83	83	83	83	83	83	83	83	83	83	83	83	83	83	83	83	83	83	83	83	83	83	83	83	83	83	83	83	83	83	83	83	83	83	83	83	83	83	83	83	83	83	83	83	83	82	83	83	83	83	83	84	84	84	84	84	84	84	83	83	83	83	83	83	83	83	83	83	83	83	83	83	83	83	83	83	83	83	83	83	84	83	83	83	83	84	84	83	83	83	83	83	83	83	83	83	83	84	84	84	83	83	83	83	83	83	83	83	83	83	83	83	83	83	83	83	83	83	83	83	83	83	83	83	83	83	83	83	83	84	83	83	83	83	83	84	83	83	84	83	83	84	83	83	83	83	83	83	83	84	83	83	83	83	83	84	83	84	84	83	84	83	84	84	83	83	84	83	83	83	83	83	83	83	83	83	83	83	83	83	83	83	84	84	84	84	84	84	84	84	84	84	83	83	83	83	83	83	83	83	83	83	83	83	84	84	84	84	84	84	84	84	84	84	84	84	84	84	84	84	84	84	84	84	84	84	84	84	84	84	84	84	84	84	84	84	84	84	84	84	84	84	84	84	84	84	84	84	84	84	84	84	84	84	84	83	83	83	83	83	83	83	83	83	83	83	83	83	84	84	84	84	83	83	84	84	83	84	83	83	83	83	83	83	84	84	83	83	84	84	83	84	83	83	84	84	83	83	83	83	84	83	83	83	83	84	84	84	84	84	84	84	84	84	84	84	84	84	84	83	83	83	83	83	84	83	83	83	84	84	83	83	83	83	83	83	83	83	83	83	83	83	83	83	84	84	84	84	84	84	84	84	84	84	84	84	84	84	84	84	83	84	84	84	83	84	83	83	83	83	84	84	84	84	84	83	83	83	83	83	83	84	84	84	84	84	83	83	83	84	84	84	83	83	83	83	83	83	83	83	83	84	83	83	83	83	84	84	84	84	83	83	83	83	83	84	84	84	84	84	84	84	84	83	83	84	83	83	83	83	83	83	83	83	84	84	83	83	84	84	84	83	83	83	83	83	83	83	83	83	84	83	83	83	83	83	84	84	84	84	84	84	84	84	84	84	84	83	83	83	83	83	83	83	83	83	83	83	83	83	84	84	83	83	83	83	83	83	83	84	84	84	84	84	84	84	83	84	84	84	84	84	84	84	84	84	84	84	84	84	84	84	84	83	84	84	84	84	84	84	84	84	83	83	84	84	84	84	84	84	83	84	84	84	84	84	84	84	84	84	84	84	84	84	84	84	84	84	84	84	84	84	84	84	84	84	84	84	84	84	84	83	84	84	84	84	84	84	84	84	84	84	84	84	84	84	84	84	84	84	84	83	83	84	84	84	84	84	84	84	84	84	84	84	84	84	84	84	84	84	83	83	83	83	83	83	83	83	83	83	83	84	84	84
84	83	83	83	83	83	83	83	83	83	83	83	83	83	83	83	83	82	82	82	82	83	83	83	83	83	83	83	83	83	83	83	83	83	83	83	83	83	83	83	83	83	83	83	83	83	83	83	83	83	83	83	83	83	83	83	83	83	83	83	83	83	83	83	83	83	83	83	83	83	83	83	83	83	83	83	83	83	84	84	84	84	84	84	83	83	83	83	83	83	83	83	83	83	83	83	83	83	83	83	83	83	83	83	84	84	84	83	83	83	83	83	84	83	83	83	83	83	83	83	83	83	83	84	84	84	83	83	83	83	83	83	83	83	83	83	83	83	83	83	83	83	83	83	83	84	84	84	83	83	83	83	83	83	83	84	83	83	83	83	83	83	83	83	83	83	83	83	83	83	83	83	83	83	83	84	83	83	83	83	83	84	84	84	84	83	84	83	83	84	83	83	83	83	83	83	83	83	83	83	83	83	83	83	83	83	83	83	84	84	84	84	84	84	84	84	84	84	83	83	83	83	83	83	83	83	83	83	83	83	84	84	84	84	84	84	84	84	84	84	84	84	84	84	84	84	84	84	84	84	84	84	84	84	84	84	84	84	84	84	84	84	84	84	84	84	84	84	84	84	84	84	84	84	84	84	84	84	84	84	84	83	83	83	83	83	83	83	83	83	82	83	83	83	84	84	83	84	83	83	84	84	84	84	83	83	83	83	83	83	83	83	83	83	84	84	84	84	83	84	84	84	84	83	83	83	84	84	84	84	84	84	84	84	84	84	84	84	84	84	84	84	84	84	84	83	83	84	84	83	83	83	83	83	84	84	83	83	83	83	83	83	83	83	83	83	83	83	83	84	84	84	84	84	84	84	84	84	84	84	84	84	84	84	84	84	84	84	84	84	84	84	83	83	83	84	84	84	84	84	84	83	83	83	83	83	83	83	83	83	84	84	83	83	83	84	84	84	83	83	83	83	83	83	83	83	83	84	83	83	84	83	84	84	84	84	83	83	83	83	83	84	84	84	84	84	84	84	84	83	83	84	83	83	83	83	84	84	83	84	84	83	83	83	84	84	84	83	83	83	83	83	83	83	83	84	84	83	83	83	83	84	84	84	84	84	84	84	84	84	84	84	84	84	83	83	83	83	83	83	83	83	83	83	83	83	84	84	83	83	83	83	83	83	83	83	84	84	84	84	84	84	84	84	84	84	84	84	84	84	84	84	84	84	84	84	84	84	84	84	84	84	84	84	84	84	84	84	83	83	84	84	84	84	84	84	83	84	84	84	84	84	84	84	84	84	84	84	84	84	84	84	84	84	84	84	84	84	84	84	84	84	84	84	84	84	84	84	84	84	84	84	84	84	84	84	84	84	84	84	84	84	84	84	84	84	84	83	83	84	85	84	84	84	84	84	84	84	84	84	84	84	84	84	84	84	83	83	83	83	83	83	83	83	83	83	83	84	84	84
84	83	83	83	83	83	83	83	83	83	83	83	83	83	83	83	83	83	83	83	83	83	83	83	83	83	83	83	83	83	83	83	83	83	83	83	83	83	83	83	83	83	83	83	83	83	83	83	83	83	83	83	83	83	83	83	83	83	83	83	83	83	83	83	83	83	83	83	83	83	83	83	83	83	83	83	83	83	83	83	83	83	83	83	83	83	83	83	83	83	83	83	83	83	83	83	83	83	83	83	83	83	83	83	83	83	83	83	83	83	83	83	84	83	83	83	83	83	83	83	83	83	83	83	83	83	83	83	83	83	83	83	83	83	83	83	83	83	83	83	83	83	83	83	83	84	84	84	83	83	83	83	83	83	84	84	83	83	83	83	83	83	83	83	83	83	83	83	83	83	83	83	84	83	83	84	84	84	84	83	83	83	83	83	83	83	83	83	83	83	83	83	83	84	84	84	83	83	83	83	83	83	83	83	83	83	83	84	84	84	83	83	83	83	83	83	83	83	83	83	83	83	83	83	83	83	83	83	83	83	83	83	83	83	83	84	84	84	84	84	84	84	84	84	84	84	84	84	84	84	84	84	84	84	84	84	84	84	84	84	84	84	84	84	84	84	84	84	84	83	83	84	84	84	84	84	84	84	84	84	84	84	84	84	83	83	83	83	83	83	83	83	83	83	83	83	83	83	82	82	83	83	83	83	83	83	83	83	83	83	83	84	84	84	84	84	84	83	83	83	83	83	83	84	83	83	83	83	84	84	84	84	83	83	83	83	84	84	84	84	83	83	83	83	84	84	84	84	84	83	83	83	83	83	83	83	84	84	84	83	83	83	83	83	83	84	84	83	83	83	84	84	84	84	84	84	84	84	84	84	84	84	84	84	84	84	84	83	83	83	83	83	83	84	84	84	84	84	84	84	84	83	83	83	83	83	83	83	83	83	83	83	83	83	83	83	83	83	83	83	83	84	84	84	83	83	83	84	84	83	83	83	83	83	83	84	84	84	83	84	83	83	84	84	84	84	84	84	84	83	84	84	84	84	84	84	83	83	83	84	83	83	83	84	84	84	84	84	84	83	84	84	84	84	83	83	83	83	83	84	83	84	84	84	84	84	84	84	84	84	84	84	84	84	84	84	83	83	83	83	83	83	83	83	83	83	83	83	84	84	83	83	83	83	83	83	83	83	83	83	84	84	84	84	84	83	84	84	84	84	84	83	84	84	84	84	84	84	84	84	84	84	84	84	84	84	84	84	84	84	84	84	84	83	83	84	84	84	84	84	84	84	84	84	84	84	84	84	84	84	84	84	84	83	83	83	84	84	84	84	84	84	84	84	84	84	84	84	84	84	83	83	84	84	84	84	84	84	84	84	84	84	84	84	84	84	84	84	84	84	84	84	83	83	83	83	83	83	83	83	83	83	83	83	83	83	83	83	83	83	83	83	83	83	83	83	84	83	83	83
84	83	83	83	83	83	83	83	83	83	83	83	83	83	83	83	83	83	83	83	83	83	83	83	83	83	83	83	83	83	83	83	83	83	83	83	83	83	83	83	83	83	83	83	83	83	83	83	83	83	83	83	83	83	83	83	83	83	83	83	83	83	83	83	83	83	83	83	83	83	83	83	83	83	83	83	83	83	83	83	83	83	83	83	83	83	83	83	83	83	83	83	83	83	83	83	83	83	83	83	83	83	83	83	83	83	83	83	83	83	83	83	84	83	83	83	83	83	83	83	83	83	83	83	83	83	83	83	83	83	83	83	83	83	83	83	83	83	83	83	83	83	83	83	83	84	84	84	83	83	83	83	83	83	84	84	84	83	83	83	83	83	83	83	83	83	83	83	83	83	83	83	83	83	83	83	84	84	84	83	83	83	83	83	83	83	84	83	83	84	83	83	84	84	84	84	83	83	83	83	83	83	83	83	83	83	83	84	84	84	83	83	83	83	83	83	83	83	83	83	83	83	83	83	83	83	83	83	83	83	83	83	83	83	83	84	84	84	84	84	84	84	84	84	84	84	84	84	84	84	84	84	84	84	84	84	84	84	84	84	84	84	84	84	84	84	84	84	84	83	83	83	84	84	84	84	84	84	84	84	84	84	84	84	83	83	83	83	83	83	83	83	83	83	83	83	83	83	83	83	83	83	83	83	83	83	84	83	83	83	83	84	84	83	84	84	84	84	83	83	83	83	83	83	83	83	83	83	84	84	84	84	83	83	83	83	84	84	84	83	83	83	83	83	84	84	84	84	84	84	84	83	83	83	83	83	84	84	84	83	83	83	83	83	83	84	84	83	83	83	84	84	84	84	84	84	84	84	84	84	84	84	84	84	84	84	84	83	83	83	84	84	84	84	84	84	84	84	84	84	84	83	83	83	83	83	83	83	83	83	83	83	83	83	83	83	83	83	83	83	83	84	84	84	83	83	84	84	84	83	83	83	83	83	83	84	84	84	83	84	84	84	83	84	84	84	84	84	84	84	84	84	84	84	84	83	83	83	83	84	84	84	83	83	83	84	84	83	83	83	83	83	83	83	83	83	84	83	83	84	83	84	84	84	84	84	84	84	84	84	84	84	84	84	84	84	83	83	83	83	83	82	83	83	83	83	83	83	83	83	83	83	83	83	83	83	83	83	83	83	84	84	84	84	84	83	84	84	84	84	84	83	84	84	84	84	84	84	84	84	84	84	84	84	84	84	84	84	84	84	84	84	84	83	83	84	84	84	84	84	84	84	84	84	84	84	84	84	84	84	84	84	84	83	83	83	84	84	84	84	84	84	84	84	84	84	84	84	84	84	83	83	84	84	84	84	84	84	84	84	84	84	84	84	84	84	84	84	84	84	84	84	83	83	83	83	83	83	83	83	83	83	83	83	83	83	83	83	83	83	83	83	83	83	83	83	84	83	83	83
84	83	83	83	83	82	83	83	83	83	83	83	83	83	83	83	83	83	83	83	83	83	83	83	83	83	83	83	83	83	83	83	83	83	83	83	83	83	83	83	83	83	83	83	83	83	83	83	83	83	83	83	83	83	83	83	83	83	83	83	83	83	83	83	83	83	83	83	83	83	83	83	83	83	83	83	83	83	83	83	83	83	83	83	83	83	83	83	83	83	83	83	83	83	83	83	83	83	83	83	83	83	83	83	83	83	83	83	83	83	83	83	83	83	83	83	83	83	83	83	83	83	83	83	83	83	83	83	83	83	83	83	84	83	83	83	83	83	83	83	83	83	83	83	83	84	84	84	83	83	83	83	83	83	84	84	84	83	83	83	83	83	83	83	83	83	83	83	83	83	83	83	83	83	83	83	84	84	84	83	83	83	83	83	83	83	83	83	84	84	83	84	84	83	84	84	83	83	83	83	83	83	83	83	83	83	83	84	84	84	83	83	83	83	83	83	84	83	83	83	83	83	83	83	83	83	83	83	83	83	83	83	83	83	83	83	84	84	84	84	84	84	84	84	84	84	84	84	84	84	84	84	84	84	84	84	84	84	84	84	84	84	84	84	84	84	84	84	84	84	84	84	84	84	84	84	84	84	84	84	84	84	84	84	83	83	83	83	83	83	83	83	83	83	83	83	83	83	83	83	83	83	83	84	83	83	83	83	83	83	84	83	83	83	84	84	83	84	84	83	83	83	83	83	83	83	83	83	84	84	83	84	83	83	83	83	84	84	84	83	83	84	83	83	84	84	84	84	84	84	84	83	83	83	83	83	84	84	84	84	84	83	83	83	84	84	84	83	83	83	84	84	84	84	84	84	84	84	84	84	84	84	84	84	84	84	84	83	83	83	84	84	84	84	84	84	84	84	84	84	84	83	83	83	83	83	83	83	83	83	83	83	83	83	83	83	83	83	83	83	83	84	84	84	83	83	84	84	84	84	83	83	83	83	83	84	84	84	83	84	84	84	83	83	84	84	84	84	84	84	84	84	83	84	84	83	83	83	83	84	84	84	83	83	83	83	84	83	83	83	83	83	83	83	83	83	84	83	83	84	83	84	84	84	84	84	84	84	84	84	84	84	84	84	84	84	83	83	83	83	83	83	83	83	83	83	83	83	83	83	83	83	83	83	83	83	83	83	83	83	84	84	84	84	84	83	84	84	84	84	84	84	84	84	84	84	84	84	84	84	84	84	84	84	84	84	84	84	84	84	84	84	84	83	83	84	84	84	84	84	84	84	84	84	84	84	84	84	84	84	84	84	84	84	84	84	84	84	84	84	84	84	84	84	84	84	84	84	84	84	84	84	84	84	84	84	84	84	84	84	84	84	84	84	84	84	84	84	84	84	84	84	84	84	84	83	83	83	83	84	84	84	83	83	83	83	83	83	83	83	83	83	83	83	83	83	83	83	83	84
84	83	82	82	82	83	83	83	83	83	83	82	83	83	83	83	83	83	83	83	83	83	83	83	83	83	83	83	83	83	83	83	83	83	83	83	83	83	82	83	83	83	83	83	83	83	83	83	83	83	83	83	83	83	83	83	83	83	83	83	83	83	83	83	83	83	83	83	83	83	83	83	83	83	83	83	83	83	83	83	83	83	83	83	83	83	83	83	83	83	83	83	83	83	83	83	83	83	83	83	83	83	83	83	83	83	83	83	83	83	83	83	83	83	83	83	83	84	83	83	83	83	83	83	83	83	83	82	83	83	83	83	83	83	83	83	83	83	83	83	83	83	83	83	83	83	83	83	83	83	83	83	83	83	83	83	83	83	83	83	83	83	83	83	83	83	83	83	83	83	83	83	83	83	83	83	83	84	84	83	83	83	83	83	83	83	83	83	84	84	84	83	84	83	83	84	83	83	83	83	83	83	83	84	84	83	83	84	84	84	83	83	83	83	83	83	84	84	83	83	83	83	83	83	83	83	83	83	83	83	83	83	83	83	83	83	83	83	83	83	83	84	84	84	84	84	84	84	84	84	84	84	84	84	84	84	84	84	84	84	84	84	84	84	84	84	84	84	84	84	84	84	84	84	84	84	84	84	84	83	84	84	84	84	84	83	83	83	83	83	83	83	83	83	83	83	83	83	83	83	83	83	83	84	84	83	83	83	83	83	83	83	83	83	83	83	83	84	84	83	83	84	84	83	83	83	83	83	83	83	83	84	84	83	84	84	84	84	84	83	83	83	83	83	83	83	83	83	83	83	83	83	83	83	83	83	84	84	84	84	84	84	84	84	84	83	83	84	84	84	84	83	83	84	84	84	83	83	83	84	84	84	84	83	83	83	83	84	83	84	84	83	83	84	84	84	84	84	83	83	83	83	83	83	83	83	83	83	83	83	83	83	83	83	83	83	83	83	84	84	84	83	84	84	84	84	84	84	84	84	84	84	83	83	83	83	84	84	84	84	84	83	83	84	84	84	83	83	84	84	84	84	83	84	84	83	83	83	83	84	84	83	83	83	83	83	84	83	83	83	83	83	82	83	83	83	83	83	83	84	83	84	84	84	84	84	84	84	84	84	83	84	84	84	84	83	83	83	83	83	83	83	83	84	84	84	84	84	83	83	83	83	83	83	83	83	83	83	83	83	84	84	84	84	84	83	84	84	84	84	84	84	84	84	83	83	84	84	84	85	85	85	84	84	84	84	84	84	84	84	84	84	84	83	83	83	84	84	84	84	84	84	84	84	84	84	84	84	84	84	84	84	84	84	84	84	84	84	84	84	84	84	84	84	84	84	84	84	84	84	84	84	84	83	83	84	84	84	84	84	84	84	84	84	84	84	84	84	84	84	84	84	84	84	84	83	83	83	84	84	84	84	84	83	83	84	83	83	83	83	83	83	83	83	84	83	83	83	84	84
84	83	82	83	83	83	83	83	83	83	83	82	83	83	83	83	83	83	83	82	82	83	83	83	83	83	83	83	83	83	83	83	83	83	83	83	83	83	82	83	83	83	83	83	83	83	83	83	83	83	83	83	83	83	83	83	83	83	83	83	83	83	83	83	83	83	83	83	83	83	83	83	83	83	83	83	83	83	83	83	83	83	83	83	83	83	83	83	83	83	83	83	83	83	83	83	83	83	83	83	83	83	83	83	83	83	83	83	83	83	83	83	83	83	83	83	83	84	83	83	83	83	83	83	83	83	83	83	83	83	83	83	83	83	83	83	83	83	83	83	83	83	83	83	83	83	83	83	83	83	83	83	83	83	83	83	83	83	83	83	83	83	83	83	83	83	83	83	83	83	83	83	83	83	83	83	83	84	84	84	83	83	83	84	83	83	83	83	84	84	84	83	84	83	83	84	83	83	83	83	83	83	83	84	84	83	83	83	83	83	83	83	83	83	83	83	83	83	83	83	83	83	83	83	83	83	83	83	83	83	83	83	83	83	83	83	83	83	83	83	83	84	84	84	84	84	84	84	84	84	84	84	84	84	84	84	84	84	84	84	84	84	84	84	84	84	84	84	84	84	84	84	84	84	84	84	84	84	84	83	84	84	84	84	84	83	84	84	84	83	83	83	83	83	83	83	83	83	83	83	83	83	83	84	84	83	83	83	84	84	84	84	84	83	83	83	83	83	83	83	83	83	84	84	84	84	84	84	83	83	83	84	84	84	84	84	84	84	84	84	84	83	83	83	83	83	83	83	83	83	83	83	83	83	83	83	84	84	84	84	84	84	84	84	84	83	83	84	84	84	83	83	83	84	84	84	83	83	83	84	84	84	84	83	83	83	83	84	83	84	84	83	83	83	83	84	84	84	83	83	83	83	84	83	83	83	83	83	83	83	83	83	83	83	83	83	83	83	84	84	84	83	84	84	84	84	84	84	84	84	84	84	83	83	83	83	84	84	84	84	84	84	84	84	84	84	83	83	84	83	84	84	84	84	84	84	83	83	83	84	84	84	83	84	84	84	84	83	83	83	83	83	83	83	83	83	83	83	83	84	83	84	84	84	84	84	84	84	84	84	83	84	84	84	84	83	83	83	83	83	83	83	83	84	84	84	84	84	83	83	83	83	83	83	83	83	83	83	83	83	83	83	84	84	84	83	84	84	84	84	84	84	84	84	84	84	84	84	84	85	85	85	84	84	84	84	84	84	84	84	84	84	84	83	83	83	84	84	84	84	84	84	84	84	84	84	84	84	84	84	84	84	84	84	84	84	84	84	84	84	84	84	84	84	84	84	84	84	84	84	84	84	84	83	83	84	84	84	84	84	84	84	84	84	84	84	84	83	83	84	84	84	84	84	84	83	83	83	84	84	84	84	84	83	83	84	83	83	83	83	83	83	83	83	84	83	83	83	84	84
84	83	83	83	83	83	83	83	83	83	83	83	83	83	82	83	83	83	83	83	83	83	83	83	83	83	83	83	83	83	83	83	83	83	83	83	83	83	83	83	83	83	83	83	83	83	83	83	83	83	83	83	83	83	83	83	83	83	83	83	83	83	83	83	83	83	83	83	83	83	83	83	83	83	83	83	83	83	83	83	83	83	83	83	83	83	83	83	83	83	83	83	83	83	83	83	83	83	83	83	84	84	84	83	83	83	83	83	83	83	83	83	83	83	83	83	83	83	83	83	83	83	83	83	83	83	83	83	83	83	83	83	83	83	83	83	83	83	83	83	83	83	83	83	83	83	83	83	83	83	83	83	83	83	83	83	83	83	83	83	83	83	83	83	83	83	83	83	83	83	83	83	83	83	83	83	83	83	84	84	83	83	83	83	83	83	84	84	83	84	83	83	84	83	83	83	83	83	83	83	83	83	83	83	83	84	83	83	83	83	83	84	83	83	83	83	83	83	83	83	83	83	83	83	83	83	83	83	83	83	83	83	83	83	83	83	83	83	83	83	83	83	83	84	84	84	84	84	84	84	84	84	84	84	84	84	84	84	84	84	84	84	84	84	84	84	84	84	84	84	84	84	84	84	84	84	84	84	84	84	84	84	84	84	84	84	84	84	84	83	83	83	83	83	83	83	83	83	83	83	83	83	83	83	83	83	83	83	83	84	84	84	84	84	83	83	83	83	83	83	83	83	84	84	84	84	84	83	83	83	83	83	84	84	84	84	84	84	84	84	84	83	84	83	83	84	84	84	84	83	83	84	84	83	83	83	84	84	84	84	84	84	84	84	83	83	83	83	84	84	84	83	83	84	84	84	83	83	83	84	84	84	83	83	83	83	83	83	84	84	84	83	83	83	83	84	84	84	83	83	83	83	84	84	83	84	84	83	83	83	83	84	83	83	83	83	84	84	84	84	83	83	84	84	84	84	84	83	83	83	83	83	83	83	83	84	84	84	83	83	83	83	84	84	83	83	84	84	84	84	84	84	84	84	84	84	84	84	84	84	84	84	84	83	83	84	83	83	83	83	83	83	83	83	83	83	83	83	84	84	84	84	84	84	84	84	84	84	84	84	84	84	84	84	84	83	83	83	83	83	83	83	83	84	84	84	84	84	83	83	83	83	83	83	83	83	83	83	83	83	83	83	83	84	84	83	84	84	84	84	84	84	84	84	84	84	84	84	84	84	84	84	84	84	84	84	84	84	84	84	84	84	84	84	84	84	84	84	84	84	84	84	84	84	84	84	84	84	84	84	84	84	84	84	84	84	84	84	84	84	84	84	84	84	83	83	84	84	84	84	84	84	84	84	84	84	84	84	84	84	84	84	84	84	84	84	84	83	83	84	84	84	84	84	84	84	84	84	84	84	84	84	84	84	84	83	83	83	83	83	83	83	83	83	83	83	83	83	84	84
84	83	83	83	83	83	83	83	83	83	83	83	83	82	82	82	83	83	83	83	83	83	83	83	83	83	83	83	83	83	83	83	83	82	82	83	83	83	83	83	83	83	83	83	83	83	83	83	83	83	83	83	83	83	83	83	83	83	83	83	83	83	83	83	83	83	83	83	83	83	83	83	83	83	83	83	83	83	83	83	83	83	83	83	83	83	83	83	83	83	83	83	84	83	83	83	83	83	83	83	84	84	84	84	84	84	84	84	84	83	83	84	84	83	83	83	83	83	83	83	83	83	83	83	83	83	83	83	83	83	83	83	83	84	83	83	83	83	83	83	83	83	83	83	83	83	84	84	83	83	83	83	83	83	83	83	83	83	83	83	83	83	83	83	83	83	83	83	83	83	83	83	84	83	83	83	83	83	84	83	84	84	83	83	83	84	84	84	83	84	83	83	83	83	83	83	83	83	83	83	83	83	83	83	83	83	83	83	83	83	84	84	84	84	84	83	83	83	83	83	83	84	84	84	83	83	83	83	84	84	83	83	83	83	83	83	83	83	83	83	83	83	83	83	84	84	84	84	84	84	84	84	84	84	84	84	84	84	83	83	84	84	84	84	84	84	84	84	84	84	84	84	84	84	84	84	84	84	84	84	84	84	84	84	84	84	84	84	83	84	83	83	83	83	83	83	83	83	83	83	83	83	83	83	83	83	84	84	83	83	83	83	83	83	83	83	83	83	83	83	83	83	83	83	84	84	83	83	83	83	83	83	83	84	84	84	84	84	84	84	84	83	83	84	84	84	84	84	84	83	83	84	84	83	83	83	84	84	84	84	83	84	84	84	84	83	83	83	84	84	83	83	83	84	84	84	83	83	83	84	84	84	83	83	83	84	84	83	83	83	84	84	84	83	83	84	84	84	83	83	83	84	84	84	84	84	84	84	84	84	84	84	83	84	83	84	84	84	84	83	83	83	83	84	84	84	84	83	83	83	83	83	83	83	83	84	84	83	83	83	83	83	84	83	83	84	84	84	84	84	84	84	84	83	83	84	84	84	84	84	84	84	84	83	83	84	83	83	83	83	83	83	83	83	83	83	84	83	84	84	84	84	84	84	84	84	84	84	84	84	84	84	84	83	84	83	83	84	84	83	83	83	83	84	84	84	84	84	83	83	83	83	83	83	83	83	83	83	83	83	83	83	83	83	83	83	84	84	84	84	84	84	84	84	84	84	84	84	84	83	84	84	84	84	84	84	84	84	84	84	84	84	84	84	84	84	84	84	84	84	84	84	84	84	84	84	84	84	84	84	83	83	83	84	84	84	83	83	84	84	84	84	84	84	83	83	84	84	85	84	84	84	84	84	84	84	84	84	84	84	84	84	84	84	83	84	84	84	84	84	84	84	84	84	84	84	84	84	84	84	84	84	84	84	84	83	83	83	84	83	83	83	83	83	83	83	83	84	84	84
84	83	83	83	83	83	83	83	83	83	83	83	83	82	82	82	83	83	83	83	83	83	83	83	83	83	83	83	83	83	83	83	83	82	82	83	83	83	83	83	83	83	83	83	83	83	83	83	83	83	83	83	83	83	83	83	83	83	83	83	83	83	83	83	83	83	83	83	83	83	83	83	83	83	83	83	83	83	83	83	83	83	83	83	83	83	83	83	83	83	83	83	84	83	83	83	83	83	83	83	84	84	84	84	84	84	84	84	84	83	83	83	84	83	83	83	83	83	83	83	83	83	83	83	83	83	83	83	83	83	83	83	83	84	83	83	83	83	83	83	83	83	83	83	83	83	84	84	83	83	83	83	83	83	83	83	83	83	83	83	83	83	83	83	83	83	83	83	83	83	84	84	84	83	83	84	84	84	84	84	84	84	83	83	83	84	84	84	83	84	83	83	83	83	83	83	83	83	83	83	83	83	83	83	83	83	83	83	83	83	84	84	84	83	83	83	83	83	83	83	83	84	84	84	83	83	83	83	84	84	83	83	83	83	83	83	83	83	83	83	83	83	83	83	84	84	84	84	84	84	84	84	84	84	84	84	84	84	83	83	84	84	84	84	84	84	84	84	84	84	84	84	84	84	84	84	84	84	84	84	84	84	84	84	84	84	84	84	83	84	83	83	83	83	83	83	83	83	83	83	83	83	83	84	83	84	84	84	84	84	84	83	83	83	83	83	83	83	83	83	83	83	83	83	84	84	84	83	83	83	83	83	83	83	84	84	84	84	84	84	84	84	84	84	83	84	84	84	84	83	83	83	83	83	84	84	84	84	84	84	83	84	84	84	84	83	83	84	84	84	83	83	83	84	84	84	83	83	83	84	84	84	83	83	84	84	84	84	83	84	84	84	84	84	84	84	84	84	83	83	83	84	84	84	84	84	84	84	84	84	84	84	84	84	84	84	84	84	84	83	83	83	83	84	84	84	84	83	83	84	83	83	83	83	84	84	84	84	83	84	84	84	84	84	84	84	83	83	84	83	84	84	84	83	83	84	84	84	84	83	83	83	83	83	84	84	83	83	83	83	84	83	83	83	83	83	84	83	84	84	84	84	84	84	84	84	84	84	84	84	84	84	84	83	84	83	83	84	84	83	83	83	83	84	84	84	84	84	83	83	83	83	83	83	83	83	83	83	83	83	83	83	83	83	83	83	84	84	84	84	84	84	84	84	84	84	84	84	84	84	84	84	84	84	84	84	84	84	84	84	84	84	84	84	84	84	84	84	84	84	84	84	84	84	84	84	84	84	84	84	83	83	83	84	84	84	83	83	84	84	84	84	84	84	84	84	84	84	84	84	84	84	84	84	84	84	84	84	84	84	84	84	84	84	83	84	84	84	84	84	83	83	84	84	84	83	83	84	84	84	84	84	84	84	84	83	83	83	84	83	83	83	83	83	83	83	83	84	84	84
84	83	82	82	83	83	83	83	83	83	83	82	82	83	83	83	83	83	83	83	83	83	83	83	83	83	83	83	83	83	83	83	83	83	83	83	82	82	83	83	83	83	83	83	83	83	83	83	83	83	83	83	83	84	84	83	83	83	83	83	83	83	83	83	83	83	83	83	83	83	83	83	83	83	83	83	83	83	83	83	83	83	83	83	83	83	83	83	83	83	83	83	83	83	83	83	83	83	83	83	83	84	83	83	83	83	83	84	83	83	83	83	83	84	83	83	83	83	83	83	83	83	83	83	83	83	83	83	83	83	83	83	83	83	83	83	83	83	83	83	83	83	83	83	83	83	83	83	83	83	83	83	83	83	83	83	83	83	83	83	83	83	83	83	83	83	83	83	83	83	83	83	83	83	83	84	84	84	84	84	84	84	83	83	84	83	83	83	83	83	83	83	83	83	83	83	83	83	83	83	83	83	83	83	83	83	83	83	83	83	83	83	83	83	83	83	83	83	83	83	83	83	83	83	83	83	84	84	84	84	83	83	83	83	83	83	83	83	83	83	83	84	84	84	84	84	84	84	84	84	84	84	84	84	84	84	84	84	84	84	84	84	84	84	84	84	84	84	84	84	84	84	84	84	84	84	84	84	84	84	84	84	84	84	84	84	84	84	84	84	83	83	83	83	83	83	83	83	83	83	83	83	83	83	83	83	83	83	83	83	83	83	83	83	83	83	83	83	83	83	83	83	83	83	83	83	83	83	83	83	83	83	83	83	84	83	83	84	83	84	84	84	83	83	83	83	84	83	83	83	83	83	83	83	83	83	83	83	83	83	83	84	84	84	84	83	83	84	84	84	83	83	83	84	84	84	84	84	83	83	84	84	83	83	84	84	84	84	84	84	84	84	84	84	84	84	84	84	83	83	83	83	84	84	83	83	83	83	84	84	84	84	84	84	84	84	83	83	84	84	84	83	83	83	83	83	84	84	84	83	84	83	84	84	84	84	84	84	84	83	84	84	83	83	83	83	84	84	83	83	83	83	83	83	83	83	84	83	83	83	83	83	83	83	84	84	83	83	83	83	84	83	83	83	83	84	84	84	84	84	84	84	84	84	84	84	84	84	84	84	84	84	84	83	83	83	83	84	83	83	83	83	83	84	84	84	84	84	83	83	83	83	83	83	83	83	83	83	83	83	83	83	83	84	84	83	84	84	84	84	84	84	84	84	84	84	84	84	84	84	84	84	84	84	84	84	84	84	84	84	84	83	84	84	84	84	84	84	84	84	84	84	84	84	84	84	84	84	84	84	83	84	84	84	84	84	84	84	84	84	84	84	84	84	84	84	84	84	84	84	84	84	84	84	84	84	84	84	84	84	84	84	84	83	84	84	84	84	84	84	84	84	84	84	84	84	84	84	84	84	84	84	84	84	84	84	84	84	84	84	84	84	83	83	83	84	84	84	84	84
84	83	82	82	83	83	83	83	83	83	82	82	82	83	83	83	83	83	83	83	83	83	83	83	83	83	83	83	83	83	83	83	83	83	83	83	83	83	83	83	83	83	83	83	83	83	83	83	83	83	83	83	83	83	83	83	83	83	83	83	83	83	83	83	83	83	83	83	83	83	83	83	83	83	83	83	83	83	83	83	83	83	83	83	83	83	83	83	83	83	83	83	83	83	83	83	83	83	83	83	83	83	83	83	83	83	83	84	83	83	83	83	83	84	84	83	83	83	83	83	83	83	83	83	83	83	83	83	83	83	82	83	83	83	83	83	83	83	83	83	83	83	83	83	84	83	83	83	83	83	83	83	83	83	83	83	83	83	83	83	83	83	83	83	83	83	84	84	83	83	83	83	83	83	84	84	84	84	84	83	84	84	83	83	84	83	83	83	83	83	83	83	83	83	83	83	83	83	83	83	83	83	83	83	83	83	83	84	83	83	83	83	83	83	83	83	83	83	83	83	83	83	83	83	83	83	84	84	84	83	83	83	83	83	83	83	83	83	83	83	83	84	84	84	84	84	84	84	84	84	84	84	84	84	84	84	84	84	84	84	84	84	84	84	84	84	84	84	84	84	84	84	84	84	84	84	84	84	84	84	84	84	84	84	84	84	84	84	84	84	83	83	83	83	83	83	83	83	83	83	83	83	83	83	83	83	83	83	83	83	83	83	83	83	83	83	83	83	83	83	83	83	83	83	83	83	83	83	83	83	83	83	83	83	83	83	83	84	83	84	84	84	84	84	84	84	84	84	84	84	84	83	83	84	84	84	84	84	84	84	84	84	84	84	83	83	83	84	84	84	84	84	84	84	84	84	84	84	84	83	84	84	84	84	84	84	84	84	84	84	84	83	83	84	84	84	83	83	83	83	83	83	83	83	83	84	83	83	84	84	84	84	84	84	84	84	84	84	84	84	83	83	83	83	83	83	84	84	84	83	84	84	84	84	84	84	84	84	84	84	84	83	83	83	83	83	84	83	83	83	83	83	83	83	83	84	84	84	83	84	83	83	83	83	84	84	83	83	83	83	84	83	83	83	83	84	84	84	84	84	84	84	84	84	84	84	84	84	84	84	84	84	83	83	83	83	83	83	83	83	83	83	83	84	84	84	84	84	83	83	83	84	84	84	83	83	83	83	83	83	83	83	83	84	84	83	83	84	84	84	84	84	84	84	84	84	84	84	84	84	84	84	84	84	84	84	84	84	84	84	83	83	84	84	84	84	84	84	84	84	84	84	84	84	84	84	84	84	84	84	83	84	84	84	84	84	84	84	84	84	84	84	84	84	84	84	84	84	84	84	84	84	84	84	84	84	84	84	84	84	84	84	84	83	84	83	84	84	84	84	84	84	84	84	84	84	84	84	84	84	84	84	84	84	84	84	84	84	84	84	84	84	83	83	83	84	84	84	84	84
84	83	83	83	83	83	83	83	83	83	82	82	82	83	83	83	83	83	83	83	83	83	83	83	83	83	83	83	83	83	83	83	83	83	83	83	83	83	83	83	83	83	83	83	83	83	83	83	83	83	83	83	83	83	83	83	83	83	83	83	83	83	83	83	83	83	83	83	83	83	83	83	83	83	83	83	83	83	83	83	83	83	83	83	83	83	83	83	83	83	83	83	83	83	83	83	83	83	83	83	83	83	83	83	83	83	83	83	83	83	83	83	83	84	84	83	83	83	83	83	83	83	83	83	83	83	83	83	83	82	82	83	83	83	83	83	83	83	83	83	83	83	83	83	83	83	83	83	83	83	83	83	84	83	83	83	83	83	83	83	83	83	83	83	83	83	84	84	83	84	84	83	84	84	84	84	84	84	84	83	84	84	83	83	84	83	83	83	83	83	83	83	83	83	83	83	83	83	83	83	83	83	83	83	83	83	83	83	83	83	83	83	83	83	83	83	83	83	83	83	83	83	83	83	83	83	84	84	84	83	83	83	83	83	83	83	83	83	83	83	83	84	84	84	84	84	84	84	84	84	84	84	84	84	84	84	84	84	84	84	84	84	84	84	84	84	84	84	84	84	84	84	84	84	84	84	84	84	84	84	84	84	84	84	84	84	84	84	84	84	83	83	83	83	83	83	83	83	83	83	83	83	83	83	83	83	83	83	83	83	83	83	83	83	83	83	83	83	83	83	83	83	83	84	83	84	83	83	84	83	83	83	83	83	83	83	83	84	84	84	84	84	84	84	84	84	84	84	84	84	84	83	84	84	84	84	84	84	84	84	84	84	84	84	84	84	84	84	84	84	84	84	84	84	84	84	84	84	84	84	84	84	84	84	84	84	84	84	84	84	84	83	84	84	84	84	84	84	84	84	83	84	84	84	84	84	84	83	84	84	84	84	84	84	84	84	83	83	83	83	83	83	83	83	83	83	84	84	84	83	84	83	84	84	84	84	84	84	84	84	84	84	83	83	83	84	83	83	83	83	83	83	83	84	84	84	84	84	84	84	84	83	83	84	84	84	83	83	83	84	84	83	83	83	83	84	84	84	84	84	84	84	84	84	84	84	84	84	84	84	84	84	83	83	83	83	83	83	83	83	83	83	83	84	84	84	84	84	83	83	83	84	84	84	84	84	83	83	83	83	83	83	83	83	84	83	83	84	84	84	84	84	84	84	84	84	84	84	84	84	84	84	84	84	84	84	84	84	83	83	83	83	84	84	84	84	84	84	84	84	84	84	84	84	84	84	84	84	84	84	83	84	84	84	84	84	84	84	84	84	84	84	84	84	84	84	84	84	84	84	84	84	84	84	84	84	84	84	84	84	84	84	84	83	84	83	84	84	84	84	84	84	84	84	84	84	84	84	84	84	84	84	84	84	84	84	84	84	84	84	84	84	83	83	83	84	84	84	84	84
84	83	83	83	83	83	83	83	83	83	83	83	83	83	83	83	83	83	83	83	83	83	83	83	83	83	83	83	83	83	83	83	83	83	83	83	83	83	83	83	83	83	83	83	83	83	83	83	83	83	83	83	83	83	83	83	84	83	83	83	83	84	84	83	83	84	83	83	83	83	83	83	83	83	84	84	84	84	84	84	83	83	84	83	83	83	83	83	83	83	83	84	83	83	83	83	83	83	83	83	83	83	83	83	83	83	83	83	83	83	83	83	83	83	83	83	83	84	84	84	83	83	83	84	83	83	83	83	83	83	83	83	83	83	84	84	84	84	84	83	83	83	83	83	83	83	83	83	84	84	84	83	83	83	83	83	83	83	83	83	83	83	83	83	83	83	83	83	83	83	84	84	84	84	84	84	84	83	83	83	83	83	83	84	84	83	84	83	83	83	83	83	83	84	84	83	83	83	83	84	84	83	83	83	83	83	83	83	83	83	83	83	83	83	83	83	83	83	83	83	83	83	83	83	83	83	83	83	83	83	84	84	83	83	83	84	83	83	83	83	84	83	83	84	84	84	84	84	84	84	84	84	84	84	84	84	84	84	84	84	84	84	84	84	84	84	84	84	84	84	84	84	84	84	84	84	84	84	84	84	84	84	84	84	84	84	84	84	83	83	83	83	83	83	83	83	83	83	83	83	83	83	83	84	84	83	83	83	83	84	84	84	83	83	84	83	83	83	83	83	83	83	83	84	83	83	83	84	84	83	83	83	83	84	84	83	83	84	83	84	84	84	84	84	84	83	83	83	84	84	84	83	83	84	84	83	83	84	84	84	84	84	84	83	83	83	83	83	84	84	84	84	84	83	83	83	83	83	83	83	83	83	83	83	84	84	84	84	84	83	84	84	84	84	84	83	83	83	83	84	84	84	84	84	84	84	84	84	84	84	84	84	84	84	84	84	84	83	84	83	83	84	83	83	84	84	84	84	84	84	84	84	84	84	84	84	84	84	83	84	84	84	84	84	83	83	83	83	83	83	83	84	83	84	84	83	83	83	83	83	83	84	84	83	83	83	83	83	83	83	83	83	83	84	83	84	84	84	84	84	84	84	84	84	84	84	84	84	84	84	84	83	83	83	83	83	83	83	83	83	83	83	83	84	84	83	83	83	83	83	83	84	84	84	84	84	83	83	83	83	84	84	83	83	83	83	83	83	84	84	84	84	84	84	84	84	84	84	84	84	84	84	84	84	84	84	84	84	84	84	84	84	84	83	84	84	84	84	84	84	84	84	84	84	84	84	84	84	84	84	83	83	83	83	83	84	84	84	84	84	84	84	84	84	84	84	84	84	84	84	84	84	84	84	84	84	84	84	84	84	84	84	84	84	84	84	84	84	84	84	84	84	84	84	84	83	84	84	85	85	84	83	83	84	84	84	84	84	84	84	84	84	83	83	83	84	84	84	84	84
84	83	83	83	83	83	83	83	83	83	83	83	83	83	83	83	83	83	82	83	83	83	83	83	83	83	83	83	83	83	83	83	83	83	83	83	83	83	83	83	83	83	83	83	83	83	83	83	83	83	83	83	83	83	83	83	84	83	84	83	83	84	84	84	83	84	84	83	83	83	83	83	83	83	84	83	83	83	84	84	84	83	84	83	83	83	83	83	83	83	83	84	83	83	83	83	83	83	83	83	83	83	83	83	83	83	83	83	83	83	83	83	83	83	83	83	83	84	84	83	83	83	83	84	83	83	83	83	83	83	83	83	83	83	84	84	84	84	84	84	83	83	83	83	83	83	83	83	84	84	83	83	83	83	83	83	83	83	83	83	83	83	83	83	83	83	83	83	83	83	83	83	84	83	84	84	84	83	83	83	83	83	83	84	84	83	84	83	83	83	83	83	83	84	84	84	83	83	83	84	84	84	83	83	83	83	83	83	83	83	83	83	83	83	83	83	83	83	83	83	83	83	83	83	83	83	83	83	83	83	84	84	83	83	83	84	83	83	83	83	84	83	83	84	84	84	84	84	84	84	84	84	84	84	84	84	84	84	84	84	84	84	84	84	84	84	84	84	84	84	84	84	84	84	84	84	84	84	84	84	84	84	84	84	84	84	84	84	83	83	83	83	83	83	83	83	83	83	83	83	83	83	83	84	84	84	83	83	83	84	84	84	83	83	83	83	83	83	83	83	83	83	83	84	83	83	83	84	84	83	83	83	83	84	84	83	83	84	83	83	84	84	84	84	84	84	83	83	84	84	84	84	84	83	84	84	84	84	84	83	83	83	83	83	83	83	83	83	84	84	84	84	84	83	83	83	83	83	83	83	83	83	83	83	84	84	84	84	84	84	84	84	84	84	84	83	83	83	83	84	84	84	84	84	84	84	84	84	84	84	83	83	83	84	84	84	84	84	84	83	83	84	83	83	84	84	84	84	84	84	84	84	84	84	84	84	84	84	83	84	84	84	84	84	83	83	83	83	83	83	83	84	83	84	84	83	83	83	83	84	84	84	84	83	84	84	83	83	83	83	83	83	83	84	83	84	84	84	84	84	84	84	84	84	84	84	84	84	84	83	83	83	83	83	83	83	83	83	83	83	83	83	83	84	84	83	83	83	83	83	83	83	83	83	83	83	83	83	83	83	83	84	83	83	83	83	83	83	84	84	84	84	84	84	84	84	84	84	84	84	84	84	84	84	84	84	84	84	84	84	84	84	84	83	84	84	84	84	84	84	84	84	84	84	84	84	84	84	84	84	83	83	83	83	83	83	84	84	84	84	84	84	84	84	84	84	84	84	84	84	84	84	84	84	84	84	84	84	84	84	84	84	84	84	84	84	84	84	84	84	84	84	84	84	84	83	84	84	84	84	84	83	83	84	84	84	84	84	84	84	84	84	83	83	83	84	84	84	84	84
84	83	83	83	83	83	83	83	83	83	83	83	83	83	83	83	83	83	82	83	83	83	83	83	83	83	83	83	83	83	83	83	83	83	83	83	83	83	83	83	83	83	83	83	83	83	83	83	83	83	83	83	83	83	83	83	84	83	83	83	83	84	84	83	83	84	83	83	83	83	83	83	83	83	83	83	83	83	84	84	83	83	84	83	83	83	83	83	83	83	83	83	83	83	83	83	83	83	83	83	83	83	83	83	83	83	83	83	83	83	83	83	83	83	83	83	83	83	83	83	83	83	83	83	83	83	83	83	83	83	83	83	83	83	83	84	84	84	84	83	83	83	83	83	83	83	83	83	84	84	84	83	83	83	83	83	83	83	83	83	83	83	83	83	83	83	84	84	83	84	83	83	83	83	83	84	84	84	83	83	83	84	83	84	84	83	84	83	83	83	83	83	83	84	84	84	84	84	84	84	84	84	83	83	83	83	83	83	83	83	83	83	83	83	83	83	83	83	83	83	83	83	83	83	83	83	83	83	83	83	84	84	83	83	83	84	83	83	83	83	84	83	83	84	84	84	84	84	84	84	84	84	84	84	84	84	84	84	84	84	84	84	84	84	84	84	84	84	84	84	84	84	84	84	84	84	84	84	84	84	84	84	84	84	84	84	84	84	83	83	83	83	83	83	83	83	83	83	83	83	83	83	83	84	84	84	83	83	83	84	84	84	83	83	83	83	83	83	83	83	83	83	83	83	83	83	83	84	84	83	83	83	84	84	84	83	83	84	84	84	84	84	84	84	84	83	84	84	84	84	84	84	84	84	84	84	83	83	83	83	83	83	83	83	83	83	83	84	84	84	84	84	84	84	84	84	84	84	84	84	84	84	83	83	84	84	84	84	84	84	84	84	84	84	84	84	83	83	84	84	84	84	84	84	84	84	84	84	84	84	84	84	84	84	84	84	84	84	84	83	83	84	83	83	84	84	84	84	84	84	84	84	84	84	84	84	84	84	83	84	84	84	84	84	83	83	83	83	84	83	83	84	83	84	84	83	83	83	84	84	84	84	84	84	84	84	83	83	83	83	83	83	83	84	83	84	84	84	84	84	84	84	84	84	84	84	83	83	83	83	83	83	83	83	83	83	83	83	83	83	83	83	83	84	84	83	83	83	83	83	83	83	83	83	83	83	83	83	83	83	83	83	83	83	83	83	83	83	84	84	84	84	84	84	84	84	84	84	84	84	84	84	84	84	84	84	84	84	84	84	84	84	84	84	84	84	84	84	84	84	84	84	84	84	84	84	84	84	84	84	84	83	83	83	83	83	84	84	84	84	84	84	84	84	84	83	83	84	84	84	84	84	84	84	84	84	84	84	84	84	84	84	84	84	84	84	84	84	84	84	84	84	84	84	84	83	84	84	83	83	83	83	83	83	83	83	84	84	84	84	84	84	83	83	83	84	84	84	84	84
84	83	83	83	83	83	83	83	83	83	83	83	83	83	83	82	83	83	83	83	83	83	83	83	83	83	83	83	83	83	83	83	83	83	83	83	83	83	83	83	83	83	84	84	83	83	83	83	83	83	83	83	83	84	83	83	83	83	83	83	83	83	83	83	83	83	83	83	83	83	84	83	83	83	83	83	83	83	83	83	83	83	83	83	83	83	83	83	83	83	83	83	83	83	83	83	83	83	83	83	84	84	83	83	83	83	83	83	83	84	83	83	83	83	83	83	83	83	83	83	83	83	83	83	83	83	83	83	83	83	83	83	83	83	83	83	83	83	83	83	83	83	83	83	83	83	84	84	84	84	84	83	83	83	83	83	83	83	83	83	83	83	83	83	84	83	83	83	83	84	83	83	83	84	83	83	83	83	84	83	83	84	83	83	83	83	84	83	83	83	83	83	83	83	84	83	83	83	83	84	84	84	83	83	83	83	83	83	83	83	83	83	83	84	84	83	84	84	84	84	84	83	83	83	83	83	83	83	83	83	83	83	83	83	83	83	83	83	83	83	83	83	83	84	84	84	84	84	84	84	84	84	84	84	84	84	84	84	84	84	84	84	84	84	84	84	84	84	84	84	84	84	84	84	84	84	84	84	84	84	84	84	84	84	84	84	84	84	84	84	83	83	83	83	83	83	83	83	83	83	83	83	83	84	84	84	83	83	83	83	83	84	83	83	84	84	84	84	84	84	84	84	84	84	83	83	83	83	83	83	83	83	84	84	83	83	84	84	84	84	84	84	84	84	84	84	84	83	83	83	83	84	84	84	84	84	83	83	83	83	83	83	83	83	83	83	83	83	83	83	84	84	84	84	84	84	84	84	84	84	84	84	84	84	84	84	84	84	84	84	84	84	84	84	84	84	84	84	84	84	84	84	84	84	84	84	84	84	84	84	83	83	83	83	84	84	84	84	84	83	83	83	83	83	83	84	84	83	83	83	84	84	83	83	84	83	83	83	84	84	84	83	84	83	83	84	83	83	83	83	83	83	83	84	84	84	84	84	83	84	84	84	83	83	83	83	83	83	83	83	83	83	83	83	84	84	84	84	84	84	84	84	83	83	83	83	84	83	83	83	83	83	83	83	83	83	83	83	83	83	83	83	83	83	83	83	83	83	83	83	83	83	83	83	84	83	83	83	83	83	83	83	83	83	83	83	83	83	84	84	84	84	84	84	84	84	84	84	84	84	84	84	83	84	84	84	84	84	84	84	83	84	84	84	84	84	84	84	84	84	84	84	84	84	84	84	84	84	84	84	84	84	84	83	83	83	84	84	84	84	84	84	84	84	84	83	83	83	83	83	84	84	84	84	83	84	84	84	83	83	83	84	84	84	83	83	84	84	84	84	84	84	84	84	84	83	84	83	84	84	84	84	84	83	83	83	84	84	84	83	83	83	83	83	83	83	83	84	84	84
84	83	83	83	83	83	83	83	83	83	83	83	83	83	83	83	83	83	83	83	83	83	83	83	83	83	83	83	83	83	83	83	83	83	83	83	83	83	83	83	83	84	84	84	83	83	83	83	83	83	83	83	83	83	83	83	83	83	83	83	83	83	83	83	83	83	83	83	83	83	83	83	83	83	83	83	83	83	83	83	83	83	83	83	83	83	83	83	83	83	83	83	83	83	83	83	83	83	83	83	84	84	83	83	83	83	83	83	83	84	83	83	83	83	83	83	83	83	83	83	83	83	83	83	83	83	83	83	83	83	83	83	83	83	83	83	83	83	83	83	83	83	83	83	83	84	84	84	84	84	84	83	83	83	83	83	83	83	83	83	83	83	83	83	84	83	83	83	84	84	84	84	84	84	83	83	83	84	84	83	83	83	83	83	83	83	84	83	83	83	83	83	83	83	84	83	83	83	83	84	84	84	83	83	83	83	83	83	83	83	83	83	83	84	84	84	84	84	84	84	84	83	83	83	83	83	83	83	83	83	83	83	83	83	83	83	83	83	83	83	83	83	83	84	84	84	84	84	84	84	84	84	84	84	84	84	84	84	84	84	84	84	84	84	84	84	84	84	84	84	84	84	84	84	84	84	84	84	84	84	84	84	84	84	84	84	84	84	84	84	83	83	83	83	83	83	83	83	83	83	83	83	83	84	84	84	83	83	83	83	83	83	83	83	84	83	83	83	83	84	84	83	84	84	83	83	83	83	83	83	83	83	84	84	83	83	84	84	84	84	84	84	83	83	83	84	84	84	83	83	83	83	84	83	83	84	83	83	84	84	84	84	83	83	83	83	83	83	83	83	83	83	83	83	83	83	83	83	83	83	83	83	83	83	83	83	83	83	83	83	83	83	83	83	83	83	83	83	84	84	84	84	84	83	84	84	83	83	83	83	83	83	83	83	83	84	84	84	84	83	83	84	84	83	83	84	84	83	83	83	84	84	84	84	84	83	83	83	84	84	84	83	84	83	83	84	83	83	83	83	83	84	84	84	84	84	84	84	84	84	84	84	83	83	83	83	83	83	83	83	83	83	83	83	84	84	84	84	84	84	84	84	83	83	83	83	84	83	83	83	83	83	83	83	83	83	83	83	83	83	83	83	83	83	83	83	83	83	83	83	83	83	83	83	84	83	83	83	83	83	83	83	83	83	83	83	83	83	84	84	84	84	84	84	84	84	84	84	84	84	84	84	83	84	84	84	84	84	84	84	83	84	84	84	84	84	84	84	84	84	84	84	84	84	84	84	84	84	84	84	84	84	84	83	83	83	84	84	84	84	84	84	84	84	84	83	84	84	84	84	84	84	84	84	83	84	84	84	83	83	83	84	84	84	83	83	84	84	84	84	84	84	84	84	84	84	84	84	84	84	84	84	84	84	84	84	84	84	84	83	83	83	83	83	83	83	83	84	84	84
84	83	83	83	83	83	83	83	83	83	83	83	83	83	83	83	83	83	83	83	83	83	83	83	83	83	83	83	83	83	83	83	83	83	83	83	83	83	83	83	83	84	84	83	83	83	83	83	83	83	83	83	83	83	83	83	84	84	83	83	83	83	83	83	83	83	83	83	83	83	83	83	83	83	83	83	83	83	83	83	83	83	83	83	83	83	83	83	83	83	83	83	83	83	83	83	83	83	83	83	84	84	83	83	83	83	83	83	83	84	83	83	83	83	83	83	83	83	83	83	83	83	83	83	83	83	84	83	83	83	83	83	83	83	83	83	83	83	83	83	83	83	83	84	84	84	84	84	84	84	84	83	83	83	83	83	83	83	83	83	83	83	83	83	83	83	84	84	84	84	84	83	84	84	84	84	83	84	84	83	84	84	83	83	83	83	84	83	83	83	83	83	83	83	83	83	83	83	83	84	84	83	83	83	83	83	83	83	83	83	83	83	83	84	84	84	84	83	83	84	84	83	83	83	83	83	83	83	83	83	83	83	83	83	83	83	83	83	83	83	83	83	84	84	83	83	84	84	84	84	84	84	84	84	84	84	84	84	84	84	84	84	84	84	84	84	84	84	84	84	84	84	84	84	84	84	84	84	84	84	84	84	84	84	84	84	84	84	84	83	83	83	83	83	83	83	83	83	83	83	83	83	83	84	84	84	83	83	83	83	83	83	83	83	84	83	83	83	83	84	84	83	84	84	83	83	83	83	83	83	83	83	83	84	83	83	84	84	83	83	84	84	84	84	84	84	84	84	84	84	84	83	83	83	83	83	83	83	84	84	84	84	84	84	84	83	83	83	84	84	83	83	83	83	83	83	83	83	83	83	83	83	83	83	83	83	83	83	83	83	83	83	83	83	83	83	83	83	83	84	84	84	83	83	84	83	83	83	83	83	83	83	83	83	83	84	84	84	84	83	83	84	84	83	83	84	84	83	83	83	83	84	84	84	84	84	84	84	84	84	84	84	84	83	83	83	83	83	83	83	83	84	84	84	84	84	84	84	84	84	84	84	84	83	83	83	83	83	83	83	83	83	83	83	84	84	84	84	84	84	84	84	83	83	83	83	83	83	83	83	83	83	83	83	83	83	83	83	83	83	83	83	83	84	84	83	83	83	83	83	83	83	83	83	83	83	83	83	83	83	83	83	83	83	83	83	83	83	83	84	84	84	84	84	84	84	84	84	84	84	84	84	83	84	84	84	84	84	84	84	84	84	84	84	84	84	84	84	84	84	84	84	84	84	84	84	84	84	84	84	84	84	84	84	84	84	84	84	84	84	84	84	84	84	84	83	84	84	84	84	84	84	84	84	84	84	84	84	83	83	83	84	84	83	83	83	83	84	84	84	84	84	84	84	84	84	84	84	84	84	84	84	84	84	84	84	84	84	84	83	83	83	83	83	83	83	83	83	84	84
84	83	83	83	83	83	83	83	83	83	83	83	83	83	83	83	83	83	83	83	83	83	83	83	83	83	83	83	83	83	83	83	83	83	83	83	83	83	83	84	84	84	83	83	84	84	84	83	83	84	83	83	83	84	84	84	84	84	84	84	84	84	84	83	83	83	83	83	83	83	83	83	83	83	83	83	83	83	83	83	83	84	84	83	84	84	83	83	83	83	83	83	83	83	83	83	83	83	83	83	84	83	83	84	83	83	84	84	84	83	83	83	84	83	83	83	83	83	83	83	83	83	83	83	83	84	84	84	83	83	83	83	83	83	83	83	83	84	84	84	84	84	84	84	84	83	83	84	83	83	84	83	84	83	82	83	83	83	83	83	83	83	83	83	83	84	84	84	84	84	83	83	83	83	83	83	83	83	83	83	84	84	83	83	83	84	84	83	83	83	83	83	83	83	83	83	83	83	83	83	83	83	83	83	84	83	83	83	83	83	84	84	84	84	84	84	84	83	83	83	84	84	84	83	83	84	84	83	83	83	83	83	83	83	83	83	83	83	83	83	83	83	84	83	83	83	84	84	84	83	84	84	84	84	84	84	84	83	83	83	84	84	84	84	84	84	84	84	84	84	84	84	84	84	84	84	84	84	84	84	84	84	84	84	84	83	83	84	83	83	83	83	83	83	83	83	83	83	83	83	84	84	84	83	83	83	84	83	83	83	83	84	83	83	84	84	83	84	84	84	84	84	84	84	84	84	83	83	83	83	83	83	83	83	83	84	84	84	83	83	83	83	84	84	84	84	84	84	84	84	83	83	83	83	83	83	83	83	83	84	84	84	84	84	84	84	84	84	84	84	84	83	83	83	83	83	83	83	83	83	83	83	84	84	83	83	83	83	83	83	83	83	83	83	83	83	83	83	83	83	83	83	84	84	83	83	83	83	83	83	83	83	83	84	84	84	84	83	84	84	84	84	83	83	83	84	84	84	84	84	84	84	83	83	83	83	84	84	84	84	84	84	84	83	83	83	83	83	83	83	83	84	83	83	83	83	84	83	83	83	84	84	84	83	83	83	83	83	83	83	84	84	84	84	84	84	84	83	83	83	83	83	83	84	83	83	83	83	83	83	83	83	83	83	84	83	83	83	83	83	84	84	84	84	84	83	82	82	83	84	84	83	83	83	83	83	83	83	84	83	83	83	83	83	83	83	84	84	84	84	84	84	84	84	84	84	84	84	84	84	84	84	84	84	84	83	83	83	84	84	84	84	84	84	84	84	84	84	84	84	84	84	84	84	84	84	84	84	84	84	84	84	84	84	84	84	84	84	84	84	84	84	84	83	84	84	84	84	84	84	84	84	84	84	84	84	83	83	83	83	83	83	83	83	83	83	84	84	84	84	84	84	84	84	84	84	84	84	83	83	84	84	84	84	84	84	84	84	84	83	83	84	83	83	84	83	83	83	84	84
84	83	83	83	83	83	83	83	83	83	83	83	83	83	83	83	83	83	83	83	83	83	83	83	83	83	83	83	83	83	83	83	83	83	83	83	83	83	83	84	84	84	83	83	84	84	84	83	83	84	83	83	83	84	84	84	84	84	84	84	84	84	84	83	83	83	83	83	83	83	83	83	83	84	83	83	83	83	83	84	84	84	84	83	84	84	83	83	83	83	83	83	83	83	83	83	83	83	83	83	84	83	83	84	83	83	84	84	84	83	83	83	84	83	83	83	83	83	83	83	83	83	83	83	83	83	84	84	83	83	84	83	83	83	83	83	83	84	84	84	83	83	84	84	84	83	83	84	83	83	84	83	84	83	83	83	83	83	84	83	83	84	83	83	83	83	83	83	83	83	83	83	83	83	83	83	83	84	84	83	84	84	83	83	83	84	84	83	83	83	83	83	83	83	83	83	83	83	83	83	83	83	83	83	84	83	83	83	83	83	84	84	84	84	84	84	84	83	83	83	84	84	84	83	83	84	84	83	83	83	83	83	83	83	83	83	83	83	83	83	83	83	84	83	83	83	84	84	84	83	84	84	84	84	84	84	84	83	83	83	84	84	84	84	84	84	84	84	84	84	84	84	84	84	84	84	84	84	84	84	84	84	84	84	84	83	83	84	83	83	83	83	83	83	83	83	83	83	83	83	84	84	84	83	83	83	84	83	83	83	83	84	83	83	83	83	83	84	84	84	84	84	84	83	83	84	83	83	83	83	83	83	83	83	83	84	84	84	84	83	83	83	83	84	84	83	84	83	83	83	83	83	83	83	84	84	83	83	83	84	84	84	84	84	84	83	83	83	83	83	83	83	83	83	83	83	84	84	84	83	83	84	84	84	83	83	83	83	83	83	83	83	83	84	84	84	84	84	84	83	83	83	83	83	83	83	83	83	83	83	83	83	83	83	83	83	83	83	84	84	84	84	83	83	84	84	84	84	84	84	84	84	84	84	84	84	84	84	83	83	83	83	84	83	83	83	83	83	83	83	83	84	84	84	84	83	83	83	83	84	83	83	83	83	83	83	83	83	83	83	84	84	84	84	84	84	84	83	83	83	83	83	83	84	83	83	83	83	83	83	83	83	83	83	84	83	83	83	83	83	84	84	84	84	84	83	83	83	83	83	83	83	83	83	83	83	83	83	84	83	83	83	84	84	83	83	84	84	84	84	84	84	84	84	84	84	84	84	84	84	84	84	84	84	84	83	83	83	84	84	84	84	84	84	84	84	84	84	84	84	84	84	84	84	84	84	84	84	84	84	84	84	84	84	84	84	84	84	84	84	84	84	84	83	83	83	83	84	84	84	84	84	84	84	84	84	83	83	83	83	83	83	83	83	83	83	84	84	84	84	84	84	84	84	84	84	84	84	84	84	84	84	84	84	84	84	84	84	84	84	83	83	83	83	84	83	83	83	84	84
84	83	83	83	83	83	83	83	83	83	83	83	83	83	83	83	83	83	83	83	83	83	83	83	83	83	83	83	83	83	83	83	83	83	83	83	83	83	83	83	83	83	83	83	83	84	83	83	83	83	83	83	83	84	84	84	84	84	84	84	84	84	84	84	83	83	83	83	83	83	83	83	84	84	84	83	83	83	84	84	84	83	83	83	83	83	83	83	83	83	83	83	83	83	83	83	83	83	83	83	83	83	83	84	83	83	84	84	83	83	83	83	84	83	83	83	83	83	83	83	83	83	83	84	83	83	83	83	83	83	83	83	83	83	83	83	83	83	84	83	83	83	83	84	83	83	83	83	83	83	84	83	83	83	83	83	83	83	83	83	83	84	83	83	83	83	83	83	83	83	83	83	83	83	83	83	83	84	84	83	84	84	83	83	83	84	84	83	83	83	83	83	83	83	83	83	83	83	83	83	83	83	83	83	83	83	83	83	83	83	84	84	84	84	84	84	83	83	83	83	84	84	84	83	83	84	84	83	83	83	83	83	83	83	83	83	83	83	83	83	83	83	84	83	83	83	83	84	84	83	83	84	84	84	83	83	84	83	83	83	84	84	84	84	84	84	84	84	84	84	84	84	84	84	84	84	84	84	84	84	84	84	84	84	84	83	83	83	83	83	83	83	83	83	83	83	83	83	83	83	83	84	84	84	83	83	83	83	83	83	83	84	83	83	83	83	83	84	84	84	84	84	83	83	83	83	83	83	83	83	83	83	83	83	83	84	84	84	84	83	84	84	83	83	83	83	83	83	83	83	83	83	83	83	84	84	83	83	83	83	83	84	84	84	84	83	83	83	83	83	83	83	83	83	83	83	83	83	83	83	83	83	83	83	83	83	83	83	83	83	83	83	83	83	83	83	83	83	84	84	83	83	83	83	83	83	83	83	83	83	83	83	83	83	84	84	83	83	84	84	84	84	84	83	84	84	84	84	84	83	83	83	83	83	83	84	83	83	83	83	83	83	83	83	83	83	83	83	83	83	83	84	84	84	84	83	83	83	83	83	83	83	83	83	83	83	83	83	83	83	83	84	83	83	83	83	83	83	83	83	83	83	83	83	83	83	83	83	83	83	83	83	83	83	84	83	83	83	83	83	84	84	83	83	83	83	83	83	83	83	83	83	83	83	83	83	83	83	84	83	83	83	83	84	83	83	84	84	84	84	84	84	84	84	84	84	84	84	84	84	84	84	84	84	84	83	83	83	83	84	84	84	84	84	84	84	84	84	84	84	84	84	84	84	84	84	84	84	84	84	84	84	84	84	84	84	84	84	84	84	84	84	83	83	83	83	84	84	84	84	84	84	84	84	84	84	83	83	83	83	83	83	83	83	83	83	84	84	84	84	84	84	84	84	84	84	84	84	84	84	84	84	84	84	84	84	84	84	84	84	83	83	83	83	84	84	84	84	84	84
84	83	83	83	83	83	83	83	83	83	83	83	83	83	83	83	83	83	83	83	83	83	83	83	83	83	83	83	83	83	83	83	83	83	83	83	84	84	83	83	83	83	83	83	83	83	83	83	83	83	83	83	83	84	84	84	84	84	84	84	84	84	84	84	84	84	84	83	83	83	83	83	84	84	84	84	84	84	84	84	83	83	83	83	83	83	83	83	83	83	83	83	83	83	83	83	83	83	83	83	83	83	83	83	83	83	84	83	83	83	83	83	84	83	83	83	83	83	83	84	83	83	83	84	84	83	83	83	83	84	84	83	83	83	83	83	83	83	83	83	83	83	83	84	84	83	83	83	83	84	84	83	83	83	83	83	83	83	83	83	83	83	83	83	83	83	83	83	83	83	83	83	83	83	83	83	83	83	83	83	84	84	83	83	83	83	83	84	84	84	84	84	84	83	83	83	83	83	83	83	83	83	83	83	83	83	83	83	83	83	84	83	83	84	84	84	83	83	83	83	83	84	84	84	84	84	84	83	83	83	83	83	83	83	83	83	83	83	83	83	83	83	83	84	83	83	83	84	84	83	83	83	84	84	83	83	83	83	83	83	83	84	84	84	84	84	84	84	84	84	84	84	84	84	84	84	84	84	84	84	84	84	84	83	83	83	83	83	83	83	83	83	83	83	83	83	83	83	83	83	83	83	84	84	84	83	83	83	84	84	83	84	83	83	83	83	83	84	84	84	84	84	83	83	83	83	83	83	83	83	83	83	83	83	83	83	83	83	83	83	84	84	83	83	83	83	83	83	84	84	83	83	83	83	83	83	83	83	84	84	84	84	84	84	84	84	84	83	83	83	83	83	83	84	84	84	83	83	83	83	83	83	83	83	83	83	83	83	83	83	83	83	83	83	83	83	83	83	83	84	83	83	83	83	83	83	83	83	83	84	83	83	83	83	84	84	84	84	84	84	84	84	84	83	83	84	84	83	84	83	83	83	83	83	83	83	83	83	83	83	83	83	83	83	83	83	83	83	83	83	83	84	84	84	84	83	83	83	83	83	83	83	83	83	83	83	83	83	84	83	83	83	83	83	83	83	83	83	83	83	84	84	83	83	83	83	83	83	83	84	83	83	83	83	84	83	83	83	83	83	83	83	83	83	83	83	83	83	83	83	83	83	83	83	83	83	83	84	84	83	83	83	83	83	83	83	84	84	84	84	84	84	84	84	84	84	84	84	84	84	84	84	84	84	84	84	84	84	84	84	84	84	84	84	84	84	84	84	84	84	84	84	84	84	84	84	84	84	84	84	84	84	84	84	84	84	84	84	84	84	84	83	83	83	84	84	84	84	84	84	84	84	84	84	84	84	83	83	83	83	83	83	83	83	83	83	84	84	84	84	84	84	84	84	84	84	84	84	84	84	84	84	84	84	84	84	84	83	83	83	83	83	83	83	84	84	84	84	84	84
83	83	83	83	83	83	83	83	83	83	83	83	83	83	83	83	83	83	83	83	83	83	83	83	83	83	83	83	83	83	83	83	83	83	83	83	84	84	83	83	83	83	83	83	83	83	83	83	83	83	83	83	83	84	84	84	84	84	84	84	84	84	84	84	84	84	84	83	83	83	83	83	84	84	84	84	84	84	84	84	84	83	83	83	83	83	83	83	83	83	83	83	83	83	83	83	83	83	83	83	83	83	83	83	83	83	84	83	83	83	83	83	84	83	83	83	83	83	83	84	83	83	83	84	84	83	83	83	83	84	84	83	83	83	83	83	83	83	83	83	83	83	83	83	83	83	83	83	83	83	83	83	83	83	83	83	83	83	83	83	84	84	83	83	84	83	83	83	83	84	83	83	83	83	84	84	83	83	83	83	84	84	83	83	83	83	83	84	84	84	84	84	84	83	83	83	83	83	83	83	83	83	83	83	83	83	83	83	83	83	84	83	83	84	84	84	83	83	83	83	83	84	84	84	84	84	84	83	83	83	83	83	83	83	83	83	83	83	83	83	83	83	83	84	83	83	83	84	84	83	83	83	83	83	83	83	83	83	83	83	83	84	84	84	84	84	84	84	84	84	84	84	84	84	84	84	84	84	84	84	84	84	84	83	83	83	83	84	83	83	83	83	83	83	83	83	83	83	83	83	83	83	84	84	84	83	83	83	84	84	83	84	83	83	83	83	83	84	84	84	84	84	83	83	83	83	83	83	83	83	83	83	83	83	84	84	84	84	84	83	83	83	83	83	83	83	83	84	84	84	84	83	84	84	84	84	84	84	84	84	84	84	83	83	83	84	84	84	83	83	83	83	83	84	84	84	84	84	83	83	83	83	84	84	84	84	84	83	83	83	83	83	83	84	83	83	83	83	83	83	83	83	83	83	83	83	83	83	83	84	83	83	83	83	84	84	84	84	84	84	84	84	84	84	84	84	84	84	84	84	84	84	83	83	84	84	83	83	83	83	83	83	84	83	83	83	83	84	84	83	84	84	84	83	83	83	83	83	83	83	83	83	84	83	83	83	83	83	84	83	83	83	83	83	83	83	83	83	83	83	83	83	83	83	83	83	83	83	83	83	83	83	83	83	84	83	83	83	83	83	83	83	83	83	83	83	83	83	83	83	83	83	83	83	83	83	83	84	84	84	84	84	83	83	83	84	84	84	84	84	84	84	84	84	84	84	84	84	84	84	84	84	84	84	84	84	84	84	84	84	84	84	84	84	84	84	84	84	84	84	84	84	84	84	84	84	84	84	84	84	84	84	84	84	84	84	84	84	84	84	84	83	83	83	84	84	84	84	84	84	84	84	84	84	84	84	83	83	83	83	83	83	83	83	83	83	84	84	84	84	84	84	84	84	84	84	84	84	84	84	84	84	84	83	83	83	83	83	83	83	83	83	83	83	84	84	84	84	84	84
83	82	83	83	83	83	83	83	83	83	83	83	83	83	83	83	83	83	84	84	84	83	83	83	84	84	84	83	83	83	83	83	83	83	83	84	84	83	83	83	83	83	84	84	84	84	84	83	83	84	84	83	84	84	84	84	84	84	84	84	84	83	83	83	83	83	83	83	83	83	83	83	84	84	84	83	83	83	83	83	83	83	83	83	83	83	83	83	83	83	84	83	83	83	83	83	83	83	83	83	83	83	83	84	84	84	84	83	83	84	83	83	83	83	83	83	83	83	83	83	83	83	83	83	83	83	83	83	83	83	83	83	83	83	84	84	84	84	84	84	83	84	83	83	83	83	83	83	83	83	83	83	83	83	83	84	83	83	83	83	83	84	84	84	83	83	83	83	83	83	83	83	83	83	83	84	83	83	83	84	84	84	84	84	84	83	83	83	83	83	84	84	84	83	83	83	83	83	84	83	83	83	83	83	83	83	83	83	83	83	84	84	84	84	84	84	83	83	83	83	84	84	84	84	84	84	84	83	83	83	83	83	83	83	83	83	83	83	83	83	83	83	83	83	83	83	83	84	84	83	83	83	83	83	83	83	83	83	83	83	84	83	83	84	84	84	84	84	84	84	84	84	84	84	84	84	84	84	84	84	84	83	83	83	83	83	84	84	84	84	84	84	83	83	83	83	83	83	84	83	84	84	83	84	83	83	83	83	84	84	83	83	83	83	83	83	83	84	84	84	84	84	84	84	83	84	83	83	83	83	83	83	83	83	84	84	84	84	84	83	83	84	83	84	84	83	84	84	83	83	84	84	84	84	83	83	83	83	83	84	84	84	83	83	83	84	84	84	84	84	83	83	83	83	83	83	83	83	83	83	83	83	83	83	83	83	83	83	83	83	83	83	84	84	84	84	84	84	84	84	84	84	84	84	83	83	83	83	83	83	83	83	83	84	84	84	84	84	83	83	83	84	84	84	84	84	84	84	84	83	83	83	83	83	83	83	83	83	83	83	83	83	84	84	84	84	84	84	84	83	83	83	84	83	83	83	83	83	83	83	83	83	83	83	83	83	84	84	84	83	83	83	83	83	83	83	83	83	83	83	83	83	83	84	84	84	83	83	83	83	83	84	84	83	83	83	83	83	83	83	83	83	83	83	83	83	84	84	83	83	83	83	83	83	83	83	83	83	83	83	83	83	83	83	84	83	84	84	84	84	84	84	84	84	84	84	84	84	84	84	84	84	84	84	84	84	84	83	83	83	84	84	84	84	84	84	84	84	84	84	84	84	84	84	84	84	84	84	84	84	84	84	84	84	84	84	84	84	84	84	84	84	84	84	84	84	84	84	84	84	84	84	84	84	84	83	83	83	83	83	83	83	83	83	83	83	84	84	84	84	83	84	83	84	84	84	84	84	84	84	84	84	84	83	83	83	84	84	84	84	84	84	83	83	83	84	84	83	83	83
83	82	83	83	83	83	83	83	83	83	83	83	83	83	83	83	83	83	84	84	84	84	84	84	84	84	84	83	83	83	83	83	83	84	84	84	83	83	83	83	83	84	84	84	84	84	84	84	84	84	84	84	84	84	84	84	84	84	84	84	84	83	83	83	83	83	83	83	83	83	83	83	83	84	84	83	83	83	83	83	83	83	83	83	83	83	83	83	83	83	83	83	83	83	84	83	83	83	83	83	83	84	84	84	84	84	84	83	84	84	84	83	83	83	83	83	83	83	83	83	83	83	83	83	83	83	84	84	83	83	83	83	83	83	84	84	84	84	84	84	84	84	84	83	83	83	83	83	83	83	83	83	83	83	83	84	83	83	83	83	83	84	84	84	83	83	83	83	83	83	83	83	83	83	83	83	83	83	83	84	84	84	84	84	84	83	83	83	83	83	83	83	83	83	83	83	83	84	84	84	84	83	83	83	83	83	83	83	83	83	84	84	84	84	84	84	84	84	84	83	84	84	84	84	84	84	84	83	83	83	83	83	83	83	83	83	83	83	83	83	83	83	83	83	83	83	83	83	83	83	83	83	83	83	83	83	83	83	83	83	84	83	83	84	84	84	84	84	84	84	84	84	83	83	84	84	84	84	83	83	84	83	83	83	83	83	84	84	84	84	84	84	84	83	83	83	83	84	84	83	84	84	83	84	83	83	83	83	83	84	83	83	83	83	83	83	84	84	84	84	84	84	84	84	83	84	84	83	83	83	83	83	83	83	84	84	83	83	83	83	84	84	84	84	84	83	83	83	83	83	83	84	84	84	83	83	83	83	83	84	84	84	83	83	84	84	84	84	84	84	83	83	83	83	83	83	83	83	83	83	83	83	83	83	83	83	83	83	83	83	83	84	84	84	84	84	84	84	84	84	84	84	83	83	83	83	83	84	83	83	83	83	83	84	83	84	84	84	83	83	84	84	84	84	84	84	84	84	84	83	83	83	83	83	83	83	83	83	83	83	83	83	83	83	84	84	84	84	84	83	83	83	84	83	83	83	83	83	83	83	83	83	83	83	83	83	83	83	83	83	83	83	83	83	83	83	83	83	83	83	83	83	83	84	84	84	83	83	83	83	83	84	84	83	83	83	83	83	83	83	84	83	83	83	83	84	84	84	83	83	83	83	84	83	83	83	83	83	83	83	83	83	83	84	84	84	84	84	84	84	84	84	84	84	83	83	84	84	84	84	84	84	83	84	84	83	84	84	83	83	84	84	84	84	84	84	84	84	84	84	84	84	84	84	84	84	84	84	84	84	84	84	84	84	84	84	84	84	84	84	84	84	84	84	84	84	84	84	84	84	84	84	84	84	84	83	83	83	83	83	83	83	83	83	83	83	84	84	84	84	83	84	84	84	84	84	84	84	84	84	84	83	83	83	83	83	84	84	84	84	84	84	83	83	83	83	83	83	83	83
83	82	83	83	83	83	83	83	83	83	83	83	83	83	83	83	83	83	84	84	84	83	84	84	84	84	84	83	83	83	83	83	83	84	84	84	83	83	83	83	83	84	84	84	84	84	84	84	84	84	84	84	84	84	84	84	84	84	84	84	84	83	83	83	83	83	83	83	83	83	83	83	83	84	84	83	83	83	83	83	83	83	83	83	83	83	83	83	83	83	83	83	83	83	83	83	83	83	83	83	83	84	84	84	84	84	84	83	84	84	84	83	83	83	83	83	83	83	83	83	83	83	83	83	83	83	84	84	83	83	83	83	83	83	84	84	84	83	83	83	83	84	83	83	84	83	83	83	83	83	83	83	83	83	83	83	83	83	83	83	83	84	84	84	83	83	84	83	83	83	83	83	83	83	83	83	83	83	83	84	84	84	83	83	83	83	83	83	83	83	83	83	83	83	83	83	83	83	83	83	83	83	83	83	83	83	83	83	83	83	84	84	84	84	84	84	84	84	84	84	83	84	84	84	84	84	84	83	83	83	83	83	83	83	83	83	83	83	83	83	83	83	83	83	83	83	83	83	83	83	83	83	83	83	83	83	83	83	83	83	84	83	83	84	84	84	84	84	84	84	84	84	83	83	84	84	84	84	83	83	84	83	83	83	83	83	84	84	84	83	83	83	83	83	83	83	83	83	83	83	84	84	83	84	83	83	83	83	83	84	83	83	83	83	83	83	84	84	84	84	84	84	84	84	83	84	84	84	84	83	83	83	83	83	83	83	83	83	83	83	83	83	83	83	83	83	83	83	83	83	83	83	83	83	84	84	84	84	84	84	84	84	83	83	84	84	84	84	84	84	84	83	83	83	83	83	83	83	83	83	84	84	84	84	84	84	84	84	84	84	84	84	84	84	84	84	84	84	83	83	83	83	83	83	83	83	83	84	83	83	83	83	83	84	83	83	84	84	83	83	84	83	83	83	84	84	84	83	83	83	83	84	83	83	83	83	83	83	83	84	83	83	83	83	83	83	84	84	84	83	83	84	84	83	83	83	83	83	83	83	83	83	83	83	83	83	83	83	83	83	83	83	83	83	83	83	83	83	83	83	83	83	83	83	83	83	83	83	83	83	83	83	83	83	83	83	83	83	83	83	84	83	83	83	83	84	84	84	83	83	83	83	84	83	83	83	83	83	84	83	83	83	84	84	84	84	84	84	84	84	84	84	84	84	83	83	84	84	84	84	84	84	83	84	84	83	84	84	84	84	84	84	84	84	84	84	84	84	84	84	84	84	84	84	84	84	84	84	84	84	84	84	84	84	84	84	84	84	84	84	84	84	84	84	84	84	84	84	84	84	84	84	84	84	84	83	83	83	83	83	83	83	83	83	83	83	84	84	84	84	83	84	84	84	85	84	84	84	84	84	84	83	83	83	83	83	84	84	84	84	84	84	83	83	83	83	83	83	83	83
83	83	83	83	83	83	83	83	83	83	83	83	83	83	83	83	83	83	83	83	83	83	83	83	83	83	83	83	83	83	83	83	83	84	84	83	83	83	84	84	84	84	84	84	83	83	83	84	84	84	84	84	84	84	84	84	84	84	84	84	84	83	83	83	83	83	83	83	83	83	83	83	84	84	84	83	83	83	83	83	83	84	84	84	84	83	83	83	83	83	83	83	83	83	83	83	83	83	83	83	83	83	83	83	83	83	83	83	83	84	84	83	83	83	83	83	83	83	83	83	83	83	83	84	84	83	83	83	83	83	83	84	84	84	84	84	83	83	83	84	84	84	84	83	84	83	83	83	83	83	83	83	83	83	83	83	83	83	84	83	83	84	84	83	84	83	84	83	83	83	83	83	83	83	83	84	84	84	84	83	83	83	83	83	83	83	83	84	84	84	83	83	83	84	84	84	84	84	84	83	83	83	83	83	83	83	83	83	83	83	84	84	84	84	84	84	84	84	84	84	84	84	84	84	84	84	84	84	83	83	83	83	83	83	83	84	84	84	83	83	83	83	84	84	83	83	83	83	83	83	83	83	83	83	83	83	83	83	83	83	83	83	83	84	84	84	84	83	83	83	83	83	83	83	84	84	84	83	83	83	84	84	83	83	83	83	84	84	83	83	83	83	83	83	83	83	83	83	83	83	84	83	83	83	83	83	83	83	83	83	83	83	83	83	84	84	84	83	83	83	83	83	83	83	83	83	83	83	83	83	83	83	83	83	83	83	83	83	83	83	83	83	83	83	83	83	83	83	83	83	83	83	83	83	84	84	83	83	83	84	84	84	83	83	83	84	84	84	84	84	84	84	83	84	84	84	84	84	84	84	84	84	84	84	84	84	84	84	84	84	84	84	84	84	84	84	84	84	84	83	83	83	83	84	83	83	83	84	83	83	83	83	83	83	83	83	83	83	83	83	83	83	83	83	83	83	83	83	84	83	83	83	83	83	83	83	83	83	83	84	84	83	83	84	83	84	83	84	84	84	83	83	83	83	83	83	83	83	83	83	83	83	83	83	83	83	83	83	83	83	83	83	83	83	83	83	83	83	83	83	84	84	83	83	83	83	83	83	83	83	83	83	83	83	83	83	83	83	83	83	83	83	83	84	83	83	83	83	83	83	83	83	83	83	83	83	83	83	83	83	83	84	83	84	84	84	84	84	84	84	84	84	84	84	84	84	84	84	84	84	84	84	84	84	84	84	84	84	84	84	84	84	84	84	84	84	84	84	84	84	84	84	84	84	84	84	84	84	84	84	84	84	84	84	84	84	84	84	84	84	84	84	84	84	84	84	84	84	84	84	84	84	84	84	84	84	84	84	84	84	84	84	84	84	83	83	84	84	84	83	84	84	84	84	84	84	84	84	84	84	84	83	83	83	83	83	84	84	84	84	84	84	83	83	83	83	83	83	84	84
83	83	83	83	83	83	83	83	83	83	83	83	83	83	83	83	83	83	83	83	83	83	83	83	83	83	83	83	83	83	83	83	83	83	83	83	83	83	84	84	84	84	84	84	83	83	83	84	84	84	83	83	84	84	84	84	84	84	84	84	84	83	83	83	83	83	83	83	83	83	83	83	84	84	84	83	83	83	83	83	83	83	83	83	83	83	83	82	83	83	83	83	83	83	83	83	83	83	83	83	83	83	83	83	83	83	83	83	83	84	84	83	83	83	83	83	83	83	83	83	83	83	83	84	84	83	83	83	83	84	83	84	84	84	84	84	83	83	84	84	84	84	84	83	84	83	83	83	83	83	84	84	83	83	84	83	83	83	84	84	84	84	83	83	84	83	84	83	83	83	83	83	83	83	83	84	83	83	83	83	83	83	83	83	83	83	83	83	83	83	83	83	83	84	84	84	84	84	84	83	83	83	84	84	83	83	83	83	83	83	84	84	84	84	84	84	84	84	84	84	84	84	84	84	84	84	84	84	83	83	83	83	83	83	83	84	84	84	83	83	83	83	84	84	83	83	83	83	83	83	83	83	83	83	83	83	83	83	83	83	83	83	83	84	84	84	84	83	83	83	83	83	83	83	84	83	83	83	83	83	84	84	83	83	83	83	84	83	83	83	83	83	83	83	83	84	83	83	83	83	84	83	83	83	83	83	83	83	83	83	83	83	83	83	84	84	84	84	84	84	84	84	83	83	83	83	84	83	83	83	83	84	84	84	83	83	83	83	83	83	83	83	83	83	84	84	84	84	84	84	84	83	83	83	83	83	83	83	83	83	83	83	83	83	83	84	84	83	83	83	84	84	84	83	83	83	83	83	83	83	83	83	83	83	83	84	84	84	84	84	84	84	84	84	84	84	84	84	84	83	83	83	83	84	83	83	83	84	83	83	83	83	83	83	83	84	84	83	83	83	83	83	83	84	84	84	84	84	84	83	83	83	83	83	83	83	84	84	84	84	84	83	84	84	84	84	83	84	84	84	83	83	83	83	83	83	83	84	83	83	83	83	83	83	83	83	83	83	83	83	83	83	83	83	83	83	83	83	83	83	83	83	83	83	83	83	83	83	83	83	83	83	83	83	84	84	84	83	83	83	83	83	84	84	83	83	83	83	83	83	83	83	83	83	83	83	83	83	83	83	83	84	83	84	84	84	84	84	84	84	84	84	84	84	84	84	84	84	84	84	84	84	84	84	84	84	84	84	84	84	84	84	84	84	84	84	84	84	84	84	84	84	84	84	84	84	84	84	84	84	84	84	84	84	84	84	84	84	84	84	84	84	84	84	84	84	84	84	84	84	84	84	84	84	84	84	84	84	84	84	84	84	84	84	83	83	84	84	84	83	84	84	84	84	84	84	84	84	84	84	84	83	83	83	83	83	84	84	84	84	84	84	83	83	83	83	83	83	83	83
84	83	83	83	83	83	83	83	83	83	83	83	83	83	83	83	83	83	83	83	83	83	83	83	83	82	82	83	83	83	84	84	84	83	83	83	83	83	84	84	84	84	84	84	84	84	84	84	84	84	84	84	84	84	84	84	84	84	84	84	84	83	83	83	83	83	83	83	83	83	83	83	84	84	84	83	83	83	83	83	83	83	83	83	83	83	83	83	83	83	83	83	83	83	83	83	83	83	83	83	83	83	83	83	83	83	83	83	83	84	83	83	83	83	83	83	83	83	83	83	83	83	83	84	84	83	83	83	83	84	83	84	84	84	84	84	83	84	84	84	84	84	84	83	84	83	83	83	83	83	83	83	83	83	84	83	83	83	84	84	84	84	83	83	84	83	84	83	83	83	83	83	83	83	83	84	83	83	83	83	83	83	83	83	83	83	83	83	83	83	83	83	83	83	83	83	83	83	83	83	83	83	83	83	83	83	83	83	83	83	84	84	84	84	84	84	84	84	84	84	84	84	84	84	84	84	84	84	83	83	83	83	83	83	84	84	84	84	83	83	83	83	84	84	83	83	83	83	83	83	83	83	83	83	83	83	83	83	83	83	83	83	83	84	84	84	84	83	83	83	83	83	83	83	83	83	83	83	83	83	84	84	83	83	83	83	83	83	83	83	83	83	83	83	83	84	83	83	83	83	84	83	83	83	83	83	83	83	83	83	83	84	83	83	84	84	84	84	84	84	84	84	84	83	83	84	84	84	84	83	83	84	84	84	83	83	83	84	84	83	83	83	83	84	84	84	84	84	84	84	83	83	83	83	83	83	83	83	83	83	83	83	83	83	83	84	84	83	83	83	84	84	84	83	83	83	83	83	83	83	83	83	82	82	83	84	84	84	84	83	83	84	84	84	84	84	84	84	84	83	83	83	83	84	83	83	83	84	83	83	84	83	84	84	83	84	84	84	84	84	84	83	84	84	84	84	84	84	84	84	84	84	83	83	83	83	84	84	84	84	84	83	84	84	84	84	83	84	84	84	83	83	83	83	83	83	83	84	83	83	83	83	83	83	83	83	83	83	83	83	83	83	83	83	83	83	83	83	83	83	83	83	83	83	83	83	83	83	83	83	83	83	83	83	84	84	84	83	83	83	83	83	83	84	83	83	83	83	83	84	83	83	83	83	83	84	84	84	84	83	84	84	84	84	84	84	84	84	84	84	84	84	84	84	84	84	84	84	84	84	84	84	84	84	84	84	84	84	84	84	84	84	84	84	84	84	84	84	84	84	84	84	84	84	84	84	84	84	84	84	84	84	84	84	84	84	84	84	84	84	84	84	84	84	84	84	84	84	84	84	84	84	84	84	84	84	84	84	84	84	84	84	84	84	83	83	84	84	84	84	84	84	84	84	84	84	84	84	84	84	84	83	83	83	83	83	84	84	84	84	84	84	83	83	83	83	83	83	83	83
84	83	83	83	83	83	83	83	83	83	83	83	83	84	84	84	84	84	83	83	83	83	83	83	83	83	83	83	84	84	84	84	84	84	84	84	84	84	83	83	83	83	83	83	83	83	83	83	83	83	83	84	84	84	84	84	84	84	83	83	83	83	83	84	83	83	83	83	83	83	83	83	83	83	83	83	83	83	83	83	83	83	83	83	83	83	83	83	83	83	83	83	83	83	83	83	83	83	83	83	83	83	83	83	83	83	84	83	83	83	83	83	83	83	83	83	83	83	83	83	83	83	83	83	83	83	84	84	84	84	84	83	83	83	83	83	83	83	83	83	83	84	83	83	84	83	83	83	83	83	83	83	83	83	83	83	83	83	84	83	84	84	83	83	84	83	83	83	83	83	83	83	83	83	83	83	84	84	84	84	83	83	84	84	83	83	84	83	83	83	83	83	83	83	83	83	83	83	83	83	83	83	83	83	83	83	83	83	83	83	83	83	83	83	83	83	84	84	84	84	84	83	83	83	83	83	83	83	84	84	84	84	84	84	84	83	83	83	84	84	84	84	84	84	84	84	84	84	84	83	83	83	83	83	83	83	83	83	83	83	83	83	83	83	83	83	83	83	83	83	83	83	83	83	83	83	83	83	83	83	83	83	83	83	83	83	84	84	84	84	84	84	84	84	83	84	83	83	83	83	84	83	83	83	83	83	83	83	83	83	83	84	83	83	83	83	83	83	83	83	83	83	83	83	83	83	83	83	83	84	83	83	83	84	84	84	84	84	84	84	84	84	84	84	84	84	84	84	83	83	83	83	83	83	83	83	83	83	83	83	83	83	83	83	83	83	83	83	84	83	84	84	84	84	83	83	83	83	83	83	83	83	83	83	84	84	84	83	83	83	83	83	84	84	84	84	84	84	83	83	83	83	84	83	83	83	83	83	83	83	83	83	83	83	83	84	84	84	84	84	84	83	83	84	84	84	84	83	84	83	83	83	83	83	83	83	83	83	83	83	83	83	84	84	84	84	83	83	84	83	83	83	83	84	84	84	84	84	83	84	83	83	83	83	83	83	83	83	83	84	84	84	84	84	84	84	84	83	83	83	83	83	83	84	84	84	84	83	83	83	83	84	84	83	83	83	83	83	83	83	83	83	83	83	83	83	84	84	83	83	83	83	83	83	83	83	83	83	83	83	84	84	84	84	84	84	84	84	84	84	84	84	84	84	84	84	84	84	84	84	84	84	83	83	84	84	84	84	83	84	84	84	84	84	83	83	83	84	84	84	84	83	83	83	83	84	84	84	84	84	84	84	84	84	84	84	84	84	84	84	84	84	84	84	84	84	84	84	84	84	84	84	84	84	84	84	84	84	84	84	84	84	84	84	84	84	84	84	84	84	84	84	84	84	84	84	84	84	84	84	84	84	84	84	84	84	84	84	84	84	84	83	83	83	83	83	83	84	84	84
84	83	83	83	83	83	83	83	83	83	83	83	83	84	84	83	83	83	83	83	83	83	83	83	83	83	83	83	83	83	84	84	84	84	84	84	84	84	83	83	83	83	83	83	83	83	83	83	83	83	83	84	84	84	84	84	84	84	83	83	83	83	83	84	83	83	83	83	83	83	83	83	83	83	83	83	83	83	83	83	83	83	83	83	83	83	83	83	83	83	83	83	83	83	83	83	83	83	83	83	83	83	83	83	83	83	84	83	83	83	83	83	83	83	83	83	83	83	83	83	83	83	83	83	83	83	84	84	84	84	84	84	83	83	83	83	83	83	83	83	83	84	83	83	84	83	83	83	83	83	83	83	83	83	83	84	84	83	84	83	84	84	83	83	84	83	83	83	83	83	83	83	83	83	83	83	84	84	84	83	83	83	83	83	83	83	83	83	83	83	83	83	83	83	83	83	83	83	83	83	83	83	83	83	83	83	83	83	83	83	83	83	83	83	83	83	84	84	84	83	83	83	83	83	83	83	83	83	83	83	83	83	84	84	84	83	83	83	84	84	84	83	84	84	84	84	84	84	84	83	83	83	83	83	83	83	83	83	83	83	83	83	83	83	83	83	83	83	83	83	83	83	83	83	83	83	83	83	83	83	83	83	83	83	83	83	84	84	84	84	84	84	84	84	83	84	83	83	83	83	84	83	83	83	83	83	83	83	83	83	83	84	83	83	83	83	83	83	83	83	83	83	83	84	84	83	83	83	83	83	83	83	83	83	83	83	84	84	84	84	84	84	84	84	84	84	84	84	83	83	83	83	83	83	83	83	83	83	83	83	83	83	83	83	83	83	83	84	84	83	84	84	84	84	83	83	83	83	84	83	83	83	83	83	84	84	84	83	84	83	83	83	84	84	84	84	84	84	84	84	83	84	84	83	83	83	83	83	83	83	84	83	83	83	83	84	84	83	83	83	83	83	83	84	84	84	83	83	83	84	84	84	83	83	83	83	83	83	83	83	83	83	84	84	84	84	83	83	83	83	83	83	83	84	84	84	84	84	83	84	83	83	83	83	83	83	83	83	83	84	84	84	84	84	83	83	83	83	83	83	83	83	83	84	84	84	84	83	83	83	83	84	84	83	83	83	83	83	83	83	83	83	83	83	83	83	84	84	83	83	83	83	83	83	83	83	83	83	83	83	84	84	84	84	84	84	84	84	84	84	84	84	84	84	84	84	84	84	84	84	84	84	83	83	84	84	84	84	83	83	84	84	84	84	84	84	83	84	84	84	84	84	83	83	84	84	84	84	84	84	84	84	84	84	84	84	84	84	84	84	84	84	84	84	84	84	84	84	84	84	84	84	84	84	84	84	84	84	84	84	84	84	84	84	84	84	84	84	84	84	84	84	84	84	84	84	84	84	84	84	84	84	84	84	84	84	84	84	84	85	84	83	83	83	83	83	83	84	84	84
84	83	83	83	83	83	83	83	83	83	83	83	83	83	83	83	83	83	83	83	83	83	83	83	83	83	83	83	83	83	83	84	84	83	83	84	84	84	83	83	83	83	83	83	83	83	83	83	83	83	83	84	84	84	84	84	84	84	83	83	83	83	83	84	83	83	83	83	83	83	83	83	83	83	83	83	83	83	83	83	83	83	83	83	83	83	83	83	83	83	83	83	83	83	83	83	83	83	83	83	83	83	83	83	83	83	84	83	83	83	83	83	83	83	83	83	83	83	83	83	83	83	83	83	83	84	84	84	84	84	84	84	83	83	83	83	83	83	83	83	83	84	84	83	84	83	83	83	83	83	83	83	83	83	83	83	83	83	84	84	84	83	83	83	84	83	83	83	83	83	83	83	83	83	83	83	83	83	83	83	83	83	83	83	83	83	83	83	83	83	83	83	83	83	83	83	83	83	83	83	83	83	83	83	83	83	83	83	83	83	83	83	83	84	84	84	84	84	83	83	83	83	83	83	83	83	83	83	83	83	83	83	84	84	84	83	83	83	83	83	83	83	83	83	84	84	84	84	84	84	83	83	83	83	83	83	83	83	83	83	83	83	83	83	83	83	83	83	83	83	83	83	83	83	83	83	83	83	83	83	83	83	83	83	83	83	84	84	84	84	84	84	84	84	83	84	83	83	83	83	84	83	83	83	83	83	83	83	83	83	83	84	83	83	83	83	83	83	83	83	83	83	83	84	84	84	84	84	83	83	83	83	83	83	83	83	84	84	84	84	84	84	84	84	84	84	84	84	83	83	83	83	83	83	83	83	83	84	84	83	83	83	83	83	83	83	83	84	84	84	84	84	84	84	83	83	83	84	84	83	83	84	84	84	84	84	84	83	84	84	83	83	84	84	84	84	83	83	84	84	84	84	84	83	83	83	83	83	83	83	84	84	84	84	83	83	83	83	83	83	83	83	83	84	83	83	83	83	83	83	83	83	84	84	84	83	83	83	83	83	84	83	84	84	84	84	83	83	84	83	83	83	83	84	84	83	84	84	83	84	83	83	83	83	83	83	83	83	83	84	83	83	83	83	83	83	83	83	83	83	83	83	83	84	84	84	84	83	83	83	83	84	84	83	83	83	83	83	83	83	83	83	83	83	83	83	84	84	83	83	83	83	83	83	83	83	83	83	84	84	84	84	84	84	84	84	84	84	84	84	84	84	84	84	84	84	84	84	84	84	84	84	84	84	84	84	84	84	83	84	84	84	84	84	84	84	84	84	84	84	84	84	84	84	84	84	84	84	84	84	84	84	84	84	84	84	84	84	84	84	84	84	84	84	84	84	84	84	84	84	84	84	84	84	84	84	84	84	84	84	84	84	84	84	84	84	84	84	84	84	84	84	84	84	84	84	84	84	84	84	84	84	84	84	84	84	84	84	84	84	84	84	83	83	84	84	83	84	84	84
84	83	83	83	83	83	83	83	83	83	83	83	83	83	83	83	84	84	84	84	84	83	83	83	83	83	83	83	83	83	83	83	83	83	83	83	83	83	83	83	83	83	83	83	83	83	83	83	83	83	83	83	84	84	84	84	84	84	83	83	83	83	83	83	83	83	83	83	83	83	83	83	83	83	83	83	83	83	83	83	83	83	83	83	83	83	83	83	83	83	83	83	83	83	83	83	83	83	83	83	83	83	83	84	83	83	84	83	83	84	83	83	83	83	83	83	83	84	84	83	83	83	83	84	84	84	83	83	84	84	83	84	84	83	83	83	83	83	83	83	84	84	84	84	84	83	83	83	83	84	84	83	83	83	83	83	83	83	84	84	83	83	83	84	83	83	83	83	83	84	84	84	84	83	83	83	84	84	84	84	84	84	84	84	84	83	84	83	83	83	83	83	84	83	83	83	84	84	84	83	83	83	83	83	83	84	84	84	84	84	84	84	84	84	84	84	84	84	83	83	83	84	84	83	83	83	83	83	83	83	83	84	84	84	84	84	84	84	83	83	83	83	83	83	83	84	84	84	84	84	83	83	83	83	83	83	83	83	83	83	83	83	83	83	83	83	83	83	83	83	83	83	83	83	83	83	83	83	83	83	83	83	83	83	83	83	84	83	83	84	84	84	84	84	83	83	83	83	83	83	84	83	83	83	83	83	83	83	83	83	83	83	83	83	83	83	83	83	83	83	83	83	83	83	83	84	84	84	83	83	83	83	83	83	83	83	83	83	83	83	83	83	84	84	84	83	83	83	83	83	84	83	83	83	83	83	83	84	83	83	83	83	83	83	83	83	83	84	84	84	84	84	84	83	84	84	84	84	84	83	83	84	84	84	83	83	83	83	83	83	84	84	84	83	83	83	84	84	84	84	84	84	84	84	83	83	83	83	83	83	84	84	84	84	84	83	83	83	83	83	83	83	83	83	84	84	83	83	83	83	83	83	83	83	83	84	84	84	84	84	84	84	84	84	84	84	84	84	84	83	84	84	84	84	84	83	84	83	83	84	83	83	83	83	84	84	83	83	83	83	83	83	83	83	83	83	83	83	83	83	84	83	83	83	83	83	83	83	83	83	83	84	84	84	83	83	83	83	83	83	83	83	83	83	83	83	83	83	83	83	83	83	83	83	83	83	83	84	84	84	84	84	84	84	84	84	84	84	84	84	84	84	84	84	84	84	84	84	84	84	84	84	84	84	84	84	84	84	84	84	84	84	84	84	84	84	84	84	84	84	84	84	84	84	84	84	84	84	84	84	84	84	84	84	84	84	84	84	84	84	83	84	84	84	84	84	84	84	84	84	84	84	84	84	84	84	84	84	84	84	84	84	84	84	84	84	84	84	84	84	84	84	84	84	84	84	84	84	84	84	84	84	84	84	84	84	84	84	84	84	84	84	84	84	84	84	84	84	84	84
84	83	83	83	83	83	83	83	83	83	83	83	83	83	83	83	84	83	83	84	84	84	83	83	83	83	83	83	83	83	83	83	83	83	83	83	83	83	83	83	83	83	83	83	83	83	83	83	83	83	83	83	84	84	84	84	84	84	83	83	83	83	83	83	83	83	83	83	83	83	83	83	83	83	83	83	83	83	83	83	83	83	83	83	83	83	83	83	83	83	83	83	83	83	83	83	83	83	83	83	83	83	83	84	83	83	83	83	83	84	83	83	83	83	83	83	83	83	83	83	83	83	83	84	84	84	83	83	84	84	83	84	84	83	83	83	83	83	83	83	84	84	84	84	84	83	83	83	83	84	84	83	83	83	83	83	83	83	83	84	83	83	83	83	83	83	83	83	83	83	83	83	83	83	83	83	83	83	83	84	84	84	84	84	84	83	84	83	83	83	83	83	83	83	83	83	83	84	84	83	83	83	83	83	83	83	83	83	83	83	83	83	83	84	84	83	83	83	83	84	84	83	83	83	83	83	83	83	84	84	83	83	83	83	84	83	83	84	83	83	83	83	83	83	83	83	84	84	84	84	83	83	83	83	83	83	83	83	83	83	83	83	83	83	83	83	83	83	83	83	83	83	83	83	83	83	83	83	83	83	83	83	83	83	83	83	84	83	83	84	84	84	83	83	83	83	83	83	83	83	84	83	83	83	83	83	83	83	83	83	83	83	83	83	83	83	83	83	83	83	83	83	83	83	83	83	83	83	83	83	83	83	83	83	83	83	83	83	83	83	83	83	83	83	83	83	83	83	83	83	84	83	83	83	83	83	83	84	83	83	83	83	83	83	83	83	83	84	84	84	84	84	84	84	84	84	84	84	84	83	83	84	84	84	83	83	83	83	83	83	84	84	84	83	83	83	84	84	84	84	84	84	84	84	83	83	83	83	83	83	84	84	83	84	84	83	83	83	83	83	83	83	84	84	84	84	84	83	83	83	83	83	84	84	84	84	84	84	84	84	84	84	84	84	84	84	84	84	84	83	84	84	84	84	84	83	84	83	83	84	83	83	83	83	83	83	83	83	83	83	83	83	83	83	83	83	83	83	83	83	84	83	83	83	83	83	83	83	83	83	83	84	84	84	83	83	83	83	83	83	83	83	83	83	83	83	83	84	83	83	83	83	83	83	83	83	83	84	84	84	84	84	84	84	84	84	84	84	84	84	84	84	84	84	84	84	84	84	84	84	84	84	84	84	84	84	84	84	84	84	84	84	84	84	84	84	84	84	84	84	84	84	84	84	84	84	84	84	84	84	84	84	84	84	84	84	84	84	84	84	83	84	84	84	84	84	84	84	84	84	84	84	84	84	84	84	84	84	84	84	84	84	84	84	84	84	84	84	84	84	84	84	84	84	84	84	84	84	84	84	84	84	84	84	84	84	84	84	84	84	84	84	84	84	84	84	84	84	84	84
84	83	83	83	83	83	83	83	83	83	83	83	83	83	83	83	83	83	83	84	84	84	83	83	83	83	83	83	83	83	83	83	83	83	83	83	83	83	83	83	83	83	83	83	83	83	83	83	83	83	83	83	84	84	84	84	84	84	83	83	83	83	83	83	83	83	83	83	83	83	83	83	83	83	83	83	83	83	83	83	83	83	83	83	83	83	83	83	83	83	83	83	83	83	83	83	83	83	83	83	83	83	83	84	84	83	83	83	83	84	83	83	83	83	83	83	83	83	83	83	83	83	83	84	84	83	83	83	84	84	84	84	84	83	83	83	83	83	83	83	84	84	84	84	84	83	83	83	83	83	84	83	83	83	83	83	83	83	83	83	83	83	83	83	83	84	84	84	83	83	83	83	83	83	83	83	83	83	84	84	84	84	84	84	84	83	84	84	84	84	83	83	83	83	83	83	83	83	83	83	83	83	83	83	83	83	84	84	83	83	83	83	84	84	84	83	83	83	83	84	83	83	83	83	84	84	84	84	84	84	83	84	83	83	84	83	83	84	83	83	83	83	83	83	83	83	83	84	84	84	83	83	83	83	83	83	83	83	83	83	83	84	83	83	83	83	83	83	83	83	83	83	83	83	83	83	83	83	83	83	83	83	83	83	83	84	84	83	83	84	83	83	83	83	83	83	83	83	83	83	83	83	83	83	83	83	83	83	84	84	83	84	84	83	83	83	83	83	83	83	83	83	83	84	84	83	83	83	83	83	83	83	83	83	83	83	83	83	83	83	83	83	83	83	83	83	83	83	83	83	83	83	83	83	83	83	83	84	83	83	83	83	83	83	83	84	84	84	84	84	84	84	84	84	84	84	84	84	84	83	83	84	84	84	84	84	84	83	83	83	83	84	84	84	84	84	84	84	84	84	84	84	84	84	84	84	83	83	83	83	84	84	84	84	83	83	83	83	84	84	84	84	84	84	84	84	84	83	84	84	84	84	84	84	84	84	84	84	84	84	84	84	84	83	83	84	84	84	84	83	84	84	84	84	84	83	84	83	83	84	83	83	83	83	83	83	83	83	83	83	83	83	83	83	83	83	83	83	83	83	83	83	83	83	83	83	83	83	83	83	83	83	83	83	83	83	83	84	84	84	83	83	83	83	83	83	83	83	83	83	83	83	83	83	83	83	83	84	84	84	84	84	84	84	84	84	84	84	84	84	84	84	84	84	84	84	84	84	84	84	84	84	84	84	84	84	84	84	84	84	84	84	84	84	84	84	84	84	84	84	84	84	84	84	84	84	84	84	84	84	84	84	84	84	84	84	84	84	84	84	84	84	84	84	84	84	84	84	84	84	84	84	84	84	84	84	84	84	84	84	84	84	84	84	84	84	84	84	84	84	84	84	84	84	84	84	84	84	84	84	84	84	84	84	84	84	84	84	84	84	84	84	84	84	84	84	84	84	84	84
84	83	84	84	84	83	83	83	83	83	83	83	83	84	83	83	84	84	84	83	83	83	83	83	83	83	83	83	83	83	83	83	83	83	83	83	83	83	83	83	83	83	83	83	83	83	83	83	83	83	83	84	83	84	84	84	84	84	83	83	83	83	83	83	83	83	83	83	83	83	83	83	83	83	83	83	83	83	83	83	83	83	83	83	83	83	83	83	83	83	83	83	83	83	83	83	83	83	83	83	83	83	83	84	84	84	84	84	83	84	83	83	83	83	83	83	83	83	83	83	84	84	84	83	83	83	83	84	84	84	84	84	84	84	84	84	84	84	84	84	84	84	84	84	84	83	83	83	83	83	84	84	83	83	83	84	84	84	84	84	83	84	83	83	83	84	84	84	83	83	83	83	83	84	84	84	84	84	84	84	84	84	84	84	84	83	84	84	84	84	84	83	83	83	83	83	83	83	83	83	84	83	83	84	84	84	84	84	84	84	84	84	84	84	84	84	84	83	83	83	83	83	83	83	84	84	84	84	84	84	84	84	83	83	83	84	84	84	83	83	84	83	84	83	83	83	83	83	83	83	83	83	83	83	83	83	83	83	83	83	83	84	83	83	83	83	83	83	83	83	83	83	83	83	83	83	83	83	83	83	83	83	83	83	83	84	84	83	83	83	83	83	83	83	83	83	83	83	83	83	83	83	83	84	84	83	84	83	84	84	84	84	84	83	83	83	83	83	83	83	83	84	84	83	83	83	83	83	83	83	83	83	83	84	84	83	83	83	83	83	83	83	83	83	83	83	83	83	83	83	83	83	83	83	83	83	83	83	83	83	83	83	84	84	84	84	84	84	84	84	84	84	84	84	84	84	84	84	84	84	84	84	84	83	84	84	84	83	83	83	83	83	84	84	84	84	84	84	84	84	83	83	83	83	84	84	84	83	83	83	84	84	84	84	84	83	83	83	84	84	84	84	84	83	83	83	83	83	83	83	83	84	84	84	84	84	84	84	84	84	84	84	84	83	83	83	84	84	84	83	84	84	84	84	84	84	84	83	83	83	84	84	84	83	83	83	83	83	83	84	84	84	83	83	83	83	83	83	83	83	83	83	83	83	83	83	83	83	84	84	84	83	83	83	83	83	83	83	83	83	84	84	84	84	84	83	83	83	83	83	83	83	83	83	83	84	84	84	84	84	84	84	84	84	84	84	84	84	84	84	84	84	84	84	84	84	84	84	84	84	84	84	84	84	84	84	84	84	84	84	84	84	84	83	83	83	83	83	84	83	84	84	84	84	84	84	84	84	84	84	84	84	84	84	84	84	84	84	84	84	84	84	84	84	84	84	84	84	84	84	84	84	84	84	84	84	84	84	84	84	84	84	84	84	84	84	84	84	84	84	84	84	84	84	84	84	84	84	83	83	84	84	84	84	84	84	84	84	84	84	84	84	84	84	84	84	84	84	84	84
84	83	83	83	83	83	83	83	83	83	83	83	83	84	83	83	84	84	83	83	83	83	83	83	83	83	83	83	83	83	83	83	83	83	83	83	83	83	83	83	83	83	83	83	83	83	83	83	83	83	83	84	83	84	84	84	84	84	83	83	83	83	83	83	83	83	83	83	83	83	83	83	83	83	83	83	83	83	83	83	83	83	83	83	83	83	83	83	83	83	83	83	83	83	83	83	83	83	83	83	83	83	83	83	83	83	84	84	83	83	83	83	83	82	83	83	83	83	83	83	84	84	84	83	83	83	83	83	84	84	84	84	84	84	84	84	84	84	84	84	84	84	84	84	84	83	83	84	84	84	84	84	83	83	83	84	84	84	84	84	83	84	83	83	84	83	83	83	84	84	83	83	83	83	83	83	83	83	83	84	84	84	84	84	84	83	84	84	84	84	84	83	83	83	83	83	83	83	83	83	83	83	83	83	83	83	83	83	83	83	83	83	84	84	83	84	84	84	83	83	83	83	83	83	83	84	84	83	83	83	83	84	83	83	83	83	83	84	83	83	83	83	84	83	83	83	83	83	83	83	83	83	83	83	83	83	83	83	83	83	83	83	83	83	83	83	83	83	83	83	83	84	84	84	84	84	84	84	83	83	83	83	83	83	83	84	84	83	83	83	83	83	83	83	83	83	83	83	83	83	84	83	83	84	84	83	84	83	84	84	84	83	83	83	83	84	84	84	84	83	83	84	84	84	84	84	84	84	84	84	84	84	84	84	84	84	84	84	84	83	83	83	83	83	83	83	83	83	83	83	83	83	83	83	83	83	83	84	83	83	83	83	84	84	84	84	84	84	84	84	84	84	84	84	84	84	84	84	84	84	84	84	84	83	84	84	84	83	83	83	83	83	84	84	84	84	84	84	84	84	83	83	83	83	84	83	83	83	83	83	84	84	84	84	84	83	83	83	84	84	84	84	84	83	83	83	83	83	83	83	83	84	83	83	84	84	84	84	84	84	84	84	84	83	83	83	84	84	84	83	83	83	83	83	83	84	84	83	83	83	84	84	84	83	83	83	83	83	83	83	83	83	83	83	83	83	83	83	83	83	83	83	83	83	83	83	83	83	84	84	84	83	83	83	83	83	83	83	83	83	83	83	83	83	83	83	83	83	83	83	84	83	83	83	83	84	84	84	84	84	84	84	84	84	84	84	84	84	84	84	84	84	84	84	84	84	84	84	84	84	84	84	84	84	84	84	84	84	84	84	84	84	84	83	83	83	83	83	84	83	84	84	84	84	84	84	84	84	84	84	84	84	84	84	84	84	84	84	84	83	83	84	84	84	84	84	84	83	83	83	84	84	84	84	84	84	84	84	84	84	84	84	84	84	84	84	84	84	84	84	84	84	84	84	84	84	84	84	83	83	84	84	84	84	84	84	84	84	84	83	83	83	83	83	83	83	83	84	84	84
84	83	83	83	83	83	83	83	83	83	83	84	83	84	84	84	84	84	83	83	83	83	83	83	83	83	83	83	83	83	83	83	83	83	83	83	84	84	83	83	83	83	83	83	83	83	83	83	83	83	83	83	83	84	84	83	83	83	83	83	83	83	83	83	83	83	83	83	83	83	83	83	83	83	83	83	83	83	83	83	83	83	83	83	83	83	83	83	83	83	83	83	83	83	83	83	83	83	83	83	83	83	83	83	83	83	84	83	83	83	83	83	83	83	83	83	83	83	83	83	84	84	84	83	83	83	83	83	83	83	83	83	83	84	84	84	84	84	84	84	84	84	84	83	84	83	83	83	83	84	84	83	83	83	83	83	83	83	83	84	84	84	84	84	84	84	84	84	84	84	84	83	83	83	84	84	83	83	83	84	84	84	84	84	84	84	84	84	84	84	84	84	84	84	84	84	84	84	84	84	84	83	83	83	84	84	84	84	84	84	83	83	84	84	84	84	84	84	84	83	83	83	83	83	84	84	84	84	84	83	83	83	83	83	83	83	83	83	83	83	84	83	83	83	83	83	83	84	84	83	83	83	83	83	83	83	83	83	83	83	83	83	83	83	83	83	83	83	83	83	83	83	84	84	84	84	84	84	83	83	83	83	83	83	83	83	84	83	83	83	83	83	84	83	83	83	83	83	83	83	84	83	83	83	83	83	83	83	84	84	83	83	83	83	83	83	84	84	84	84	84	84	84	83	84	83	84	84	84	84	84	84	84	84	84	83	84	84	84	84	84	84	83	83	83	83	83	83	83	83	83	83	83	83	83	83	84	84	84	84	84	84	84	84	84	84	84	84	84	84	84	84	84	84	84	84	84	84	84	84	84	84	84	84	84	84	84	84	84	84	84	84	84	84	84	84	84	84	83	83	83	84	83	83	84	84	83	83	83	83	83	83	84	84	84	84	83	83	84	83	83	83	83	83	83	83	83	83	83	83	84	84	83	84	84	84	84	84	84	84	84	84	84	83	83	83	83	84	84	83	83	84	83	83	83	84	83	83	83	83	84	84	84	83	83	83	83	83	83	84	84	84	83	83	83	83	83	83	83	83	83	83	83	83	83	83	83	83	83	84	84	83	83	83	83	83	83	83	83	83	83	83	83	83	83	83	83	83	83	83	83	83	83	83	83	83	84	84	84	84	84	84	84	84	84	84	84	84	84	84	84	84	84	84	84	84	84	84	84	84	84	84	84	84	84	84	84	84	84	84	84	84	84	84	84	84	83	83	84	83	84	84	84	84	84	84	84	83	83	83	84	84	84	84	84	84	84	84	84	84	84	84	84	84	84	84	84	84	84	84	84	84	84	84	84	84	84	84	84	84	84	84	84	84	84	84	84	84	84	84	84	84	84	84	84	84	84	84	84	84	84	84	84	84	84	84	84	84	84	84	84	84	84	84	84	83	83	84	84	84
84	83	83	83	83	84	84	83	83	83	84	84	83	84	84	84	84	83	83	83	83	83	83	83	83	83	83	83	83	83	83	83	83	83	83	83	83	83	83	83	83	83	83	83	83	83	83	83	83	83	83	83	83	84	84	83	83	83	83	83	83	84	84	84	83	83	83	83	83	83	83	83	83	83	83	83	83	83	83	83	83	83	83	83	83	83	83	83	83	83	83	83	83	83	83	83	83	83	83	83	83	83	83	83	83	83	83	83	83	83	83	83	83	83	83	83	83	84	84	83	84	84	84	84	84	84	84	84	83	83	83	83	83	84	84	84	84	84	84	84	84	84	83	83	83	83	83	83	83	83	84	83	83	83	83	83	83	83	83	83	83	83	84	84	84	83	83	83	84	84	84	84	84	84	84	84	83	83	83	84	84	84	84	83	84	84	84	84	84	84	84	84	84	84	84	84	84	84	84	84	84	84	83	83	84	84	84	84	83	83	83	83	84	84	84	84	84	84	84	84	84	84	84	84	84	84	84	84	84	84	83	84	83	84	84	83	83	83	83	84	84	83	83	83	83	84	84	84	84	83	83	83	83	83	83	83	83	83	83	83	83	83	83	83	83	83	83	83	83	83	83	83	83	83	84	83	83	84	83	83	84	83	83	83	83	83	84	83	83	83	83	83	84	84	83	84	83	83	83	83	84	83	83	83	83	83	83	83	84	84	83	83	83	84	83	84	84	84	84	84	84	84	83	83	83	83	83	83	83	83	83	83	83	83	83	83	84	84	83	84	84	84	83	83	83	83	83	83	83	83	83	83	83	83	83	83	84	84	84	84	84	84	84	84	84	84	84	84	84	84	84	84	84	84	84	84	84	84	84	84	84	84	84	84	84	84	84	84	84	84	84	84	84	84	84	84	84	84	83	83	84	84	83	83	84	84	83	83	83	83	83	83	83	83	83	83	83	84	84	83	83	83	83	83	84	84	83	83	83	84	84	84	84	84	84	84	84	84	84	84	84	84	84	84	83	83	83	83	84	83	84	84	84	83	83	83	83	83	83	83	84	84	84	84	84	84	84	83	83	84	84	84	84	83	83	83	83	83	83	83	83	83	83	83	83	83	83	83	83	84	84	83	83	83	83	84	84	83	83	83	83	83	83	83	83	83	83	83	83	83	83	83	83	83	83	83	84	84	84	84	84	84	84	84	84	84	84	84	84	84	84	83	83	84	84	84	84	84	84	84	84	84	84	84	84	84	84	84	84	84	84	84	84	84	84	84	83	83	83	84	84	84	84	83	83	83	83	83	84	84	84	84	84	83	84	84	84	83	84	84	84	84	84	84	83	83	84	84	84	84	84	84	84	84	84	84	84	84	84	84	84	84	84	84	84	84	84	84	84	84	84	84	84	84	84	84	84	84	84	84	84	84	84	84	84	84	84	84	84	84	84	84	84	84	84	83	83	84	84	84
84	83	83	83	83	83	83	84	84	84	84	83	83	84	84	84	84	83	83	83	83	83	83	83	83	83	83	83	83	83	83	83	83	83	83	83	83	83	83	83	83	83	83	83	83	83	83	83	83	83	83	83	83	84	84	83	83	83	83	83	83	84	84	84	83	83	83	83	83	83	83	83	83	83	83	83	83	83	83	83	83	83	83	83	83	83	83	83	83	83	83	83	83	83	83	83	83	83	83	83	83	83	83	83	83	83	83	83	83	83	83	83	83	83	83	83	83	84	84	83	84	84	83	83	83	83	84	84	83	83	83	83	83	84	84	84	84	84	84	84	84	84	83	83	83	83	83	83	83	83	83	83	83	83	83	83	83	83	83	83	83	83	83	83	83	83	83	83	83	83	83	83	83	84	84	84	84	84	84	84	84	84	83	83	83	83	83	84	84	84	84	84	84	84	84	84	84	84	84	84	84	84	83	83	84	84	84	83	83	83	83	83	83	84	84	84	84	84	84	84	84	84	84	84	84	84	84	84	84	84	83	84	83	83	84	83	83	83	83	84	84	83	83	83	83	84	84	84	84	84	84	84	83	83	83	83	83	83	83	83	83	83	83	83	83	83	83	84	84	83	83	83	83	83	83	83	83	83	83	83	83	83	83	83	83	83	84	83	83	83	83	83	84	84	83	84	83	83	83	83	84	83	83	83	83	83	84	84	84	84	84	84	84	84	84	84	84	84	84	84	84	84	84	84	84	83	84	84	83	83	83	83	83	83	83	83	83	84	83	84	84	84	83	83	83	83	83	83	83	83	83	83	83	83	83	83	84	84	84	84	84	84	84	84	84	84	84	84	84	84	84	84	84	84	84	84	84	84	84	84	84	84	84	84	84	84	84	84	84	84	84	84	84	84	84	84	84	84	83	83	84	84	83	83	83	83	83	83	83	83	83	83	83	83	83	83	83	83	84	83	83	83	83	83	84	84	83	83	83	84	84	84	84	84	84	84	84	84	84	84	84	84	84	84	83	83	83	83	84	83	84	84	84	83	83	83	83	83	83	83	84	84	84	83	83	83	83	83	83	83	84	83	83	83	83	83	83	83	83	83	84	84	84	83	83	83	83	83	83	84	84	83	83	83	83	84	84	83	83	83	83	83	83	84	84	84	84	83	83	83	83	83	83	83	83	83	84	84	84	84	84	84	84	84	84	84	84	84	84	84	84	83	83	84	84	84	84	84	84	84	84	84	84	84	84	84	84	84	84	84	84	84	84	84	84	84	83	83	83	84	84	84	84	83	83	83	83	83	83	84	84	84	84	83	84	84	84	83	84	84	84	84	84	84	83	83	84	84	84	84	84	84	84	84	84	84	84	84	84	84	84	84	84	84	84	84	84	84	84	84	84	84	84	84	84	84	84	84	84	84	84	84	84	84	84	84	84	84	84	84	84	84	84	84	84	83	83	84	84	84
84	84	83	83	83	83	83	84	84	84	83	83	83	84	84	84	83	83	83	83	83	83	83	83	83	83	83	83	83	83	83	83	83	83	83	83	83	83	83	83	83	83	83	83	84	84	84	84	83	84	84	84	83	83	83	83	84	84	83	83	83	83	83	83	83	83	83	83	83	83	83	83	83	83	83	83	83	83	83	83	83	83	83	83	83	83	83	83	83	83	83	83	84	83	83	83	83	84	84	84	83	83	83	84	83	83	83	83	83	84	83	83	83	83	83	84	83	83	83	83	84	83	83	83	83	83	83	83	83	84	84	83	83	83	84	84	84	83	84	83	83	83	83	83	83	83	83	83	83	83	83	83	83	83	84	84	84	83	84	84	83	84	84	84	83	83	83	83	83	83	84	84	84	84	83	84	84	84	84	83	84	84	83	83	83	83	83	83	84	84	84	84	84	84	84	84	84	84	84	84	84	84	84	84	84	84	84	84	84	84	84	84	84	83	84	84	84	84	84	84	84	84	84	84	84	84	84	84	84	84	83	83	83	83	84	83	83	83	83	83	84	84	84	83	83	83	83	83	83	84	84	84	83	83	83	83	83	83	84	84	83	83	83	83	83	83	83	83	83	84	84	84	83	83	83	83	83	83	83	83	84	84	84	84	84	83	83	83	83	83	83	83	83	83	83	83	83	83	83	83	84	84	84	83	83	83	83	83	84	84	84	84	83	84	84	83	83	84	84	84	84	84	84	84	84	83	84	83	83	83	83	84	84	84	83	83	83	83	83	84	84	83	83	83	83	83	83	83	83	83	84	84	84	84	84	84	84	84	84	84	84	84	84	84	84	83	83	84	84	84	83	83	83	84	84	84	84	84	84	83	84	83	83	84	84	84	84	84	84	84	83	83	83	83	83	83	84	83	84	84	84	84	83	83	84	84	84	84	84	83	83	83	83	83	83	83	83	83	83	83	83	83	83	83	84	84	84	84	84	83	83	83	83	84	84	83	83	83	83	83	84	84	84	84	83	83	83	84	84	84	84	84	84	84	83	83	83	84	84	84	84	84	84	84	84	84	84	83	83	83	83	84	84	84	83	83	83	83	83	83	84	84	84	83	83	83	83	83	83	84	84	83	83	83	83	83	83	83	83	83	83	83	83	83	83	83	83	83	83	83	83	83	83	83	83	83	84	84	84	84	84	84	84	84	84	84	84	84	84	84	84	84	84	84	84	84	84	84	84	84	84	84	84	84	84	84	84	84	84	84	84	84	84	84	84	84	84	84	84	84	84	84	84	84	84	84	84	84	84	84	84	84	84	84	84	84	84	83	83	84	84	83	83	83	84	84	84	84	84	84	84	84	84	84	84	84	84	83	84	84	84	84	84	84	84	84	84	84	84	84	84	84	84	84	84	84	84	84	84	84	84	84	84	84	84	84	84	84	84	84	84	84	84	84	84	84	84	84	84	84
84	83	83	83	83	83	83	83	83	83	83	83	83	84	84	84	83	83	83	83	83	83	83	83	83	83	83	83	83	83	83	83	83	83	83	83	83	83	83	83	83	83	83	83	84	84	84	84	84	84	84	84	84	83	83	84	84	84	83	83	83	83	83	83	83	83	83	83	83	83	83	83	83	83	83	83	83	83	83	83	83	83	83	83	83	83	83	84	84	83	83	83	84	83	83	84	83	84	84	84	84	84	83	84	83	83	83	83	83	84	84	83	83	83	83	84	83	83	83	83	84	83	83	83	83	83	83	83	84	84	84	83	83	83	83	83	83	83	84	83	83	83	83	83	83	83	84	84	83	83	83	83	83	83	83	84	84	83	83	83	83	83	84	83	83	83	83	83	83	83	84	84	84	83	83	83	84	84	84	84	84	84	83	83	83	83	83	83	84	84	84	84	84	84	84	84	84	84	84	83	83	84	84	84	84	84	84	83	84	84	84	84	84	83	84	84	84	83	84	84	84	84	84	84	84	84	84	84	84	84	83	83	83	83	83	83	83	83	83	83	84	84	84	83	83	83	83	83	83	83	83	83	83	83	83	84	84	84	84	84	84	83	83	83	83	83	84	84	84	84	84	84	83	83	83	83	83	83	83	83	84	84	84	84	84	84	83	83	83	83	83	83	83	83	83	83	83	83	83	83	84	84	84	83	83	83	83	83	84	84	84	83	83	83	83	83	84	84	84	84	84	84	84	84	84	84	83	83	83	83	83	84	84	84	83	83	83	83	83	84	84	83	83	83	83	83	83	83	83	83	83	84	83	84	84	84	84	84	84	84	84	84	84	84	84	84	84	84	84	84	83	83	83	84	84	84	84	84	84	83	84	84	83	84	84	84	83	84	84	84	83	83	83	83	83	83	84	83	84	84	84	84	83	83	84	84	84	84	84	84	83	83	83	83	83	83	83	83	83	83	83	83	83	83	84	84	84	84	84	83	83	83	83	83	84	83	83	83	83	83	83	84	84	83	83	83	84	84	84	84	84	84	84	84	83	83	83	84	84	84	83	83	83	84	84	84	84	83	83	83	83	84	84	84	83	83	83	83	83	83	84	84	84	83	83	83	83	83	83	84	84	83	83	84	83	83	83	83	83	83	83	83	83	83	83	83	83	83	83	83	83	83	83	83	83	84	84	84	84	84	84	84	84	84	84	84	84	84	84	84	84	84	84	84	84	84	84	84	84	84	84	84	84	84	84	84	84	84	84	84	84	84	84	84	84	84	84	84	84	84	84	84	84	84	84	84	84	84	84	84	84	84	84	84	84	84	84	83	83	84	84	83	83	83	83	83	83	84	84	84	84	84	84	84	84	84	83	83	83	83	83	84	84	84	84	84	84	84	84	84	84	84	84	84	84	84	84	84	84	84	84	84	84	84	84	84	84	84	84	84	84	84	84	84	84	84	84	84	84	84
84	83	83	83	83	83	83	83	83	83	83	83	83	84	84	84	83	83	83	83	83	83	83	83	83	83	83	83	83	83	83	83	83	83	83	83	83	83	83	83	83	83	83	83	84	84	84	84	84	84	84	84	84	84	84	84	84	84	83	83	83	83	83	83	83	83	83	83	83	83	83	83	83	83	83	83	83	83	83	83	83	83	83	83	83	83	83	84	84	83	83	83	84	83	83	84	83	84	84	84	84	84	84	83	83	83	83	83	83	83	83	83	83	83	83	83	83	83	83	83	83	83	83	83	83	83	83	83	83	84	84	83	83	83	83	83	83	83	84	83	83	83	83	83	83	83	84	84	83	83	83	83	83	83	83	83	83	83	83	83	83	83	83	83	83	83	83	83	83	83	84	83	83	83	83	83	84	84	84	84	84	84	83	83	83	83	83	83	84	84	84	84	84	84	84	84	84	84	84	83	83	84	84	84	84	83	83	83	83	84	83	83	83	83	84	84	84	83	84	84	84	84	84	84	84	84	84	84	84	84	83	83	83	83	83	83	83	83	83	83	84	84	84	83	83	83	83	83	83	83	83	83	83	83	83	84	84	84	84	84	84	84	84	84	84	84	84	84	84	83	83	84	83	83	83	83	83	84	84	84	84	84	84	83	83	83	83	83	83	83	83	83	83	83	83	83	83	83	83	83	84	84	84	83	83	83	83	83	83	83	83	83	83	83	83	84	84	84	84	84	84	84	84	84	84	84	83	83	83	83	83	84	84	84	83	83	83	83	83	84	84	83	83	83	83	83	83	83	83	83	83	83	83	84	84	84	84	84	84	84	84	84	84	84	84	84	84	84	84	84	83	83	83	84	84	84	84	84	84	83	84	84	84	84	84	84	83	84	84	84	83	83	83	83	83	83	84	83	84	84	83	84	83	83	84	84	84	84	84	84	84	84	84	84	84	83	83	83	83	83	83	83	83	83	84	84	84	84	84	83	83	83	83	83	84	84	84	84	83	83	83	84	84	83	83	83	84	84	84	84	84	84	84	84	83	83	83	83	83	83	83	83	83	84	83	83	83	83	83	83	83	83	83	83	83	83	83	83	83	83	83	84	84	83	83	83	83	83	83	84	84	83	83	84	83	83	83	83	83	83	83	83	83	83	83	83	83	83	83	83	83	83	83	83	84	84	84	84	84	84	84	84	84	84	84	84	84	84	84	84	84	84	84	84	84	84	84	84	84	84	84	84	84	84	84	84	84	84	84	84	84	84	84	84	84	84	84	84	84	84	84	84	84	84	84	84	84	84	84	84	84	84	84	84	84	84	84	83	83	84	84	83	83	83	83	83	83	84	84	84	84	84	84	84	84	84	83	83	83	83	83	84	84	84	83	83	84	84	84	84	84	84	84	84	84	84	84	84	84	84	84	84	84	84	84	84	84	84	84	84	84	84	84	84	84	84	84	84	84	84
84	83	83	83	83	83	83	83	83	83	83	83	83	83	83	83	83	83	83	83	83	83	83	83	83	83	83	82	82	83	83	83	83	83	83	83	83	83	83	83	83	83	83	83	83	84	84	83	83	83	84	84	83	83	83	83	83	83	83	83	83	83	83	83	83	83	83	83	83	83	83	83	83	83	83	83	83	83	84	83	83	83	83	83	84	84	83	83	83	83	83	83	84	83	83	83	83	83	84	83	83	84	84	84	83	83	83	83	83	83	84	84	84	83	84	84	84	83	83	83	84	84	84	84	84	83	83	83	83	83	83	84	84	83	84	84	84	84	84	84	83	84	83	83	83	83	84	84	83	83	83	83	83	83	83	83	83	83	83	83	83	83	83	83	83	84	84	84	83	83	83	83	84	83	83	84	83	83	83	83	84	84	84	84	83	82	82	83	84	84	84	84	84	83	84	84	84	84	84	84	84	84	84	84	84	84	84	83	83	83	84	84	84	84	84	84	84	84	84	84	84	84	84	84	83	84	84	83	83	83	83	84	83	83	83	83	83	83	83	83	83	84	83	84	84	84	83	83	83	83	84	84	84	84	84	84	84	84	84	84	84	84	84	84	84	83	84	84	84	84	84	84	83	83	84	83	83	84	84	84	84	84	84	83	83	83	83	83	83	84	84	84	84	83	83	83	83	83	83	83	84	84	84	84	84	84	84	84	84	84	84	83	83	83	83	83	83	83	83	83	83	83	83	83	83	83	83	83	84	84	83	84	84	84	84	84	83	83	83	83	83	83	83	84	84	83	83	83	83	83	83	84	84	84	84	84	84	84	84	84	84	84	84	84	84	84	84	84	84	84	84	84	84	84	84	84	84	84	84	83	84	84	84	84	84	84	84	84	84	84	84	84	84	84	84	84	84	83	83	83	83	83	83	83	83	83	83	83	83	84	84	84	83	83	83	83	83	83	83	83	83	83	83	83	83	83	83	83	84	84	84	84	83	83	84	84	84	84	84	84	84	83	83	84	84	84	83	84	84	83	83	83	83	83	83	83	83	83	83	84	84	84	84	83	83	83	83	83	83	83	83	83	83	83	84	84	84	84	84	84	84	84	84	84	84	84	84	84	84	84	84	83	83	83	83	83	83	83	83	83	83	83	83	83	83	83	83	84	83	83	83	83	84	84	84	84	84	84	84	84	84	84	84	84	84	84	84	84	84	84	84	84	84	84	84	84	84	84	84	84	84	84	84	84	84	84	84	84	84	84	84	84	84	84	84	84	83	83	83	84	84	83	83	83	83	83	83	84	84	84	83	83	83	84	84	84	84	84	84	84	84	84	84	84	84	84	84	84	84	84	83	84	84	84	84	83	83	83	84	84	84	84	84	84	84	84	84	84	84	83	84	84	84	84	84	83	83	83	84	84	84	84	84	84	84	84	84	84	84	84	84	84	84	84	84	84	84	84	84	84
84	83	83	83	83	83	83	83	83	83	83	83	83	83	83	83	83	83	83	83	83	83	83	83	83	83	83	83	83	83	83	83	83	83	83	83	83	83	83	83	83	83	83	83	83	84	84	83	83	83	84	84	83	83	83	83	83	83	83	83	83	83	83	83	83	83	83	83	83	83	83	83	83	83	83	83	83	83	83	83	83	83	83	83	83	83	83	83	83	83	83	83	84	83	83	83	83	83	84	83	83	84	84	83	83	83	83	83	83	83	84	84	84	83	84	84	83	83	84	84	84	84	84	84	83	83	83	83	83	83	83	84	84	83	83	84	84	84	84	84	83	84	83	83	83	83	84	84	83	83	83	83	83	83	83	83	83	83	83	83	83	83	84	84	84	84	84	84	83	83	83	83	84	83	83	84	83	83	83	83	83	83	83	84	83	83	83	83	84	84	84	84	84	83	83	83	84	84	84	84	84	84	84	84	84	84	84	83	83	83	84	84	84	84	84	84	84	84	84	84	84	84	84	84	83	84	84	83	83	83	83	84	83	83	83	83	83	83	83	83	83	84	83	84	84	84	84	83	83	83	83	83	83	83	83	84	84	84	84	84	84	84	84	84	84	83	84	84	84	84	84	84	84	84	84	84	84	84	83	83	84	84	84	83	83	83	84	84	84	84	84	84	83	83	83	83	83	83	83	83	84	84	84	84	84	84	84	84	84	84	84	83	83	81	80	78	78	77	76	76	77	79	79	80	80	80	82	83	83	83	83	84	84	84	84	84	83	83	83	83	83	83	84	84	83	84	83	83	83	83	83	84	84	84	84	84	84	84	84	84	84	84	84	84	84	84	84	84	84	84	84	84	84	84	84	84	84	84	83	83	83	84	84	84	84	84	84	84	84	84	84	84	84	84	84	84	84	83	83	83	83	84	84	84	84	84	84	84	84	84	83	83	83	83	83	83	83	83	83	83	83	83	83	83	83	83	83	83	84	84	84	84	83	83	83	83	83	84	84	84	84	83	83	84	84	84	83	84	84	83	83	83	83	83	83	83	83	83	83	84	83	83	83	83	83	83	83	83	83	83	83	83	83	83	84	84	84	84	84	84	83	84	84	84	84	84	83	84	83	83	83	83	83	83	83	83	83	83	83	83	83	83	83	83	83	83	83	84	83	83	83	83	84	84	84	84	84	84	84	84	84	84	84	84	84	84	84	84	84	84	84	84	84	84	84	84	84	84	84	84	84	84	84	84	84	84	84	84	84	84	84	84	84	84	84	84	83	83	83	84	84	83	83	83	83	83	83	84	84	84	83	83	83	84	84	84	84	84	84	84	84	84	84	84	84	84	84	84	84	84	83	83	84	84	84	83	83	83	84	84	84	84	84	84	84	84	84	84	84	83	84	84	84	84	84	84	83	84	84	84	84	84	84	84	84	84	84	84	84	84	84	84	84	84	84	84	84	84	84	84
84	83	83	83	83	83	83	83	83	83	83	83	83	83	83	83	83	83	83	83	83	83	83	83	83	83	83	83	83	83	83	83	83	83	83	83	83	83	83	83	83	83	83	84	83	84	84	83	83	83	83	84	83	83	83	83	83	83	83	83	83	83	83	83	83	83	83	83	83	83	83	83	83	83	84	83	83	83	83	83	83	83	83	83	83	83	83	83	83	83	83	83	84	83	84	83	83	83	84	83	83	84	84	83	83	83	83	83	83	83	83	84	84	84	84	83	83	83	84	83	84	84	84	84	83	84	83	83	83	83	83	84	84	83	83	83	84	84	84	84	83	84	83	83	84	83	84	84	83	83	83	83	83	83	83	83	83	83	83	83	83	83	84	84	84	84	84	84	83	83	83	83	84	83	83	84	83	83	83	83	83	83	83	83	83	83	83	84	84	84	84	84	84	84	84	84	84	84	84	84	84	84	84	84	84	84	84	84	83	83	84	84	84	84	84	84	84	84	84	84	84	84	84	84	83	84	84	83	83	83	83	83	83	83	83	83	83	83	83	83	83	83	83	84	84	84	84	84	84	84	83	83	83	83	83	84	83	84	83	83	83	84	84	84	84	83	83	83	83	84	84	84	84	84	84	84	84	84	83	83	84	84	84	84	84	84	84	84	84	84	84	84	83	83	83	83	83	83	83	83	84	84	84	83	83	84	84	84	84	84	84	84	83	68	43	40	39	38	39	40	41	42	44	46	47	50	64	68	72	74	76	78	80	82	83	84	84	83	83	83	83	83	84	84	83	84	83	83	83	83	84	84	84	84	84	84	84	84	84	84	84	84	84	84	84	84	84	84	84	84	84	84	83	83	84	84	84	84	83	83	83	84	84	84	84	84	84	84	84	84	84	84	84	84	84	84	84	83	83	83	83	84	84	84	84	84	84	84	84	84	83	83	83	83	83	83	83	83	83	83	83	83	83	83	83	83	83	83	84	84	84	84	83	83	83	83	83	83	84	84	84	83	84	84	84	84	83	84	84	83	83	83	83	83	83	83	83	83	83	84	83	83	83	83	83	83	83	83	83	83	83	83	83	83	84	84	83	84	84	84	83	83	84	84	84	84	83	83	83	83	84	83	83	83	83	83	83	83	83	83	83	83	83	83	83	83	83	84	83	83	83	84	84	84	84	84	84	84	84	84	84	84	84	84	84	84	84	84	84	84	84	84	84	84	84	84	84	84	84	84	84	84	84	84	84	84	84	84	84	84	84	84	84	84	84	84	83	83	83	84	84	83	83	83	83	83	83	84	84	84	83	83	83	83	83	83	84	84	84	84	84	84	84	84	84	84	84	84	84	84	83	83	84	84	84	83	83	83	84	84	84	84	84	84	84	84	84	84	84	83	84	84	84	84	84	84	84	84	84	84	84	84	84	84	84	84	84	84	84	84	84	84	84	84	84	84	84	84	84	84
84	83	83	83	83	83	83	83	83	84	83	83	83	83	83	83	83	83	83	83	83	83	84	84	83	83	83	83	83	83	83	83	83	83	83	83	83	83	83	83	83	83	84	84	84	84	84	83	83	83	83	83	83	83	83	83	83	83	83	83	83	83	83	83	83	83	83	83	83	83	83	83	83	84	84	84	84	83	83	83	83	84	84	83	83	83	83	83	83	83	83	83	84	84	84	83	83	83	84	83	83	83	83	83	83	83	83	83	84	84	84	84	84	84	84	83	83	83	83	83	83	83	84	84	84	84	84	83	83	84	84	83	83	83	83	83	83	83	83	83	83	83	84	84	84	83	83	84	83	83	83	83	83	83	83	83	83	83	83	83	83	83	83	83	83	83	83	83	84	84	83	83	83	83	83	84	84	84	84	84	84	84	83	83	83	83	83	83	83	83	84	84	84	84	84	84	83	83	84	83	83	83	83	83	84	84	84	84	84	84	84	84	84	84	84	84	84	84	84	84	84	84	84	84	84	84	84	84	84	84	83	83	83	83	83	83	83	83	83	83	83	83	83	84	84	84	84	84	84	84	84	84	84	84	84	83	83	83	83	83	83	83	83	83	83	83	84	84	84	84	84	84	83	83	83	84	84	84	84	84	84	84	84	84	84	84	84	83	84	84	84	84	84	84	84	83	83	83	83	83	84	84	83	83	83	83	83	83	83	83	84	84	83	80	54	28	21	22	24	26	29	30	30	31	31	33	49	55	56	56	57	58	62	64	67	70	72	74	74	78	80	81	82	83	84	84	83	83	83	83	83	84	83	84	84	84	84	84	83	83	83	83	84	84	84	84	84	83	84	84	84	84	83	83	84	83	84	84	84	84	84	83	83	84	83	84	84	84	84	84	84	84	84	84	84	84	83	83	83	84	83	83	83	83	84	84	84	84	84	84	83	83	83	83	83	83	83	83	83	83	83	83	83	83	83	83	83	83	83	83	83	83	84	84	84	83	83	84	83	84	84	84	84	84	84	84	83	84	84	84	83	83	84	83	83	83	83	84	84	84	84	84	84	83	83	83	83	83	83	84	83	84	84	84	84	84	83	84	84	84	84	84	84	84	84	84	83	84	84	84	84	83	83	83	83	83	83	83	83	83	83	83	83	83	83	83	83	84	83	83	84	84	84	84	84	84	84	84	84	84	84	84	84	84	84	84	84	84	84	84	84	84	83	84	84	84	84	84	84	84	84	84	83	84	84	84	84	84	84	84	84	84	84	84	84	84	84	84	84	84	84	84	84	84	83	83	84	84	84	84	84	83	83	83	83	83	83	83	83	84	84	84	84	84	84	84	84	84	84	84	84	84	84	84	84	84	84	84	84	84	84	83	84	83	84	84	84	84	84	83	83	84	84	84	84	84	84	83	83	84	84	84	84	84	84	84	84	84	84	84	84	84	84	84	84	84	84	84	84	84
84	83	83	83	83	83	83	83	83	84	83	83	83	83	83	83	83	83	83	83	83	83	83	83	83	83	83	83	83	83	83	83	83	83	83	83	83	83	83	83	83	83	83	83	84	84	84	83	83	83	83	83	83	83	83	83	83	83	83	83	83	83	83	83	83	83	83	83	83	83	83	83	83	83	83	83	83	83	83	83	83	83	83	83	83	83	83	83	83	83	83	83	84	83	83	83	83	83	84	83	84	83	83	83	83	83	83	83	84	84	83	84	84	84	83	83	83	83	83	83	83	83	84	84	84	84	83	83	83	83	84	83	83	83	83	83	83	83	83	83	83	83	84	84	84	83	83	83	83	83	83	84	84	83	83	83	83	83	83	83	83	83	83	83	83	83	83	83	83	83	83	83	83	83	83	84	83	83	83	84	84	84	83	83	83	83	83	83	83	83	84	84	84	84	84	84	83	83	84	83	83	83	83	83	84	84	84	84	84	84	84	84	84	84	84	84	84	84	84	84	84	84	84	84	84	84	84	84	84	84	83	83	83	83	83	83	83	83	83	83	83	84	84	84	84	84	84	84	84	84	84	84	83	83	83	83	83	83	83	83	84	84	84	84	83	83	83	83	83	84	84	84	83	83	83	83	84	84	83	84	84	84	84	84	84	84	84	84	84	84	84	84	84	84	84	84	84	83	83	83	84	84	83	83	83	83	83	83	83	83	84	83	83	83	82	69	40	20	18	19	21	22	25	29	30	31	42	53	53	54	53	53	54	54	54	58	64	69	69	63	60	63	65	68	70	73	75	79	81	82	83	83	84	83	84	84	83	83	83	83	83	83	84	84	84	84	84	84	84	84	84	84	83	83	84	83	84	84	84	84	84	83	83	83	83	84	84	84	84	84	84	84	84	84	84	84	83	83	84	84	84	84	84	84	84	84	84	83	83	83	83	83	83	83	83	83	83	83	83	83	83	83	83	83	83	83	83	83	83	83	83	83	83	83	83	83	83	84	83	84	84	84	84	84	84	84	83	84	84	84	83	83	84	83	83	83	83	84	84	84	84	84	83	83	83	83	83	83	83	84	83	84	84	84	84	83	83	84	84	84	84	84	84	84	84	84	83	84	83	84	84	83	83	83	83	83	83	83	83	83	83	83	83	83	83	83	83	84	83	83	84	84	84	84	84	84	84	84	84	84	84	84	84	84	84	84	84	84	84	84	84	84	83	84	84	84	84	84	84	84	84	84	83	83	84	84	84	84	84	84	84	84	84	84	84	84	84	84	84	83	83	84	84	83	83	83	84	84	84	84	84	84	84	84	84	84	84	84	84	84	84	84	84	84	84	84	84	84	84	84	84	84	84	84	84	84	84	84	84	84	84	83	84	83	84	84	84	84	84	84	84	84	84	84	84	84	84	83	83	84	84	84	84	84	84	84	83	84	84	84	84	84	84	84	84	84	84	84	84	84
84	83	83	83	83	83	83	83	83	83	83	83	83	83	83	83	83	83	83	83	83	83	83	83	83	83	83	83	83	83	83	83	83	83	83	83	83	83	83	83	83	83	83	83	83	84	84	83	83	83	83	83	83	83	83	83	83	83	83	83	83	83	83	83	83	83	83	83	84	83	83	83	83	83	83	83	83	83	83	83	83	83	83	83	84	84	83	83	83	83	83	83	83	83	83	83	83	83	84	83	84	83	83	83	83	83	83	83	83	83	83	83	84	83	83	83	83	84	83	83	83	83	84	84	84	84	84	84	83	83	83	83	83	84	83	83	83	83	83	83	83	83	83	83	84	83	83	83	83	83	83	84	84	84	83	83	83	83	83	83	83	83	83	83	83	83	83	83	83	83	83	83	83	83	83	84	83	83	83	83	83	83	83	83	83	83	83	83	83	83	83	84	84	84	84	84	83	84	84	83	83	83	83	83	84	84	84	83	83	83	84	84	84	84	84	84	84	84	84	84	84	84	84	84	83	84	84	84	84	83	83	83	83	83	83	83	83	83	83	83	84	84	84	84	84	84	83	84	84	83	83	83	83	83	83	83	83	83	83	83	84	84	84	84	84	84	83	83	83	84	84	84	84	84	84	84	84	83	83	83	84	84	84	84	84	84	84	84	84	84	84	84	84	84	84	84	84	83	83	83	84	84	84	83	83	83	83	83	83	83	84	83	83	83	83	83	79	55	24	15	16	16	17	18	20	24	31	49	53	54	54	54	54	52	50	50	54	50	55	60	56	56	56	56	56	55	56	58	60	63	66	69	73	75	77	80	81	82	83	83	83	83	84	83	84	83	83	83	84	84	83	84	84	83	83	83	84	84	84	84	84	83	83	83	83	84	84	84	84	84	84	84	84	84	84	84	84	83	84	84	84	84	84	84	84	84	84	83	83	83	83	83	83	83	83	83	83	83	83	83	83	83	83	83	83	83	83	83	83	83	83	83	83	83	83	83	83	83	83	83	84	84	84	83	83	84	83	84	84	84	83	83	84	83	83	83	83	83	84	84	83	83	83	83	83	83	83	83	83	84	83	84	84	84	84	83	83	84	84	84	84	84	84	84	84	84	84	83	83	83	84	83	83	83	83	83	83	83	83	83	83	83	83	83	83	83	83	83	83	83	84	84	84	84	84	84	84	84	84	84	84	84	84	84	84	84	84	84	84	84	84	84	84	84	84	84	84	84	84	84	84	84	83	84	84	83	84	84	84	84	84	84	84	84	84	84	84	84	84	83	83	83	83	83	83	84	84	84	84	84	84	84	84	84	84	84	84	84	84	84	84	84	84	84	84	84	84	84	84	84	83	83	84	84	84	84	84	84	84	84	84	83	84	83	84	84	84	84	84	84	84	84	84	84	84	84	83	83	83	84	84	84	84	84	83	83	83	84	84	84	84	84	84	84	84	84	84	84	84	83
84	83	83	83	83	83	83	83	83	83	83	83	83	83	83	83	83	83	83	83	83	83	83	83	83	83	83	83	83	84	83	83	83	83	83	83	83	83	84	84	84	83	83	84	83	84	84	83	84	83	83	83	83	83	83	83	83	83	83	83	83	83	83	83	83	83	84	84	84	84	84	84	83	83	83	83	83	83	83	83	83	84	84	84	84	84	84	84	83	83	83	83	83	83	83	83	83	83	83	83	83	83	83	83	83	83	84	83	83	84	83	83	83	83	83	83	83	84	84	83	84	83	84	84	84	84	83	83	83	83	83	83	83	83	83	83	83	83	83	83	83	83	83	83	83	84	84	84	83	83	84	84	84	83	83	83	83	83	83	83	84	84	83	83	83	83	83	83	83	83	83	83	83	83	83	84	83	83	83	83	83	84	83	83	83	83	83	83	83	83	83	83	83	84	84	84	83	84	84	84	84	83	83	83	84	84	84	83	83	83	83	83	83	84	84	83	84	84	84	84	84	84	84	84	83	83	83	83	83	83	83	83	83	83	83	83	83	83	84	84	84	84	84	84	83	83	83	83	83	83	83	83	83	83	83	83	83	83	83	83	83	83	83	84	84	84	84	84	83	83	84	84	84	84	84	84	84	84	83	83	83	84	84	84	84	84	84	84	83	83	83	84	84	84	84	84	84	83	83	83	83	83	84	83	83	83	83	83	83	83	83	83	83	83	83	83	83	82	70	39	18	13	16	20	22	24	26	33	39	42	46	49	51	49	46	41	45	40	41	43	49	54	55	55	56	56	54	53	55	55	55	56	57	57	57	60	62	64	66	70	72	74	77	80	81	82	83	83	83	83	83	83	83	83	83	83	83	83	84	83	83	84	84	84	83	83	83	84	84	84	84	83	84	84	84	84	84	84	84	83	83	83	83	83	84	84	84	84	84	84	84	84	84	84	83	84	84	83	83	83	83	83	83	83	83	83	83	83	83	83	84	84	83	83	83	83	83	83	83	83	83	83	84	83	83	84	84	83	84	83	83	84	83	83	83	83	83	83	83	83	84	84	83	83	83	83	83	83	83	84	84	84	83	83	84	84	84	84	83	83	83	83	83	84	84	84	84	83	83	84	83	83	84	84	83	84	84	84	84	83	83	83	83	83	84	83	83	83	83	83	83	83	83	83	84	84	84	84	84	84	84	84	84	84	84	84	84	84	84	84	84	84	84	84	84	84	84	84	84	84	84	84	84	84	84	83	84	83	84	84	84	84	84	84	84	84	84	84	84	84	84	84	83	83	84	84	84	84	84	84	84	84	84	84	84	84	84	84	84	84	84	84	84	84	84	84	84	84	84	84	83	83	84	84	84	84	84	84	84	84	84	84	84	84	84	84	84	84	84	84	84	84	84	84	84	83	83	83	83	83	83	83	83	84	83	83	83	83	84	84	84	84	84	84	84	84	83	84	84	84
84	83	83	83	83	83	83	83	83	83	83	83	83	83	83	83	83	83	83	83	83	83	83	83	83	83	83	83	83	84	83	83	83	83	83	83	83	83	84	84	84	83	83	84	84	84	84	83	84	83	83	83	83	83	83	83	83	83	83	83	83	83	83	83	83	83	83	83	83	83	83	83	83	83	83	83	83	83	83	83	83	84	84	83	83	83	83	83	83	83	83	83	84	84	84	84	83	83	83	83	83	83	83	83	83	83	84	83	83	84	83	83	83	83	83	83	83	84	84	84	84	83	84	84	84	84	83	83	83	83	83	84	84	83	83	83	83	83	83	83	83	83	83	83	83	84	84	84	83	83	83	84	84	83	83	83	83	83	83	83	83	83	83	83	83	83	83	83	83	83	83	83	83	83	83	84	83	83	83	83	83	84	83	83	83	83	83	83	83	83	83	83	83	84	84	84	84	84	84	84	84	83	83	83	84	84	84	83	83	83	83	83	83	84	84	83	84	84	84	84	84	84	84	84	83	83	83	83	83	83	83	83	83	83	83	83	83	83	84	84	84	84	84	84	83	83	83	83	83	83	83	83	83	83	83	83	83	83	83	83	83	83	83	84	84	84	84	84	83	83	84	84	84	84	84	84	84	83	83	83	83	83	83	84	84	84	83	83	83	83	83	84	84	84	84	84	84	83	83	83	83	83	83	83	83	83	83	83	83	83	83	83	83	83	84	83	84	83	83	80	65	44	29	24	23	25	26	27	28	30	32	35	39	42	44	44	44	43	43	44	47	53	55	55	55	55	55	54	54	55	56	56	56	57	56	56	56	55	54	56	57	57	57	59	60	64	66	67	71	74	76	78	81	82	83	83	83	83	83	83	83	84	84	84	83	83	83	84	84	84	84	83	84	84	84	84	84	84	84	84	84	84	84	84	84	84	84	84	84	84	84	84	84	84	83	84	84	83	83	83	83	83	83	83	83	83	83	83	83	83	84	84	83	83	83	83	83	83	83	83	83	83	84	83	83	84	84	83	84	83	83	84	83	83	83	83	83	83	83	83	84	84	84	83	83	83	83	83	83	84	83	83	83	83	83	83	83	83	83	83	83	83	83	84	84	84	84	83	83	84	83	83	84	84	83	84	84	83	83	83	83	83	83	83	83	83	83	83	83	83	83	83	83	83	84	84	84	84	84	84	84	84	84	84	84	84	84	84	84	84	84	84	84	84	84	84	84	84	84	84	84	84	84	84	84	83	84	83	84	84	84	84	84	84	84	84	84	84	84	84	84	84	83	83	84	84	84	84	84	84	84	84	84	84	84	84	84	84	84	84	84	84	84	84	84	84	84	84	84	84	84	84	84	84	84	84	84	84	84	84	84	84	84	84	84	84	84	84	84	84	84	84	84	84	84	83	83	83	83	83	83	83	83	84	83	83	83	83	84	84	84	84	84	84	83	83	83	84	84	84
84	83	83	83	83	83	83	83	83	83	83	83	83	83	83	83	83	83	83	83	83	83	83	83	83	83	83	83	83	83	83	83	83	84	84	84	84	84	84	84	84	83	83	84	83	84	84	83	84	83	83	83	83	83	83	83	83	83	83	83	83	83	84	83	83	83	83	84	84	83	83	83	83	83	83	83	83	83	83	83	83	83	83	83	83	83	83	83	83	84	84	84	84	84	84	84	84	84	83	83	84	83	83	83	83	83	83	83	83	84	83	83	83	83	83	84	83	83	83	83	84	84	84	83	83	83	83	83	83	83	83	83	83	83	84	84	83	83	83	83	83	83	84	83	84	83	83	83	83	83	84	84	84	84	83	83	83	83	83	83	83	83	83	83	83	83	83	83	83	83	83	83	83	83	83	83	83	83	83	83	83	83	83	83	83	83	83	83	83	83	83	83	84	84	84	84	84	84	84	84	84	84	83	83	84	84	84	83	83	83	84	84	84	84	83	83	83	83	83	83	83	84	84	84	83	83	83	83	84	83	83	83	83	83	83	83	82	83	83	84	84	84	84	83	83	83	83	83	83	83	83	83	83	83	83	83	83	83	83	83	83	84	84	84	84	84	84	84	84	84	84	84	84	84	84	84	84	84	84	84	84	83	83	84	84	84	83	83	83	83	83	84	84	84	84	83	83	83	83	83	83	83	83	83	83	83	83	84	84	84	83	83	83	83	83	83	83	83	83	83	83	81	76	64	49	34	26	23	22	24	25	26	28	31	34	36	38	41	43	45	48	51	53	53	54	54	55	54	54	55	55	56	56	56	56	56	56	55	54	55	55	55	54	55	55	56	56	55	55	57	58	59	62	66	68	71	74	77	79	80	82	82	83	84	84	84	84	83	83	83	84	84	83	83	83	83	83	83	83	83	83	83	83	84	83	83	83	84	84	84	84	84	84	84	84	83	83	83	83	83	83	83	83	83	84	84	83	83	83	83	84	83	83	83	83	83	83	83	83	83	83	84	84	83	83	84	84	84	84	84	84	84	84	84	83	83	83	83	83	83	83	83	83	83	83	83	84	83	84	84	84	84	84	83	83	83	83	83	83	83	83	83	83	84	84	84	84	84	84	84	83	83	84	84	84	84	84	83	83	83	83	83	83	83	83	83	83	83	83	83	83	83	83	83	83	84	84	84	84	84	84	84	84	84	84	84	84	84	84	84	84	84	84	84	84	84	84	84	84	84	84	84	84	84	84	84	84	84	84	84	84	84	84	84	84	84	84	84	84	84	84	84	84	84	84	84	84	84	84	84	84	84	84	84	84	84	84	84	84	84	84	84	84	84	84	84	84	84	84	84	84	84	84	84	84	84	84	84	84	84	84	84	84	84	84	84	84	84	84	84	84	84	84	84	84	84	84	84	84	84	84	84	84	84	84	83	83	84	84	84	84	84	84	84	84	83	83	84	84	84
84	83	83	83	83	83	83	83	83	83	83	83	83	83	83	83	83	83	83	83	83	83	83	83	83	83	83	83	83	83	83	83	83	84	84	84	84	84	84	84	84	83	83	84	83	83	83	83	83	83	83	83	83	83	83	83	83	83	83	83	83	84	84	84	83	83	84	84	84	83	83	83	83	83	83	83	83	83	83	83	83	83	83	83	83	83	83	84	84	84	83	83	83	83	84	84	84	84	84	83	84	83	83	83	83	83	83	83	84	84	83	83	83	83	84	84	83	84	84	83	84	84	84	83	83	83	83	83	83	83	83	83	83	83	83	83	83	83	84	83	84	84	84	84	84	83	83	83	83	84	84	84	84	84	84	84	84	84	84	83	84	84	83	83	83	83	84	83	83	83	83	83	83	83	83	83	83	83	84	83	83	83	83	83	84	84	84	83	83	83	83	83	84	84	84	84	84	84	84	84	84	84	83	83	84	84	84	84	84	84	84	84	84	84	83	83	83	83	83	83	83	84	84	84	84	84	84	83	84	83	83	83	83	83	83	83	82	82	83	84	84	83	84	83	83	83	83	83	83	83	83	83	83	83	83	83	83	83	83	83	84	84	84	84	84	83	84	84	84	84	84	84	84	84	84	84	84	84	84	84	84	84	84	84	84	84	83	83	83	83	83	84	84	84	83	83	83	83	83	83	83	83	83	83	83	84	84	84	84	84	84	83	83	83	83	83	83	84	83	83	83	83	83	83	81	77	70	57	46	35	27	23	22	24	26	27	27	29	30	31	32	35	36	38	38	40	41	42	43	44	45	45	46	47	48	48	49	50	51	51	52	53	54	54	54	54	54	54	54	56	55	55	55	55	56	57	58	58	60	62	64	65	69	72	75	77	79	81	82	83	83	83	83	84	84	83	83	83	83	83	83	83	83	83	83	83	83	83	83	84	84	83	84	84	84	83	83	83	84	84	84	83	83	83	84	84	83	83	83	83	84	84	84	84	84	83	83	83	83	83	83	84	84	84	84	84	84	84	84	84	84	84	84	84	83	83	84	83	83	83	83	83	83	83	83	83	84	84	84	84	84	84	84	84	83	83	83	83	83	83	83	83	83	83	84	84	84	84	84	84	83	83	83	83	84	84	83	83	84	83	83	83	83	84	84	83	83	83	83	83	83	83	83	83	83	83	84	84	84	84	84	84	84	84	84	84	84	84	84	84	84	84	84	84	84	84	84	84	84	84	84	84	84	84	84	84	84	84	84	84	84	84	84	84	84	84	84	84	84	84	84	84	84	84	84	84	84	83	83	83	84	84	84	84	84	84	84	84	84	84	84	84	84	84	84	84	84	84	84	84	84	84	84	84	84	84	84	84	84	84	84	84	84	84	84	84	84	84	84	84	84	84	84	84	84	84	84	84	84	84	84	84	84	84	84	84	84	84	84	84	84	84	84	84	84	84	84	84	84	84
84	83	83	83	83	83	84	83	83	83	83	83	83	83	83	83	83	83	83	83	83	83	83	84	83	83	83	83	83	84	84	84	84	84	84	84	84	84	84	84	84	83	83	84	83	83	83	83	83	83	83	83	83	84	84	83	83	83	83	83	83	84	84	84	83	83	84	84	84	83	83	83	84	84	84	84	84	84	84	83	83	84	84	84	84	84	83	83	83	83	83	83	83	83	83	84	84	83	83	83	83	83	83	83	83	83	83	83	84	84	83	83	83	83	84	84	83	83	84	83	84	84	84	83	83	83	83	83	83	83	84	83	83	83	84	83	83	83	84	83	83	83	83	83	83	83	83	83	83	84	84	84	84	83	83	83	83	83	83	83	84	84	83	83	83	83	83	83	83	83	83	83	83	83	83	83	83	83	84	83	83	83	83	83	84	84	84	83	83	83	83	83	84	84	84	84	84	84	84	84	84	84	83	83	84	84	84	84	84	84	83	83	83	83	83	83	83	83	84	84	84	84	84	84	84	84	84	83	84	83	83	83	83	83	83	83	83	83	84	84	84	83	84	83	83	83	83	83	83	83	83	83	83	83	83	83	83	83	83	83	83	84	84	84	84	83	84	84	84	84	84	84	84	84	84	84	84	84	84	84	84	84	84	84	84	84	83	83	83	83	83	84	84	84	83	83	83	83	83	83	83	83	83	83	83	84	84	84	84	84	84	83	83	83	83	83	83	84	83	83	83	83	83	84	84	83	82	82	80	77	70	61	49	37	28	25	22	21	21	20	21	22	23	24	24	25	26	28	28	29	29	30	32	33	33	33	34	36	37	37	38	39	40	43	45	48	49	50	51	52	54	55	55	54	54	54	54	55	55	56	57	55	55	57	57	58	61	63	64	65	68	71	75	77	80	81	82	83	83	83	84	83	83	83	83	83	83	83	83	83	84	83	84	84	84	83	83	83	83	83	83	84	84	84	84	84	83	83	83	84	84	84	84	84	84	83	83	83	83	83	83	84	84	84	84	84	84	84	84	84	84	84	83	83	83	83	84	83	83	83	83	83	83	83	83	83	84	84	84	84	84	84	84	84	83	83	83	83	83	83	83	83	83	83	83	83	84	84	84	84	83	83	83	83	84	84	83	83	83	83	83	83	83	83	84	83	83	83	83	83	83	83	83	83	83	83	84	84	84	84	84	84	84	84	84	84	84	84	84	84	84	84	84	84	84	84	84	84	84	84	84	84	84	84	84	84	84	84	84	84	84	84	84	84	84	84	84	84	84	84	84	84	84	84	84	84	84	83	83	83	83	84	84	84	84	84	83	84	84	84	84	84	84	84	84	84	84	84	84	84	84	84	84	84	84	84	84	84	84	84	84	84	84	84	84	84	84	83	83	84	84	84	84	84	84	84	84	84	83	83	84	84	84	84	84	84	84	84	84	84	84	84	84	84	84	84	84	84	84	84
84	83	83	83	83	83	83	83	83	83	83	83	83	83	83	83	83	83	83	84	84	84	84	84	84	83	83	83	83	83	84	84	84	84	84	84	84	84	83	83	83	83	83	83	83	83	83	83	83	83	83	83	84	84	84	84	83	83	83	83	83	84	84	84	84	84	84	84	84	83	83	83	84	84	84	84	84	84	84	84	84	84	84	84	84	84	84	84	84	83	83	83	83	83	83	84	84	84	83	83	83	83	83	83	83	83	83	83	83	84	83	83	83	83	84	84	84	84	84	83	84	84	84	83	83	83	83	83	83	83	83	83	83	84	84	83	83	83	83	83	83	83	83	83	83	83	83	83	84	84	84	83	84	84	83	83	84	84	84	84	84	84	84	84	84	83	83	83	83	83	83	83	83	83	83	83	83	83	83	84	84	84	83	83	84	84	84	83	83	83	83	83	83	84	84	84	84	84	84	84	84	83	83	83	83	83	83	83	83	83	83	83	83	84	84	84	84	83	84	84	84	84	84	84	84	84	84	83	84	84	84	84	83	83	83	83	83	83	83	83	83	84	83	83	83	83	83	83	83	83	83	83	83	83	83	84	84	84	84	83	83	83	83	84	84	84	84	83	84	84	84	84	84	84	84	84	84	84	84	84	84	84	84	84	84	84	83	83	83	83	83	83	84	84	84	84	84	83	83	83	83	83	83	83	83	84	83	83	83	83	83	83	83	83	84	83	83	83	83	83	84	83	83	83	84	83	83	83	83	83	83	82	82	80	75	70	62	53	45	38	35	32	30	27	26	25	23	22	22	21	21	21	22	22	22	22	23	23	24	26	29	34	39	44	49	51	52	52	51	52	53	54	55	54	54	54	54	54	55	56	57	55	56	57	56	55	56	57	56	56	56	56	57	59	60	62	64	66	70	74	77	79	80	82	83	83	84	83	83	84	84	83	83	83	83	84	83	84	84	84	84	84	84	84	84	84	84	84	84	84	84	84	84	84	84	84	84	84	83	83	84	84	84	84	84	84	84	84	84	83	83	83	83	83	83	83	83	83	83	83	83	83	83	83	83	83	83	83	83	84	84	84	84	84	84	83	83	83	83	83	83	83	83	83	83	83	83	84	83	83	83	83	83	83	84	84	84	83	84	83	83	83	83	83	84	83	83	83	83	83	83	83	83	83	83	83	84	84	84	84	84	84	84	84	84	84	84	84	84	83	83	84	83	84	84	84	84	84	84	84	84	84	84	84	84	84	84	84	84	84	84	83	83	84	84	84	84	84	84	84	84	84	84	84	84	84	84	84	84	84	84	84	84	84	84	84	83	83	83	84	84	84	84	84	84	84	84	84	84	84	84	84	84	84	84	84	84	84	84	84	84	85	85	84	84	84	84	84	84	84	84	84	84	84	84	84	84	84	84	84	84	84	84	84	84	84	84	84	84	84	84	84	84	84	84	84	84	84	84	84
84	83	83	83	83	83	83	83	83	83	83	83	83	83	83	83	83	83	83	83	83	83	83	83	83	83	83	83	83	83	84	84	84	84	84	84	84	84	83	83	83	83	83	83	83	83	83	83	83	83	84	84	84	84	84	84	83	83	83	83	84	84	84	84	84	84	84	84	84	83	83	83	83	84	84	84	84	84	84	84	84	83	83	83	83	83	84	84	84	83	83	83	83	83	83	83	83	83	83	83	83	83	83	83	83	83	83	83	83	84	83	83	83	83	83	84	84	84	84	83	84	84	84	83	83	83	83	83	83	83	84	83	83	84	83	83	84	84	84	84	84	84	84	84	84	83	83	83	84	84	83	83	83	84	84	84	84	84	84	83	83	84	84	84	84	83	83	83	83	83	83	83	83	83	83	84	83	83	83	84	84	84	83	83	84	84	84	83	83	83	83	84	84	84	84	84	84	84	84	84	84	83	83	83	83	83	83	83	83	83	83	83	83	84	84	84	84	83	84	84	84	84	84	84	84	84	84	83	83	84	84	84	84	83	83	83	83	83	83	83	83	84	83	83	83	83	83	83	83	83	83	83	83	83	83	84	84	84	84	84	83	83	83	84	84	84	84	83	84	83	83	83	84	84	84	84	84	84	84	84	84	84	84	84	84	84	83	83	83	83	83	83	83	84	84	84	84	83	83	83	83	83	83	83	83	83	83	83	83	83	83	83	83	83	84	83	83	83	83	83	84	83	84	84	84	83	83	83	83	83	83	83	83	83	82	83	83	83	83	82	81	80	77	76	74	73	71	69	68	66	62	60	51	34	35	35	33	31	28	30	35	39	45	48	50	51	53	53	54	54	54	55	54	54	57	54	54	54	54	55	55	54	55	55	56	56	56	56	55	55	56	56	56	55	55	55	55	55	55	56	57	58	60	61	63	67	71	73	75	78	80	82	82	82	83	83	83	84	84	83	83	84	84	84	84	84	83	83	83	84	84	84	83	83	83	84	84	84	83	84	84	83	83	83	83	84	83	83	83	83	83	83	83	83	83	83	83	83	83	83	83	83	83	83	83	83	83	83	83	84	84	84	84	84	84	83	83	83	83	83	83	83	83	83	83	83	83	83	83	83	83	83	83	83	83	83	83	83	83	83	83	83	83	84	84	84	83	84	83	83	83	83	83	83	83	84	83	83	84	84	84	84	84	84	84	84	84	84	84	83	83	84	84	84	84	84	84	84	84	84	84	84	83	83	84	84	84	84	84	84	84	83	83	84	84	84	84	84	84	84	84	84	84	84	84	84	84	84	84	84	84	84	84	84	84	84	83	83	83	83	84	84	84	84	84	84	84	84	84	84	84	84	84	84	83	84	84	84	84	84	84	84	84	84	84	84	84	84	84	84	84	84	84	84	84	84	84	84	84	84	84	84	84	84	84	84	84	84	84	84	84	84	84	84	84	84	84	84	84	84
84	83	83	83	83	83	83	83	83	83	83	83	83	83	83	83	83	83	83	82	82	83	83	83	83	84	84	84	84	84	84	84	84	84	84	84	84	84	83	83	83	83	83	83	83	83	83	83	83	83	84	84	84	84	84	83	83	83	83	83	83	84	84	84	83	83	84	84	84	83	83	83	83	83	83	84	84	84	84	84	83	83	83	83	83	83	83	83	83	83	83	83	83	83	83	83	83	83	83	83	83	83	83	83	83	83	83	83	83	84	83	83	83	83	83	84	84	84	84	84	84	84	84	83	83	84	84	83	83	84	84	83	83	84	83	83	83	83	83	83	83	84	84	83	83	83	83	83	83	83	83	83	83	83	84	84	84	83	84	83	83	83	83	83	84	83	83	83	83	83	83	83	84	83	83	84	83	83	83	84	84	84	83	83	84	84	84	83	83	83	83	84	84	84	84	84	84	84	84	84	84	83	83	83	84	84	84	84	84	84	83	83	83	84	83	83	84	83	84	84	84	83	83	83	83	84	84	83	83	84	84	84	84	83	83	83	83	83	83	83	83	83	83	83	83	83	83	83	83	83	83	83	83	83	83	84	84	84	84	84	83	83	83	84	84	84	84	83	84	83	83	83	83	83	83	84	84	84	84	84	84	84	84	84	84	84	83	83	83	83	83	83	83	83	84	84	84	83	83	83	83	83	83	83	83	83	83	83	83	83	83	83	83	83	83	83	83	83	83	83	84	83	84	84	84	83	83	83	83	83	83	84	84	84	84	84	84	84	84	83	83	83	83	83	83	83	82	82	83	83	82	77	61	50	51	54	54	55	55	54	53	51	49	50	52	54	54	54	53	54	54	55	55	55	57	55	55	55	55	54	53	54	55	54	54	54	53	52	54	55	55	56	56	56	56	56	57	56	55	56	57	57	56	56	55	56	56	56	56	58	60	63	65	69	75	76	80	83	83	83	83	83	83	83	83	83	83	83	83	83	84	83	83	83	83	83	83	83	84	84	84	83	83	83	83	83	83	83	83	83	83	83	83	83	83	83	83	83	83	83	83	83	83	83	83	83	83	83	83	84	84	84	84	84	84	83	83	83	83	84	84	84	84	83	83	83	83	83	83	83	83	83	83	83	83	83	83	83	83	83	83	83	83	84	84	84	83	84	83	83	83	83	83	83	83	83	84	84	84	84	84	84	84	84	84	84	84	84	84	84	84	84	84	84	84	84	84	84	84	84	84	84	83	83	84	84	84	84	84	84	84	83	83	83	83	83	83	84	84	84	84	84	84	84	84	83	83	84	84	84	84	84	84	84	84	84	83	83	83	83	84	84	83	83	83	83	83	84	84	84	84	84	84	83	83	84	84	84	84	84	84	84	84	84	84	84	84	84	84	84	84	84	84	84	84	84	84	84	84	84	84	84	84	84	84	84	84	84	84	84	84	84	84	84	84	84	84	84	84	84
84	83	83	83	83	83	83	83	83	83	83	83	83	83	83	83	83	83	83	83	83	83	83	84	83	83	83	83	83	83	84	84	84	83	83	83	84	84	83	83	83	83	83	83	83	83	83	83	83	83	83	83	83	83	83	83	83	83	83	83	83	84	83	83	84	84	84	83	83	83	83	83	83	83	83	83	83	83	83	83	83	83	83	83	83	83	83	83	83	84	84	83	83	83	83	83	83	83	83	83	83	83	83	84	84	83	83	83	83	83	83	83	84	83	84	84	84	84	84	83	84	84	84	84	84	84	84	84	84	84	84	83	83	83	83	83	83	83	83	83	84	84	84	84	84	83	83	84	84	84	84	84	84	84	84	84	84	83	83	83	83	84	83	83	83	84	84	84	84	84	84	84	84	84	83	84	83	83	83	83	84	84	83	83	83	83	83	83	83	83	84	84	84	83	83	83	84	83	83	84	84	83	83	84	84	84	84	84	84	84	84	84	84	84	84	84	84	84	84	84	84	83	83	84	84	84	84	84	84	84	83	84	84	84	84	84	84	84	83	83	83	83	83	83	83	83	83	83	83	84	84	83	83	83	83	84	84	84	84	83	83	83	83	83	84	84	84	83	83	84	84	83	83	83	83	84	84	84	84	84	84	84	84	83	83	84	84	84	84	83	83	83	83	83	83	83	83	83	83	83	83	84	83	83	83	83	83	83	83	83	84	83	83	83	83	83	83	84	84	84	84	84	84	84	84	83	83	83	83	83	83	83	83	83	83	83	83	84	83	83	83	83	83	83	83	83	83	83	84	81	70	58	53	52	54	54	54	56	56	57	54	50	50	54	55	55	55	54	54	54	54	55	55	55	55	55	55	55	55	55	55	54	55	53	52	52	50	43	40	41	43	47	50	52	55	55	55	55	55	56	56	56	56	55	55	55	55	56	56	56	56	56	57	57	57	58	62	69	77	82	83	83	83	83	83	83	83	83	83	83	83	83	84	84	84	83	83	83	83	83	83	83	83	83	83	83	83	83	83	83	83	83	84	83	83	84	84	84	84	84	84	84	84	84	84	84	83	83	83	83	84	84	84	83	83	83	83	83	83	84	83	83	83	83	84	83	83	83	83	83	83	84	84	84	83	83	83	84	84	84	83	83	83	84	84	84	83	84	83	83	83	83	83	83	83	83	83	83	84	84	84	84	84	84	84	84	84	84	84	84	84	84	84	84	84	84	83	84	84	84	84	84	84	84	84	84	84	84	83	83	84	84	84	83	83	83	84	84	84	84	84	84	84	84	84	83	83	84	84	84	84	84	84	84	84	84	84	84	84	84	84	83	83	84	83	83	84	84	84	84	84	84	84	84	84	84	84	84	84	84	84	84	84	84	84	84	84	84	84	84	84	84	84	84	84	84	84	84	84	84	84	84	84	84	85	85	85	85	84	84	84	84	84	84	84	85	85	85	85	85
84	83	83	83	83	83	83	83	83	83	83	83	83	83	83	83	83	83	83	83	84	84	84	84	83	83	83	83	83	83	84	84	83	83	83	83	83	83	83	83	83	83	83	83	83	83	83	83	83	83	83	83	83	83	83	83	83	83	83	83	83	84	83	83	83	83	83	83	83	83	83	83	83	83	83	83	83	83	83	83	83	83	83	84	83	83	83	83	83	84	83	83	83	83	83	83	83	83	83	83	83	83	83	84	84	83	83	83	83	83	83	83	84	84	84	84	84	84	84	83	84	84	84	84	83	83	84	84	83	83	83	83	83	83	83	83	83	83	83	83	84	84	84	84	84	83	83	83	84	84	84	84	84	84	84	84	84	83	83	83	83	84	83	83	83	84	84	84	84	84	84	84	84	84	83	84	83	83	83	83	84	84	83	83	83	83	83	83	83	83	84	84	84	83	83	84	84	83	83	84	84	84	83	84	84	83	83	83	83	83	83	83	83	83	83	83	83	83	83	83	83	83	83	83	83	84	84	84	84	84	83	84	84	84	84	84	83	83	83	83	83	83	83	83	83	83	83	83	83	84	83	83	83	83	83	84	84	83	83	83	83	83	83	84	84	84	84	83	83	84	84	83	83	83	83	83	83	84	84	84	84	84	84	83	83	84	83	84	84	83	84	84	83	83	83	83	83	83	83	83	83	84	84	83	83	83	83	83	83	83	84	83	83	83	83	83	83	84	84	84	84	84	84	84	84	83	83	83	83	83	83	83	83	83	83	83	83	84	84	83	83	83	84	83	83	83	83	83	77	65	56	53	54	54	53	54	55	56	56	53	49	50	55	56	56	55	56	55	55	55	54	55	55	55	56	55	55	55	55	56	56	55	55	55	54	53	53	50	48	46	44	43	41	40	41	42	46	49	52	54	55	56	56	56	56	55	55	56	56	56	56	56	56	56	55	56	58	58	62	71	81	83	83	83	83	83	83	83	83	83	84	84	83	83	83	83	83	83	83	84	84	83	83	83	83	83	83	83	83	83	83	83	84	84	83	84	84	84	84	84	84	84	84	84	84	84	84	83	83	83	84	84	84	83	83	83	83	83	83	84	83	83	83	83	84	83	83	83	83	83	84	84	84	84	83	83	83	84	84	84	83	83	83	84	84	84	83	84	83	83	83	83	83	83	83	83	83	83	84	83	84	84	84	84	84	84	84	84	84	84	84	84	84	84	84	84	83	84	84	84	84	84	84	84	84	84	84	84	83	83	84	84	84	83	83	83	84	84	84	84	84	84	84	84	84	83	83	84	84	84	84	84	84	84	84	84	84	84	84	84	84	83	83	83	83	83	83	84	84	84	84	84	84	84	84	84	84	84	84	84	84	84	84	84	84	84	84	84	84	84	84	84	84	84	84	84	84	84	84	84	84	84	84	84	84	84	84	84	84	84	84	84	84	84	84	84	84	84	84	84
84	83	83	83	83	83	83	83	83	83	83	83	83	83	83	83	84	84	84	84	84	84	84	84	83	83	83	83	83	83	84	84	83	83	83	83	84	84	83	83	83	83	83	83	83	83	83	83	83	83	83	83	83	84	83	83	83	83	84	84	84	84	83	83	83	83	83	83	83	83	83	83	83	83	83	83	83	83	83	83	83	84	84	84	83	83	83	83	83	83	83	83	83	83	83	83	83	83	83	83	83	83	83	84	84	83	83	83	83	83	83	83	84	84	84	84	84	84	84	83	84	84	84	83	83	83	84	84	83	83	83	83	83	83	83	83	83	83	83	83	84	84	84	84	84	83	83	83	84	84	84	83	83	84	84	84	84	83	83	83	83	84	83	83	83	84	84	84	84	84	84	84	84	84	83	84	83	83	83	83	84	84	83	83	83	83	83	83	83	83	83	84	84	84	84	84	84	83	83	84	84	83	83	84	83	83	83	83	83	83	83	83	83	83	83	83	83	83	83	83	83	83	83	83	83	83	84	84	84	84	84	84	84	84	84	84	83	83	83	83	83	83	83	83	83	83	83	83	83	83	83	83	84	84	83	83	83	83	83	83	84	84	84	84	84	84	83	83	83	84	84	83	83	83	83	83	83	83	84	84	84	83	83	83	83	84	83	83	84	84	84	84	83	83	83	83	83	83	83	83	83	84	84	83	83	83	83	83	83	83	84	83	83	83	83	83	83	84	84	84	84	84	84	84	84	83	83	83	83	83	83	83	83	83	83	83	83	83	83	83	83	83	83	83	83	83	82	73	59	52	53	54	55	55	55	55	56	55	50	48	52	56	56	56	56	56	56	55	55	55	55	55	55	55	56	55	55	55	55	55	55	55	55	55	54	54	54	51	49	49	49	51	52	51	50	46	42	39	39	41	44	47	50	54	55	56	56	56	56	56	55	55	55	55	54	53	55	58	58	62	74	83	83	83	84	84	83	83	83	83	83	83	83	83	83	83	83	83	83	83	84	84	83	83	83	83	83	83	83	83	83	83	84	84	83	84	84	84	84	84	84	84	84	84	84	84	84	83	83	83	84	84	84	83	83	83	83	83	83	84	83	83	83	83	84	83	83	83	83	83	83	84	84	84	83	83	83	84	84	83	83	83	83	84	84	83	83	84	83	83	83	83	83	83	83	83	83	83	84	83	84	84	84	84	84	84	84	84	84	84	84	84	84	84	84	84	83	84	84	84	84	84	84	84	84	84	84	84	83	84	84	84	84	83	83	84	84	84	84	84	84	84	84	84	84	83	83	84	84	84	84	84	84	84	84	84	84	84	84	84	84	83	83	83	83	83	83	84	84	84	84	84	84	84	84	84	84	84	84	84	84	84	84	84	84	84	84	84	84	84	84	84	84	84	84	84	84	84	84	84	84	84	84	84	84	84	84	84	84	84	84	84	84	84	84	84	84	84	84	84
84	83	82	83	83	83	83	83	83	83	83	83	83	84	84	84	83	84	84	84	84	83	83	83	83	83	83	83	83	83	83	83	83	84	84	84	84	84	83	83	83	83	84	84	84	84	84	83	83	83	83	83	84	84	84	83	83	83	83	83	83	83	83	83	83	83	83	84	84	83	83	83	83	83	83	84	84	84	83	83	83	84	83	83	83	83	83	83	83	83	83	83	83	83	83	83	83	83	83	83	83	83	83	83	83	83	84	84	84	83	83	83	84	83	84	84	83	84	84	84	84	84	84	83	83	84	84	84	83	83	84	84	84	84	84	84	84	84	84	84	84	84	84	83	83	84	84	84	83	83	83	84	84	84	84	84	84	84	84	83	83	83	83	83	83	83	83	83	83	83	83	83	84	83	83	83	83	83	83	83	84	84	83	83	83	83	83	83	83	83	83	83	83	83	84	84	84	83	83	84	84	83	83	83	83	84	83	83	83	83	84	84	84	84	84	84	84	84	83	83	84	84	84	84	83	83	84	84	84	84	84	84	84	84	84	84	84	84	83	83	84	84	84	83	83	83	84	83	84	84	84	84	84	84	84	83	83	83	83	84	84	84	84	84	84	84	84	84	83	83	83	83	83	83	84	84	84	84	84	84	83	83	83	83	83	84	84	84	84	84	84	84	84	84	84	83	84	83	83	84	84	84	84	84	84	84	83	83	83	83	83	83	83	83	83	83	83	84	84	84	83	83	84	84	84	84	84	83	84	84	84	84	84	83	83	83	83	83	83	83	83	83	83	83	83	80	68	55	52	53	53	54	54	55	55	55	54	50	49	53	57	57	56	56	55	55	55	55	55	55	55	56	56	56	56	55	55	55	55	55	55	55	55	55	54	53	50	50	50	50	50	51	52	53	53	53	54	53	50	46	40	36	35	37	41	45	48	50	52	54	56	55	56	55	53	51	50	53	54	55	66	82	83	83	83	83	84	84	84	83	83	83	83	83	83	83	83	83	83	83	83	83	83	83	84	84	84	83	83	84	84	84	84	84	83	83	83	83	83	83	83	83	83	84	84	84	84	84	84	84	84	84	83	83	83	83	83	83	83	84	83	83	83	83	83	84	84	84	83	83	83	83	83	83	83	83	83	84	84	83	83	83	83	83	84	83	83	83	83	83	83	83	83	83	83	83	83	83	84	83	84	84	84	84	84	84	84	84	84	84	84	84	84	84	84	84	84	84	84	84	84	84	84	84	84	84	84	84	84	84	84	84	84	84	84	84	84	84	84	84	84	84	84	84	84	84	84	84	84	84	84	84	84	84	84	84	84	84	84	84	84	84	84	84	84	84	84	84	84	84	84	84	84	84	84	84	84	84	84	84	84	84	84	84	84	84	84	83	83	83	83	83	84	84	84	84	84	84	83	84	83	83	83	84	84	84	84	84	84	84	84	84	84	84	84	84	84	84	83	83
84	83	83	83	83	83	83	83	83	83	83	83	83	84	84	84	83	84	84	84	84	83	83	83	83	83	84	83	83	83	83	83	83	84	84	84	84	84	83	83	83	84	84	84	84	84	84	83	83	83	83	83	83	84	83	83	83	83	83	83	83	83	83	83	83	83	83	84	84	83	83	83	83	83	83	84	84	84	83	83	83	84	83	83	83	83	83	83	83	83	83	83	83	83	83	83	83	83	83	83	83	83	83	83	83	83	84	84	84	83	83	83	84	83	84	84	83	84	84	84	84	84	84	84	83	83	84	84	83	83	84	84	84	84	84	84	84	84	84	84	83	83	83	84	84	83	83	84	83	83	83	84	84	84	84	84	84	84	84	83	83	83	83	83	83	83	83	83	83	83	83	83	84	83	83	83	83	83	83	83	84	84	83	83	84	84	84	84	83	83	83	83	84	83	83	83	83	83	83	83	83	83	83	83	83	83	83	83	83	83	84	84	84	84	84	84	83	83	83	83	84	84	84	84	83	83	83	83	83	84	84	84	84	83	84	84	84	84	83	83	83	83	83	83	83	83	83	83	83	84	84	84	84	84	84	84	83	83	83	83	84	83	83	83	83	83	84	84	83	83	83	83	83	83	83	84	84	84	84	84	83	83	83	83	83	83	84	84	84	84	84	84	84	84	84	83	84	83	83	84	84	84	84	84	84	84	83	83	83	83	83	83	83	83	83	83	83	84	84	84	83	83	84	84	84	84	84	83	84	84	84	84	84	84	83	83	83	83	83	83	83	83	83	82	75	60	52	52	54	54	53	54	54	55	55	52	47	48	53	56	56	56	56	56	55	55	55	55	55	55	55	56	57	57	56	55	55	55	55	55	55	55	55	55	54	53	52	50	51	51	51	52	52	52	53	52	53	54	54	54	54	52	49	45	41	37	34	32	32	34	38	40	41	43	44	42	41	39	37	44	66	82	83	83	84	84	84	84	84	83	83	83	83	83	83	83	83	83	83	83	83	83	83	83	84	84	84	83	83	84	84	84	84	84	83	83	83	83	83	83	83	83	83	84	84	84	84	84	84	84	84	84	83	83	83	83	83	83	83	84	83	83	83	83	83	83	83	83	83	83	83	83	83	83	83	83	83	84	84	83	83	83	83	83	84	83	83	83	83	83	83	83	83	83	83	83	83	83	84	83	84	84	84	84	84	84	84	84	84	84	84	84	84	84	84	84	84	84	84	84	84	84	84	84	84	84	84	84	84	84	84	84	84	84	84	84	84	84	84	84	84	84	84	84	84	84	84	84	84	84	84	84	84	84	84	84	84	84	84	84	84	84	84	84	84	84	84	84	84	84	84	84	84	84	84	84	84	84	84	84	84	84	84	84	84	84	84	83	83	83	83	83	84	84	84	84	84	84	83	84	84	84	84	84	84	84	84	84	84	84	84	84	84	84	84	84	84	84	84	84
84	83	83	83	83	83	83	83	83	83	83	83	83	84	84	84	83	83	83	83	83	83	83	83	83	83	83	83	83	83	83	83	83	84	84	84	84	84	83	83	83	83	84	84	84	84	84	83	83	83	83	83	83	83	83	83	83	83	83	83	83	83	83	83	83	83	83	84	84	83	83	83	83	83	83	84	84	84	83	83	83	83	83	83	83	83	83	83	83	83	83	83	83	83	83	83	83	83	83	83	83	83	83	83	83	83	84	84	84	83	83	83	84	83	84	84	83	84	84	84	84	84	84	83	84	84	84	84	83	83	84	84	84	84	84	84	84	84	84	84	84	84	84	84	84	83	83	83	83	83	83	84	84	84	84	84	83	84	84	83	83	83	83	83	83	83	83	83	83	83	83	83	84	83	83	83	83	83	83	83	84	84	83	83	84	84	84	84	83	83	83	84	84	83	83	83	83	83	83	83	83	83	83	83	83	83	83	83	83	83	84	84	84	83	83	83	83	83	83	83	84	84	84	84	83	83	83	83	83	84	84	84	84	83	84	84	84	84	83	83	83	83	83	83	83	83	83	83	83	84	84	84	83	83	83	83	83	83	83	83	83	83	83	83	83	83	84	84	83	83	83	83	83	83	83	83	83	83	83	83	83	83	83	83	83	83	83	83	83	84	84	84	84	84	83	83	83	83	83	84	83	83	84	84	84	84	83	83	83	83	83	83	83	83	83	83	83	84	84	84	84	84	84	84	84	84	84	83	84	84	84	84	84	84	83	83	83	83	83	83	83	83	80	67	55	52	52	54	54	54	54	54	55	54	50	47	50	54	56	55	55	55	56	56	55	55	55	55	54	55	56	56	56	57	56	55	55	55	55	55	55	55	55	55	54	53	54	55	53	50	51	52	52	52	52	52	52	52	52	53	54	54	54	54	53	52	50	47	42	37	33	28	24	25	26	25	27	36	53	72	81	83	83	83	84	84	84	84	84	83	83	83	83	83	83	83	83	83	83	83	83	83	83	83	83	83	84	83	83	84	84	84	84	83	83	83	83	83	83	83	83	83	84	84	84	84	84	84	84	84	84	83	83	83	83	83	83	83	83	84	83	83	83	83	83	83	83	83	83	83	83	83	83	83	83	83	83	84	84	83	83	83	83	83	84	83	83	84	83	83	83	83	83	83	83	83	83	83	83	83	84	84	83	83	84	84	84	84	84	84	84	84	84	84	84	84	84	84	84	84	84	84	84	84	84	84	84	84	84	84	84	84	84	84	84	84	84	84	84	84	84	84	84	84	84	84	84	84	84	84	84	84	84	84	84	84	84	84	84	84	84	84	84	84	84	84	84	83	83	83	83	83	83	83	83	83	83	83	84	84	84	83	83	83	83	83	83	83	83	83	84	84	83	83	83	83	83	83	83	84	84	84	84	84	84	84	84	84	84	84	84	84	83	83	84	84	84	84	84	84
84	83	83	83	83	83	83	83	83	83	83	83	83	84	84	84	83	83	83	83	83	83	83	83	83	83	83	83	83	83	84	84	84	84	84	84	84	84	84	84	84	83	83	84	84	84	84	83	83	83	84	84	83	83	83	83	83	83	83	83	83	84	84	83	83	83	83	83	83	83	83	83	83	83	83	83	83	83	83	83	83	83	83	83	83	83	83	83	83	83	83	83	83	83	83	84	83	83	83	83	83	84	83	83	83	83	84	84	84	83	83	84	84	83	84	84	84	84	84	84	84	84	84	84	83	83	83	83	83	83	83	83	83	84	84	84	84	84	84	84	84	84	84	84	84	84	84	84	84	84	84	83	83	84	83	83	83	84	84	84	84	84	84	84	84	84	84	84	83	83	83	83	84	83	83	84	83	83	83	83	84	84	83	83	83	84	84	83	83	83	84	84	84	83	83	83	83	83	83	84	84	84	84	84	83	83	83	84	84	84	83	83	83	84	84	84	84	84	84	84	84	83	84	84	83	84	84	83	83	83	84	84	84	84	84	83	83	84	84	84	84	84	84	84	84	84	84	84	84	83	83	83	83	83	83	83	83	84	84	84	84	84	84	83	83	83	84	84	84	83	83	83	83	83	83	83	83	84	84	84	84	84	84	83	83	83	83	83	83	84	84	84	84	83	83	83	83	83	83	84	83	83	83	83	84	84	84	83	84	84	84	84	84	84	83	83	83	83	83	84	84	84	84	84	84	83	83	83	83	83	83	83	83	84	83	83	83	83	83	84	82	75	62	52	52	53	54	54	54	54	54	54	53	49	48	51	55	55	55	55	55	55	55	55	55	55	55	55	55	55	53	49	47	47	48	50	53	55	56	55	55	55	55	55	54	55	55	55	55	50	50	52	52	53	53	53	53	52	52	52	52	53	53	53	53	54	54	54	53	52	52	51	34	27	33	43	59	74	82	84	83	83	83	84	84	83	83	83	83	83	83	83	84	84	84	84	84	84	84	84	83	83	83	83	83	83	83	83	83	84	84	83	83	83	83	84	84	84	84	84	84	84	84	84	84	84	84	84	84	83	83	83	83	83	83	83	83	83	83	84	83	84	84	83	83	83	83	83	83	84	84	84	83	83	83	83	83	83	83	83	84	84	83	83	83	84	84	84	83	83	83	83	83	83	83	83	83	83	83	83	83	83	83	83	84	83	84	84	84	84	84	84	84	84	84	84	84	84	84	84	84	84	84	84	84	84	84	84	84	84	84	84	84	84	84	84	84	84	84	84	84	84	84	84	84	84	84	84	84	84	84	84	84	84	84	84	84	84	84	84	84	84	84	84	84	84	83	83	83	83	83	83	83	83	83	83	83	83	83	83	83	83	84	83	83	83	83	83	83	83	83	83	83	83	83	83	83	83	84	84	84	84	84	84	84	84	84	84	84	84	84	83	83	83	84	84	84	84	83	83
83	83	83	83	83	83	83	83	83	83	83	83	83	84	84	84	83	83	83	83	83	83	83	83	83	83	83	83	83	83	84	84	84	84	84	84	84	84	84	84	84	83	83	84	84	84	84	83	83	83	84	84	83	83	83	83	83	83	83	83	83	83	83	83	83	83	83	83	83	83	83	83	83	83	83	83	83	83	83	83	83	83	83	83	83	83	83	83	83	83	83	83	83	83	83	84	83	83	83	83	83	83	83	83	83	83	84	84	84	83	83	84	84	84	84	84	84	84	84	84	84	84	84	84	83	83	83	83	83	83	83	83	83	83	84	84	84	84	84	84	84	84	83	83	83	84	84	84	83	83	83	83	83	84	83	83	84	84	84	84	84	84	84	83	83	84	84	84	83	83	84	83	84	83	83	84	83	83	83	83	84	84	83	83	83	83	83	83	83	83	83	83	83	83	83	83	83	83	83	83	83	83	83	83	83	83	83	83	83	83	83	83	83	84	84	84	84	84	84	84	84	83	83	83	83	84	84	83	83	83	83	83	84	84	84	83	83	84	84	83	84	84	84	84	84	84	84	83	83	83	83	83	83	83	83	83	83	84	84	84	84	84	84	83	83	83	83	83	83	83	83	83	83	83	83	83	83	83	83	83	84	84	84	83	83	83	83	83	83	84	84	84	84	83	83	83	83	83	83	84	84	84	84	83	84	84	84	83	84	84	84	84	84	84	83	83	83	83	83	84	84	84	84	84	84	83	83	83	83	83	83	83	83	84	83	83	83	83	83	81	70	58	52	52	54	54	54	54	54	54	54	52	49	49	53	55	55	55	55	55	55	55	55	55	55	55	55	56	55	48	39	35	33	32	32	33	37	45	52	54	56	56	55	55	54	54	54	54	55	52	50	52	52	52	53	53	53	53	53	53	53	53	53	53	53	54	53	53	53	53	54	54	59	72	77	81	83	84	84	83	83	83	83	84	84	83	83	83	83	83	83	83	84	84	84	84	84	84	83	83	83	83	83	84	83	83	83	83	83	84	84	83	83	83	83	84	84	84	84	84	83	83	83	84	84	84	84	84	84	83	83	83	83	83	83	83	83	83	83	84	83	84	84	83	83	83	83	83	83	84	84	84	83	83	83	83	83	83	83	83	83	83	83	83	83	83	84	84	83	83	83	83	83	83	83	83	83	83	83	83	83	83	83	83	84	83	84	84	84	84	84	84	84	84	84	84	84	84	84	84	84	84	84	84	84	84	84	84	84	84	84	84	84	84	84	84	84	84	84	84	84	84	84	84	84	84	84	84	84	84	84	84	84	84	84	84	84	84	84	84	84	84	84	84	83	83	83	84	83	83	83	83	83	83	83	83	83	83	83	83	83	83	83	83	83	83	83	83	83	83	83	83	83	83	83	83	83	83	83	83	83	84	84	84	84	84	83	83	83	83	83	83	83	84	84	84	84	84	84	84
84	83	83	83	83	83	83	83	83	83	83	83	83	84	84	84	83	83	83	83	83	83	83	83	83	83	83	83	83	83	84	84	84	84	84	84	83	83	84	84	84	83	83	83	83	83	83	83	83	83	84	84	83	83	83	83	83	83	83	83	83	83	83	83	83	83	83	83	83	83	83	83	83	83	83	83	83	83	83	83	83	83	83	83	83	83	83	83	83	83	83	83	83	83	83	84	83	83	83	83	83	83	83	83	83	83	83	84	83	83	83	83	84	84	84	84	84	84	84	84	84	84	83	83	83	83	83	83	83	83	83	83	83	83	84	84	84	84	84	84	84	84	84	84	84	84	84	83	83	83	83	83	83	83	83	83	83	84	84	84	84	84	84	84	84	83	84	84	83	84	84	84	84	83	83	84	83	83	83	83	83	84	83	83	83	83	83	83	83	83	83	83	83	83	83	83	83	83	83	83	83	83	83	83	83	83	83	83	83	83	83	83	83	84	84	84	84	84	83	83	84	84	83	83	83	84	84	83	83	83	83	84	84	84	84	83	83	84	84	84	84	84	84	84	84	84	84	84	84	84	83	83	84	84	83	83	83	84	84	84	84	84	83	83	83	83	83	83	83	83	83	83	83	83	83	83	83	83	83	83	83	83	83	83	83	83	83	83	83	84	84	84	84	83	83	83	83	83	83	84	84	84	84	84	84	84	84	84	84	84	84	84	84	84	83	83	83	83	83	83	84	84	84	84	84	83	83	83	83	83	84	84	83	83	83	83	83	82	76	64	54	53	53	53	54	54	54	54	54	53	51	49	51	55	56	56	55	55	55	55	55	55	55	55	55	55	56	56	50	37	33	37	45	50	50	47	40	34	36	46	54	56	55	55	54	54	54	54	54	54	50	52	52	52	53	53	53	53	53	53	53	53	53	54	53	54	53	53	52	53	53	54	60	80	83	83	83	83	83	83	83	83	83	84	83	83	83	83	83	83	83	83	84	84	84	84	84	83	83	83	83	83	83	84	84	84	83	83	83	83	83	83	83	83	84	84	84	84	84	84	83	83	83	84	84	83	83	83	83	83	83	83	83	83	83	83	83	84	83	83	83	84	84	83	83	83	83	83	84	84	84	84	83	83	83	83	83	83	83	83	83	83	83	83	83	83	84	84	83	83	83	83	83	83	83	83	83	83	83	83	83	83	83	83	83	83	84	84	83	83	84	84	84	84	84	84	84	84	84	84	84	84	84	84	84	84	84	84	84	84	84	84	84	84	84	84	84	84	84	84	84	84	84	84	84	84	84	84	84	84	84	84	84	84	84	84	84	84	84	84	84	83	83	83	83	83	83	84	84	83	83	83	83	83	83	83	83	83	83	83	83	83	83	83	83	83	83	83	83	83	83	83	84	84	84	84	84	83	83	83	83	83	83	83	83	83	83	83	83	83	83	83	83	84	84	83	83	84	84	84
84	84	83	83	83	83	83	83	83	83	83	83	83	84	84	84	83	83	83	83	83	84	84	84	83	83	83	84	84	84	84	84	84	84	84	84	83	83	83	84	84	83	83	83	83	83	83	83	83	83	84	84	83	83	83	83	83	83	83	83	83	83	83	83	83	83	83	83	83	83	83	83	83	83	83	83	83	83	83	83	83	83	83	83	83	83	83	83	83	83	83	83	83	83	83	83	83	84	83	83	83	84	83	83	83	83	83	83	83	83	83	83	83	83	84	84	84	84	84	84	83	83	83	83	83	83	83	83	83	83	83	83	83	83	83	83	83	84	84	84	84	84	83	83	84	83	83	83	83	83	83	83	84	83	83	83	83	84	84	83	83	83	83	83	84	83	83	84	83	84	84	84	84	83	83	84	84	83	83	83	83	83	83	83	83	83	83	83	83	83	84	83	83	83	83	83	83	83	83	83	83	83	83	83	83	83	83	83	83	83	83	83	83	83	83	83	83	83	83	83	83	84	84	84	83	83	84	84	84	84	84	84	84	83	84	83	83	84	84	84	84	84	84	84	84	84	84	84	84	84	84	84	84	84	83	83	83	83	84	83	83	83	83	83	83	83	83	83	83	83	83	83	83	83	83	83	83	83	83	83	83	83	83	83	83	84	83	83	83	84	84	84	84	84	83	83	84	83	83	83	84	84	84	84	84	84	84	84	83	83	83	83	84	84	83	83	83	83	83	83	83	83	83	83	83	84	84	83	84	84	84	83	83	82	83	83	80	71	58	53	53	54	53	53	53	53	53	54	53	49	49	53	56	56	56	56	56	55	55	55	55	55	55	55	55	55	55	56	47	35	35	52	65	66	67	68	67	58	42	34	42	54	56	56	56	54	53	53	53	54	51	52	53	53	53	54	54	54	54	54	54	54	54	54	54	54	54	53	53	53	53	54	56	72	83	83	83	83	83	83	83	83	83	83	83	83	83	83	83	83	84	84	83	83	83	84	83	83	83	83	83	83	83	83	83	83	83	83	83	83	83	83	83	84	84	84	84	84	84	83	84	84	84	84	84	84	83	83	83	83	83	83	83	83	83	83	83	84	83	83	83	83	84	83	83	83	83	83	84	84	84	83	83	83	83	83	83	83	83	83	84	84	83	83	84	84	84	84	83	84	84	83	83	83	83	83	83	83	84	83	83	83	83	83	83	83	83	83	83	83	83	84	84	84	84	84	84	84	84	84	84	84	84	84	84	84	84	84	84	84	84	84	84	84	84	84	84	84	84	84	84	84	84	84	84	84	84	84	84	83	83	83	83	83	83	83	83	83	83	84	84	83	83	83	83	83	83	84	83	83	84	84	83	83	83	83	83	83	83	84	84	84	84	83	83	83	83	83	83	83	84	84	84	84	84	84	84	83	83	83	83	83	83	83	83	83	83	83	83	83	83	83	83	83	83	83	83	83	84	84
84	83	83	83	83	83	83	83	83	83	83	83	83	84	84	84	83	83	83	83	83	84	84	84	83	83	83	84	84	84	84	84	84	84	84	84	83	83	83	84	84	83	83	83	83	83	83	83	83	83	84	84	83	83	83	83	83	82	83	83	83	83	83	83	83	83	83	83	83	83	83	83	83	83	83	83	83	83	83	83	83	83	83	83	83	83	83	83	83	83	83	83	83	83	83	83	83	84	83	83	83	84	83	83	83	83	83	83	83	83	83	83	83	83	84	84	84	84	84	84	83	83	83	83	83	83	83	83	83	83	83	83	83	83	83	83	83	84	84	84	84	84	83	83	84	83	83	83	83	83	83	83	84	83	83	83	83	84	84	83	83	84	83	83	84	83	83	84	83	84	84	84	84	84	83	83	84	84	84	83	83	83	83	83	83	83	83	83	83	83	83	83	83	83	83	83	83	83	83	83	83	83	83	83	83	83	83	83	83	83	83	83	83	83	83	83	83	83	83	83	83	84	84	84	83	83	83	83	83	83	83	84	83	83	83	83	83	84	84	84	84	84	84	84	84	84	84	84	84	84	84	83	83	83	83	83	83	83	83	83	83	83	83	83	83	83	83	83	83	83	83	83	84	84	84	83	83	83	83	83	83	83	83	83	83	84	83	83	83	84	84	84	83	83	84	84	84	84	84	84	84	84	84	84	84	84	84	84	83	83	83	83	84	84	83	83	83	83	83	83	83	83	83	83	83	84	84	83	84	84	84	83	83	83	83	76	65	55	52	53	54	54	53	53	53	53	53	51	48	49	54	56	56	56	56	56	56	56	56	56	55	56	56	56	55	55	55	55	47	35	37	61	68	67	62	61	64	67	65	47	34	42	53	55	56	55	54	54	54	54	52	52	54	54	54	54	54	54	55	54	54	54	54	54	54	54	54	54	54	53	53	53	54	63	81	83	83	83	83	83	83	83	83	83	83	83	83	83	83	83	84	84	83	83	83	84	83	83	83	83	83	83	83	83	83	83	83	83	83	83	83	83	83	84	84	84	84	84	84	83	83	83	83	84	84	84	84	83	83	83	83	83	83	83	83	83	83	84	83	83	83	83	84	83	83	83	83	83	84	84	84	83	83	83	83	83	83	83	83	83	83	83	83	83	83	83	83	84	83	83	83	83	83	83	83	83	83	83	83	83	83	83	83	83	83	83	83	83	83	83	83	84	84	84	84	84	84	84	84	84	84	84	84	84	84	84	84	84	83	83	84	84	84	84	84	84	84	84	84	84	84	84	84	84	84	84	84	83	83	83	83	83	83	83	83	83	83	83	83	83	83	83	83	83	83	83	83	83	83	83	83	83	83	83	83	83	83	83	83	83	83	83	83	83	83	83	83	83	83	83	83	83	83	83	83	83	83	83	83	83	83	83	83	83	83	83	83	83	83	83	83	83	83	83	83	83	83	83	83	83
83	83	83	83	83	83	83	83	83	83	83	83	83	84	84	84	84	83	83	83	83	83	84	84	84	83	83	84	84	84	84	84	84	83	83	83	83	83	83	83	83	83	83	83	83	83	83	83	83	83	83	83	84	84	83	83	83	83	83	83	83	83	83	83	83	83	83	83	83	83	83	83	83	83	83	83	83	83	83	83	83	83	83	83	83	83	83	83	83	83	83	83	83	83	83	83	83	83	83	83	83	83	83	84	84	83	83	84	84	84	83	83	84	84	84	84	84	84	84	84	83	83	83	83	83	83	83	83	83	83	83	83	83	83	83	83	83	83	83	83	83	83	83	83	83	84	84	84	84	84	84	84	84	84	83	83	83	84	84	83	83	84	84	84	84	83	83	83	84	84	84	84	84	84	83	83	84	84	84	84	84	84	83	83	83	83	83	84	84	84	83	83	83	83	83	83	83	83	83	83	83	83	83	83	83	83	83	83	83	83	83	83	83	83	83	83	83	83	83	83	83	83	83	83	83	83	83	83	83	83	84	84	83	83	83	83	83	83	83	83	83	84	84	84	84	84	84	84	84	84	84	83	83	83	83	84	84	83	83	83	83	83	83	83	84	83	83	83	83	83	83	83	84	84	84	83	83	83	83	83	83	83	83	83	83	83	83	83	83	84	84	84	84	84	84	84	84	84	84	84	84	84	84	83	83	83	83	83	83	83	83	83	83	83	83	83	83	83	83	83	83	83	83	83	83	83	83	83	83	84	83	83	84	81	73	59	53	52	53	54	54	54	54	54	54	52	49	47	51	55	56	56	56	56	56	56	56	56	56	56	56	56	56	56	56	55	55	55	50	37	34	56	67	64	52	53	53	57	67	66	46	34	43	55	56	55	54	54	54	54	53	51	54	53	54	54	54	55	55	54	54	54	55	55	55	54	54	55	54	54	54	54	54	58	75	83	83	83	83	83	83	84	84	84	84	84	83	83	83	83	83	83	83	83	83	83	83	83	84	84	83	83	83	83	83	83	83	83	83	84	84	84	83	83	84	84	84	84	83	83	83	83	83	83	83	84	84	84	83	83	83	83	83	83	83	84	84	84	83	83	84	84	84	84	84	84	83	84	84	83	83	83	83	83	83	83	83	84	83	83	83	83	83	84	84	84	84	84	84	83	83	83	83	83	83	83	83	83	83	83	83	83	83	83	83	83	83	83	83	83	83	83	83	83	83	84	84	84	84	84	84	84	84	84	84	83	83	83	84	84	84	84	84	84	84	84	84	84	84	84	84	84	83	83	84	84	84	83	83	83	83	83	83	83	83	83	83	83	83	83	83	83	83	83	83	83	83	83	83	83	83	83	83	83	83	83	83	83	83	83	83	83	83	83	84	84	83	83	83	83	83	83	83	83	83	83	83	83	84	84	84	84	84	84	84	84	84	84	84	84	84	84	84	84	84	83	83	83	83	83
84	83	83	83	83	83	84	83	83	83	84	84	84	84	84	84	84	84	83	83	83	83	84	84	84	84	84	84	84	84	84	84	83	83	83	83	83	83	83	83	83	84	84	84	84	83	83	83	83	83	83	83	83	84	83	84	84	83	83	83	83	83	83	83	83	83	83	83	83	83	83	83	83	83	83	83	82	83	83	83	83	83	83	83	83	83	83	83	83	83	83	83	83	83	83	83	83	83	83	83	83	83	83	84	84	83	83	83	83	84	84	84	83	83	84	84	84	84	84	83	83	83	83	83	83	83	83	83	83	84	84	83	83	83	83	83	83	83	83	83	83	83	83	83	83	84	84	84	84	84	84	84	84	84	84	84	84	84	84	83	83	83	84	84	84	83	83	83	84	84	84	84	84	83	83	83	83	83	83	84	84	84	83	83	84	83	83	84	83	83	83	83	83	83	83	83	83	83	83	83	83	83	83	83	83	83	83	83	83	83	83	83	83	83	83	83	83	83	83	83	83	83	83	83	83	83	83	84	84	84	84	84	83	83	83	83	83	83	83	83	83	83	84	84	84	84	84	83	83	84	83	83	83	83	83	84	84	84	84	83	83	83	83	84	84	84	83	83	83	83	83	83	84	84	84	83	84	83	83	83	83	83	83	83	83	83	83	83	83	84	84	83	83	84	84	84	84	84	84	84	84	84	84	83	83	83	83	83	83	83	83	83	83	83	83	83	83	83	83	83	83	83	83	83	83	83	83	83	83	83	83	83	78	65	55	53	53	53	53	54	54	54	54	55	52	48	47	51	55	56	56	56	56	56	56	56	56	56	56	57	57	56	56	56	56	55	55	55	53	44	34	44	65	65	54	51	54	53	59	68	63	40	35	48	55	55	55	54	54	53	53	51	53	53	54	54	54	54	54	54	54	55	55	55	55	54	54	55	55	54	54	53	54	56	66	83	83	83	83	83	84	84	84	84	83	83	83	83	83	83	83	83	83	83	83	83	83	83	84	84	83	83	83	83	83	83	83	83	84	84	84	84	84	83	83	83	83	83	83	83	83	83	83	83	83	83	84	84	84	83	83	83	83	83	83	84	84	83	83	84	84	84	84	84	84	84	83	84	83	83	83	83	83	83	83	83	83	84	84	83	83	83	83	84	84	84	84	84	84	83	83	83	84	83	83	83	83	83	83	83	83	83	83	83	83	83	83	83	83	83	83	83	83	83	83	84	84	84	84	83	83	83	83	83	83	83	83	83	84	84	84	84	84	84	84	84	84	84	84	84	84	84	83	83	83	83	83	83	83	83	83	83	83	83	83	83	83	83	83	83	83	83	83	83	83	83	83	83	83	83	84	84	83	83	83	83	83	83	83	83	83	83	83	83	83	83	83	83	83	83	83	83	83	83	83	83	83	83	83	83	83	83	84	84	84	84	84	84	84	84	84	84	84	84	84	84	84	84	84	84
84	83	83	83	83	83	84	83	83	83	83	84	84	84	84	84	84	84	83	83	83	83	84	84	84	84	84	84	84	84	84	84	83	83	83	83	83	83	83	83	83	83	84	84	84	83	83	83	83	83	83	83	83	83	83	83	83	83	83	83	83	83	83	83	83	83	83	83	83	83	83	83	83	84	83	83	83	83	84	84	84	84	84	84	84	84	83	83	83	84	84	83	83	83	83	83	83	83	83	83	83	83	83	84	84	83	84	84	84	84	84	83	83	83	84	84	84	84	83	83	83	83	83	83	83	83	83	83	83	83	83	83	83	83	83	83	83	83	83	83	83	83	83	83	83	84	84	84	84	84	84	84	84	84	84	84	83	83	84	83	83	83	84	84	84	84	84	84	84	84	84	84	84	83	83	83	83	83	83	84	84	84	83	83	83	83	83	83	83	83	83	83	83	83	83	83	83	83	83	83	83	83	83	83	83	83	83	83	83	83	84	84	83	83	83	83	83	83	83	83	83	83	83	83	83	83	83	83	83	83	84	84	83	83	83	83	83	83	83	83	83	83	83	83	83	83	83	83	83	83	83	83	83	83	83	84	84	84	84	83	83	83	83	83	84	83	83	83	83	83	83	83	84	84	84	83	84	83	83	83	83	83	83	83	83	83	83	83	83	83	83	83	83	83	84	84	84	83	83	84	84	84	84	83	83	83	83	83	84	84	84	83	83	83	83	83	83	83	83	83	83	83	83	83	83	83	83	83	83	84	82	73	59	52	51	53	54	54	54	54	54	54	54	50	47	49	52	55	56	56	56	56	57	56	56	56	56	56	56	57	57	56	56	56	56	56	56	55	55	53	42	34	49	66	64	56	51	51	56	66	65	48	33	41	54	55	55	54	53	53	53	50	53	53	53	54	54	54	54	54	54	54	55	55	55	54	54	55	55	55	54	54	55	55	60	79	83	83	84	84	84	84	84	83	83	83	83	83	83	83	83	83	83	83	83	83	83	83	84	83	83	83	83	83	83	83	83	83	83	84	84	84	84	83	83	83	83	83	83	83	83	83	83	83	83	83	84	83	83	84	84	83	83	83	83	83	84	83	83	84	84	84	84	84	84	84	83	83	83	83	83	83	83	83	83	83	83	84	83	83	83	83	83	83	84	83	84	84	83	83	83	83	83	83	83	83	83	83	83	83	83	83	83	83	83	83	83	83	83	83	83	83	83	83	83	84	84	84	84	83	83	83	83	83	83	84	84	84	84	84	84	83	83	83	84	84	84	84	84	84	84	83	83	83	83	83	83	83	83	83	83	83	83	83	83	83	83	83	83	83	82	83	83	83	83	83	83	83	83	83	83	83	83	83	83	83	83	83	83	83	83	83	83	83	83	83	83	84	84	83	83	83	83	83	83	83	83	83	83	83	83	83	83	83	83	83	84	84	84	83	83	83	83	83	83	83	83	83	83	83
83	83	83	83	83	83	83	83	83	83	83	83	83	84	84	84	84	84	84	83	83	83	83	83	83	84	84	84	83	83	83	83	83	84	84	84	83	83	84	84	83	83	83	83	83	83	83	84	83	83	83	83	83	83	83	83	83	83	83	83	83	83	83	83	83	83	83	83	83	84	84	84	84	84	84	83	83	83	83	83	83	83	83	84	84	84	84	84	84	84	84	84	84	84	84	83	83	83	83	83	83	83	83	84	84	84	84	84	84	84	83	83	83	83	84	84	84	84	84	84	84	84	83	83	83	83	83	83	83	83	83	83	83	83	83	83	83	83	84	84	84	84	84	84	84	84	84	84	83	83	83	83	83	83	83	83	83	83	84	83	83	84	84	84	84	83	84	84	84	84	84	84	84	83	83	83	83	83	83	84	84	84	83	83	83	84	84	83	83	83	83	83	83	83	83	83	84	84	84	84	84	84	84	84	84	84	84	83	83	83	84	84	84	83	84	83	83	83	83	83	84	83	83	83	83	83	83	83	83	83	83	83	83	83	83	83	83	84	84	84	84	84	84	84	83	84	84	83	84	84	84	83	83	83	83	83	83	83	83	83	83	83	83	83	83	83	84	84	84	84	84	83	83	83	83	83	83	83	83	83	83	83	83	83	83	83	84	84	83	83	83	83	84	84	84	83	84	84	84	84	83	84	84	84	84	84	83	83	83	83	83	83	83	84	83	84	84	84	84	84	83	83	83	83	83	82	83	84	83	80	67	56	52	51	53	54	54	54	54	54	54	53	48	46	49	53	55	56	56	56	56	57	57	57	57	56	56	56	56	56	56	56	56	56	55	56	56	55	55	55	52	40	35	49	65	66	62	61	63	66	64	49	33	38	53	55	55	54	54	53	53	51	52	53	53	53	54	54	54	54	54	55	55	55	55	55	54	55	55	55	54	53	54	55	57	71	83	83	84	84	84	84	84	84	84	84	84	83	83	83	83	83	83	83	83	84	83	83	84	84	84	84	83	83	84	84	83	83	84	84	84	84	83	83	83	83	83	83	84	84	84	83	83	83	83	83	84	83	83	84	84	83	83	83	83	83	84	83	83	84	84	84	84	83	84	84	83	83	83	83	83	83	83	83	84	84	84	84	84	84	84	84	84	84	84	83	84	84	84	83	83	83	84	83	83	84	83	83	83	83	83	83	83	83	83	83	83	83	83	83	83	83	83	83	83	83	83	83	83	84	83	83	83	83	83	83	83	83	83	83	83	83	83	84	84	84	83	83	83	83	83	83	83	83	83	83	83	83	83	83	83	83	83	83	83	83	83	83	83	83	83	84	84	83	83	83	83	84	84	83	83	83	83	84	84	84	83	83	83	83	83	83	83	83	83	83	83	83	83	83	83	83	83	83	83	83	83	83	83	83	83	84	84	84	83	83	83	83	83	84	84	84	84	84	84	83	83	83	84	84
84	83	83	83	83	83	83	83	83	84	83	83	83	84	84	84	84	84	84	83	84	83	83	83	83	84	84	83	83	83	83	83	83	84	84	84	83	83	84	84	84	83	83	83	83	83	83	84	83	83	83	83	83	83	83	83	83	83	83	83	83	83	83	83	83	83	83	83	83	83	84	84	83	83	83	83	83	83	83	83	83	83	83	84	84	84	84	84	83	83	83	83	84	84	84	83	83	83	83	83	83	83	83	84	84	84	84	84	83	84	83	83	83	83	84	84	84	84	84	84	84	84	84	83	83	83	83	83	83	83	83	83	83	83	83	83	83	83	84	84	84	84	84	84	84	84	84	84	83	83	83	83	83	83	83	83	83	84	84	84	83	84	84	84	84	83	83	84	84	84	84	84	84	83	83	83	83	83	83	84	84	84	83	83	83	83	84	83	83	83	83	83	83	83	83	83	84	84	84	84	84	84	84	84	84	84	84	84	84	84	84	84	84	84	84	83	83	83	83	83	84	83	83	83	83	83	83	83	83	83	83	83	83	83	83	84	84	84	83	83	83	83	83	83	84	84	84	84	84	84	84	84	83	83	83	83	83	83	83	83	83	83	83	83	83	83	84	84	84	84	84	84	83	83	83	83	83	83	83	83	83	83	83	83	83	83	83	83	83	84	84	83	84	84	84	83	84	84	84	84	83	84	84	84	84	84	83	83	83	83	83	83	83	84	83	84	84	84	84	84	83	83	83	83	83	83	83	82	75	62	54	53	53	54	54	54	54	53	53	54	52	47	44	49	54	55	55	56	56	56	56	56	57	56	56	56	56	56	56	56	55	55	55	56	56	56	56	56	55	55	56	52	42	35	43	55	63	66	67	67	60	42	33	37	53	55	55	55	54	54	54	55	52	54	53	53	54	54	54	54	55	55	55	55	55	55	54	55	55	54	54	53	54	54	55	62	81	83	84	84	84	84	84	84	84	84	84	83	83	83	83	83	83	83	84	84	84	84	84	84	84	84	83	83	84	84	84	84	84	84	84	84	83	83	83	83	83	83	84	84	84	83	83	83	83	83	84	84	83	83	83	83	83	83	83	83	84	83	83	84	84	84	84	83	84	84	83	83	83	83	83	83	83	83	84	84	84	84	84	84	84	84	84	84	84	84	84	84	84	83	83	83	84	84	83	84	83	83	83	83	83	83	83	83	83	83	83	83	83	83	83	83	83	83	83	83	83	83	83	83	83	83	83	83	83	83	83	83	83	83	83	83	83	83	83	83	83	83	83	83	83	83	83	83	83	83	83	83	83	83	83	83	83	83	83	83	83	83	83	83	83	84	84	83	83	83	83	84	84	83	83	83	83	83	83	84	83	83	83	83	83	83	83	83	83	83	83	83	83	83	83	83	83	83	83	83	83	83	83	83	83	84	84	84	84	84	84	84	84	84	84	84	84	84	84	83	83	83	83	83
83	83	83	83	83	83	83	83	83	84	83	83	83	84	84	84	84	84	84	83	84	83	83	83	83	84	84	83	83	83	83	83	83	84	84	84	84	84	84	84	84	84	83	83	83	83	83	83	83	83	83	83	83	83	83	83	83	83	83	84	83	83	83	83	83	83	83	83	83	83	83	83	83	83	83	84	84	84	84	84	84	84	84	84	84	83	83	83	83	83	83	83	84	84	84	84	84	83	83	83	83	83	83	84	84	84	84	84	84	84	83	83	83	83	84	84	84	84	84	84	84	84	84	83	83	83	83	83	83	83	83	83	83	83	83	83	83	83	84	84	84	84	84	84	84	84	84	84	83	83	83	83	83	83	83	83	83	84	84	84	83	84	84	84	84	83	83	84	84	84	84	84	84	83	83	83	83	83	83	84	84	84	83	83	83	83	84	83	83	83	83	83	83	83	83	83	84	84	84	83	83	84	84	84	84	84	84	84	84	84	84	84	84	84	84	83	83	83	83	83	83	83	83	83	83	83	83	83	83	83	83	83	83	83	83	83	83	83	83	83	83	83	83	83	84	84	84	84	84	84	84	84	83	83	83	83	83	83	84	84	83	83	83	83	83	83	84	84	84	84	84	84	83	83	83	83	83	83	83	83	83	83	83	83	83	83	83	83	83	84	84	83	83	84	83	83	84	84	84	84	83	84	84	84	84	84	83	83	83	83	83	83	83	83	83	84	84	84	84	84	83	83	83	83	83	84	80	69	57	52	53	53	54	54	54	54	54	54	54	50	44	45	50	54	56	55	56	56	56	56	56	56	56	56	56	56	56	56	56	56	56	55	56	56	56	56	56	56	55	55	55	56	54	47	38	35	40	47	51	50	44	35	33	41	54	55	55	55	54	54	55	56	52	53	54	54	54	54	54	54	55	55	55	55	55	55	54	55	55	54	54	54	54	54	54	58	74	84	84	84	83	84	84	84	84	84	83	83	83	83	83	84	84	84	84	84	84	84	84	84	84	84	83	83	83	83	84	84	84	84	84	84	83	83	83	83	83	83	83	83	84	83	83	83	83	83	83	83	83	83	83	83	83	83	83	83	84	83	83	84	84	84	84	83	84	84	83	83	83	83	83	83	83	83	83	83	84	84	84	84	84	84	84	84	84	83	83	84	84	83	83	83	84	83	83	83	83	84	84	83	83	83	83	83	83	83	83	83	83	83	83	83	83	83	83	83	83	83	83	83	83	83	83	83	83	83	83	83	83	83	83	83	83	83	83	83	83	83	83	83	83	83	83	83	83	83	83	83	83	83	83	83	83	83	83	83	83	83	83	83	83	83	83	83	83	83	83	84	83	83	83	83	83	83	83	83	83	83	83	83	83	83	83	83	84	84	83	83	83	83	83	83	83	83	83	83	83	83	83	83	83	83	83	84	84	84	84	84	84	83	83	83	84	84	83	83	83	83	83	83
83	83	83	83	83	83	83	83	84	84	83	83	83	83	83	83	83	83	83	84	84	84	84	84	83	83	83	83	83	83	83	83	83	84	84	84	84	84	83	83	83	83	83	83	84	83	83	83	83	83	83	83	83	83	83	83	83	83	83	83	83	84	83	83	83	83	83	83	83	83	84	84	84	84	84	84	84	84	84	84	84	84	84	84	84	83	84	84	84	83	83	83	83	83	84	84	84	83	83	83	84	84	84	83	83	83	84	84	84	84	83	83	84	84	84	84	83	83	83	83	83	83	83	83	83	83	83	83	83	83	83	83	83	83	83	83	83	83	83	83	83	83	83	83	83	83	83	84	84	84	84	83	84	84	83	83	83	84	84	83	84	84	83	83	83	83	83	83	83	83	83	83	83	83	83	83	84	84	83	84	84	84	83	83	83	84	84	84	83	83	83	83	84	84	84	84	84	84	84	83	83	84	84	84	84	84	84	84	84	84	84	84	84	83	83	83	84	84	83	83	84	83	83	83	83	83	83	83	83	83	84	84	84	84	84	83	83	83	83	83	84	84	84	84	84	84	84	83	83	84	84	84	83	83	83	84	84	84	83	83	83	83	83	83	83	83	84	84	84	84	84	84	83	83	83	84	84	84	84	84	83	84	84	83	83	83	83	83	83	84	83	83	83	84	83	83	83	84	84	84	83	84	84	83	83	83	83	83	83	83	84	83	83	84	83	84	84	83	83	83	83	83	83	84	83	76	63	54	53	53	54	54	54	54	54	54	54	53	47	42	45	52	55	55	56	56	56	56	56	56	56	56	56	56	56	56	56	56	55	55	55	55	55	56	56	56	55	55	56	56	55	56	55	54	52	46	39	34	32	32	33	34	38	50	55	55	55	55	53	54	55	55	53	52	53	54	54	54	54	54	54	54	55	55	55	55	55	55	55	54	54	54	54	54	54	55	65	83	84	83	83	84	83	83	84	84	84	84	84	84	84	84	84	83	83	84	84	84	84	84	84	84	84	84	84	84	84	84	84	84	84	84	83	83	83	84	84	84	83	83	84	84	84	83	83	83	83	83	83	83	83	83	83	83	83	83	83	83	83	83	84	84	84	83	83	83	83	83	83	83	83	83	84	84	84	84	84	84	84	84	83	84	84	83	84	83	83	83	83	83	83	83	83	83	83	83	83	83	84	83	83	83	83	83	84	83	83	83	83	83	83	83	83	83	83	83	83	83	83	83	84	84	84	83	83	83	83	83	83	83	83	83	83	83	83	83	83	83	83	83	83	83	83	83	83	83	83	83	83	83	83	83	83	84	83	83	84	83	84	84	84	84	84	83	84	84	84	83	83	83	83	83	83	83	83	83	83	83	84	84	84	84	83	83	84	84	84	84	84	84	84	84	83	83	84	83	83	83	83	83	83	83	83	83	83	83	83	83	83	83	83	83	84	84	84	84	84	84	84	84
83	83	83	83	83	83	83	83	84	84	83	83	83	83	83	83	83	83	83	84	84	84	84	84	83	83	83	83	83	83	83	83	83	84	84	83	83	83	83	83	83	83	83	83	83	83	83	83	83	83	83	83	83	83	83	83	83	83	83	83	83	83	83	83	83	83	83	83	83	83	83	83	83	83	84	84	84	84	83	83	84	84	83	83	83	83	84	84	84	83	83	83	83	83	84	84	83	83	83	83	84	84	83	84	84	84	83	83	83	84	83	84	84	84	84	83	83	83	83	83	83	83	83	83	83	83	83	83	83	83	83	83	83	83	83	83	83	83	83	83	83	83	83	83	83	83	83	84	84	84	84	83	84	84	83	83	84	84	84	83	84	84	83	83	83	83	83	83	83	83	83	83	83	84	84	84	84	83	83	83	83	83	83	83	83	84	84	84	83	83	83	83	83	84	84	84	83	83	83	83	83	84	84	84	84	84	84	84	84	84	84	84	84	83	83	83	84	84	83	84	84	83	83	83	83	83	83	83	83	83	83	83	83	83	83	83	83	83	83	83	83	83	83	84	84	84	84	83	83	84	84	84	83	83	83	84	84	84	83	83	83	83	83	83	83	83	84	84	84	84	84	84	83	83	83	84	84	84	84	84	84	84	84	84	83	83	84	84	84	83	83	83	83	84	83	83	83	84	84	84	83	84	83	83	83	83	83	83	83	83	84	83	83	84	83	84	84	83	83	83	83	83	83	82	71	57	54	54	54	55	54	55	54	54	54	54	52	44	42	49	54	55	55	56	56	56	56	56	56	56	55	55	56	56	56	55	55	56	56	55	55	55	55	56	56	56	55	55	56	56	56	56	56	56	56	56	55	51	47	45	46	49	53	56	56	55	55	55	54	53	53	53	52	51	53	53	53	54	54	54	54	54	55	54	54	54	54	55	55	54	54	54	54	54	54	54	58	77	84	83	83	84	83	83	84	84	84	84	84	84	84	84	84	83	83	84	84	84	84	84	84	84	84	84	84	84	84	84	84	84	84	84	83	83	83	84	84	84	83	83	84	84	84	83	83	83	83	83	83	83	83	83	83	83	83	83	83	83	83	83	84	84	84	83	83	83	83	83	83	83	83	83	83	83	84	84	83	83	83	83	83	84	84	84	84	83	83	84	83	83	83	83	83	83	83	83	83	83	84	83	83	83	83	83	84	83	83	83	83	83	83	83	83	83	83	83	83	83	83	84	84	84	83	83	83	82	83	83	83	83	83	83	83	83	83	83	83	83	83	83	83	83	83	83	84	83	83	83	83	83	83	83	83	84	83	83	83	83	83	84	84	84	83	83	83	83	83	83	83	83	83	83	83	83	83	83	83	83	84	84	84	83	83	83	83	83	83	83	83	84	84	84	83	83	83	83	83	83	83	83	83	83	83	83	83	83	83	83	83	84	84	84	84	84	84	84	84	83	83	83
84	83	83	83	83	83	83	83	83	83	83	83	83	83	83	83	83	83	83	84	84	84	84	84	83	83	83	83	83	83	83	83	83	83	83	83	82	82	83	83	83	83	83	83	83	83	83	83	83	83	83	83	83	83	83	83	83	83	83	83	83	83	83	83	83	83	83	83	83	83	84	84	83	83	83	84	84	84	83	83	83	83	83	83	83	83	83	84	83	83	83	83	83	83	84	84	83	83	83	83	84	83	83	83	83	83	83	83	83	84	83	84	84	84	83	83	83	83	83	83	83	83	83	83	83	83	83	83	83	83	83	83	83	83	83	83	83	83	83	83	83	83	83	83	83	83	83	84	84	84	84	83	83	84	83	83	84	84	84	83	83	84	83	83	83	83	83	83	83	83	83	83	83	84	84	84	83	83	83	84	84	84	83	83	83	84	84	84	83	83	83	83	83	84	84	84	83	83	83	83	83	84	84	84	84	84	84	84	84	84	84	84	84	83	83	83	84	84	84	84	84	83	83	83	83	83	83	84	84	83	83	83	83	83	83	83	83	83	83	83	83	83	83	83	84	84	83	83	83	84	84	84	83	83	83	84	84	84	83	83	83	83	83	83	83	83	84	84	84	84	84	84	83	83	83	84	84	84	83	83	84	84	84	84	84	84	84	84	84	83	83	83	83	84	83	83	83	84	84	84	84	84	84	83	83	84	84	84	83	83	84	83	83	83	83	84	83	83	83	83	83	83	78	66	55	53	54	55	55	55	55	54	54	54	54	51	46	46	52	55	56	55	55	55	56	56	56	56	56	56	55	55	56	56	55	55	55	56	56	55	55	55	56	56	56	56	55	56	56	55	55	56	56	56	56	56	56	57	57	56	56	56	56	56	55	55	55	55	55	54	54	52	47	45	52	54	53	53	54	54	54	54	54	55	55	55	55	55	55	55	55	55	55	54	53	54	56	69	83	84	83	84	83	83	84	84	84	84	84	84	84	84	84	83	83	84	84	84	84	84	84	84	84	84	84	84	84	83	84	84	84	84	83	83	83	84	83	84	83	83	84	84	84	83	83	83	83	83	83	83	83	83	83	83	83	83	83	83	83	83	84	84	84	83	83	83	83	83	84	84	84	83	83	83	84	83	83	83	83	83	83	83	84	84	84	84	84	84	83	83	83	83	83	83	83	83	83	83	84	83	83	83	83	83	83	83	83	83	83	83	83	83	83	83	83	83	83	83	83	84	84	83	83	83	83	83	83	83	83	83	83	83	83	83	83	83	83	83	83	83	83	83	83	83	83	83	83	83	83	83	83	83	83	84	83	83	83	83	83	83	83	83	83	83	83	83	83	83	83	83	83	83	83	83	83	83	83	83	84	84	84	83	83	83	83	83	83	83	83	83	84	84	83	83	83	83	83	83	83	83	83	83	83	83	83	83	83	83	83	84	84	84	83	83	83	84	84	83	83	83
84	83	83	83	83	83	83	83	83	83	83	83	83	83	83	83	83	83	83	83	83	84	84	84	84	84	84	83	83	83	83	83	83	83	83	83	83	82	83	83	83	84	83	83	83	83	83	83	83	83	83	83	83	84	83	83	83	83	83	83	83	84	84	83	83	83	83	83	83	84	84	84	84	83	83	84	84	84	84	84	83	83	83	83	83	83	83	83	83	84	83	83	84	84	83	83	83	83	84	84	84	84	84	83	83	83	84	84	84	84	84	84	84	84	83	83	83	83	83	83	83	83	83	83	83	83	83	83	83	83	83	84	84	84	83	83	83	83	83	83	83	83	83	83	83	83	83	83	84	84	84	83	83	84	83	83	83	83	83	83	83	83	84	84	84	84	84	84	83	83	83	84	83	84	84	83	83	83	83	84	84	84	84	84	84	84	84	84	84	84	84	84	84	84	84	84	84	84	83	83	83	83	84	84	83	83	83	84	84	84	84	84	84	84	84	83	83	83	84	84	84	84	84	84	84	84	84	84	84	84	84	84	84	84	84	83	83	84	83	83	84	83	83	83	84	83	83	83	83	84	83	83	83	83	83	83	83	83	83	83	83	83	83	83	83	83	84	84	84	84	84	84	84	84	84	84	84	84	83	83	83	83	84	83	84	84	83	83	83	83	83	83	83	84	83	84	84	84	83	83	84	84	84	84	84	84	84	84	84	83	83	83	83	83	83	83	83	83	83	83	81	73	61	54	53	54	55	55	55	54	55	54	55	53	49	47	49	54	55	55	56	55	55	55	56	56	56	56	56	56	55	55	55	55	56	56	55	56	56	56	56	56	55	56	56	55	56	56	55	55	55	55	56	56	56	56	56	56	56	56	56	56	56	56	55	55	55	55	55	54	54	54	54	52	52	54	54	54	54	54	54	54	54	55	55	55	54	55	55	55	54	54	54	53	54	55	54	62	80	84	84	84	84	83	83	83	83	83	83	83	83	83	83	83	83	84	84	84	84	84	84	84	84	83	83	83	83	83	83	83	83	83	83	83	83	83	83	83	83	83	84	84	84	83	83	83	83	83	83	83	83	83	83	83	83	83	83	83	83	83	83	84	84	83	83	84	84	84	84	84	84	84	84	84	83	83	84	84	83	83	83	83	83	83	84	83	83	83	83	83	83	83	83	83	83	83	83	83	84	83	83	83	83	83	83	83	83	83	83	83	83	83	83	83	83	83	83	83	84	84	83	83	83	83	83	83	83	83	83	83	83	83	83	83	83	83	84	84	83	83	83	83	83	83	83	83	83	83	83	83	83	83	83	83	83	83	84	83	83	83	83	83	83	83	83	83	83	83	83	83	83	83	83	83	83	83	84	84	84	84	83	84	83	83	83	84	83	83	83	83	83	83	83	83	84	84	84	84	83	83	83	83	83	83	84	83	84	84	83	83	83	83	84	84	84	84	84	84	84	84
84	83	83	83	83	83	83	83	83	83	83	83	83	83	83	83	83	83	83	83	83	84	84	84	84	84	84	83	83	83	83	83	83	84	84	84	83	83	83	83	83	83	83	83	83	83	82	83	83	83	83	83	83	83	83	83	83	83	83	83	83	83	83	84	84	84	83	83	83	83	84	84	84	83	83	84	84	84	83	83	83	83	83	83	83	83	83	83	83	84	83	83	84	84	84	84	83	83	84	84	84	84	84	83	83	83	84	84	84	84	84	84	84	84	84	83	83	83	83	83	83	83	83	83	83	83	84	84	83	83	83	84	84	84	83	83	83	83	83	83	83	83	83	83	83	83	83	83	84	84	84	83	83	84	83	83	83	83	83	83	83	83	84	84	84	84	84	84	83	83	83	84	83	84	84	83	83	83	83	83	83	83	84	84	84	84	84	84	84	84	84	84	84	84	84	84	84	84	83	83	83	83	84	84	83	83	83	84	84	84	84	84	84	84	84	83	83	83	84	84	84	84	84	84	84	84	84	84	84	84	84	84	84	84	83	83	83	83	83	83	84	83	83	83	83	83	83	83	83	83	83	83	83	83	83	83	83	83	83	83	83	83	83	83	83	83	84	84	84	84	84	84	84	84	84	83	83	83	83	83	83	83	84	83	84	84	83	83	83	83	83	83	83	84	83	84	84	84	83	83	84	84	84	84	84	84	84	84	84	83	83	83	83	83	83	83	83	83	83	78	67	56	53	53	54	55	55	55	54	54	54	55	52	48	48	51	54	55	55	55	56	55	55	55	56	56	56	56	56	56	56	55	55	55	55	55	56	56	56	55	56	56	55	56	56	55	56	56	55	55	55	55	56	56	56	56	56	56	56	56	56	56	56	55	55	55	56	56	55	54	54	54	54	54	50	53	54	54	54	54	54	54	54	55	55	54	55	55	55	55	54	54	55	54	53	53	54	57	72	83	84	84	84	83	83	83	83	83	83	83	83	83	83	83	83	84	84	84	84	84	84	84	84	83	83	83	83	83	83	83	83	83	83	83	83	83	83	83	83	83	84	84	84	83	83	83	83	83	83	83	83	83	83	83	83	83	83	83	83	83	83	84	84	83	83	84	84	84	84	84	84	84	84	84	84	84	84	84	83	83	83	83	83	84	84	83	83	83	83	83	83	83	83	83	83	83	83	83	83	83	83	83	83	83	83	83	83	83	83	83	83	83	83	83	83	83	83	83	84	84	83	83	83	83	83	83	83	83	83	83	83	83	83	83	83	83	83	83	83	83	83	83	83	83	83	83	83	83	83	83	83	83	83	83	83	83	84	83	83	83	83	83	83	83	83	83	83	83	83	83	83	83	83	83	83	83	84	84	83	83	83	84	83	83	83	84	83	83	83	83	83	83	83	83	84	84	84	83	83	83	83	83	83	83	84	83	84	84	83	83	83	83	83	83	83	84	84	84	84	84
84	83	83	83	83	83	83	83	83	83	83	83	83	83	83	83	83	83	83	83	83	83	84	84	84	84	84	84	84	84	84	84	84	84	84	84	84	83	84	84	83	83	83	83	83	83	83	83	82	83	83	83	83	83	83	83	83	83	83	83	83	83	83	83	84	83	83	83	83	83	84	84	84	83	83	84	84	84	83	83	83	83	83	83	83	83	83	83	83	83	83	83	84	84	84	83	83	83	84	84	84	84	84	84	84	84	84	84	84	84	84	84	84	84	84	83	83	83	83	83	83	83	83	83	83	83	83	83	83	83	83	84	84	84	83	83	83	83	83	83	83	83	83	83	83	83	83	83	84	84	84	83	83	84	84	84	83	83	83	83	83	83	84	84	84	84	84	83	83	83	83	83	83	83	83	83	83	83	83	83	83	84	84	84	84	84	84	84	84	84	84	84	84	84	84	84	84	84	84	83	83	83	84	84	84	83	83	84	84	84	84	84	84	83	83	83	83	84	83	84	84	84	84	84	84	84	84	84	84	83	83	83	83	83	83	83	83	83	83	83	83	83	83	83	83	83	83	83	83	83	83	83	83	83	83	83	83	83	83	83	83	83	83	83	83	83	83	84	84	83	83	83	84	84	83	83	83	83	83	83	83	83	84	83	84	84	83	83	83	83	83	83	83	84	83	83	84	84	83	83	84	84	84	84	84	84	84	84	83	83	83	83	83	83	83	83	83	82	74	62	54	53	54	55	56	56	55	55	54	54	54	51	47	48	53	55	55	54	55	55	55	55	55	56	56	56	56	56	56	56	56	55	55	55	55	55	55	56	56	55	55	56	56	55	56	56	56	56	56	55	55	55	56	56	56	56	56	56	56	56	56	56	56	56	55	55	56	56	56	55	54	54	54	54	49	51	53	54	54	54	54	54	54	54	55	54	55	55	55	54	54	54	55	54	54	53	54	55	63	82	84	84	84	84	83	84	84	84	84	83	83	83	83	83	83	84	84	84	84	84	84	84	84	84	83	83	83	83	83	83	83	83	83	83	83	83	83	83	83	83	83	84	83	83	83	83	83	83	83	83	83	83	83	83	83	83	83	83	83	83	83	83	84	83	83	84	84	84	84	84	84	84	84	84	84	84	84	84	83	83	83	83	83	83	84	83	83	83	83	83	83	83	83	83	83	83	83	84	84	83	83	83	83	83	83	83	83	83	83	83	83	83	83	83	83	83	83	83	84	84	83	83	83	83	83	83	83	83	83	83	83	83	83	83	83	83	83	83	83	83	83	83	83	83	83	83	83	83	83	83	83	83	83	83	83	83	83	83	83	83	83	83	83	83	83	83	83	83	83	83	83	83	83	83	83	83	84	83	83	83	83	83	83	83	83	83	83	83	83	83	83	83	83	83	84	84	84	83	83	83	83	83	83	83	84	83	84	84	84	84	84	84	84	84	83	83	83	84	84	84
83	83	83	83	83	83	83	83	83	83	83	83	83	83	83	83	83	83	83	83	83	83	83	83	83	83	83	83	83	83	83	83	83	84	84	84	83	83	83	83	83	83	83	83	83	83	83	83	83	83	83	83	83	84	84	84	84	84	83	83	83	83	83	83	84	83	83	83	83	83	84	84	84	84	84	84	84	84	84	84	84	84	84	83	84	83	83	84	84	83	83	83	84	84	84	84	84	84	84	84	84	83	84	84	84	84	84	84	84	84	84	84	83	84	83	83	83	83	83	83	83	83	83	83	83	83	83	83	84	84	84	84	84	84	83	83	83	83	83	83	83	83	83	83	83	83	83	84	84	83	84	83	83	83	84	84	83	83	83	84	84	84	84	84	84	83	84	83	83	83	83	83	83	83	83	83	84	84	84	84	84	84	84	84	84	84	84	84	84	84	84	84	84	84	84	84	83	83	84	83	83	84	84	84	84	84	84	84	84	83	83	84	84	83	83	83	84	84	83	83	84	84	83	83	83	83	84	84	84	83	83	83	83	83	83	83	84	84	83	83	83	83	83	83	83	83	83	83	83	83	83	83	83	83	83	83	83	83	83	83	84	84	84	83	83	83	83	83	83	83	83	83	84	84	83	83	83	83	83	83	83	83	84	83	84	84	83	83	83	83	83	83	84	84	83	83	83	83	83	84	83	84	84	84	84	84	83	83	83	83	84	83	83	83	82	83	80	69	57	53	53	54	54	55	55	55	55	55	55	54	50	46	50	54	55	55	55	55	55	55	55	56	56	56	56	56	56	56	56	55	55	55	55	55	55	55	55	55	56	56	56	56	56	56	55	56	55	56	56	56	56	55	55	56	56	56	55	55	56	56	55	56	56	56	56	55	56	56	56	55	54	55	56	56	51	51	53	53	54	55	55	54	55	55	54	55	54	54	54	54	54	54	54	54	54	53	54	55	58	77	84	84	84	84	84	84	84	84	84	84	83	83	83	83	83	84	84	84	84	84	84	84	84	84	84	84	83	83	83	83	83	83	83	83	83	83	83	83	83	83	83	83	83	83	83	83	83	83	83	83	83	83	83	83	83	83	83	83	83	83	83	83	83	84	84	84	84	84	84	84	84	84	84	84	84	84	84	83	83	83	83	83	83	83	83	83	83	83	83	83	83	84	84	84	83	83	83	84	84	84	83	83	83	83	83	83	83	83	83	83	83	83	83	83	83	83	83	83	83	83	83	83	83	83	83	83	83	83	83	83	83	83	83	83	83	83	83	83	83	83	83	83	83	83	83	83	83	83	83	83	83	83	83	83	83	83	83	83	83	83	83	83	83	83	83	83	83	83	83	83	83	83	83	83	83	83	83	83	83	83	83	83	83	83	83	83	83	83	84	84	84	84	84	84	84	84	84	83	83	83	83	83	83	83	83	83	84	84	84	84	83	83	84	84	84	83	83	83	84	84
83	83	83	83	83	83	83	83	83	83	83	83	83	83	83	83	83	83	83	83	83	83	83	83	83	83	83	83	83	83	83	83	83	83	83	83	83	83	83	83	83	83	83	83	83	83	83	83	83	83	83	83	83	83	83	83	83	83	84	83	83	83	83	83	84	84	83	83	83	83	84	83	84	84	84	84	84	84	84	84	84	84	84	83	84	83	83	84	84	83	83	83	84	84	84	84	84	83	83	83	84	83	84	84	84	84	84	84	84	84	84	84	83	84	83	83	83	83	83	83	83	83	83	83	83	83	83	83	84	84	84	84	84	84	83	83	83	83	83	83	83	83	83	83	83	83	83	84	84	83	84	83	83	83	84	84	83	83	83	84	84	84	84	84	84	83	84	83	83	83	83	83	83	83	83	83	84	84	84	84	84	84	84	84	83	83	83	84	84	84	84	84	84	84	84	84	83	83	84	83	83	83	84	84	84	84	84	84	84	84	84	84	84	84	84	83	84	84	83	83	84	84	83	83	83	83	84	84	84	83	83	83	83	83	83	83	84	84	83	83	83	83	83	83	83	83	83	83	83	83	84	84	84	84	84	83	83	83	83	83	83	84	83	83	83	83	83	83	83	83	83	83	84	84	83	83	83	83	83	83	83	83	84	83	84	84	83	83	83	83	83	83	84	84	84	84	84	83	83	84	83	84	84	84	84	84	83	83	83	83	84	83	83	83	82	74	61	54	54	54	54	54	55	55	55	55	55	55	53	49	48	51	55	55	55	55	55	55	55	55	55	56	56	56	56	56	56	56	56	56	55	55	57	56	56	55	55	56	56	56	55	56	56	56	55	56	55	56	56	55	55	55	55	55	55	55	56	55	55	56	56	56	56	56	56	55	56	56	56	56	55	54	56	56	53	51	52	53	54	55	55	54	55	55	54	55	54	54	54	54	54	54	54	54	54	54	54	54	56	70	83	83	83	84	84	84	84	84	84	83	83	83	83	83	83	84	84	84	84	84	84	84	84	84	84	84	83	83	83	83	83	83	83	83	83	83	83	83	83	83	83	83	83	83	83	83	83	83	83	83	83	83	83	83	83	83	83	83	83	83	83	83	83	84	84	84	84	84	84	84	84	84	84	84	83	83	83	84	84	84	83	83	83	84	84	83	83	83	83	83	83	84	84	84	83	83	83	84	84	84	83	83	83	83	83	83	83	83	83	83	83	83	83	83	83	83	83	83	83	84	83	83	83	83	83	83	83	83	83	83	83	83	83	83	83	83	83	83	83	83	83	83	83	83	83	83	83	83	83	83	83	83	83	83	83	83	83	83	83	84	84	83	83	83	83	83	83	83	83	83	83	83	83	83	83	83	83	83	83	83	83	83	83	83	83	83	83	83	84	83	83	83	83	83	83	83	83	83	84	84	84	84	84	83	83	83	83	84	84	83	83	83	84	84	84	84	84	84	83	83
84	83	83	83	83	83	83	83	83	83	83	83	83	83	83	83	83	83	83	83	83	83	83	83	83	83	83	83	83	83	83	83	83	83	83	83	83	83	83	83	83	83	83	83	83	83	83	84	83	83	84	83	84	84	84	84	84	84	84	83	83	83	83	83	83	83	83	84	83	83	83	83	84	84	83	84	84	84	84	84	84	84	84	84	84	84	83	83	83	83	83	83	84	84	84	83	83	83	83	83	84	84	84	84	84	83	83	83	84	84	84	84	84	84	83	83	83	83	83	83	83	83	83	83	83	83	83	83	83	84	84	83	83	83	83	83	83	84	83	83	83	83	83	83	83	83	84	84	83	83	83	83	84	84	84	84	83	83	84	84	84	84	84	84	84	83	83	83	83	83	83	83	83	83	83	83	84	84	84	84	84	84	84	84	83	83	83	83	84	84	83	83	84	83	83	84	83	84	84	83	83	83	83	83	84	84	83	84	84	84	84	84	84	83	83	83	83	83	83	83	83	83	84	83	84	84	84	84	84	83	83	83	83	83	83	83	83	84	83	83	83	83	83	83	83	83	84	84	84	84	84	83	83	83	83	83	83	83	83	83	83	84	83	83	83	83	83	83	83	83	83	83	83	83	83	83	83	83	84	84	83	84	84	83	84	83	83	83	83	83	83	83	83	83	84	84	83	83	83	84	84	84	84	84	84	84	83	83	83	83	83	83	84	80	69	57	52	53	55	55	55	55	55	55	55	55	55	52	49	50	54	55	55	55	55	55	55	55	55	55	55	56	56	56	56	56	56	56	56	56	56	56	56	57	56	56	56	56	56	56	55	56	56	56	56	56	56	56	55	55	55	55	55	55	56	55	55	55	55	55	55	55	55	56	55	55	56	56	56	56	55	55	55	56	55	51	52	53	54	54	54	55	54	54	54	54	54	54	54	54	54	54	54	54	54	54	53	54	56	62	79	83	83	83	84	84	83	83	83	83	84	84	83	84	83	84	84	84	84	84	84	84	84	84	84	84	84	84	84	84	84	83	83	83	83	83	83	83	83	83	83	84	83	83	83	83	83	83	83	83	83	83	83	83	83	83	83	83	83	83	83	83	83	84	84	84	83	83	83	83	83	83	83	84	83	83	83	83	84	83	83	83	83	83	83	83	83	83	83	83	83	83	83	83	83	83	83	83	83	83	83	83	83	83	83	83	83	83	83	83	83	83	83	83	83	83	83	83	83	84	83	83	83	83	83	83	83	83	83	83	83	83	83	83	83	83	83	83	83	83	83	84	84	84	83	83	83	83	83	83	83	83	83	84	83	83	83	83	83	83	83	83	83	83	83	83	83	83	83	83	83	83	83	83	83	83	83	83	83	83	83	83	83	83	83	83	83	84	83	83	83	83	84	84	84	83	83	83	83	83	83	83	83	83	83	83	83	83	83	83	83	83	83	83	84	84	84	84	84	83
84	83	83	83	83	83	83	83	83	83	83	83	83	83	83	83	83	83	83	83	83	83	83	83	83	83	83	83	83	83	83	83	83	83	83	83	83	83	83	83	83	83	83	83	83	83	83	84	84	83	83	83	84	84	84	84	84	84	84	84	84	84	84	83	83	83	83	84	83	84	84	84	84	84	83	84	84	84	84	83	83	84	84	83	83	83	84	84	84	83	83	83	83	84	84	83	83	83	83	83	84	84	84	84	83	83	83	83	83	84	84	84	84	84	83	83	83	83	83	83	83	83	83	83	83	83	83	83	83	83	83	83	83	83	83	83	83	84	83	83	83	83	83	83	83	84	84	84	83	83	83	83	84	84	84	84	84	83	84	84	84	84	84	84	84	83	83	83	83	83	83	83	83	83	83	83	84	84	83	84	84	84	84	84	84	84	84	83	83	84	83	83	83	83	83	84	84	84	84	84	84	84	84	84	84	84	84	84	84	84	84	84	84	83	83	83	83	83	83	83	83	83	84	83	84	84	84	83	83	83	83	83	83	83	84	83	83	84	83	83	83	83	83	83	84	84	84	84	84	84	84	83	83	83	83	83	83	83	83	83	83	84	84	83	83	83	83	83	83	83	83	83	83	83	84	83	83	84	84	84	84	84	84	83	83	83	83	83	83	83	83	83	83	83	84	84	83	83	84	84	84	84	84	83	83	83	83	83	84	84	84	82	76	64	55	52	53	55	56	56	56	56	55	54	55	54	48	46	50	55	56	55	55	55	55	55	55	55	55	56	56	56	56	56	56	56	56	56	56	56	56	56	56	55	55	55	55	55	56	56	55	56	56	56	55	56	56	56	55	55	56	55	55	56	57	55	55	56	56	56	55	55	55	55	55	55	56	56	56	56	55	55	55	56	55	51	51	53	54	54	54	54	54	54	54	54	54	54	54	54	54	54	54	54	54	54	54	54	56	58	72	83	83	84	84	84	83	83	83	83	84	84	84	83	84	84	84	84	84	84	84	84	84	84	84	84	84	84	84	84	84	84	83	83	83	83	83	84	83	83	84	84	84	83	83	83	83	83	83	83	83	83	83	83	83	83	83	83	83	84	83	83	83	84	84	84	83	83	84	84	84	84	84	83	83	84	84	83	83	83	83	83	83	83	83	83	83	83	83	83	83	83	83	83	83	83	83	83	83	83	83	83	83	83	83	83	83	83	83	83	83	83	83	83	83	83	83	83	83	84	83	83	83	83	83	83	83	83	83	83	83	83	83	83	83	83	83	83	83	83	83	84	84	84	83	83	83	83	83	83	83	83	83	84	83	83	83	83	83	83	83	83	83	83	83	83	83	83	83	83	83	83	83	83	83	83	83	83	83	83	83	83	83	83	83	83	84	84	83	83	83	84	84	84	84	83	83	83	83	83	83	83	83	83	83	83	84	84	83	84	83	83	83	83	83	84	84	84	83	83
84	83	83	83	83	83	83	83	83	83	83	83	83	83	83	83	83	83	83	83	83	83	83	83	83	83	83	83	83	83	83	83	83	83	83	83	83	83	83	83	83	84	84	84	84	84	84	83	83	83	83	83	84	84	84	84	84	84	84	83	83	84	84	83	83	83	83	83	84	84	84	84	84	84	83	84	84	84	84	83	83	84	84	83	83	83	84	84	84	83	83	83	83	84	84	83	83	83	83	83	84	84	84	84	84	83	83	83	83	84	84	84	83	83	83	83	83	83	83	83	83	83	83	83	83	83	83	83	83	83	83	83	83	83	83	83	83	83	83	83	83	83	83	83	83	84	84	84	83	83	83	83	83	84	84	84	84	83	84	84	84	84	84	84	84	83	83	83	83	83	83	83	83	83	83	83	84	84	83	84	84	84	84	83	84	84	84	83	83	84	83	83	83	83	83	84	84	84	84	84	84	84	84	84	84	84	84	84	84	84	83	84	84	84	84	84	83	83	83	83	83	84	84	83	84	84	84	84	83	83	83	82	82	82	82	82	83	83	83	83	83	82	83	83	84	84	84	84	84	84	84	83	83	83	83	83	83	83	83	83	83	84	84	83	83	83	83	83	83	83	83	83	83	83	84	83	83	84	84	84	84	84	84	83	83	83	83	83	83	83	84	84	83	84	84	84	83	83	84	84	84	84	84	83	83	83	83	83	84	83	81	71	59	54	53	54	55	55	55	56	55	55	55	55	52	49	46	50	54	56	55	56	55	55	55	55	55	56	56	56	56	56	56	56	56	56	56	56	56	56	56	56	56	56	56	56	56	55	56	56	55	56	56	56	55	56	56	56	56	55	55	56	55	55	55	56	56	56	56	56	56	55	55	58	56	55	56	56	55	55	55	55	55	56	55	52	51	53	53	53	54	54	54	54	54	54	54	54	54	54	54	54	54	54	54	54	53	54	55	56	63	81	83	84	83	83	83	84	84	84	84	84	84	83	84	84	84	84	84	84	84	84	84	84	84	84	84	84	84	84	84	84	83	83	83	83	83	83	83	83	84	84	84	83	83	83	83	83	83	83	83	83	83	83	83	83	83	83	83	84	83	83	83	84	84	84	83	84	84	84	84	84	84	84	84	84	84	83	83	83	83	83	83	84	84	83	83	83	83	83	83	83	83	83	83	83	83	83	83	83	83	83	83	83	83	83	83	83	83	83	83	83	83	83	83	83	83	83	83	84	83	83	83	83	83	83	83	83	83	83	83	83	83	83	83	83	83	83	83	83	83	84	84	84	83	83	83	83	83	83	83	83	83	84	83	83	83	83	83	83	83	83	83	83	83	83	83	84	84	83	83	83	83	83	83	83	83	83	83	83	83	83	83	83	83	83	84	84	83	83	83	83	84	84	84	84	84	84	84	84	84	84	84	84	84	84	84	84	84	83	83	83	84	84	84	84	83	83	83	83
83	83	83	83	83	83	83	83	83	84	83	83	83	83	83	83	83	83	83	83	83	83	83	83	83	83	83	83	83	83	83	83	83	83	83	83	83	83	83	83	83	84	84	83	84	84	83	83	83	83	83	83	84	84	84	84	83	84	84	83	83	83	83	83	83	83	84	84	84	84	84	83	84	84	84	83	83	83	84	83	84	83	84	84	84	84	84	83	83	84	84	84	84	84	84	84	84	84	84	84	83	83	83	84	84	83	83	83	83	83	83	83	84	84	83	83	83	83	83	83	83	83	83	83	83	83	83	83	83	83	83	83	83	83	83	83	83	83	83	83	83	83	83	84	84	84	84	84	83	83	83	83	83	84	83	83	83	84	84	84	84	84	84	84	84	83	83	83	83	83	83	84	84	84	84	84	84	84	84	84	84	84	83	83	83	83	84	83	83	84	84	84	84	83	84	84	83	83	83	83	83	83	83	83	83	83	83	83	83	83	83	83	83	83	84	83	83	83	83	83	83	83	84	83	83	84	83	82	78	72	69	67	65	64	64	64	65	67	69	71	74	76	78	79	82	82	83	83	83	83	83	83	83	83	83	83	83	83	83	83	83	83	83	83	83	83	83	83	83	84	84	84	83	83	83	83	83	83	83	83	84	84	84	83	83	83	83	83	83	84	84	84	83	83	83	83	83	84	84	84	83	83	83	83	83	83	83	83	82	78	67	57	55	55	55	55	55	56	55	55	55	55	55	52	48	49	53	55	56	56	56	55	55	55	55	55	56	56	56	56	56	56	56	56	56	56	56	56	56	56	55	55	56	56	55	56	56	56	56	55	55	55	56	56	56	56	56	56	56	56	56	56	56	56	55	56	56	56	56	56	56	56	55	56	55	55	56	56	56	55	55	55	55	55	55	53	51	52	53	53	54	54	54	54	54	54	54	54	54	54	54	54	54	54	54	54	54	53	53	55	57	75	84	83	83	83	83	83	83	84	84	84	84	84	84	83	83	83	84	84	84	84	84	84	84	84	84	84	84	83	83	83	83	83	83	83	83	83	83	83	84	84	84	83	83	83	83	83	83	83	83	83	83	83	83	83	83	83	83	84	83	83	83	84	84	84	83	84	83	83	83	83	83	83	83	83	83	83	83	83	83	83	83	83	83	83	83	83	83	83	83	83	83	83	83	84	83	83	83	83	83	83	83	83	83	83	83	83	83	83	83	83	83	83	83	83	83	83	83	83	83	83	83	83	83	83	83	83	83	83	83	83	83	83	83	83	83	83	83	83	83	84	83	83	83	83	83	83	83	83	83	83	83	83	83	83	83	83	83	83	83	83	83	83	83	83	83	83	83	83	83	83	83	83	83	83	83	83	83	83	83	83	83	83	84	84	84	83	83	83	83	83	84	84	83	84	83	83	84	84	84	84	84	84	84	84	84	84	83	83	83	83	84	84	84	84	83	84	84	84
83	83	83	83	83	83	83	83	83	84	83	83	83	83	83	83	83	83	83	83	83	83	83	83	83	83	83	83	83	83	83	83	83	83	83	83	83	83	83	83	83	84	84	83	84	84	84	83	83	83	83	83	83	84	84	84	83	83	84	83	83	83	83	83	84	84	84	84	84	84	84	83	84	84	84	83	83	83	83	83	84	83	83	84	84	84	84	83	83	84	84	84	84	84	84	84	84	84	84	84	83	83	83	83	83	83	83	83	83	83	83	83	83	83	83	83	83	83	83	83	84	83	84	83	83	83	83	83	83	83	83	83	83	83	83	83	83	83	83	83	83	83	83	83	83	84	84	84	83	84	83	83	83	84	83	83	84	84	84	84	84	84	84	84	84	83	83	83	83	83	83	84	84	84	84	84	84	84	84	84	83	83	83	83	83	83	84	83	83	84	84	84	84	83	84	84	83	83	83	83	83	83	83	83	83	83	83	83	83	83	83	83	83	83	83	83	83	83	83	83	83	83	83	83	83	82	76	65	60	58	57	57	57	57	57	56	56	56	57	57	57	57	58	58	62	64	66	68	73	82	83	83	83	83	83	83	83	83	83	83	83	83	83	83	83	83	83	83	83	84	84	84	83	83	83	83	83	83	83	83	83	83	84	83	84	84	83	83	83	84	84	84	83	84	83	83	83	84	84	84	83	83	83	83	83	83	83	81	73	61	54	54	55	55	55	55	55	55	55	55	55	54	50	48	51	54	55	56	55	55	55	55	55	55	55	56	55	56	56	56	56	56	56	56	56	56	56	56	56	56	56	56	56	56	56	56	56	56	56	55	55	55	55	55	55	55	55	56	56	56	56	56	56	55	55	55	56	56	56	56	55	55	55	54	55	55	56	55	56	56	55	55	55	54	55	54	51	51	52	53	53	54	54	54	54	54	54	54	54	54	54	54	54	54	54	54	54	54	54	54	55	65	82	83	83	83	83	83	84	84	84	84	84	84	84	83	83	83	84	84	84	84	84	84	83	83	84	84	84	83	83	83	83	83	83	83	83	83	83	83	84	84	84	83	83	83	83	83	83	83	83	83	83	83	83	83	83	83	83	84	83	83	83	83	83	83	83	83	83	83	83	83	83	83	83	83	83	83	83	84	83	84	83	83	83	83	83	83	83	83	83	83	83	83	84	84	83	83	83	83	83	83	83	83	83	83	83	83	83	83	83	83	83	83	83	83	83	83	83	83	83	83	83	83	83	83	83	83	83	83	83	83	83	83	83	83	83	83	83	83	83	83	83	83	83	83	83	83	83	83	83	83	83	83	83	83	83	83	83	83	83	83	83	83	83	83	83	83	83	83	84	83	83	83	83	83	83	83	83	83	83	83	83	83	84	84	84	83	83	83	83	83	83	83	84	83	83	83	83	83	84	84	84	84	84	83	83	83	83	83	83	83	83	83	83	83	83	83	84	84
83	83	83	83	83	83	83	83	83	83	83	83	83	83	83	83	83	83	83	83	83	83	83	83	83	83	83	83	83	83	83	83	83	83	83	83	83	83	83	83	83	84	84	83	83	84	84	83	83	83	83	83	83	84	84	83	83	83	84	83	83	83	83	83	84	84	84	84	84	84	84	83	84	84	84	83	83	83	83	83	84	83	83	84	84	84	84	84	84	84	84	84	84	84	84	84	84	84	84	84	83	83	83	83	83	83	83	83	83	83	83	83	83	83	83	83	83	83	83	83	83	83	84	83	83	83	83	83	83	83	83	83	83	83	83	83	83	83	83	83	83	83	83	83	83	84	84	84	84	84	83	84	84	84	83	84	84	84	84	84	84	84	84	84	84	83	83	83	84	84	84	84	84	84	84	84	84	84	84	84	84	84	83	84	83	83	83	83	83	84	84	84	84	83	84	84	83	84	84	83	83	83	83	83	83	83	83	84	84	84	84	84	84	84	84	84	84	83	83	83	83	83	83	82	78	67	55	53	55	57	57	57	57	57	57	57	56	55	56	55	54	54	54	54	53	53	54	55	61	80	83	83	83	83	83	83	83	83	83	83	83	83	83	83	83	83	83	83	83	84	84	84	83	83	83	83	83	83	83	83	83	83	83	84	84	84	83	83	84	83	84	84	84	84	84	83	84	84	84	84	83	83	83	83	83	83	77	62	54	52	54	55	56	56	55	55	55	55	55	55	53	49	48	52	55	55	56	56	55	55	55	55	55	55	55	55	56	56	56	56	56	56	56	56	56	56	56	56	56	56	56	56	56	56	56	56	56	56	56	55	55	55	56	56	56	56	56	56	56	56	56	56	56	56	56	56	56	56	56	56	55	55	55	55	55	55	55	55	56	56	56	56	55	54	55	55	53	50	52	53	53	54	54	54	54	54	54	54	54	54	54	54	54	54	54	54	54	54	52	53	55	58	77	83	83	83	83	83	83	83	83	83	84	84	84	83	83	83	84	84	84	84	84	83	83	83	83	84	84	83	83	83	83	83	83	83	83	83	83	83	84	84	84	84	83	83	83	83	83	83	83	83	83	83	83	83	83	83	83	83	83	84	83	82	83	83	83	83	83	83	83	83	83	83	84	84	84	83	83	84	84	84	84	83	83	83	83	83	83	84	83	83	83	83	83	84	83	83	83	83	83	83	83	83	83	83	83	83	83	83	83	83	83	83	83	83	83	83	83	83	83	83	83	83	83	83	83	83	83	83	83	83	83	83	83	83	83	83	83	83	83	83	83	83	83	83	83	83	83	83	83	83	83	83	83	83	83	83	83	83	83	83	83	83	83	83	83	83	83	83	84	83	83	83	83	83	83	83	83	83	83	83	83	83	84	84	84	83	83	83	83	83	83	84	83	83	83	83	83	83	83	83	83	83	83	83	83	83	83	83	83	83	83	83	83	83	83	83	84	84
83	83	83	83	83	83	83	83	83	83	83	83	83	83	83	83	83	83	83	83	83	83	83	83	83	83	83	84	83	83	83	83	83	83	83	83	83	83	83	84	83	84	84	84	84	83	83	83	84	84	84	84	83	83	84	83	83	84	84	83	83	83	84	84	84	84	83	83	84	83	83	83	84	83	84	83	83	83	84	84	84	83	83	83	83	84	83	84	84	83	83	83	83	84	84	84	84	84	84	84	84	84	84	83	83	83	83	83	83	83	83	83	83	83	83	83	83	83	83	83	83	83	83	83	83	83	83	83	83	83	83	83	83	83	84	84	84	84	83	83	84	84	84	84	84	83	84	84	84	84	84	84	84	84	83	84	83	83	83	83	84	84	83	83	83	84	84	84	84	84	84	84	84	84	84	84	83	83	83	83	83	83	83	83	83	83	83	84	84	83	83	83	83	84	83	83	83	83	83	83	84	84	84	84	83	83	84	84	84	84	83	83	83	83	83	83	84	84	83	83	83	83	82	75	62	53	53	55	56	56	57	57	56	56	56	55	55	55	55	54	54	54	54	53	53	54	54	55	61	81	83	83	83	84	84	83	84	83	82	83	83	83	83	83	83	83	83	83	83	84	84	84	83	83	83	83	83	83	83	83	83	83	83	83	84	84	84	84	84	83	83	83	84	84	84	84	84	83	83	84	83	83	84	83	80	72	60	52	49	49	52	55	56	56	55	55	55	56	55	51	47	49	53	55	55	56	56	56	55	55	55	55	56	55	56	56	55	56	56	56	56	56	56	56	56	56	56	56	57	57	56	56	56	56	56	56	56	56	55	55	55	55	56	56	56	56	56	56	56	56	56	56	56	56	56	56	56	56	56	56	56	55	55	55	55	55	55	55	55	55	56	56	55	54	55	55	54	50	52	52	53	53	54	54	54	54	54	54	54	54	54	54	54	54	54	54	54	54	53	53	53	56	67	82	83	84	84	84	83	83	83	83	83	83	83	83	84	84	84	84	84	84	84	84	83	83	84	84	83	83	83	83	84	84	84	83	83	84	83	83	83	83	83	83	83	83	83	83	83	83	83	83	83	83	83	83	83	83	83	83	84	83	83	82	83	83	83	83	83	83	83	83	83	83	83	83	83	83	83	83	83	83	83	83	83	83	83	83	83	83	83	84	84	83	83	83	83	83	83	83	83	83	83	83	83	83	83	83	83	83	83	83	83	83	83	83	83	83	83	83	83	83	83	83	83	83	83	83	83	83	83	83	83	83	83	83	83	83	83	83	83	83	83	83	83	83	83	83	83	83	83	83	83	83	83	83	84	84	84	84	84	83	83	83	83	83	83	83	83	83	84	83	83	83	83	83	83	83	83	83	83	84	84	84	84	84	84	83	83	83	83	84	84	84	83	83	83	84	84	83	83	83	83	83	83	83	83	83	83	83	83	83	83	83	83	83	83	84	84	84
84	83	83	83	83	83	83	83	83	83	83	83	83	83	83	83	83	83	83	83	83	83	83	83	83	83	83	83	83	83	83	83	83	83	82	83	83	83	83	84	83	84	84	83	84	83	83	84	83	84	84	83	83	83	84	84	83	83	83	83	83	83	83	84	84	84	84	84	83	83	83	83	83	83	84	84	84	84	84	84	84	84	84	83	83	83	83	83	84	83	83	83	83	83	84	84	84	84	84	84	84	84	84	83	83	83	83	83	83	83	83	83	83	83	83	83	83	83	83	83	83	83	83	83	83	83	83	83	83	83	83	83	83	83	84	84	84	84	84	84	84	84	83	84	84	83	84	84	84	84	84	83	83	83	83	84	83	83	83	83	84	84	83	83	83	84	84	84	84	84	84	84	84	84	84	84	83	83	83	83	83	84	83	83	83	84	84	83	83	84	83	83	84	84	83	83	83	83	83	83	84	84	84	84	83	83	83	84	84	84	83	83	83	83	83	83	84	84	84	84	84	81	71	57	53	54	55	56	56	56	56	56	56	56	56	55	54	54	54	54	54	54	54	53	53	53	53	55	60	81	83	83	84	84	84	83	83	83	83	83	83	83	83	83	84	84	83	83	83	84	84	84	84	83	83	83	83	83	83	83	83	83	83	83	84	84	84	84	84	83	84	83	83	83	84	84	84	83	83	84	83	83	83	77	66	56	54	54	54	54	52	51	53	56	56	55	55	54	51	48	51	55	56	55	56	56	56	56	55	55	55	55	56	55	55	56	55	55	56	56	56	56	56	56	56	56	56	56	56	57	57	56	56	56	56	56	56	56	55	55	55	55	55	56	56	56	56	56	56	56	56	56	56	56	56	56	56	56	56	56	56	55	55	55	55	55	55	55	55	55	55	55	55	55	55	55	55	51	51	52	53	54	54	54	54	55	55	55	55	54	54	54	55	55	55	54	54	54	53	52	53	55	60	80	83	84	84	84	83	83	83	83	83	83	83	83	83	83	84	84	84	84	84	84	84	83	84	84	83	83	83	83	84	84	84	84	84	84	83	83	83	83	83	83	83	83	83	83	83	83	83	83	83	83	83	83	84	83	83	83	84	83	83	83	83	83	83	83	83	83	83	83	83	83	83	84	84	83	83	83	83	83	83	83	83	83	83	83	83	83	83	84	84	83	83	83	83	83	83	83	83	83	83	83	83	83	83	83	83	83	83	83	83	83	83	83	83	83	83	83	83	83	83	82	82	83	83	83	83	83	83	83	83	83	83	83	83	83	83	83	83	83	83	83	83	83	83	83	83	83	83	83	83	83	83	83	84	84	84	84	84	83	83	83	83	83	83	83	83	83	84	83	83	83	83	83	83	83	83	83	84	84	84	84	84	84	84	83	83	83	83	84	84	84	83	83	83	84	84	83	83	83	83	83	83	83	83	83	83	83	83	83	83	83	83	83	83	84	84	84
84	83	83	83	83	83	83	83	83	83	83	83	83	83	83	83	83	83	83	83	83	83	83	83	83	83	83	83	83	83	83	83	83	83	82	83	83	83	83	84	83	84	83	83	84	83	83	83	83	84	83	83	83	83	84	84	84	83	83	83	83	83	84	84	84	84	84	83	83	83	83	83	83	83	83	83	83	83	84	84	84	84	84	83	83	83	83	83	84	83	83	83	83	83	83	84	84	84	84	84	84	84	84	83	83	83	83	83	83	83	83	83	83	83	83	83	83	83	83	83	83	83	83	83	83	83	83	83	83	83	83	83	83	83	84	84	84	84	83	83	84	84	83	84	84	84	84	84	84	84	84	84	84	84	84	84	83	83	83	83	84	84	83	83	83	83	83	84	84	84	84	84	84	84	84	84	83	83	83	83	83	83	83	83	83	83	83	83	83	84	83	83	84	84	83	83	83	83	83	83	83	83	83	83	83	83	83	83	84	83	83	83	83	83	83	83	83	83	83	83	78	66	55	52	55	56	56	56	56	56	56	56	56	56	56	55	54	54	54	54	54	55	55	53	53	53	53	55	60	81	83	83	83	84	84	83	83	83	83	83	83	83	83	83	84	84	83	83	83	83	83	83	84	84	84	84	84	84	84	84	84	84	84	83	83	83	83	84	84	83	84	83	83	83	83	84	84	83	83	84	83	81	72	59	54	53	54	55	55	55	55	54	51	50	52	55	53	50	49	52	56	56	56	55	55	56	56	55	55	55	55	55	56	55	55	56	56	56	56	56	56	56	56	56	56	56	56	56	56	57	57	57	56	56	56	56	56	56	55	55	55	56	56	56	56	56	56	56	56	56	56	56	56	56	56	56	56	56	56	56	56	56	56	55	55	55	55	55	55	55	55	55	55	54	54	55	54	52	48	51	53	54	54	54	54	55	55	55	55	54	54	54	55	55	55	54	54	54	54	53	53	53	55	72	84	84	84	84	83	83	83	83	83	83	83	83	83	83	84	84	84	84	84	84	84	83	84	83	83	83	83	83	84	83	84	84	84	84	83	83	83	84	83	84	84	84	83	83	83	83	83	83	83	83	83	83	84	84	83	84	84	83	83	83	83	83	84	84	83	83	83	83	83	83	83	84	84	83	83	83	83	83	83	83	83	83	83	83	83	83	83	84	84	83	83	83	83	83	83	83	83	83	83	83	83	83	83	83	83	83	83	83	83	83	83	83	83	83	83	83	83	83	83	83	83	83	83	83	83	83	83	83	83	83	83	83	83	83	83	83	83	83	83	83	83	83	83	83	83	83	83	83	83	83	83	83	84	84	84	84	84	83	83	83	83	83	83	83	83	83	84	83	83	83	83	83	83	83	83	83	84	84	84	84	84	84	84	83	83	83	83	84	84	83	83	83	84	84	84	83	83	83	83	83	83	83	83	83	83	84	84	84	84	84	84	83	83	84	84	84
84	83	83	83	83	83	83	83	83	83	83	83	83	83	83	83	83	83	83	83	83	83	83	83	83	83	83	83	83	83	83	83	83	83	83	83	83	83	84	84	83	83	83	83	84	84	84	84	84	84	83	83	83	84	84	84	84	84	83	83	83	83	83	83	84	84	83	83	83	83	83	84	83	83	83	84	83	83	84	84	84	84	84	84	83	84	83	83	84	83	83	83	84	84	84	83	83	83	83	83	84	84	84	83	83	83	83	83	83	83	83	83	84	83	83	83	83	83	83	83	83	83	83	83	83	83	83	83	83	83	83	84	84	84	84	84	84	84	84	84	84	84	83	84	84	83	83	83	83	83	84	84	84	84	84	84	84	84	84	84	84	84	83	83	83	83	83	83	84	84	83	83	83	83	84	83	84	83	83	84	83	83	84	84	83	83	83	83	84	84	83	83	84	83	83	83	83	83	83	83	83	83	83	83	84	84	84	83	83	83	83	83	83	83	83	83	84	84	82	75	61	53	53	55	55	56	56	56	56	55	55	55	55	55	55	55	55	55	55	55	55	55	55	54	54	53	54	55	60	80	83	83	83	84	84	83	83	83	83	83	83	83	83	83	84	84	84	84	84	83	83	83	83	83	84	84	83	83	84	84	84	84	84	83	83	83	84	84	84	83	83	83	83	83	83	83	83	83	83	83	78	67	56	54	55	55	55	55	55	55	55	55	55	54	50	48	47	49	54	56	55	55	55	55	55	55	55	55	55	55	56	55	55	56	56	56	56	56	56	56	56	56	56	55	55	56	56	55	55	55	55	56	57	56	56	56	56	56	56	56	55	56	56	56	56	56	56	56	56	56	56	56	56	56	56	56	56	56	56	55	55	56	56	56	56	55	56	56	56	56	55	55	55	55	54	54	53	53	43	49	52	53	54	54	54	55	54	55	55	55	55	54	54	54	54	54	54	54	54	53	53	54	54	62	82	84	83	84	84	84	84	84	83	83	83	83	83	83	83	83	83	83	83	84	84	84	83	83	83	83	83	83	83	83	83	83	83	83	83	83	83	83	83	84	84	83	83	83	83	83	83	83	83	83	83	83	83	84	84	84	83	83	83	83	83	83	83	83	83	83	83	83	83	83	83	83	83	83	83	83	83	84	83	83	83	83	84	84	83	83	83	83	83	83	84	84	83	83	83	83	83	83	83	83	83	83	83	83	83	83	83	83	83	83	83	83	83	83	83	83	83	83	83	83	83	83	83	83	83	83	83	83	83	83	83	83	83	83	83	83	83	83	83	83	83	83	83	83	83	83	83	83	83	83	83	83	84	84	83	83	83	83	83	83	83	83	83	84	84	84	84	83	83	83	83	83	83	83	84	84	84	84	84	84	84	84	84	84	84	84	84	84	83	83	83	84	84	84	84	83	83	84	83	83	83	83	83	83	83	83	83	83	83	83	84	84	84	84	84	84
84	83	83	83	83	83	83	83	83	83	83	83	83	83	83	83	83	83	83	83	83	83	83	83	83	83	83	83	83	83	83	83	83	83	83	83	83	83	83	84	83	83	83	83	84	84	84	84	84	84	84	84	84	84	84	83	83	83	83	83	83	83	83	83	84	84	84	84	84	84	83	83	83	83	83	83	83	83	83	83	83	83	84	84	84	84	83	83	83	83	83	83	83	83	83	83	83	83	83	83	84	84	84	83	83	83	83	83	83	83	83	84	84	83	83	83	83	83	83	83	83	83	83	83	83	83	84	83	83	84	84	84	84	84	84	84	84	84	84	84	84	84	83	84	84	83	83	83	84	84	84	84	84	84	84	84	84	84	84	84	84	84	83	83	83	83	83	83	84	84	83	83	83	84	84	84	84	83	83	84	84	84	84	84	83	83	83	83	83	84	83	83	83	83	83	83	83	83	83	84	84	84	84	84	84	84	84	84	83	83	83	83	83	83	83	83	83	80	70	57	51	53	55	55	55	55	56	56	55	55	55	55	55	55	55	55	55	55	55	55	55	55	55	54	54	54	54	55	60	80	83	83	83	84	84	83	83	83	83	83	83	83	83	84	84	84	84	83	83	83	83	84	84	84	84	83	83	83	83	83	83	83	83	83	83	83	83	83	83	83	84	83	83	83	83	83	83	83	81	73	61	55	54	55	56	55	55	55	55	55	55	55	55	54	49	46	48	53	55	56	55	55	55	55	55	55	55	55	55	55	56	55	55	56	56	56	56	56	56	56	56	56	56	55	55	56	56	56	56	57	55	56	56	56	56	57	57	57	56	56	55	56	56	56	56	56	56	56	56	56	56	56	56	56	56	56	56	56	56	55	55	56	56	56	56	56	56	56	56	56	55	55	55	55	54	54	54	54	45	45	51	52	53	54	54	55	54	55	55	55	55	54	55	55	54	54	54	54	54	54	53	54	55	57	76	84	83	83	83	84	84	84	83	83	83	83	83	83	83	83	83	83	83	84	84	84	83	83	83	83	83	83	83	83	83	83	83	83	83	83	83	83	83	84	84	83	83	83	83	83	83	83	83	83	83	83	83	83	83	83	83	83	83	83	83	83	83	83	83	83	83	83	83	83	83	83	83	83	84	84	84	84	83	83	83	83	83	83	83	83	83	84	84	83	83	83	83	83	83	83	83	83	83	83	83	83	83	83	83	83	83	83	83	83	83	83	83	83	83	83	83	83	83	83	83	83	83	83	83	83	83	83	83	83	83	83	83	84	83	83	83	83	83	83	83	83	83	83	83	83	83	83	83	83	83	83	84	84	83	83	83	83	83	83	83	83	83	84	84	84	84	83	83	83	83	83	83	83	84	84	83	84	84	84	84	84	84	84	84	84	83	83	83	83	83	84	84	84	84	83	83	84	83	83	83	83	84	84	83	83	83	83	83	83	84	84	84	84	83	83
83	83	83	83	83	83	83	83	83	83	83	83	83	83	83	83	83	83	83	83	83	83	83	83	83	83	83	83	83	83	83	83	83	83	83	83	83	83	83	84	83	83	83	83	83	83	83	84	84	84	84	84	84	84	84	83	84	83	83	83	83	84	84	83	83	82	80	77	79	78	76	77	77	81	82	82	83	83	84	83	83	84	83	83	83	83	83	83	83	84	83	83	84	84	83	83	83	83	83	83	83	84	83	83	83	83	83	83	83	83	83	84	84	83	83	83	83	83	83	83	83	83	83	84	84	84	84	84	83	83	83	83	84	84	84	83	84	84	84	84	84	84	83	83	83	83	83	84	84	84	84	84	84	84	83	83	84	83	83	83	83	83	83	83	83	83	83	83	83	83	83	83	83	84	84	84	83	83	83	83	83	83	84	84	84	83	83	83	83	83	83	83	84	83	83	83	83	83	83	84	84	83	83	84	84	83	83	84	84	83	83	83	83	83	84	84	79	65	53	51	53	55	56	56	55	55	56	56	56	55	55	55	55	55	54	55	54	54	55	55	55	55	55	54	52	53	55	55	59	80	83	83	83	83	83	83	83	83	83	83	83	83	84	84	84	84	83	83	83	83	83	83	84	84	83	83	83	83	83	83	83	83	83	83	84	83	83	83	83	84	84	84	84	83	83	83	83	78	67	56	53	55	56	56	55	55	55	55	55	55	55	55	52	46	46	51	54	55	55	56	55	55	55	55	55	55	54	54	55	55	55	55	55	55	56	56	56	56	56	56	56	56	56	56	55	56	56	56	56	56	56	56	56	56	56	56	56	56	56	56	56	55	56	56	56	56	56	56	56	56	56	56	56	56	57	56	56	56	56	56	56	56	56	56	56	56	56	55	55	55	55	55	55	55	55	55	55	56	50	45	51	52	53	54	54	54	54	54	55	55	55	55	54	54	54	54	54	54	54	54	53	53	54	55	66	83	83	83	83	84	84	84	84	83	83	83	84	83	83	83	83	83	83	83	84	84	83	83	83	84	84	84	84	83	83	83	83	83	83	83	83	83	83	83	83	83	83	83	83	83	83	83	83	83	83	83	84	83	83	83	83	83	83	83	83	83	83	83	83	83	84	83	83	83	84	84	83	83	83	84	83	84	83	83	83	83	83	83	83	83	83	83	83	83	83	83	83	83	83	83	83	83	83	83	83	83	83	83	83	83	83	83	83	83	83	83	83	83	83	83	83	83	83	83	83	83	83	83	83	83	83	83	83	83	83	83	83	84	83	83	83	83	83	83	83	83	83	83	83	83	83	83	83	83	83	83	83	83	83	83	83	83	83	83	83	83	83	83	83	83	83	83	83	83	83	83	83	83	83	83	83	83	83	83	83	83	83	84	84	84	83	83	84	83	83	83	83	83	83	83	83	84	83	83	83	83	84	84	83	83	83	83	83	83	84	84	84	84	84	84
83	83	83	83	83	83	83	83	83	83	83	83	83	83	82	83	83	83	83	83	83	83	83	83	83	83	83	83	83	82	83	83	83	83	83	83	83	83	83	83	83	83	83	83	83	83	83	84	84	84	84	84	84	84	84	84	84	84	83	83	84	84	84	83	82	66	51	45	48	54	58	61	52	58	62	65	65	67	72	75	77	80	82	82	83	82	83	83	84	83	83	83	83	84	84	83	83	83	83	83	83	83	83	83	83	83	83	83	83	83	83	83	83	83	83	83	83	83	83	83	83	83	83	83	84	84	83	83	83	83	83	83	83	83	84	84	84	84	84	84	83	83	83	83	83	83	84	84	84	84	84	84	84	84	84	84	83	83	83	83	83	83	83	83	83	83	83	83	83	83	83	83	83	83	83	83	83	83	83	83	83	83	83	83	84	83	83	83	83	83	83	84	84	84	83	83	83	83	83	83	83	83	83	83	83	83	83	84	84	83	84	83	84	84	83	76	61	52	52	54	54	55	56	56	56	55	55	56	56	55	54	54	54	54	54	54	54	54	55	55	55	55	55	54	53	53	54	55	59	80	83	83	83	83	83	83	83	83	83	84	84	84	84	83	83	83	83	83	83	83	83	83	83	83	83	83	83	83	83	83	83	83	83	83	83	83	83	84	84	84	84	83	84	83	84	82	75	62	53	54	54	55	56	56	56	55	54	54	55	55	54	50	46	47	52	55	55	55	55	56	56	55	55	55	55	55	55	55	55	55	55	55	55	55	55	55	55	55	56	56	56	56	56	56	56	56	56	56	56	56	56	56	55	56	56	56	56	56	56	56	56	56	56	56	56	55	56	56	56	56	56	56	56	56	56	56	56	56	56	56	56	56	55	56	56	56	55	56	56	56	55	55	55	55	55	55	55	56	55	51	52	52	53	54	54	54	55	54	55	54	55	55	54	54	54	54	54	54	54	54	54	53	53	54	57	79	83	82	83	84	84	84	84	84	83	83	83	83	83	83	83	83	83	83	83	83	84	84	84	83	84	83	84	84	84	84	83	83	83	83	83	83	83	83	83	83	83	83	83	83	83	83	84	84	83	83	84	83	83	83	83	83	83	83	83	83	83	83	83	83	83	83	83	83	83	83	83	83	83	83	83	83	83	83	83	83	83	83	83	83	83	83	83	83	83	83	83	83	83	83	83	83	83	83	83	83	83	83	83	83	83	83	83	83	83	83	83	83	83	83	83	83	83	83	83	83	83	83	83	83	83	83	83	83	83	83	83	83	83	83	83	83	83	83	83	83	83	83	83	83	83	83	83	83	83	83	83	83	83	83	83	83	83	83	83	83	83	83	83	83	83	83	83	84	83	83	83	84	83	83	83	83	83	83	83	83	83	84	84	84	83	83	84	84	83	83	83	83	83	83	83	84	84	83	83	83	83	83	83	84	83	83	83	83	83	84	83	83	84	84
83	83	83	83	83	83	83	83	83	83	83	83	83	83	82	83	83	83	83	83	83	83	83	83	83	83	83	83	83	82	83	83	83	83	83	83	83	83	83	83	83	83	84	83	84	84	84	84	84	84	84	84	84	84	84	83	83	83	83	83	84	84	84	83	82	55	25	21	21	29	38	43	38	41	44	46	45	44	48	51	53	55	59	63	69	79	83	83	83	83	84	83	84	84	83	83	83	83	83	83	83	83	83	83	83	83	83	83	83	83	83	83	83	83	83	83	83	83	83	83	83	83	83	83	84	84	83	83	83	83	83	83	83	83	84	84	84	84	84	84	83	84	83	83	84	83	83	83	84	84	84	84	84	84	84	84	83	83	83	83	83	83	83	83	83	83	83	83	84	84	83	83	83	83	84	83	83	83	83	84	84	83	83	83	84	83	83	83	83	84	83	83	84	84	83	83	83	83	83	83	83	83	83	83	83	83	83	84	84	83	83	83	84	82	70	57	51	52	54	54	54	55	56	56	56	56	56	56	56	55	54	54	54	54	54	54	54	54	55	55	55	55	54	53	52	53	55	55	59	80	83	83	83	83	83	83	83	83	83	84	84	84	84	83	83	83	83	83	83	83	84	83	83	83	83	84	84	84	84	84	84	84	83	84	84	84	84	84	84	83	83	83	84	84	79	68	57	53	52	55	56	56	56	56	55	55	54	55	55	54	49	46	49	54	55	55	55	55	56	56	55	55	55	55	55	55	55	55	56	55	55	55	55	55	55	55	55	55	56	56	56	56	56	56	56	56	56	56	56	56	56	56	55	56	56	56	56	56	56	56	56	56	56	56	56	56	55	56	56	56	56	56	56	56	56	56	56	56	56	56	56	56	55	56	56	56	55	56	56	56	56	56	55	55	55	55	55	55	55	52	53	53	53	54	54	54	54	54	55	54	55	55	55	55	55	55	54	54	54	54	53	53	54	54	55	70	83	83	83	84	84	84	84	84	83	83	83	83	83	83	83	83	83	83	83	83	84	84	84	83	84	83	84	84	84	84	83	83	83	83	83	83	83	84	83	83	83	83	83	83	83	83	83	83	83	84	84	83	83	83	83	83	83	83	83	83	83	83	83	83	83	83	83	83	83	83	83	83	83	83	83	83	83	83	83	83	83	83	83	83	83	83	83	83	83	83	83	83	83	83	83	83	83	83	83	83	83	83	83	83	83	83	83	83	83	83	83	83	83	83	83	83	83	83	83	83	83	83	83	83	83	83	83	83	83	83	83	83	83	83	83	83	83	83	83	83	83	83	83	83	83	83	83	83	83	83	83	83	83	83	83	83	83	83	83	83	83	83	83	83	83	83	83	83	83	83	83	84	84	84	84	84	84	84	83	83	83	83	83	83	83	83	84	84	83	83	83	83	83	83	83	84	84	84	83	83	83	83	83	84	83	83	83	83	84	84	84	84	84	84
83	83	83	83	83	83	83	83	83	83	83	83	83	83	83	83	83	83	83	83	83	83	83	83	83	83	83	83	83	83	83	83	83	83	83	83	83	83	83	83	83	83	84	84	83	83	83	83	83	83	83	83	83	83	84	83	83	84	83	83	83	84	83	83	83	78	56	39	27	19	20	22	22	24	28	30	32	33	35	37	37	38	39	40	39	51	68	79	82	83	83	83	84	83	83	83	83	83	83	83	83	83	83	83	83	83	83	83	83	83	83	83	83	83	83	83	83	83	83	83	83	83	83	83	83	83	83	83	83	83	83	83	83	84	83	83	84	84	84	84	83	84	84	83	84	83	83	83	84	84	84	84	84	84	84	84	84	83	83	83	83	83	83	84	84	83	83	84	83	83	83	83	83	83	83	83	83	83	83	83	83	83	83	83	83	83	84	83	83	83	83	83	83	84	84	83	83	83	83	83	83	83	83	83	83	83	83	84	84	83	83	83	79	67	54	52	53	54	55	55	55	56	56	56	56	56	56	56	56	56	54	54	54	54	53	54	54	54	55	55	55	54	54	54	54	53	54	55	59	79	83	83	83	83	83	83	83	83	83	84	83	83	83	83	83	83	83	83	83	83	83	83	83	83	83	83	83	83	84	84	84	84	84	84	84	84	84	84	84	83	83	83	82	75	61	53	52	54	55	56	56	56	56	56	55	55	55	55	52	47	46	50	55	56	55	55	55	55	55	55	55	55	55	55	55	55	56	56	56	55	55	55	55	55	56	56	56	56	56	56	56	56	56	56	56	56	56	56	56	56	56	56	55	56	56	56	56	56	56	56	56	56	56	56	56	55	56	56	55	55	56	56	56	56	56	56	56	56	56	56	56	56	56	56	55	55	55	56	56	56	56	56	55	55	55	55	55	55	54	52	51	53	53	54	54	54	55	55	55	55	55	55	55	54	54	54	54	54	54	54	54	54	54	54	55	61	80	83	83	84	84	83	83	83	83	83	84	83	83	83	83	83	83	83	83	83	84	84	84	84	84	84	84	84	84	84	83	83	83	83	83	84	84	83	83	83	84	84	84	84	84	83	83	83	83	84	84	83	83	83	83	83	83	83	83	83	83	83	83	83	83	83	83	83	83	83	83	83	83	83	83	83	83	83	83	83	83	83	83	83	83	83	83	83	83	83	83	83	83	83	83	83	83	83	83	83	83	83	83	83	83	83	83	83	83	83	83	83	83	83	83	83	83	83	83	83	83	83	83	83	83	84	83	83	84	83	83	83	83	83	83	83	83	83	83	83	83	83	83	83	83	83	83	83	83	83	83	83	83	83	83	83	83	83	83	83	83	83	83	83	83	83	83	83	83	83	83	84	84	84	84	84	84	84	84	84	84	84	84	83	83	83	84	83	83	83	83	83	84	84	84	83	83	83	83	83	83	83	83	83	83	83	83	83	83	84	83	83	83	83
83	83	83	83	83	83	83	83	83	83	83	83	83	83	83	83	83	83	83	83	83	83	83	83	83	83	83	83	83	83	83	83	83	83	83	83	83	83	83	83	83	83	83	83	83	83	83	83	83	83	83	83	83	83	83	83	83	83	83	83	83	84	84	83	83	82	82	79	74	59	45	40	29	24	21	21	20	21	24	25	26	27	28	29	31	34	39	49	67	80	83	83	83	83	83	83	83	83	83	83	83	83	83	83	83	83	83	83	83	83	83	83	83	83	83	83	83	83	83	83	83	83	83	83	83	83	83	83	83	83	83	84	84	84	83	83	84	83	83	84	84	84	84	84	84	83	83	83	83	83	84	83	83	83	83	83	83	84	83	83	83	83	84	84	84	83	83	84	83	83	83	83	83	83	83	83	83	83	83	83	83	83	83	83	83	84	84	84	84	84	83	83	83	83	83	83	83	83	83	83	83	83	83	83	83	83	83	84	84	84	83	76	61	52	52	54	54	55	55	55	56	56	56	56	56	56	55	56	56	55	54	54	54	53	54	54	54	54	54	54	54	54	53	53	53	54	54	54	59	79	82	82	83	83	83	83	83	83	83	83	83	83	83	83	83	83	83	83	84	83	83	83	83	83	83	83	83	83	84	84	84	84	84	83	83	83	83	83	83	83	83	80	70	57	52	54	54	56	56	56	57	56	55	55	55	55	54	50	47	47	52	55	56	56	55	55	55	56	56	55	55	55	56	56	55	56	56	56	56	56	56	56	55	56	56	56	56	56	56	56	56	56	56	56	56	56	56	56	56	56	56	56	56	56	56	56	56	56	56	56	56	56	56	56	56	56	56	56	55	55	55	55	55	56	56	56	56	55	55	55	55	55	55	56	55	55	56	55	56	55	55	55	55	55	55	55	55	55	54	53	50	51	52	53	54	54	55	55	55	55	54	54	55	55	55	54	54	54	54	54	54	55	55	55	55	57	74	83	83	84	84	84	83	83	83	84	84	84	83	83	83	83	84	83	83	83	84	84	84	84	84	84	84	84	84	84	83	83	83	83	84	84	84	83	83	83	84	84	84	83	84	83	83	83	83	83	83	83	83	83	83	83	83	83	83	83	83	83	83	83	83	83	83	83	83	83	83	83	83	83	83	83	83	83	83	83	83	83	83	83	83	83	83	83	83	83	83	83	83	83	83	83	83	83	83	83	83	83	83	83	83	83	83	83	83	83	83	83	83	83	83	83	83	83	83	83	83	83	83	83	83	84	84	84	83	83	83	83	83	83	83	83	83	83	83	83	83	83	83	83	83	83	83	84	84	84	84	84	83	83	83	83	83	83	84	84	84	84	83	83	83	84	83	83	83	83	83	84	84	83	83	83	83	84	84	84	84	84	84	84	84	83	83	83	83	84	83	83	84	84	83	83	83	83	83	83	83	83	83	83	83	83	83	83	83	83	83	83	83	83
83	83	83	83	83	83	83	83	83	83	83	83	83	83	83	83	83	83	83	83	83	83	83	83	83	83	83	83	83	83	83	83	83	83	83	83	84	83	84	84	84	83	83	83	84	83	83	84	83	83	83	83	83	83	83	83	83	83	83	83	83	84	84	84	83	83	82	83	83	83	82	80	75	70	63	55	47	42	37	33	30	28	21	19	22	23	26	30	40	59	79	83	83	83	83	83	83	83	83	83	83	83	83	83	83	83	83	83	83	83	83	83	83	83	83	83	83	83	83	83	83	83	83	83	83	83	83	83	83	83	83	84	84	84	83	83	84	83	83	83	83	84	84	84	84	84	83	84	83	83	83	83	83	83	83	83	83	83	83	83	83	83	83	83	83	83	83	83	83	83	83	83	83	83	83	83	83	83	83	83	83	83	83	84	84	84	84	84	84	84	84	83	83	83	83	83	83	83	84	84	83	83	83	83	83	83	83	84	84	82	71	57	52	52	53	54	54	55	55	55	55	56	56	56	56	55	55	55	55	54	54	54	54	54	54	54	54	54	54	54	53	53	53	52	53	53	54	53	59	79	82	82	83	83	83	83	83	83	83	83	83	83	84	83	83	83	84	84	84	83	83	83	83	83	83	83	83	84	84	84	84	84	84	83	83	83	84	84	84	82	75	64	55	53	55	56	56	55	56	57	57	56	55	55	55	53	49	46	49	53	55	56	56	56	56	55	56	56	56	56	56	56	55	56	56	56	56	56	56	56	56	56	56	56	56	56	56	56	56	56	56	56	57	56	56	56	56	56	56	56	56	56	56	56	56	56	56	56	56	56	56	56	56	56	56	55	55	56	55	55	55	56	56	56	56	56	55	55	55	55	55	55	56	56	55	55	56	55	56	56	55	55	55	55	55	55	54	55	55	55	51	51	52	53	54	54	55	55	55	55	54	54	54	54	55	54	54	54	54	54	54	55	54	54	55	56	66	82	83	84	84	84	83	83	83	84	84	84	83	83	83	83	84	83	83	83	84	84	84	84	84	84	84	84	84	84	83	84	84	84	84	84	84	83	83	83	83	83	83	83	83	83	83	83	83	83	83	83	83	83	83	83	83	83	83	83	82	82	83	83	83	83	83	83	83	83	83	83	83	83	83	83	83	83	83	83	83	83	83	83	83	83	83	83	83	83	83	84	83	83	83	83	83	83	83	83	83	83	83	83	83	84	84	83	83	83	83	83	83	83	83	83	83	83	83	83	83	83	83	83	83	83	83	83	83	83	83	83	83	83	83	83	83	83	83	83	83	83	83	83	83	83	83	84	84	84	84	84	83	83	83	83	83	83	84	84	84	84	83	83	83	84	83	83	83	83	83	84	83	83	83	83	83	83	84	84	84	84	84	83	83	83	83	83	83	84	83	83	83	83	83	83	83	83	83	83	83	83	83	83	83	83	83	83	83	83	83	83	83	83
83	83	83	83	83	83	83	83	83	83	83	83	83	83	83	83	83	83	83	83	83	83	83	83	83	83	83	83	83	83	83	83	83	83	83	83	83	83	84	84	83	83	83	83	83	83	83	84	83	83	84	83	83	83	83	83	83	83	83	83	83	83	83	84	84	83	83	83	83	83	83	84	84	84	83	82	82	82	80	78	77	74	62	34	20	21	23	25	30	39	58	79	83	82	82	83	83	83	83	83	83	83	83	83	83	83	83	83	83	83	83	83	84	83	84	84	84	84	84	83	83	83	83	83	83	83	83	83	83	83	84	84	84	84	83	83	84	84	84	84	84	84	84	83	84	84	83	83	83	83	83	83	83	83	83	83	84	83	83	83	83	83	83	83	83	83	83	83	83	83	83	83	83	83	83	83	83	83	83	83	84	84	84	84	84	83	83	83	83	84	84	84	84	83	83	83	83	83	83	84	84	84	84	84	84	84	83	83	81	67	54	51	52	54	54	54	54	55	55	55	55	56	56	56	55	55	55	55	54	54	54	54	54	54	53	54	55	54	54	53	52	52	52	52	52	53	54	54	58	79	83	83	83	83	83	83	83	83	83	83	83	83	84	84	83	83	83	83	83	83	83	83	83	83	83	83	83	83	83	83	83	83	83	83	83	83	84	84	81	70	58	53	53	54	56	56	56	56	56	56	56	56	56	55	51	47	47	50	54	55	55	55	55	55	56	56	56	56	56	56	56	56	56	56	56	56	56	56	56	56	56	56	56	56	56	56	56	56	56	56	56	57	57	56	56	56	56	56	56	56	56	56	56	56	56	56	56	56	56	56	56	56	56	56	56	56	56	56	55	56	56	56	56	56	56	56	56	55	55	55	55	56	56	55	55	55	56	56	56	56	56	56	55	55	55	55	54	54	55	56	53	51	52	53	54	54	54	55	55	55	55	55	55	55	55	54	54	54	55	54	54	54	54	54	55	56	59	77	83	83	83	83	84	84	83	83	83	83	83	83	83	84	84	84	83	84	83	83	83	84	84	84	84	84	84	83	83	83	83	83	83	84	84	83	83	83	83	83	83	83	83	83	83	83	83	83	83	83	83	83	83	83	83	83	83	83	83	83	83	83	83	83	83	83	83	83	83	83	83	83	83	83	83	83	83	83	83	83	83	83	83	83	83	83	83	83	83	83	83	83	83	83	83	83	83	83	83	83	83	83	83	83	84	83	83	83	83	83	83	83	83	83	83	83	83	83	83	83	83	83	83	83	83	83	83	83	83	84	83	83	83	83	83	83	83	83	83	83	83	83	83	83	84	84	84	84	84	84	83	83	83	83	83	83	84	84	84	84	84	84	84	84	83	83	83	83	83	83	84	83	83	83	83	83	84	84	84	84	84	83	83	83	83	83	83	83	83	83	83	83	83	83	83	83	83	83	83	83	83	83	83	83	83	83	83	83	83	83	84	83
83	83	83	83	83	83	83	83	83	83	83	83	83	83	83	84	83	83	83	83	83	83	83	83	83	83	83	83	83	83	83	83	83	83	83	83	83	83	83	83	83	83	83	83	83	83	83	84	83	83	84	84	83	83	83	83	83	83	83	83	83	83	83	84	84	83	84	84	84	84	83	83	83	83	83	83	83	83	83	82	82	83	83	76	45	21	22	23	26	31	38	59	79	83	82	83	83	83	83	83	83	83	83	83	83	83	83	83	83	83	83	84	84	84	84	84	84	84	84	84	83	83	83	83	83	83	83	83	83	83	84	83	83	84	83	83	84	84	84	84	84	84	84	83	84	84	83	83	83	83	83	83	83	84	84	84	84	84	84	83	83	83	83	83	83	83	83	83	84	84	83	83	83	83	83	83	84	84	83	83	84	84	84	84	84	83	84	83	83	83	84	84	84	83	83	83	83	83	83	84	84	84	84	84	84	84	82	77	63	52	51	53	53	54	54	55	54	55	55	55	55	56	56	56	55	55	55	55	54	54	54	54	54	54	54	54	54	55	54	53	52	51	51	52	52	51	52	54	57	78	83	83	83	83	83	83	83	83	83	83	83	83	84	84	83	83	83	83	83	83	83	83	83	83	83	83	83	83	83	83	83	83	83	83	83	84	83	76	64	54	53	54	55	55	55	56	56	56	56	56	56	56	55	49	43	47	52	55	55	55	56	55	55	55	56	56	56	56	56	56	56	56	56	56	56	56	56	56	56	56	56	56	56	56	56	56	56	56	56	56	56	57	56	56	56	56	56	56	56	56	56	56	56	56	56	56	56	56	56	56	56	56	56	56	56	56	56	56	56	56	56	56	56	56	56	56	55	55	56	55	56	56	56	59	55	55	55	56	56	56	56	56	56	55	55	54	54	55	56	56	55	52	53	53	54	54	54	54	55	55	55	55	55	55	55	54	55	54	54	54	54	54	54	53	54	55	56	67	83	83	83	84	84	84	83	83	83	83	83	83	83	84	84	84	83	84	83	83	83	84	84	84	84	84	84	83	83	83	83	83	83	83	83	84	84	83	83	83	83	83	83	83	83	83	83	83	83	83	83	84	83	83	83	83	83	83	83	83	83	83	83	83	83	83	83	83	83	83	83	83	83	83	83	83	83	83	83	83	83	83	83	83	83	83	83	83	83	83	83	83	83	83	83	83	83	83	83	83	83	83	83	83	83	83	83	83	83	83	83	83	83	83	83	83	83	83	83	83	83	83	83	83	83	83	83	83	84	84	84	83	83	83	83	83	83	83	83	83	83	83	84	84	84	84	84	84	84	84	83	83	83	83	83	83	83	83	84	84	84	84	84	83	83	83	83	84	83	83	84	83	83	84	84	84	84	84	83	83	83	83	83	83	83	83	83	83	83	83	83	83	83	83	83	83	83	83	83	83	83	83	83	83	83	83	83	83	83	84	84	84
83	83	83	83	83	83	83	83	83	83	83	83	83	83	83	83	83	83	83	83	83	83	83	83	83	83	83	83	83	83	83	83	83	83	83	83	83	83	83	83	83	83	83	83	83	83	83	84	83	83	84	84	83	83	83	83	83	83	83	83	83	83	83	84	84	83	83	84	84	84	84	83	83	83	83	84	84	83	83	83	83	83	83	82	78	46	22	22	24	27	32	40	57	78	82	83	83	83	83	83	83	83	83	83	83	83	83	83	83	83	83	83	84	84	84	84	84	84	84	84	83	83	83	83	83	83	83	83	84	84	83	83	83	84	83	83	84	84	84	84	84	84	84	84	84	84	84	83	83	83	83	83	83	83	83	83	83	83	83	83	83	83	83	83	83	83	83	83	83	83	83	83	83	83	84	84	83	83	83	83	83	83	83	83	83	84	84	83	83	83	84	84	84	83	83	83	84	83	83	84	84	84	84	84	84	82	73	59	50	50	52	53	54	54	54	54	54	55	55	55	55	56	56	56	55	55	55	55	54	54	54	54	54	54	54	55	55	55	53	53	52	51	52	51	48	51	51	53	57	78	83	83	83	83	83	83	83	83	83	84	83	83	84	84	83	83	83	83	83	83	83	83	83	84	84	83	83	83	83	83	83	83	83	83	83	80	71	58	53	53	55	56	55	55	56	56	56	56	56	56	56	53	46	43	48	53	56	55	55	55	56	55	56	56	56	56	56	56	56	56	56	56	56	56	56	56	56	56	56	56	56	57	57	56	56	56	56	57	57	57	56	57	56	56	56	56	56	56	56	56	56	56	57	56	56	56	56	56	56	57	57	57	57	56	56	56	56	56	56	56	56	56	56	56	56	55	55	55	56	56	56	56	56	56	55	55	55	56	56	56	56	56	56	56	55	54	55	55	55	56	55	52	53	53	54	54	54	54	55	55	55	55	55	55	55	54	54	54	54	54	54	54	54	53	53	54	55	61	80	84	84	84	84	84	83	83	83	83	83	83	83	84	84	84	83	84	83	83	83	84	84	84	84	84	84	83	83	83	84	84	83	83	83	84	84	84	83	83	83	83	84	83	83	83	83	83	83	83	83	84	83	83	83	83	83	83	83	83	83	83	83	83	83	83	83	83	83	83	83	83	83	83	83	83	83	83	83	83	83	83	83	83	83	83	83	83	83	83	83	83	83	83	83	83	83	83	83	83	83	83	83	83	83	84	84	83	83	83	83	83	83	83	83	83	83	83	83	83	83	83	83	83	83	83	83	83	84	84	84	83	83	83	83	83	83	83	83	83	83	83	84	84	84	84	84	84	84	84	83	83	83	83	83	83	83	83	83	84	83	83	83	83	83	83	83	83	83	83	83	83	83	83	83	83	83	83	83	83	83	83	83	83	83	83	83	83	83	83	83	83	83	83	83	83	83	83	83	83	83	83	83	83	83	83	83	83	83	84	84	83
83	83	83	83	83	83	83	83	83	83	83	83	83	83	83	83	83	83	83	83	83	83	83	83	83	83	83	83	83	83	83	83	83	83	83	83	83	83	83	83	83	83	83	83	83	83	83	84	83	83	84	83	83	83	83	83	83	84	84	84	84	83	83	84	83	83	83	83	83	83	84	83	83	83	83	83	83	83	83	83	83	83	83	83	83	77	45	23	23	24	27	32	40	57	78	83	83	83	83	83	83	83	83	83	83	83	83	83	83	83	83	83	84	84	84	83	83	84	84	83	83	83	83	83	83	83	84	84	84	84	84	83	83	83	83	84	84	83	83	83	83	83	83	83	84	83	83	83	83	83	83	83	83	83	83	83	83	83	83	83	83	83	83	83	83	83	83	83	83	83	83	83	83	83	83	83	83	83	83	84	84	84	83	83	83	83	83	83	83	83	83	83	83	83	83	84	84	83	83	83	83	83	83	83	80	67	54	51	51	53	54	54	54	54	54	54	54	55	55	55	55	55	55	55	55	54	54	55	54	55	55	54	54	54	54	54	55	54	54	53	53	52	52	52	49	49	52	52	56	79	83	83	83	83	83	83	83	83	83	84	83	83	83	83	83	83	83	83	83	83	83	83	83	83	83	83	83	83	83	83	83	83	84	82	77	64	55	54	54	55	56	56	56	56	56	56	56	56	56	55	49	43	43	49	54	55	55	55	55	55	56	55	56	56	56	56	56	56	56	56	56	56	56	56	56	56	56	56	56	57	56	57	57	57	56	56	56	56	57	57	57	57	57	56	56	57	57	56	56	56	56	56	56	56	56	56	56	56	56	56	56	57	57	56	56	56	56	56	56	56	56	56	56	56	56	55	55	52	54	56	56	56	56	56	56	56	55	55	55	56	56	56	56	55	55	55	55	55	55	56	55	53	53	54	54	54	54	54	55	55	54	55	55	55	55	55	54	54	54	54	54	54	53	54	54	54	54	57	73	84	84	84	84	84	84	83	83	84	83	83	83	83	83	84	84	84	83	83	83	83	83	83	83	83	83	83	83	83	83	83	83	83	83	83	83	83	83	83	83	83	83	83	83	83	83	83	84	83	83	83	83	83	83	82	83	83	83	83	83	83	83	83	83	83	83	83	83	83	83	83	83	83	83	83	83	83	83	83	83	83	83	83	83	83	83	83	83	83	83	83	83	83	83	83	83	83	83	83	83	83	83	83	83	83	83	83	83	83	83	83	83	83	83	83	83	83	83	83	83	83	83	83	83	83	83	83	84	84	84	84	84	83	83	83	83	83	83	83	83	83	84	84	84	83	83	84	84	84	84	84	83	83	83	83	84	84	84	84	84	83	83	83	83	83	83	84	84	84	84	83	83	83	83	83	83	83	83	83	83	83	83	83	83	84	84	83	83	83	83	83	83	83	83	83	83	83	83	83	83	83	83	83	83	83	83	83	83	83	83	83
83	83	83	83	83	83	83	83	83	83	83	83	83	83	83	83	83	83	83	83	83	83	83	83	83	83	83	83	83	83	83	83	83	83	83	83	83	83	83	83	83	84	84	83	83	83	83	84	83	83	84	83	84	83	83	83	83	83	84	84	84	83	83	83	84	83	84	83	83	83	83	83	83	83	83	83	83	83	83	83	83	83	83	83	82	83	77	44	21	22	23	27	32	41	57	79	84	83	83	83	83	83	83	83	83	83	83	83	83	83	83	84	84	84	83	83	83	84	84	83	83	83	83	83	83	83	84	84	84	84	84	83	83	83	83	84	84	83	84	83	83	83	83	84	84	83	83	84	84	83	83	83	83	83	83	83	83	83	83	83	83	83	83	83	83	84	84	83	83	83	83	83	83	83	83	83	83	84	84	84	84	83	83	83	83	83	83	84	83	83	83	83	83	83	83	84	84	83	83	83	83	83	83	77	62	52	50	52	53	54	54	54	54	54	54	54	54	55	55	55	55	55	55	55	55	54	54	54	54	55	55	54	54	54	54	55	55	54	55	54	53	53	52	51	51	51	52	52	55	79	83	83	83	83	83	83	83	83	83	84	83	83	83	83	83	83	83	83	83	83	83	83	83	83	83	83	83	83	83	83	83	83	80	71	60	54	54	55	56	56	56	56	56	56	56	56	56	56	54	45	40	45	52	55	55	55	55	56	55	55	55	55	55	56	56	56	56	56	56	56	56	56	56	56	56	56	56	56	57	57	56	57	57	57	57	56	56	56	57	57	57	57	57	56	56	57	57	57	56	56	56	56	56	56	56	56	56	56	56	56	56	57	56	56	56	56	56	56	56	56	56	56	56	56	56	56	56	54	55	56	56	56	56	56	55	56	56	55	55	56	56	56	55	55	55	55	55	55	55	55	55	54	52	54	54	54	54	54	54	54	54	55	55	55	55	55	54	54	55	54	54	54	54	54	54	53	54	56	64	82	84	83	83	84	83	83	84	84	83	83	83	83	83	84	84	84	83	83	83	83	83	83	83	83	83	83	83	83	83	83	83	83	83	83	83	84	83	84	84	83	83	83	83	83	83	84	84	83	83	83	83	83	83	82	83	83	83	83	83	83	83	83	83	83	83	83	83	83	83	83	83	83	83	83	83	83	83	83	83	83	83	83	83	83	83	83	83	83	83	83	83	83	83	83	83	83	83	83	83	83	83	83	83	83	83	83	83	83	83	83	83	83	83	83	83	83	83	83	83	83	83	83	83	83	83	83	84	84	84	84	84	83	83	83	83	83	83	83	83	83	84	84	84	83	83	83	84	84	84	84	83	83	83	83	84	84	83	84	83	83	83	83	83	83	83	84	84	84	84	83	83	83	83	83	83	83	83	83	83	83	83	83	83	84	84	83	83	83	83	83	83	83	83	83	83	83	83	83	83	83	83	83	83	83	83	83	83	83	83	83
83	83	83	83	83	83	83	83	83	83	83	83	83	83	83	83	83	83	83	83	83	83	83	83	83	83	83	83	83	83	83	83	83	83	83	83	83	83	83	83	83	84	84	83	83	83	83	84	83	83	84	83	84	83	83	83	83	83	84	84	84	83	83	83	83	83	83	83	83	83	83	83	83	83	83	83	83	83	83	83	83	83	83	83	83	83	83	77	41	21	22	24	27	32	41	57	79	83	83	83	83	83	83	83	83	83	83	83	83	83	84	84	84	84	83	83	83	84	84	83	83	83	83	83	83	83	83	83	84	84	84	83	83	83	83	84	84	84	84	84	83	84	84	84	84	84	84	84	84	83	83	83	83	83	83	83	83	83	83	83	83	84	83	83	83	84	84	84	83	83	83	83	83	83	83	83	84	84	84	83	83	83	84	84	84	83	83	83	83	83	83	83	83	83	83	84	84	83	83	83	83	82	74	59	50	51	53	54	54	54	55	55	54	54	54	54	55	55	55	55	55	55	55	55	55	54	54	54	54	54	54	54	54	54	54	54	54	54	55	54	54	53	52	52	50	51	52	52	56	78	83	83	83	83	83	83	83	83	83	84	83	83	83	83	83	83	83	83	83	83	83	83	83	83	83	83	83	83	83	83	83	76	65	56	54	55	56	55	56	56	56	56	57	57	56	56	55	52	46	42	48	55	57	55	55	56	56	56	56	55	55	55	56	56	56	56	56	56	56	56	56	56	56	56	56	56	56	56	56	57	56	57	57	57	57	56	56	57	57	57	57	57	57	56	56	57	57	56	56	56	56	56	56	56	57	56	56	56	56	56	56	56	56	56	56	56	56	56	56	56	56	56	56	56	56	56	56	56	56	56	56	56	56	56	55	56	56	56	56	56	56	56	56	55	55	55	55	55	55	55	55	55	51	54	54	54	54	54	54	54	55	55	55	55	55	55	55	55	55	54	54	54	54	54	54	54	55	55	58	77	84	83	83	83	83	83	84	84	83	83	83	83	83	84	84	84	84	84	84	83	83	83	83	83	83	83	84	84	83	83	83	83	84	83	84	84	84	84	84	83	83	84	84	84	84	84	84	83	83	83	83	83	83	83	83	83	83	83	83	83	83	83	83	83	83	83	83	83	83	83	83	83	83	83	83	83	83	83	83	83	83	83	83	83	83	83	83	83	83	83	83	83	83	83	83	83	83	83	83	83	83	83	83	83	83	83	83	83	83	83	83	83	83	83	83	83	83	83	83	83	83	83	83	83	83	83	84	84	84	84	84	83	83	83	83	83	83	83	83	83	84	84	84	83	83	83	84	84	84	84	84	83	83	83	83	83	83	83	83	83	84	84	84	84	84	84	83	83	84	83	83	83	83	83	83	83	83	83	83	83	83	83	83	84	84	83	83	83	83	83	83	83	83	83	83	83	83	83	83	83	83	83	83	83	83	83	83	83	83	83
83	83	83	83	83	83	83	83	83	83	83	83	83	83	83	83	83	83	83	83	83	83	83	83	83	83	83	83	83	83	83	83	83	83	83	83	83	83	83	83	83	84	83	83	83	83	83	83	83	83	84	83	84	84	84	83	83	84	84	83	83	83	84	84	83	83	83	83	83	83	83	83	83	83	83	83	83	83	83	83	83	83	83	83	83	83	83	82	75	40	22	23	25	28	34	41	58	79	83	83	83	83	83	83	83	83	83	83	83	83	84	84	83	83	83	84	84	84	84	84	83	83	83	83	83	83	84	84	83	83	83	83	84	84	83	84	84	83	84	84	84	83	83	83	83	83	83	83	83	83	83	83	83	83	83	83	83	83	83	83	83	83	83	83	83	83	83	83	83	83	83	83	83	83	83	83	84	84	84	84	84	84	84	84	83	84	84	83	83	83	83	83	83	84	84	84	84	83	83	83	80	70	57	50	51	53	54	54	55	55	55	55	55	54	54	54	54	54	55	55	55	55	54	54	54	55	54	54	54	54	55	55	55	55	55	55	55	55	55	54	54	54	53	52	52	52	52	52	56	78	83	83	83	83	83	83	83	83	84	84	83	83	84	84	84	83	83	83	83	83	83	84	83	83	83	83	83	83	84	80	71	59	54	54	55	56	55	56	56	56	56	56	56	57	56	55	51	48	48	52	55	56	56	56	56	56	56	56	56	56	56	56	56	56	56	56	56	56	56	56	56	56	56	56	56	56	56	56	57	57	56	57	57	57	57	57	56	57	57	57	57	57	57	56	56	56	56	56	57	57	57	56	56	56	56	56	56	56	56	56	56	56	56	56	56	56	56	56	56	56	56	56	56	56	56	56	56	56	56	56	56	56	56	56	56	55	56	56	56	56	56	56	56	55	55	55	55	55	55	55	55	55	53	53	54	54	54	54	55	54	54	55	55	55	55	55	55	55	55	55	54	54	54	54	54	53	53	54	55	68	83	84	83	83	83	83	84	84	84	84	84	83	83	84	84	84	83	83	84	84	84	84	83	83	83	83	84	83	83	84	83	83	83	83	83	83	83	83	83	83	83	83	83	83	83	83	83	83	83	83	83	83	83	83	83	83	83	83	83	83	83	83	82	83	83	83	83	83	83	83	83	83	83	83	83	83	83	83	83	83	83	83	83	83	83	83	83	83	83	83	83	83	83	83	83	83	83	83	83	83	83	83	83	83	83	83	83	83	83	83	83	83	83	83	83	83	83	83	84	84	84	84	84	84	84	84	84	84	84	84	84	84	84	83	83	83	83	83	83	83	84	84	84	84	84	83	84	84	84	84	84	84	84	83	84	83	83	84	83	84	84	84	84	84	84	83	83	83	84	83	83	83	83	83	83	83	83	83	83	83	83	83	83	84	84	83	83	83	83	83	83	83	83	83	83	83	83	83	83	83	83	83	83	83	83	83	83	83	83	83
83	83	83	83	83	83	83	83	83	83	83	83	83	83	83	83	83	83	83	83	83	83	83	83	83	83	83	83	83	83	83	83	83	83	83	83	83	83	83	83	83	84	83	83	83	83	83	84	83	83	84	83	84	84	84	83	83	84	84	84	83	83	83	84	83	83	83	83	83	83	83	83	83	83	83	83	83	83	83	83	83	83	83	83	83	83	83	83	83	75	39	22	23	25	29	34	40	57	79	83	83	83	83	83	83	83	83	83	83	83	84	84	84	84	83	84	84	84	84	84	83	83	83	83	83	83	84	84	83	83	83	83	83	83	83	84	84	84	84	84	84	83	83	83	84	83	83	83	83	83	84	84	84	83	83	83	83	83	83	83	83	83	83	83	83	83	83	83	83	83	83	83	83	83	83	83	83	83	83	84	84	84	84	84	83	84	84	83	83	83	83	83	83	84	84	84	83	84	83	77	63	53	50	52	53	53	53	54	55	55	55	55	55	55	55	54	54	54	54	55	55	55	55	55	54	55	54	54	54	54	54	55	55	55	55	54	54	55	55	55	54	54	54	54	53	54	54	53	57	79	83	83	83	83	83	83	83	83	84	84	83	83	84	84	84	83	83	83	83	83	83	84	83	83	83	83	83	83	77	64	55	53	55	55	56	55	55	56	56	56	56	56	56	56	54	50	49	52	55	56	56	56	56	56	56	56	56	56	56	56	56	56	56	56	56	56	56	56	56	56	56	56	56	56	56	57	57	56	57	56	56	56	57	57	57	57	56	57	57	57	57	57	57	57	56	56	57	57	57	56	57	56	56	56	56	56	56	56	56	56	56	56	56	56	56	56	56	56	56	56	56	56	55	55	55	55	56	56	56	56	56	56	56	56	56	55	56	56	56	56	56	56	56	55	55	55	55	55	55	55	55	55	54	52	54	54	54	54	54	54	54	55	55	55	55	55	55	55	55	55	54	54	54	54	53	53	53	53	54	58	79	83	83	83	83	83	84	84	84	84	84	83	84	83	83	83	83	84	84	84	84	84	83	83	83	83	83	83	83	83	83	84	84	83	83	83	83	84	83	83	83	83	83	83	83	83	83	83	83	83	83	83	83	83	83	83	83	83	83	83	83	83	83	83	83	83	83	83	83	83	83	83	83	83	83	83	83	83	83	83	83	83	83	83	83	83	83	83	83	83	83	83	83	83	83	83	83	83	83	83	83	83	83	83	83	83	83	83	83	83	83	83	83	83	83	83	83	83	84	84	84	83	83	84	83	83	83	83	83	83	83	83	83	83	83	83	83	83	83	83	84	84	84	83	83	83	83	83	84	84	84	84	83	83	83	83	83	83	83	83	84	83	84	84	83	83	83	83	83	83	83	83	83	83	83	83	83	83	83	83	83	83	83	84	84	83	83	83	83	83	83	83	83	83	83	83	83	83	83	83	83	83	83	83	83	83	83	83	83	83
83	83	83	83	83	83	83	83	83	83	83	83	83	83	83	83	83	83	83	83	83	83	83	83	83	83	83	83	83	83	83	83	83	83	83	83	83	83	83	83	83	83	83	83	83	83	83	84	84	83	84	83	83	83	83	83	83	83	84	84	83	84	84	84	83	83	84	84	84	83	83	83	83	83	83	83	83	83	83	83	83	83	83	83	83	83	83	83	83	82	74	37	22	23	25	29	34	39	57	79	83	82	83	83	83	83	83	83	83	83	84	84	83	83	83	84	84	84	84	84	83	83	83	83	83	84	84	84	83	83	83	83	83	83	83	84	84	84	84	84	84	83	83	84	84	83	83	83	84	84	84	84	84	84	83	83	83	83	84	83	83	84	83	83	83	83	83	83	83	83	83	83	83	83	83	83	83	83	83	84	84	84	84	84	83	83	83	83	83	83	83	83	83	83	83	83	84	82	73	58	51	51	52	53	53	53	53	54	55	55	55	55	54	55	55	55	55	55	55	55	55	55	55	55	55	55	54	54	54	54	54	55	55	55	55	54	53	53	54	53	54	54	54	54	53	53	53	54	57	79	83	83	83	83	83	83	83	83	84	84	83	83	83	84	84	83	83	83	83	83	83	83	83	83	83	83	80	71	58	53	54	55	55	56	55	55	55	56	56	56	56	56	56	53	50	50	52	55	55	55	55	55	56	56	56	56	56	56	56	56	56	56	56	56	56	56	56	56	56	56	56	56	56	56	57	57	57	56	57	57	56	56	60	57	57	57	56	57	57	57	57	57	57	57	57	57	57	57	57	57	57	56	56	56	56	56	56	56	56	56	56	56	56	56	56	56	56	56	56	56	56	56	55	55	55	56	56	56	56	56	56	56	56	56	56	55	55	56	56	56	55	56	56	55	55	55	55	55	54	54	55	55	56	51	54	54	54	54	54	54	55	55	55	55	55	55	55	55	55	55	54	54	54	54	54	53	54	54	54	55	71	83	83	83	83	83	84	84	84	84	84	84	84	83	83	83	83	84	84	84	84	84	83	83	83	83	83	83	83	83	83	84	84	83	83	83	83	84	83	83	83	83	83	83	83	83	83	83	83	83	83	83	83	83	83	83	83	83	83	83	83	83	82	83	83	83	83	83	83	83	83	83	83	83	83	83	83	83	83	83	83	83	83	83	83	83	83	83	83	83	83	83	83	83	83	83	83	83	83	83	83	83	83	83	83	83	83	83	83	83	83	83	83	83	83	83	83	83	84	84	83	83	83	83	83	83	83	83	83	83	83	83	83	83	83	83	83	83	83	83	83	83	83	83	83	83	83	83	84	84	84	84	83	83	83	83	83	83	83	83	84	83	83	84	83	83	83	83	83	83	83	83	83	83	83	83	83	83	83	83	83	83	83	83	84	83	83	83	83	83	83	83	83	83	83	83	83	83	83	83	83	83	83	83	83	83	83	83	83	83
83	83	83	83	83	83	83	84	84	84	83	83	83	83	83	83	83	83	83	83	83	83	83	83	83	83	83	83	83	83	83	83	83	83	83	83	83	83	83	83	83	83	83	83	84	83	83	83	83	83	83	83	83	83	83	83	83	83	83	83	83	84	83	83	84	84	84	84	84	84	83	83	83	83	83	83	83	83	83	83	83	83	83	83	83	83	84	84	84	82	82	70	33	22	24	25	28	34	41	57	79	83	83	83	83	83	83	83	83	83	84	84	83	83	84	84	84	84	84	84	84	83	83	84	84	84	84	84	83	83	83	83	83	84	83	83	84	83	84	84	84	84	84	83	84	83	83	83	84	84	84	84	84	83	83	83	83	83	84	84	84	84	84	83	84	83	83	83	83	83	83	83	83	83	83	83	83	83	83	83	83	83	84	84	83	83	83	83	83	82	83	83	83	83	83	83	80	69	55	51	52	53	53	53	53	53	53	54	54	54	54	54	55	55	55	56	56	56	56	56	55	55	55	55	55	55	54	54	54	54	54	54	55	54	54	53	52	52	52	52	53	53	54	53	52	53	53	53	58	79	83	84	83	83	83	83	83	83	83	84	83	83	83	84	83	83	83	83	83	83	83	83	83	83	82	77	64	55	53	54	55	55	55	55	55	55	55	56	56	56	56	55	52	49	51	54	56	56	56	56	55	55	55	56	56	56	56	56	56	56	56	56	56	56	56	56	56	56	56	56	56	56	56	57	57	57	57	56	57	57	56	56	57	56	57	57	57	57	57	57	57	57	57	57	57	57	57	57	57	57	57	57	57	57	56	56	56	56	56	56	56	56	56	56	56	57	58	56	56	56	56	56	56	56	55	56	56	56	56	56	56	56	56	56	56	56	55	55	56	56	56	56	56	56	56	55	55	55	54	55	54	53	53	51	53	53	54	54	54	54	55	55	55	55	55	55	55	55	55	55	55	54	54	54	54	54	53	53	52	54	62	81	84	83	83	84	84	84	84	84	84	83	84	83	83	83	83	83	83	83	83	83	83	83	83	83	83	83	83	83	83	83	83	83	83	83	83	83	83	83	83	83	83	83	83	83	83	83	83	83	83	83	83	83	83	83	84	84	83	83	83	83	83	83	83	83	83	83	83	83	83	83	83	83	83	83	83	83	83	83	83	83	83	83	84	84	84	84	84	84	84	84	84	84	84	84	84	83	83	83	83	84	84	83	83	83	84	84	84	84	84	84	84	84	84	83	83	83	83	83	83	84	84	84	84	83	83	83	83	83	83	83	83	83	83	83	84	84	84	84	83	83	83	84	84	84	84	84	84	84	83	84	84	84	84	83	83	84	84	84	84	84	84	84	83	84	83	83	84	84	84	84	84	83	83	83	83	83	83	83	83	83	83	83	83	83	83	83	83	83	83	83	83	83	83	83	83	83	83	83	83	83	83	83	83	83	83	83	83	83
83	83	83	83	83	83	83	84	84	84	83	83	83	83	83	83	83	83	83	83	83	83	83	83	83	83	83	83	83	83	83	83	83	83	83	83	83	83	83	83	83	83	83	83	84	84	83	83	83	83	83	83	83	84	84	84	83	83	83	83	83	84	83	83	84	84	84	84	84	83	83	83	83	84	84	83	83	83	83	83	83	83	83	83	83	83	84	84	83	82	82	82	65	29	23	24	26	30	34	41	58	79	83	83	83	83	83	83	83	83	84	84	83	83	83	83	83	84	84	84	84	83	83	84	84	84	84	84	83	83	83	83	83	84	83	84	84	83	84	84	84	84	84	83	84	83	83	83	84	84	84	84	84	83	83	83	83	83	83	83	83	84	84	83	84	83	83	83	83	82	83	83	83	83	83	83	83	83	83	83	83	84	84	83	83	83	83	83	83	83	83	83	84	84	82	77	65	54	52	52	52	52	53	53	53	53	53	54	54	54	54	55	55	55	55	56	56	56	56	56	55	56	55	55	55	55	54	54	54	54	54	55	55	54	53	53	52	52	52	52	53	53	54	53	52	51	50	51	56	78	83	83	83	83	83	83	83	83	83	84	83	83	83	84	83	83	83	83	83	83	83	83	83	80	72	60	54	53	54	55	55	55	55	55	56	55	56	56	56	56	54	50	49	52	55	56	56	56	56	56	56	56	56	56	56	56	56	56	56	56	56	56	56	56	56	56	56	57	57	57	57	57	57	57	57	57	57	56	57	56	57	56	56	56	57	57	57	57	57	57	57	57	57	57	57	57	57	57	57	57	57	57	57	57	57	57	57	57	56	56	56	56	56	56	56	57	58	56	56	56	56	56	56	56	56	56	56	56	56	56	56	56	56	56	56	56	55	55	56	56	56	56	55	56	56	56	55	55	55	54	54	53	52	52	51	53	53	54	54	54	54	55	55	55	55	55	55	55	55	55	55	55	54	54	54	53	53	52	53	53	56	74	84	83	83	83	83	83	83	83	83	83	83	83	83	83	83	84	84	83	83	84	84	84	84	83	83	83	83	84	83	83	83	83	83	83	83	83	83	83	83	83	82	83	83	83	83	84	84	83	83	83	83	83	83	83	84	84	83	83	83	83	83	83	83	83	83	83	83	83	83	83	83	83	83	83	83	83	83	83	83	83	83	83	84	84	84	83	83	83	83	83	84	84	84	83	83	83	83	83	83	84	84	83	83	83	84	84	84	83	83	83	84	84	83	83	83	83	83	83	83	83	83	83	83	83	83	83	83	84	84	83	83	83	84	84	84	84	83	83	84	84	84	84	84	84	83	83	84	84	84	84	83	83	83	83	83	84	83	83	84	83	84	84	83	83	83	83	83	83	83	83	83	83	83	83	83	83	83	83	83	83	83	83	83	83	83	83	83	83	83	83	83	83	83	83	83	83	83	83	83	83	83	83	83	83	83	83	83	83
83	83	83	83	83	83	83	84	84	84	83	83	83	83	83	83	83	83	83	83	83	83	83	83	83	83	83	83	83	83	83	83	83	83	83	83	83	83	83	83	83	83	83	83	83	83	83	83	83	83	83	83	83	84	84	84	84	84	84	84	84	83	83	83	83	83	83	84	84	84	83	83	84	84	84	83	83	83	83	83	83	83	83	83	83	83	84	84	84	83	83	82	81	62	28	23	23	27	30	35	42	59	80	83	83	83	83	83	83	83	84	84	84	84	84	84	84	84	84	84	84	83	83	84	84	84	84	84	83	83	83	84	83	83	83	83	83	83	84	84	83	84	84	84	84	83	83	83	84	84	84	84	84	84	83	83	83	83	83	83	83	82	83	82	83	82	82	82	82	82	82	83	83	83	83	83	83	83	83	84	83	83	84	84	83	83	83	83	82	73	66	68	75	78	73	61	53	53	54	53	53	53	53	53	53	54	54	54	54	54	55	55	55	55	55	55	56	56	56	55	54	55	55	55	55	55	54	54	54	54	54	54	54	53	53	52	52	53	53	53	53	53	53	53	52	52	51	51	55	77	83	83	83	83	83	83	83	83	83	84	83	83	83	83	83	83	83	83	83	83	83	82	78	65	56	53	53	54	55	55	55	55	55	56	56	56	56	56	56	53	50	50	53	56	56	55	56	56	56	56	56	56	56	56	56	56	56	56	56	56	56	56	56	56	56	56	56	56	56	56	57	57	57	57	57	57	57	57	57	56	57	57	57	57	57	57	57	57	57	57	57	57	57	57	57	57	57	57	57	57	57	57	57	57	57	56	56	57	56	56	56	56	56	56	56	55	55	56	55	56	56	56	56	56	56	56	56	56	56	56	56	56	56	56	56	56	56	55	56	56	56	55	55	55	55	56	55	55	55	55	55	54	54	55	51	53	53	54	54	54	54	54	54	55	55	54	55	55	55	55	55	55	54	54	54	54	53	53	53	53	54	65	82	83	83	83	83	83	83	83	83	83	83	83	83	83	83	83	83	83	83	83	84	84	83	83	83	83	83	83	83	83	83	83	83	83	83	83	83	83	83	83	83	83	83	83	83	84	84	83	83	83	83	83	83	83	83	83	83	83	83	83	83	83	83	83	83	83	83	83	83	83	83	83	83	83	83	83	83	83	83	83	83	83	84	84	83	83	83	83	83	83	83	83	83	83	83	83	83	83	83	84	84	83	83	83	84	84	84	83	83	83	84	84	84	83	83	83	83	83	83	84	84	83	83	83	84	84	84	84	84	83	83	83	83	84	84	83	83	83	84	84	84	84	84	84	83	83	84	84	84	84	83	83	84	83	83	83	83	83	84	83	84	84	84	83	83	83	83	83	83	83	83	83	83	83	83	83	83	83	83	83	83	83	83	83	83	83	83	83	83	83	83	83	83	83	83	83	83	83	83	83	83	83	83	83	83	83	83	83
83	84	84	84	84	84	84	84	84	84	83	83	83	83	83	83	83	83	83	83	83	83	83	83	83	83	83	84	84	84	84	83	83	83	83	83	84	84	83	83	83	83	83	83	83	83	83	83	83	83	83	83	83	83	83	84	84	84	84	84	84	83	83	83	83	83	83	84	84	84	84	83	84	84	84	83	83	83	83	83	83	83	83	83	83	84	83	83	83	83	83	83	83	81	61	26	22	24	26	30	35	41	59	80	83	83	84	83	83	83	84	84	84	84	84	84	84	84	84	84	84	83	84	84	84	83	83	84	83	83	84	84	84	83	83	83	83	83	84	84	83	83	84	84	84	83	83	83	83	83	83	83	83	83	82	81	81	81	81	79	79	78	78	77	77	77	77	77	77	78	78	79	80	80	81	82	82	82	82	83	83	83	82	83	83	83	84	80	66	46	41	49	54	57	58	55	53	54	54	53	53	53	54	54	54	54	54	54	54	54	55	55	55	55	55	55	56	56	57	60	56	53	54	55	55	55	55	55	54	54	54	53	53	53	53	52	53	53	53	53	57	60	58	57	57	57	55	51	55	77	83	83	83	83	83	83	84	84	83	83	83	83	83	83	83	83	83	83	83	83	81	73	61	55	53	54	55	56	56	55	55	56	56	57	56	57	57	55	52	50	51	55	57	57	56	56	56	56	56	56	56	56	56	56	56	56	56	56	56	56	56	56	56	56	56	56	56	57	56	56	57	57	56	57	57	57	57	57	57	56	56	57	57	57	57	57	57	57	57	57	57	57	57	57	57	57	57	57	57	57	57	57	57	57	57	56	56	57	56	56	56	56	56	56	56	56	56	56	56	56	56	56	56	56	56	56	56	56	56	56	56	56	56	56	56	56	56	56	56	56	56	56	56	55	55	55	56	55	55	55	54	54	53	54	53	53	53	54	54	54	55	55	55	55	55	55	55	55	55	55	55	54	54	54	54	54	54	53	53	54	55	58	77	83	84	83	83	83	83	83	83	83	83	83	83	83	83	83	83	83	83	83	84	84	83	83	83	83	83	83	83	83	83	83	83	83	84	84	84	84	84	84	84	84	83	83	83	83	83	83	83	83	83	83	83	83	83	83	83	83	83	84	84	84	83	83	83	83	83	83	83	83	83	83	83	83	83	83	83	83	83	84	84	84	83	83	83	83	83	83	83	83	83	83	83	83	83	83	83	83	83	83	83	83	83	83	83	83	83	83	83	83	84	84	84	84	83	83	83	83	84	84	84	83	83	83	84	83	83	83	83	83	83	83	83	83	83	83	84	83	84	84	84	84	84	84	83	83	84	84	84	84	84	84	84	84	83	83	83	83	84	84	84	84	84	84	84	84	83	83	83	83	83	83	83	83	83	83	84	83	83	83	83	83	83	83	83	83	83	84	84	84	84	83	83	83	84	84	84	83	83	83	84	83	83	83	83	83	83	83
83	84	84	84	84	84	84	84	84	84	83	83	83	83	83	83	83	83	83	83	83	83	83	83	83	83	83	84	84	84	83	83	83	83	83	83	83	83	83	83	83	83	83	83	83	83	83	83	83	83	83	83	83	83	83	83	84	84	84	84	84	83	83	83	84	83	83	84	84	84	84	83	84	84	84	83	83	83	83	83	83	83	83	83	83	84	83	83	83	83	83	83	83	82	81	50	23	23	24	27	30	33	41	66	83	83	83	83	83	83	84	84	83	83	84	84	84	84	84	84	83	83	84	84	84	83	83	84	84	84	84	83	83	83	83	83	83	83	83	83	83	83	84	84	83	83	82	82	83	82	81	80	76	72	68	63	65	64	69	67	66	64	64	63	63	63	63	63	63	63	63	64	65	66	68	70	71	73	75	76	78	79	81	82	81	81	75	53	37	38	46	49	51	54	55	54	52	53	53	52	52	53	54	54	54	54	54	54	54	54	55	55	55	56	56	56	56	56	56	57	56	54	54	56	56	56	55	54	54	54	53	52	51	51	53	53	53	53	52	53	62	80	81	81	81	81	80	65	53	77	83	83	83	83	83	83	84	84	83	83	83	83	83	83	83	83	83	83	83	78	67	57	54	55	55	56	56	56	56	55	56	56	56	57	57	56	54	51	50	52	55	56	56	56	56	56	56	56	56	56	56	56	56	56	56	56	56	56	56	57	57	56	56	56	56	57	55	56	56	56	57	57	56	57	57	57	57	57	57	57	57	57	57	57	57	57	57	57	57	57	57	57	57	57	57	57	57	57	57	57	57	58	57	57	57	56	56	57	56	56	56	56	56	56	56	56	56	56	56	56	56	56	56	56	56	56	56	56	56	56	56	56	56	56	56	56	56	56	55	55	56	56	56	55	55	55	55	55	55	55	54	54	54	51	52	51	53	53	55	55	55	55	55	55	55	55	54	55	55	55	55	54	54	54	54	54	54	54	52	52	53	55	70	83	83	83	83	83	83	84	84	83	83	83	83	84	83	83	83	83	83	84	84	84	84	83	84	84	83	83	83	83	83	83	83	83	84	84	84	84	84	84	84	84	83	83	83	83	83	83	83	83	83	83	83	83	83	83	83	83	83	84	84	84	83	83	83	83	83	83	83	83	83	83	83	83	83	83	83	83	83	84	84	84	83	83	83	83	83	83	83	83	83	83	83	83	83	83	83	83	83	83	83	83	83	83	83	83	83	83	83	83	84	84	84	83	83	83	83	83	83	83	83	83	83	83	83	83	83	84	84	84	84	84	84	84	84	84	84	84	83	83	83	83	83	84	84	84	84	84	84	84	84	84	84	83	83	83	83	83	83	83	83	84	83	83	83	83	83	83	83	83	83	83	83	83	83	83	84	83	83	83	83	83	83	83	83	83	83	84	84	84	84	83	83	83	84	84	84	83	83	83	84	83	83	83	83	83	83	83
83	83	84	84	84	83	83	83	83	83	83	83	83	83	83	83	83	83	83	83	83	83	83	83	83	83	83	83	83	83	84	83	83	83	83	83	83	83	83	83	83	83	83	83	83	83	83	83	83	83	83	83	83	83	83	83	83	83	84	84	83	83	83	83	84	83	84	84	83	83	84	83	84	84	84	84	84	83	83	83	83	83	83	83	83	83	83	83	83	83	83	83	83	83	82	73	31	23	24	25	28	31	35	48	75	83	83	83	83	83	84	84	83	83	83	83	83	83	83	84	84	84	84	84	84	84	83	84	83	84	84	84	83	83	83	84	84	83	83	83	83	82	82	82	82	81	80	77	75	73	72	67	60	50	57	51	54	53	60	64	62	62	62	62	62	61	62	62	63	63	63	63	63	62	62	62	62	61	61	62	63	64	65	67	70	72	70	67	65	65	61	60	58	57	55	53	50	50	51	51	51	52	53	53	54	54	55	55	54	55	55	55	55	55	55	56	56	56	56	56	55	55	55	55	56	56	55	55	54	54	54	53	52	52	52	53	52	52	52	53	57	77	84	84	83	83	83	78	57	77	83	83	83	83	83	83	83	83	83	83	83	83	83	84	84	83	83	80	74	61	55	53	52	53	53	53	52	52	52	51	52	53	54	55	55	52	51	52	55	56	57	56	56	56	56	56	56	56	56	56	56	56	56	56	56	56	56	56	56	56	56	56	56	56	57	58	56	56	56	56	56	57	57	57	57	57	57	57	57	57	57	57	57	57	57	57	57	57	57	57	57	57	57	57	57	58	58	58	58	58	58	58	58	57	57	56	56	57	57	56	56	56	56	56	56	56	56	56	56	56	56	56	56	56	56	56	56	56	56	56	56	56	56	56	56	56	56	55	55	55	56	56	56	55	55	55	55	55	55	55	54	54	54	51	50	48	52	53	54	55	55	55	55	55	55	55	54	55	55	55	55	55	55	54	54	54	53	53	53	53	54	55	61	80	83	83	83	83	83	83	83	83	83	83	83	83	83	83	83	83	83	84	84	84	84	83	83	83	83	83	83	83	83	83	83	83	84	84	84	83	83	83	83	83	83	83	83	84	84	84	83	83	83	83	83	83	83	83	83	83	83	83	83	83	83	83	83	83	83	83	83	83	83	83	83	83	83	83	83	83	83	83	83	83	83	83	83	83	83	83	84	84	83	83	83	83	84	84	84	84	83	84	84	83	83	83	83	83	83	83	83	83	83	83	83	84	83	84	84	83	83	83	83	83	83	83	83	83	83	84	84	84	83	83	83	83	83	84	84	84	84	84	84	84	84	84	84	84	84	84	84	84	84	84	84	84	83	84	83	83	83	83	83	83	83	83	83	83	84	84	84	83	83	83	83	83	83	83	84	83	83	83	83	83	83	83	83	83	83	83	83	83	83	83	83	83	84	84	84	83	83	83	83	83	83	83	83	83	83	83
84	83	84	84	83	83	83	83	83	83	83	83	83	83	83	83	83	83	83	83	83	83	83	83	83	83	83	83	83	83	84	84	84	84	84	83	83	83	83	83	83	83	83	83	83	83	83	83	83	83	83	83	83	83	83	83	83	83	84	83	83	83	83	83	84	83	84	84	83	83	84	83	84	84	84	84	84	84	83	83	83	83	83	83	83	83	83	83	83	83	83	83	83	83	83	82	50	24	25	24	26	30	32	39	57	81	83	83	83	83	84	84	83	83	83	83	83	83	83	84	84	84	84	84	84	84	83	84	83	83	83	83	84	84	83	82	83	82	82	81	80	78	76	75	73	71	69	66	63	63	61	47	41	39	49	51	46	53	51	65	65	64	65	65	65	64	64	64	63	58	55	57	61	64	64	64	64	64	64	64	63	63	64	63	62	60	56	53	53	55	57	61	65	67	69	69	67	64	61	57	54	51	50	50	51	52	54	54	54	54	54	54	55	56	56	56	56	56	56	56	56	56	56	56	56	56	56	55	54	54	54	53	53	53	53	53	51	51	51	52	55	61	64	65	64	65	66	70	71	79	83	83	83	83	84	83	83	83	83	83	83	83	83	84	84	83	82	64	54	55	54	54	53	54	53	53	52	51	50	49	49	48	47	48	50	51	53	56	57	57	57	57	57	57	56	56	56	56	56	56	56	56	56	56	56	56	56	56	56	57	57	57	56	56	57	57	57	57	57	56	57	57	57	57	57	57	57	57	57	57	57	57	57	57	57	57	57	57	57	57	57	57	57	57	57	57	57	57	58	58	58	58	58	58	57	57	57	57	57	56	56	57	57	56	56	56	56	56	56	56	56	56	56	56	56	56	56	56	56	56	56	56	56	56	56	56	56	56	56	55	55	55	55	55	55	55	55	55	55	55	54	54	53	54	55	53	53	54	54	55	55	55	55	55	55	55	54	54	55	55	55	55	55	54	54	54	54	54	53	52	53	55	57	72	83	83	83	83	83	83	83	83	83	83	83	83	83	83	83	83	84	84	84	84	83	83	83	83	83	83	83	83	83	83	83	83	84	84	84	83	83	83	83	83	83	83	83	84	84	84	83	83	83	83	83	83	83	83	83	83	83	83	83	83	84	84	84	83	83	83	83	83	83	83	83	83	84	84	83	83	83	83	83	83	83	83	83	83	83	83	84	84	83	83	83	84	84	84	84	84	84	83	83	83	83	83	83	83	83	83	83	83	83	83	83	84	84	84	84	84	83	83	83	83	83	83	83	83	83	84	84	84	84	84	83	83	83	84	84	84	84	84	84	84	84	84	84	84	83	83	83	83	83	83	84	84	84	84	84	83	83	83	83	83	83	83	83	83	84	84	84	83	83	83	83	83	83	83	84	83	83	83	83	83	83	83	83	83	83	83	83	83	83	83	83	83	84	84	84	83	83	83	83	83	83	83	83	83	83	84
84	83	83	83	83	83	83	83	83	83	83	83	83	83	83	83	83	83	83	83	83	83	83	83	83	83	83	83	83	83	84	84	84	84	84	83	83	83	83	83	83	83	83	83	83	83	83	83	83	83	83	83	83	83	83	83	83	83	84	83	83	83	83	83	84	83	84	84	83	83	84	83	84	84	84	84	84	84	83	83	83	83	83	83	83	83	83	84	83	83	83	83	83	83	83	83	71	30	24	25	25	29	31	35	42	69	83	83	83	83	83	83	84	84	84	84	83	83	83	84	84	83	83	84	84	83	83	84	83	83	83	82	81	81	81	80	79	77	75	72	70	67	66	64	63	62	61	62	62	63	54	39	39	40	42	51	44	49	48	58	68	67	67	67	67	67	67	63	57	54	54	51	49	53	61	64	65	64	63	62	62	62	63	62	58	55	52	51	51	52	51	50	50	50	50	51	53	56	60	64	66	67	66	65	62	59	55	54	53	52	53	54	55	55	56	56	56	56	56	57	57	56	56	56	56	56	55	55	54	54	54	54	54	54	54	52	51	50	51	51	53	55	53	51	55	64	72	78	81	83	83	83	83	84	84	84	84	84	83	84	83	83	83	84	84	81	69	47	45	53	55	55	56	56	56	56	56	56	56	56	56	57	56	56	56	56	56	56	56	57	57	57	57	57	57	56	57	56	56	56	57	57	57	57	56	56	56	56	57	57	57	57	57	56	56	57	58	58	57	57	57	57	57	57	57	57	57	57	57	57	57	57	57	57	57	57	57	57	57	57	57	57	57	58	58	58	58	58	58	58	58	58	58	58	58	57	57	57	56	56	56	57	57	56	56	56	56	56	56	56	56	56	56	56	56	56	56	56	56	56	56	56	56	56	56	56	56	56	56	56	56	56	56	56	55	55	56	55	55	55	55	54	53	53	54	54	52	53	54	55	55	55	55	55	55	55	55	55	55	55	55	55	55	54	54	54	54	54	53	52	53	54	55	63	81	83	83	83	83	83	83	83	83	83	83	83	84	84	84	84	84	84	84	84	83	83	83	83	83	83	83	83	83	83	83	83	84	84	84	83	83	83	83	83	83	83	83	84	83	83	83	83	83	83	83	83	83	83	83	83	83	83	83	83	84	84	83	83	83	83	83	83	83	83	83	83	83	83	83	83	83	83	83	83	83	83	83	83	83	83	84	84	83	83	83	84	84	84	84	84	83	83	83	83	83	83	83	83	83	83	83	83	83	83	83	84	83	83	84	83	84	84	84	83	83	83	83	83	83	84	83	84	84	84	84	84	84	83	83	83	83	83	83	83	83	83	83	83	83	83	83	83	83	83	84	83	83	83	83	83	83	83	83	83	83	83	83	83	84	84	84	83	83	83	83	83	83	83	84	83	83	83	83	83	83	83	83	83	83	83	83	83	83	83	83	83	84	84	84	83	83	83	83	83	83	83	83	83	83	84
84	83	83	83	83	83	83	83	83	83	83	83	83	83	83	83	83	83	83	83	83	83	83	83	83	83	83	83	83	83	83	83	83	83	83	83	83	83	83	83	83	83	83	83	83	83	83	83	84	83	83	83	83	83	83	83	83	83	83	83	83	83	83	83	83	83	83	83	83	83	83	83	84	84	83	84	84	84	83	83	83	83	83	83	83	83	83	83	83	83	83	83	83	83	83	83	81	49	24	24	26	27	30	33	37	52	79	83	83	83	84	84	83	83	83	83	83	83	83	83	83	83	83	83	83	83	82	82	82	81	80	79	77	74	72	70	69	67	65	65	64	63	63	64	64	64	63	65	64	62	49	35	34	34	36	47	45	44	47	47	62	64	63	63	62	62	58	51	45	49	52	53	52	50	51	55	54	53	52	51	50	50	50	49	48	48	49	50	51	52	54	55	54	54	54	53	51	49	49	49	49	49	52	55	58	61	62	64	65	62	59	54	52	56	56	55	55	56	56	56	57	56	56	56	56	55	55	55	55	54	54	54	54	54	54	53	52	51	51	51	52	52	55	65	77	81	83	83	83	83	83	83	83	83	83	83	83	83	84	84	83	83	84	83	78	61	41	35	46	53	56	56	57	57	57	56	56	56	57	57	57	57	56	56	56	56	56	56	56	57	57	57	57	57	56	57	57	57	57	56	56	57	57	57	57	56	57	57	57	57	57	57	57	57	57	57	57	58	57	57	57	57	57	57	57	57	57	57	57	57	57	57	58	57	57	57	56	57	57	58	58	58	58	58	58	58	58	58	58	58	58	58	58	58	58	58	57	57	56	57	56	57	57	57	57	56	56	56	56	56	56	56	56	56	56	56	56	56	56	56	56	56	56	56	56	56	56	56	56	56	56	56	56	55	55	54	55	56	56	56	55	55	53	53	53	54	51	52	53	54	55	55	55	55	55	55	55	55	55	55	55	55	55	54	54	54	54	53	53	53	52	53	53	57	76	83	83	83	83	83	83	83	83	83	83	83	83	83	83	83	83	83	83	83	83	83	83	83	83	83	83	83	83	83	83	83	83	83	83	83	83	83	83	83	83	83	83	84	83	83	84	83	83	83	83	83	83	83	83	83	83	83	83	83	83	83	83	83	83	83	83	83	83	83	83	83	83	83	84	84	84	84	84	84	84	84	83	83	83	83	84	84	83	83	83	83	83	84	84	84	83	84	84	84	84	84	84	84	83	83	83	83	84	84	84	84	84	84	84	84	84	84	83	84	84	83	83	83	83	84	84	84	84	84	84	84	84	84	84	84	84	84	84	83	83	83	84	84	84	84	83	83	83	83	83	83	83	84	83	83	83	83	83	83	83	83	83	83	84	84	84	84	84	84	84	84	84	83	84	83	83	83	83	83	83	83	83	83	83	83	83	83	83	83	83	83	83	84	84	83	83	83	83	83	83	83	83	83	83	83
83	83	83	83	83	83	83	83	83	83	83	83	83	83	83	83	83	83	83	83	83	83	83	83	83	83	83	83	83	83	83	83	83	83	83	83	83	83	83	83	83	83	83	83	83	83	83	84	84	83	83	83	83	83	83	83	84	83	83	83	83	83	83	83	83	83	83	83	83	83	83	83	83	84	83	84	84	84	84	83	83	83	83	83	83	83	83	83	83	83	83	83	83	83	83	83	82	70	30	23	25	26	28	31	35	41	64	83	83	83	84	84	83	83	84	84	84	83	83	84	84	82	82	82	81	80	79	77	75	72	70	67	64	59	56	52	48	47	50	54	57	60	61	63	64	65	63	58	56	61	52	43	38	33	35	44	47	41	45	42	55	65	65	64	64	64	58	46	44	48	53	56	57	58	58	55	52	51	50	49	48	46	41	38	42	42	43	44	45	45	46	47	49	50	50	50	48	47	50	52	54	54	52	49	44	42	42	43	46	51	54	58	56	49	56	59	58	56	54	53	54	55	55	54	54	54	54	55	55	55	55	55	55	54	54	54	53	52	51	50	51	62	76	82	83	83	83	83	83	83	84	84	83	83	83	83	83	83	84	84	84	84	82	72	50	36	34	35	46	55	57	57	57	57	57	56	56	56	57	57	57	57	57	56	56	56	56	56	56	56	57	57	57	56	57	57	57	57	57	57	57	57	57	57	57	56	56	57	57	57	57	57	57	57	57	58	58	58	57	58	57	55	56	57	57	57	58	57	58	57	57	57	58	57	57	57	57	57	58	58	58	58	58	58	58	58	58	58	58	58	58	58	58	58	58	58	57	57	57	57	56	57	57	57	57	56	56	56	56	56	56	56	56	56	56	56	56	56	56	56	56	56	56	56	56	56	56	56	56	56	56	56	56	56	55	54	55	58	55	56	55	55	55	54	54	54	50	52	53	54	54	55	55	55	55	55	55	55	55	55	55	55	55	55	54	54	54	54	54	53	53	52	53	55	66	82	83	83	83	83	83	83	83	83	83	83	83	83	83	83	83	83	83	83	83	83	83	84	83	83	83	83	83	83	83	83	83	83	83	83	83	83	83	83	83	83	83	84	83	83	84	83	83	83	83	83	83	83	83	83	83	83	83	83	83	83	83	83	83	83	83	83	83	83	83	83	83	83	84	84	84	83	83	83	83	83	83	83	83	83	84	84	83	83	83	83	83	83	84	83	83	83	83	83	83	83	84	83	83	83	83	83	84	84	84	84	84	84	84	84	84	84	83	84	83	83	83	83	83	84	84	84	83	83	84	84	84	84	84	84	84	83	84	84	84	84	83	83	83	83	83	83	83	83	83	83	84	84	83	83	83	83	83	83	83	83	83	83	84	84	84	84	84	84	84	84	84	83	84	83	83	83	83	83	83	83	83	83	83	83	83	83	83	83	83	83	83	84	84	83	83	83	83	83	83	83	83	83	83	83
83	83	83	83	83	83	83	83	83	83	83	82	82	83	83	83	83	83	83	83	83	83	83	83	83	83	83	83	83	83	83	83	83	83	83	83	83	83	83	83	83	83	83	83	83	83	83	84	84	83	83	83	83	83	83	83	84	83	83	83	83	83	83	83	83	83	83	83	83	83	83	83	83	83	84	84	84	84	84	84	83	83	83	83	83	83	83	83	83	83	83	83	83	83	83	83	83	81	48	22	22	25	27	30	33	36	46	74	84	84	84	84	84	84	84	84	84	83	82	81	80	78	77	75	73	70	67	62	57	53	48	45	44	43	41	40	39	39	38	37	36	35	35	37	41	47	50	46	47	55	50	46	42	36	36	39	46	39	42	39	45	57	56	55	54	54	49	34	37	44	46	49	50	51	55	55	53	53	54	54	54	51	45	42	47	51	50	49	48	47	46	45	45	45	44	44	44	42	38	38	40	43	45	47	50	54	55	53	51	51	50	47	44	42	40	54	60	63	64	63	60	58	55	53	53	51	48	47	48	48	49	53	54	55	56	55	55	54	54	51	62	79	83	83	83	83	83	84	84	84	84	84	84	83	83	83	83	83	83	83	83	79	68	54	44	46	47	48	52	57	57	57	57	57	57	57	56	57	57	57	57	57	57	56	56	56	56	56	56	56	57	57	57	56	57	57	57	57	57	57	57	57	57	57	58	57	56	57	57	57	57	57	57	57	57	58	58	58	58	58	58	57	56	56	57	57	57	57	57	57	57	57	58	57	57	56	56	57	58	58	58	58	58	58	58	58	58	58	58	58	58	58	58	58	58	57	57	57	57	57	56	57	57	57	57	56	56	56	56	56	56	56	56	56	56	56	56	56	56	56	56	56	56	56	56	56	56	56	56	56	56	56	56	56	55	55	53	53	55	55	55	55	55	54	54	54	52	52	53	54	54	55	55	55	55	55	55	55	55	55	55	55	55	55	55	54	54	54	54	53	52	52	53	55	59	79	83	83	83	83	83	83	83	83	83	83	83	83	83	83	83	83	83	83	83	83	83	83	83	83	83	83	83	83	83	83	83	83	83	84	84	83	83	83	83	83	83	84	83	83	84	83	83	83	83	83	83	83	83	83	83	83	83	83	83	83	83	83	82	83	83	83	83	83	83	83	83	83	83	83	83	83	83	83	83	83	83	83	83	83	84	84	83	83	83	83	83	83	83	83	83	83	83	83	83	83	83	83	83	83	83	83	84	83	83	84	83	84	84	84	84	84	83	83	83	83	84	84	84	83	83	83	83	83	83	83	83	83	83	83	83	83	83	84	84	84	83	83	83	83	83	83	83	83	84	84	84	84	83	83	83	83	83	83	83	83	83	83	84	84	84	84	84	84	84	84	84	83	84	83	83	83	83	83	83	83	83	83	83	83	83	83	83	83	83	83	83	84	84	83	83	83	83	83	83	83	83	83	83	83
83	83	83	83	83	83	83	83	83	83	83	83	83	83	83	83	83	83	83	83	83	83	84	84	83	83	83	83	83	83	83	83	84	84	84	83	83	83	83	83	83	83	83	83	83	83	83	83	83	83	83	83	83	83	83	83	83	83	84	84	83	84	84	83	83	83	83	83	83	83	83	83	83	83	83	83	83	83	83	83	83	83	83	82	82	83	83	83	83	83	83	83	83	83	83	83	82	82	68	29	24	25	27	31	34	37	41	57	79	82	82	82	81	81	81	79	78	76	75	72	68	65	61	56	52	48	45	43	42	41	41	40	39	37	35	34	32	32	32	32	32	33	34	36	37	38	42	49	53	52	48	43	39	36	35	37	44	39	40	39	38	46	49	49	50	50	42	34	33	37	40	44	47	47	48	48	48	50	51	52	50	46	44	43	45	47	49	51	54	56	56	54	53	53	52	49	48	46	41	36	34	35	35	35	38	43	49	51	54	57	59	60	59	54	51	43	55	55	53	53	55	59	61	62	61	57	55	52	50	47	42	37	34	34	37	41	44	48	53	61	77	83	83	83	83	83	83	84	84	84	84	84	84	84	84	83	83	83	84	82	76	65	57	56	55	57	57	57	57	56	57	57	57	57	57	57	56	57	57	58	57	57	57	57	56	56	56	57	57	57	57	56	57	57	57	57	57	57	57	57	57	57	57	57	57	58	57	57	57	57	57	58	58	58	58	57	58	58	58	58	58	58	58	58	58	58	57	57	57	57	57	58	57	57	58	57	55	57	58	58	58	58	58	58	58	59	59	59	58	58	58	58	58	58	58	57	57	57	57	57	57	57	56	56	57	56	56	56	56	56	56	56	56	56	56	56	56	56	56	56	56	56	56	56	56	56	56	56	56	56	56	56	56	56	56	55	54	55	55	55	55	55	55	55	54	55	54	51	54	54	55	55	55	55	55	55	55	55	55	55	55	55	55	55	54	54	54	54	54	54	54	53	53	54	55	70	83	82	83	83	83	83	83	83	83	83	83	83	83	83	83	83	83	83	83	83	83	83	83	83	83	83	83	83	83	83	83	83	83	84	84	83	84	84	84	83	83	83	83	83	83	83	83	83	83	83	83	83	83	83	83	83	84	84	84	84	84	83	83	83	83	83	83	83	83	83	83	83	83	83	83	83	83	83	83	83	83	83	83	83	83	83	84	84	84	84	84	84	83	83	83	83	83	84	84	84	83	83	83	84	84	84	84	84	84	84	83	84	84	83	83	83	83	84	84	84	84	84	84	84	84	83	83	83	83	83	83	83	83	83	83	84	84	84	84	84	83	83	84	83	83	83	83	83	83	83	83	83	83	83	84	84	83	83	83	84	84	84	84	84	84	84	84	84	84	84	84	83	83	83	83	83	83	83	83	83	83	83	83	83	83	83	83	83	83	83	83	83	83	83	83	83	83	83	83	83	83	83	83	83
83	83	83	83	83	83	83	83	83	83	83	83	83	83	83	83	83	83	83	83	83	83	84	84	83	83	83	83	83	83	83	83	84	84	84	84	83	83	83	83	83	84	83	83	83	83	83	83	83	83	83	83	83	83	83	83	83	83	83	83	83	83	83	83	84	84	83	83	83	84	84	84	84	83	83	83	83	83	83	83	84	83	81	80	80	83	83	83	83	83	83	83	83	82	82	81	80	78	72	44	36	39	41	43	45	48	51	58	66	71	72	72	72	71	71	69	66	60	54	49	46	43	42	41	42	41	40	38	36	34	33	33	31	31	31	32	34	36	37	38	38	38	37	37	38	37	42	51	50	48	43	38	36	35	34	34	42	39	37	39	36	33	34	35	37	40	36	32	30	30	32	35	37	37	37	37	43	50	51	50	44	41	40	42	42	42	43	43	44	47	49	53	54	54	55	55	53	50	48	46	47	48	46	42	42	42	41	42	45	48	48	51	54	56	55	49	49	57	56	59	56	53	51	51	52	55	59	62	62	59	57	55	52	48	41	32	31	36	51	75	83	83	83	84	83	83	83	83	83	83	83	83	83	83	83	83	83	83	80	71	61	57	57	57	57	57	57	57	57	57	57	57	56	57	57	57	56	57	57	58	58	57	57	57	57	56	57	57	57	57	57	57	57	57	57	57	57	57	57	57	57	57	58	58	58	58	58	58	57	57	58	58	58	58	58	57	57	57	57	58	58	58	58	58	58	58	58	58	58	58	58	58	58	58	58	58	58	58	58	58	58	59	59	59	58	59	59	59	58	58	58	58	58	58	58	57	57	57	57	57	57	57	57	57	57	56	56	56	56	56	56	56	56	56	56	56	56	56	56	56	56	56	56	56	56	56	56	56	56	56	56	56	56	56	55	55	55	55	56	55	55	55	55	55	55	54	54	50	52	54	55	56	55	55	55	55	55	55	55	55	55	55	55	55	54	54	54	54	54	54	54	53	54	54	54	62	81	83	83	83	83	83	83	83	83	83	83	83	83	83	83	83	83	83	83	82	83	83	83	82	83	83	83	83	83	83	83	83	83	84	84	83	83	83	83	83	83	83	83	83	83	83	83	83	83	83	83	83	83	83	83	83	83	84	83	83	83	84	83	83	83	83	83	83	83	83	83	83	83	83	83	83	83	83	83	83	83	83	83	83	83	83	84	84	84	84	84	83	83	83	83	83	83	83	84	84	84	84	84	83	83	83	83	83	83	84	83	84	84	83	83	83	84	84	83	83	83	83	83	84	84	83	83	83	83	83	83	83	83	83	84	83	83	83	83	83	83	83	83	83	83	83	83	83	83	83	83	83	83	83	83	83	83	83	83	84	84	84	84	84	84	84	84	84	84	84	83	83	83	83	83	83	83	83	83	83	83	83	83	83	83	83	83	83	83	83	83	83	83	83	83	83	83	83	83	83	83	83	83	83
83	83	83	83	83	83	83	83	83	83	83	83	83	83	83	83	83	83	83	83	83	83	83	83	83	83	83	83	83	83	83	83	83	84	84	83	83	83	83	83	83	83	83	83	83	83	83	83	83	83	83	84	83	83	83	83	83	83	83	83	83	83	83	83	83	83	83	83	83	84	84	84	84	84	83	83	83	83	83	83	83	79	67	57	60	70	71	78	79	78	77	76	74	71	69	68	65	62	55	47	44	44	46	46	41	42	52	63	67	66	63	60	57	55	53	50	47	44	42	41	39	39	37	35	34	33	33	32	32	34	35	35	35	36	36	36	36	37	37	37	37	37	37	36	36	36	40	47	47	44	40	37	34	32	33	33	39	39	34	38	33	30	30	31	33	34	32	29	25	24	25	26	27	29	29	28	36	45	45	37	28	27	29	32	34	36	39	40	42	46	47	47	48	48	46	42	42	43	45	49	54	56	56	55	54	52	50	50	51	52	52	52	51	51	52	51	43	55	56	60	62	62	62	61	58	55	51	50	51	56	60	62	62	59	56	54	55	59	66	76	81	82	83	84	83	83	83	83	82	83	83	83	83	83	83	83	82	76	65	58	56	57	57	57	57	57	57	57	57	57	57	57	56	57	57	57	57	57	57	57	57	57	57	57	57	57	57	57	57	57	57	57	57	57	57	57	57	58	58	58	58	58	58	58	58	58	58	58	58	58	58	58	58	58	58	57	57	57	58	58	58	58	58	58	58	58	58	58	58	58	58	57	57	58	58	58	58	58	58	58	58	59	59	59	59	59	59	59	59	58	58	58	58	58	58	57	57	57	57	57	57	57	57	57	57	56	56	56	56	56	56	56	56	56	56	56	56	56	56	56	56	56	56	56	56	56	56	56	56	56	56	56	56	55	55	55	56	56	56	55	55	55	55	55	55	55	54	50	47	49	52	53	54	55	55	55	55	55	55	55	55	55	55	55	55	55	55	55	54	54	54	54	54	53	54	56	74	84	83	83	83	83	83	83	83	83	83	83	83	83	83	83	83	83	83	83	83	83	83	83	83	83	83	83	83	83	83	83	83	84	84	83	83	83	83	83	83	83	83	83	83	83	83	83	83	83	83	83	83	83	83	83	83	83	83	83	83	84	84	84	84	84	83	83	83	83	83	83	83	83	83	83	83	83	83	83	83	83	83	83	83	83	84	84	84	83	83	83	83	83	83	83	83	83	83	83	84	84	84	83	83	83	83	83	83	84	83	84	84	84	84	84	84	84	83	83	83	83	83	84	84	83	83	83	83	83	83	83	83	83	84	83	83	83	83	83	83	83	83	83	83	83	83	83	83	83	83	83	83	83	83	83	83	83	83	84	84	84	84	84	84	84	84	84	84	84	83	83	83	83	83	83	83	83	83	83	83	83	83	83	83	83	83	83	83	83	83	83	83	83	83	83	83	83	83	83	83	83	83	83
83	83	83	83	83	83	83	83	83	83	83	83	83	83	83	83	83	83	83	84	83	83	83	83	83	83	83	83	83	83	83	83	83	83	83	83	83	83	83	83	83	83	83	83	83	83	83	83	83	83	83	83	83	83	83	83	83	83	83	83	83	82	83	83	83	83	83	83	83	83	83	82	81	81	79	79	78	77	76	75	74	63	45	41	45	63	59	60	64	63	63	62	62	62	62	61	59	58	53	49	47	49	50	49	37	42	53	54	51	47	44	42	41	40	39	39	36	35	34	33	32	33	33	33	34	35	35	36	36	37	37	37	36	36	36	35	35	36	36	36	36	35	35	35	34	34	37	43	45	43	40	35	31	30	32	32	35	39	33	37	32	30	29	30	33	34	33	29	27	25	26	27	29	31	31	31	35	39	38	33	29	28	27	27	27	28	28	27	28	33	39	41	42	40	38	38	39	40	41	46	52	53	54	55	56	56	56	56	55	55	54	52	51	51	52	49	42	51	55	55	58	59	62	63	63	63	63	61	58	55	51	50	51	57	61	63	61	59	56	58	62	68	73	77	80	82	82	83	83	83	83	83	84	84	83	81	72	61	57	57	57	57	57	57	57	57	57	57	57	57	57	57	57	57	57	57	57	57	57	57	57	57	57	57	57	57	57	57	57	57	57	57	57	57	58	58	58	58	58	58	58	58	58	58	58	58	58	58	58	58	58	58	58	58	58	58	57	58	58	58	58	58	58	58	58	58	58	58	58	58	57	57	57	57	58	58	58	58	58	58	58	58	58	59	59	59	59	59	59	58	58	58	58	58	58	57	57	58	57	57	57	57	57	57	57	57	56	56	56	56	56	56	56	57	56	56	56	56	56	56	56	57	56	56	56	56	56	56	56	56	56	56	56	56	56	56	56	56	56	56	55	55	55	55	54	55	54	53	51	54	54	53	53	52	52	53	54	54	54	55	55	55	55	55	55	55	55	55	55	54	54	54	53	54	55	56	65	82	83	83	83	83	83	83	83	83	83	83	83	83	83	83	83	83	83	83	83	83	83	83	83	83	83	84	83	83	83	83	83	84	83	83	83	83	83	83	83	83	83	83	83	83	83	83	83	83	83	83	84	84	84	84	84	84	84	84	84	83	83	83	83	83	83	83	83	83	83	83	83	83	83	83	83	83	83	83	83	83	83	83	84	84	84	84	84	84	84	83	83	84	84	83	83	84	83	83	84	84	84	83	83	83	83	83	83	84	84	84	84	84	84	84	84	84	84	83	84	84	84	84	84	84	84	84	84	83	83	83	83	83	83	83	83	84	83	83	83	83	83	83	83	83	84	84	84	84	84	84	84	83	83	83	83	83	83	84	84	84	84	84	84	83	83	83	83	83	83	83	83	83	83	84	83	83	83	83	83	83	83	83	83	83	83	84	83	83	83	83	83	83	83	83	84	84	83	83	83	83	83	83
83	83	83	83	83	83	83	83	83	83	83	83	83	83	83	83	83	83	83	84	83	83	83	83	83	83	83	83	83	83	83	83	84	83	83	83	83	83	83	83	83	83	83	83	83	83	83	83	83	83	83	83	83	83	83	83	83	83	81	81	80	80	79	78	76	76	75	74	72	70	70	69	68	66	65	64	63	60	58	58	52	41	33	32	34	41	47	50	55	54	54	57	55	55	55	54	53	53	53	53	49	51	52	52	44	41	42	41	40	39	38	37	35	33	33	32	32	32	33	34	35	36	37	38	38	37	37	37	36	36	36	35	35	35	35	35	35	35	35	35	34	34	33	33	32	31	35	41	42	42	39	34	29	30	32	32	33	38	32	35	30	27	26	27	28	30	32	29	27	27	26	28	30	35	31	28	29	29	28	27	29	30	30	30	31	32	31	31	30	31	35	35	34	33	29	28	30	32	36	44	49	50	51	51	51	52	53	54	55	55	56	55	53	53	50	42	33	46	54	51	52	51	50	52	56	60	62	64	64	64	63	61	57	52	48	48	53	60	66	68	66	64	61	59	62	64	70	75	78	80	82	82	83	82	76	66	58	56	56	57	57	57	57	57	57	57	57	57	57	57	58	58	57	57	57	57	57	57	57	57	57	57	57	57	57	57	57	57	57	57	57	57	57	58	58	58	58	58	58	58	58	58	58	58	58	58	58	58	58	58	58	58	58	58	58	58	58	58	58	58	58	58	59	58	58	58	58	58	58	58	58	59	56	57	58	58	58	58	58	58	58	58	59	59	59	59	59	59	59	59	59	58	58	58	58	58	57	58	57	57	57	57	57	57	57	57	56	56	57	56	56	56	57	57	56	56	56	56	56	56	56	57	56	56	56	56	56	56	56	56	56	56	56	56	56	55	56	56	55	56	55	55	55	55	54	55	54	54	52	55	55	56	56	56	56	56	55	54	53	52	52	52	52	53	54	55	55	55	55	55	55	54	53	53	54	55	57	77	83	83	83	83	83	83	83	83	83	83	83	83	83	83	83	83	83	83	83	83	83	83	83	83	83	84	83	83	83	83	83	84	83	83	83	83	83	83	83	83	83	83	84	83	83	83	83	83	83	83	83	84	84	84	84	83	83	83	83	83	83	83	83	83	83	83	83	83	83	83	83	83	83	83	83	83	83	83	83	83	83	83	83	83	83	83	83	83	83	83	83	83	83	83	83	84	83	83	83	83	83	83	83	83	83	83	83	84	83	84	84	84	84	84	84	84	83	83	83	83	83	83	83	83	84	84	83	83	83	83	83	83	83	83	83	83	83	83	83	83	83	83	83	83	83	83	83	83	83	83	83	83	83	83	83	83	83	84	84	84	84	84	84	83	83	83	83	83	83	83	83	83	83	84	83	83	84	83	83	83	83	83	83	83	83	83	83	83	83	83	83	83	83	83	84	84	83	83	83	83	83	83
83	83	83	83	83	82	82	82	82	82	83	83	83	83	83	83	83	83	83	83	83	83	83	84	83	83	83	83	83	83	83	83	83	83	83	83	83	83	83	83	83	83	83	83	83	83	83	83	82	82	81	79	78	76	74	72	70	69	67	65	63	61	60	59	58	58	59	59	57	55	56	56	56	56	57	57	58	56	51	49	40	28	25	26	26	28	32	35	39	43	47	52	52	52	52	52	52	52	53	53	50	49	53	51	46	37	36	35	34	33	34	35	35	34	35	36	36	36	37	36	36	36	37	37	37	36	36	36	35	35	34	34	33	32	32	32	32	32	32	32	32	32	32	32	32	31	34	37	38	38	37	33	29	29	29	30	30	36	30	33	28	24	25	25	24	24	26	27	24	24	24	24	26	28	29	30	29	28	27	27	27	27	28	28	29	29	30	30	31	31	35	37	37	35	33	31	29	28	29	35	43	44	45	46	46	47	49	50	48	44	46	47	49	52	55	53	42	43	52	51	49	46	44	44	45	46	47	50	54	57	61	63	65	64	62	58	54	50	50	54	61	66	70	70	68	64	59	59	61	65	69	71	73	73	66	59	56	56	55	56	56	55	55	56	56	56	57	57	57	57	58	58	57	57	57	57	57	57	57	57	57	57	57	58	58	58	58	58	58	57	57	57	58	58	58	58	58	58	58	58	58	58	58	58	58	59	59	59	59	58	58	59	59	59	58	59	59	58	58	59	59	58	59	58	58	58	58	58	58	58	58	59	58	57	58	58	58	59	59	59	58	59	59	59	58	58	58	58	59	59	59	59	59	59	58	58	58	58	57	57	57	57	57	57	57	57	57	57	57	56	56	56	57	57	56	56	56	56	56	56	56	56	56	56	56	56	56	56	56	56	56	56	56	56	56	56	55	55	55	56	55	55	55	55	54	54	54	54	53	54	54	55	56	56	56	56	56	56	56	56	56	55	54	54	52	51	51	51	51	52	53	54	55	54	55	55	56	68	83	83	83	83	83	83	83	83	83	83	83	83	83	83	83	83	83	83	83	83	83	83	83	83	83	83	83	83	83	83	83	83	83	83	83	83	83	83	83	83	83	83	83	83	83	83	83	83	83	83	83	83	83	83	83	83	83	83	83	83	83	83	84	84	84	84	84	84	84	84	83	83	83	83	83	84	84	84	83	83	83	83	83	83	83	83	83	83	83	83	83	83	83	83	83	84	84	84	84	83	83	84	84	84	84	84	84	84	83	83	83	83	84	84	83	83	83	83	83	83	83	83	83	83	83	83	83	83	83	83	83	83	83	83	83	83	83	83	83	83	83	83	83	83	83	83	83	83	83	83	83	83	83	83	83	83	83	83	83	83	84	84	84	84	84	84	84	83	83	83	83	84	84	84	83	84	84	83	83	83	83	83	83	83	83	83	83	83	83	83	83	83	83	83	84	84	83	83	83	83	83	83
83	83	83	83	83	83	83	83	83	83	83	83	83	83	83	83	83	83	83	83	83	83	83	83	83	83	83	83	83	83	83	83	83	82	83	83	83	83	83	83	82	81	80	79	77	74	72	69	67	65	62	60	59	57	56	55	55	55	54	54	54	54	53	53	53	53	54	57	57	54	52	53	52	52	53	55	56	54	49	45	38	24	20	21	23	24	25	28	34	41	45	50	51	51	51	51	52	52	52	52	50	46	51	50	47	36	34	35	36	37	38	38	37	36	37	37	36	36	36	36	35	35	35	35	35	35	35	34	33	33	32	32	31	29	29	30	32	32	32	32	32	31	31	30	30	30	31	32	35	33	29	27	27	26	25	25	26	33	28	31	27	14	11	11	11	11	11	13	11	11	12	12	14	17	20	20	22	20	20	21	22	23	23	23	24	26	28	29	29	29	31	34	35	36	33	29	27	28	30	35	42	44	46	46	45	45	44	40	34	35	39	42	43	44	45	46	41	43	48	50	57	55	52	49	47	46	46	46	44	44	45	49	52	55	58	61	63	63	61	56	53	51	51	55	63	70	73	71	67	63	61	60	62	63	65	65	64	64	64	64	65	64	62	60	58	57	56	56	57	57	58	58	57	58	58	58	58	57	57	57	58	58	58	58	58	58	58	59	58	58	58	58	58	58	58	58	58	58	58	59	59	59	59	58	59	59	59	59	59	59	59	59	59	59	59	59	59	59	59	59	59	58	59	59	58	58	59	58	58	58	58	58	58	58	58	58	59	59	59	59	58	58	59	59	58	58	59	59	58	58	58	58	59	59	58	58	58	58	58	58	57	57	57	57	57	57	57	57	56	56	57	57	57	57	56	56	56	56	56	56	56	56	56	56	56	56	56	56	56	56	56	56	56	56	56	56	56	56	56	56	55	55	55	55	55	54	54	54	54	53	55	54	56	56	56	56	56	56	57	57	56	56	57	57	57	57	56	54	53	51	49	50	50	50	51	52	55	60	79	83	83	83	83	83	83	83	83	83	83	83	83	83	83	83	83	83	83	83	83	83	83	84	84	83	83	83	84	83	83	83	83	83	84	83	83	83	83	83	83	83	83	83	83	83	83	83	83	83	83	84	84	83	83	83	84	84	83	83	83	83	84	84	83	83	84	84	84	84	84	84	84	84	84	84	84	84	84	83	83	83	83	83	83	83	83	84	84	84	84	84	84	83	83	84	84	84	84	84	84	84	84	84	84	84	84	84	84	84	83	83	83	83	83	84	84	84	84	84	83	83	83	83	83	83	83	83	83	83	83	83	83	83	83	83	83	83	83	83	83	83	83	84	84	84	83	83	83	83	83	83	84	84	84	84	84	83	83	83	83	83	83	84	84	84	84	84	84	83	83	84	84	84	84	84	84	83	83	83	83	83	83	84	83	83	83	83	84	84	83	83	83	83	83	83	83	84	84	84	84	84
84	83	83	83	83	83	83	83	83	84	83	83	83	83	83	82	82	83	83	83	83	83	83	83	83	83	83	83	83	83	83	82	82	81	80	79	77	74	70	67	64	61	60	58	57	55	55	55	54	53	52	52	52	52	52	52	53	52	52	51	51	51	51	51	51	51	51	54	56	53	50	51	50	49	50	53	54	53	50	44	41	35	25	20	21	24	28	34	41	43	44	49	51	50	51	51	51	51	51	50	50	45	48	49	48	38	37	37	38	38	37	36	35	34	34	34	34	34	34	34	32	32	32	32	32	32	33	32	32	32	32	32	31	31	30	30	31	31	30	30	30	29	29	28	27	26	25	25	24	20	17	16	15	14	13	13	18	30	26	28	26	11	10	12	12	11	11	11	11	11	12	12	12	13	13	15	16	14	11	11	12	12	12	12	12	13	15	17	19	21	25	32	33	33	32	29	28	28	29	31	34	33	35	37	39	42	43	36	31	31	32	34	35	35	37	37	32	39	44	45	52	54	55	56	56	56	54	52	49	46	45	44	44	43	43	43	46	50	54	57	59	60	59	55	50	48	53	59	65	70	72	68	63	61	60	60	62	63	63	64	65	65	66	66	67	67	65	63	61	59	58	58	57	58	58	58	58	58	57	57	57	57	57	57	57	58	58	58	58	58	58	58	59	59	58	58	59	59	59	59	59	60	59	59	59	59	59	59	59	59	59	59	59	59	59	59	59	59	59	59	59	59	59	59	59	59	59	58	58	58	58	58	58	58	58	58	59	59	59	59	59	59	59	59	58	58	59	59	58	58	58	58	59	59	58	58	58	58	58	58	58	58	57	57	57	57	57	57	56	56	57	57	57	56	56	56	56	56	56	56	56	56	56	56	56	56	56	56	56	56	56	56	56	56	56	56	56	56	56	56	55	55	55	55	55	55	55	54	55	53	55	54	55	56	57	56	56	56	56	56	56	56	56	56	57	56	56	56	57	56	56	55	54	53	51	49	47	50	68	83	83	83	83	83	83	83	83	83	83	83	83	83	83	83	83	83	83	83	83	83	83	84	84	83	83	83	84	83	83	83	83	83	84	83	83	83	83	83	83	83	83	83	83	83	83	83	83	83	83	83	83	83	83	83	84	83	83	84	84	83	83	83	83	83	83	83	83	84	83	83	84	84	84	84	84	84	84	83	83	83	83	83	83	83	83	84	84	84	84	84	83	83	83	83	84	84	84	83	84	84	84	84	84	84	84	84	83	83	83	83	83	83	83	83	83	83	84	84	83	83	83	83	83	83	83	83	83	83	83	83	83	83	83	83	83	83	83	83	83	83	83	83	84	84	83	83	83	83	83	83	83	83	83	83	83	83	82	83	84	84	83	83	83	84	84	84	84	83	83	84	84	84	84	84	84	83	83	83	84	84	84	84	83	83	83	83	84	84	83	83	83	83	83	83	83	84	84	84	84	84
84	83	83	83	83	83	83	83	83	83	83	83	83	83	83	82	82	82	83	83	83	83	83	83	83	83	82	80	78	75	72	69	66	63	61	59	57	55	54	53	52	52	53	53	53	53	52	52	52	51	51	51	50	50	51	51	51	51	50	50	50	49	49	49	49	49	49	50	54	57	50	49	49	48	49	51	53	53	51	47	46	44	41	40	39	39	40	40	42	44	44	46	49	49	49	49	49	49	49	49	49	44	45	46	46	39	35	36	34	33	33	33	33	33	33	32	33	31	31	31	31	31	31	32	32	32	32	31	31	31	31	30	30	32	32	28	27	27	26	25	23	22	20	18	17	16	14	13	12	10	11	10	9	9	10	10	14	28	25	26	25	11	11	13	13	12	13	14	13	14	15	17	17	17	15	16	17	16	13	13	13	13	12	11	11	11	10	10	10	11	13	17	21	25	28	25	21	22	23	26	32	32	31	32	33	32	32	32	32	33	35	37	36	35	34	33	28	38	42	41	46	46	46	48	50	51	53	54	55	52	50	49	48	48	47	46	44	43	42	42	43	47	52	53	50	50	54	53	52	52	56	61	68	72	71	67	61	58	59	61	62	62	62	62	63	65	65	66	66	65	64	63	62	61	60	59	59	59	58	58	58	58	57	57	57	57	58	58	58	58	58	58	58	58	58	58	59	59	59	59	59	59	59	59	59	59	59	59	59	59	59	59	59	59	59	60	59	59	59	59	59	59	59	59	59	59	59	58	58	58	58	59	58	58	59	59	59	59	59	59	59	59	59	59	58	59	59	59	58	58	58	58	58	59	58	58	58	58	58	58	58	58	57	57	57	57	57	57	56	56	57	56	56	57	57	57	56	56	56	56	56	56	56	56	56	56	56	56	56	56	56	56	56	56	56	56	56	56	56	56	55	55	55	55	55	54	54	54	54	53	54	54	55	55	56	56	56	57	56	56	56	56	56	56	56	56	56	56	56	56	56	56	56	56	55	54	53	54	60	80	83	83	83	83	83	83	83	83	83	83	83	83	83	83	83	83	83	83	83	83	83	84	84	84	84	83	83	83	83	83	83	83	83	83	83	83	83	83	83	83	84	84	84	83	83	83	83	83	83	84	84	84	84	84	84	84	84	84	84	84	83	83	83	83	84	83	83	84	83	83	83	84	84	84	84	84	84	84	84	83	83	83	84	84	84	84	84	84	83	83	83	83	83	83	83	83	84	84	84	84	84	84	84	83	83	83	83	83	83	83	84	83	83	83	83	83	83	83	83	83	83	83	83	83	83	83	83	83	83	83	83	83	83	84	84	83	83	83	82	83	83	84	83	83	83	82	80	77	72	66	62	58	57	57	60	66	71	76	81	83	83	83	83	84	84	84	83	83	83	84	84	84	84	84	84	84	84	84	84	84	84	83	83	83	83	83	84	83	83	83	83	83	83	83	83	83	83	84	84	84
84	83	83	84	83	83	83	83	83	83	83	83	83	82	82	82	82	82	82	82	81	79	77	75	70	67	63	60	57	56	55	53	51	51	52	51	52	51	51	51	50	50	50	50	50	49	49	49	49	49	48	48	47	47	47	46	46	46	46	46	46	45	46	45	45	45	46	47	51	55	51	48	49	48	49	50	53	53	53	49	48	46	44	50	62	62	59	55	46	42	43	44	48	48	48	48	47	47	47	47	47	44	42	45	44	40	33	33	33	31	32	33	33	31	30	31	30	30	29	30	30	29	29	30	29	29	29	28	27	27	26	24	23	21	21	19	18	17	16	16	15	15	15	15	14	14	14	12	11	10	9	7	7	7	7	7	12	25	24	25	25	11	7	6	6	6	6	7	7	7	7	9	11	11	9	8	11	12	12	13	14	14	14	15	15	14	14	12	12	12	11	11	11	13	20	23	17	15	14	16	20	23	24	27	28	29	30	31	32	33	34	36	36	36	37	34	28	37	39	38	41	43	42	42	43	44	44	46	48	50	52	53	54	56	57	56	56	54	52	48	41	36	35	34	35	38	43	48	52	54	54	53	51	52	57	63	69	70	66	60	57	60	61	60	60	62	62	64	64	64	65	65	65	64	64	63	62	61	60	60	59	58	58	58	58	58	58	58	58	58	58	58	58	58	58	57	58	58	59	59	59	59	59	59	59	59	59	59	59	59	59	59	59	59	59	60	60	60	59	59	59	60	60	59	59	59	58	58	58	58	58	58	59	59	59	59	59	59	59	59	59	59	59	59	59	59	59	59	59	59	59	59	58	59	58	58	58	58	58	58	58	58	58	57	57	57	57	57	56	56	57	56	57	57	57	57	56	56	56	56	56	56	56	56	56	56	56	56	56	56	56	56	56	56	56	56	56	56	56	56	56	56	56	55	55	55	55	55	51	50	51	53	54	55	56	56	56	57	56	56	56	56	56	56	56	56	56	56	56	56	56	56	56	56	55	54	54	55	56	73	84	83	83	83	83	83	83	83	83	83	83	83	83	83	83	83	83	83	83	83	83	83	83	84	84	83	83	83	83	83	83	83	83	83	83	83	83	83	83	83	84	84	84	84	84	84	84	84	84	83	84	84	84	84	84	84	84	84	84	84	84	84	84	84	84	84	84	84	83	83	83	84	84	84	84	84	84	84	84	83	83	83	84	84	84	84	84	84	83	83	83	83	83	83	83	83	84	84	84	84	84	84	84	83	83	83	83	81	81	81	82	83	83	83	83	84	83	83	83	83	83	83	83	83	83	83	83	83	83	83	84	84	83	84	84	83	83	83	83	83	84	83	80	75	67	56	44	36	30	25	23	22	22	22	24	26	29	34	45	58	72	80	83	83	83	83	83	83	83	84	84	84	84	84	84	84	84	84	84	84	84	83	83	84	84	83	84	83	83	83	83	83	83	83	83	83	83	84	84	84
84	83	84	84	84	83	83	83	83	83	83	83	82	82	80	79	76	72	68	65	61	58	56	55	53	52	51	50	50	50	50	50	50	49	49	48	48	48	48	48	48	47	48	48	47	47	47	47	47	46	46	45	45	46	46	46	46	45	45	45	45	45	46	46	46	46	46	47	49	52	50	48	48	48	49	49	52	53	54	49	43	41	43	50	67	71	69	66	58	43	41	42	45	45	45	45	45	45	45	45	44	43	40	43	42	40	32	31	31	30	31	34	34	32	28	28	28	28	27	27	27	26	25	24	23	21	19	19	18	17	17	16	16	15	15	15	15	15	16	15	15	15	14	14	13	13	12	11	10	9	8	7	6	5	5	6	9	23	23	23	24	10	6	5	6	6	6	6	5	5	5	8	9	10	8	6	8	8	7	6	6	6	6	7	7	8	8	9	11	13	14	15	15	14	13	21	19	14	13	14	16	19	20	20	21	21	21	22	25	27	30	33	36	37	38	33	29	36	37	36	33	33	33	34	37	38	40	41	42	44	46	48	48	51	54	54	55	54	54	55	55	53	47	38	32	30	32	33	36	40	45	50	51	50	48	47	48	52	59	66	65	58	60	62	61	61	62	62	62	62	62	63	64	64	64	64	64	65	64	63	62	60	59	59	58	58	59	58	58	58	58	58	58	58	58	57	57	58	58	58	58	58	59	59	59	59	59	59	59	59	59	59	59	59	59	60	60	60	60	60	60	60	60	60	60	60	57	58	59	59	59	59	59	59	59	59	59	59	59	59	59	59	59	59	59	59	59	59	59	59	59	59	58	59	58	58	58	58	59	58	58	58	58	58	58	57	57	57	56	56	57	57	57	57	57	57	56	56	56	56	56	56	57	56	56	56	56	56	56	56	56	56	56	56	56	56	56	56	56	56	56	56	56	55	55	55	54	55	55	53	52	53	53	55	56	56	56	56	56	56	56	56	56	56	56	56	56	56	56	56	56	56	56	56	55	55	55	55	55	64	82	83	83	83	83	83	83	83	83	83	83	83	83	83	83	83	83	83	82	82	83	83	83	83	83	83	83	83	83	83	83	83	83	83	83	83	83	83	83	83	84	84	84	83	83	84	84	84	83	83	83	84	84	83	84	84	84	84	84	84	83	83	84	84	84	84	84	84	83	83	83	84	84	84	84	84	84	84	84	83	83	83	83	83	83	83	83	83	83	83	83	83	83	83	83	83	84	84	84	84	84	84	83	83	83	83	77	67	64	64	66	68	71	76	78	80	81	82	83	83	83	83	83	82	83	83	83	83	83	83	84	84	83	83	84	84	83	83	81	76	68	57	45	34	25	20	17	17	17	17	16	16	16	17	18	18	18	18	19	23	32	46	64	79	83	83	83	83	83	83	83	83	84	84	84	83	83	84	84	84	84	83	83	83	84	83	84	83	83	83	83	83	83	83	83	83	83	84	84	84
84	83	83	83	84	83	82	82	81	79	77	73	68	63	58	55	52	50	50	50	49	49	48	47	47	47	47	46	46	46	46	46	46	46	46	45	45	45	45	45	45	45	45	45	45	44	44	45	44	45	44	44	45	45	45	45	44	44	45	45	45	45	45	45	45	45	45	45	48	51	49	45	45	45	46	48	52	53	54	49	38	38	42	47	65	73	72	69	61	49	40	41	43	43	43	43	43	43	43	43	42	42	37	39	39	39	30	27	27	27	25	28	29	28	24	22	22	20	19	17	16	16	15	15	15	15	15	15	15	15	15	15	15	15	14	13	13	13	13	12	12	12	12	12	12	12	12	12	11	9	9	7	5	6	7	8	9	22	22	22	23	11	6	5	7	7	7	6	5	6	6	7	8	9	11	13	10	8	6	6	5	5	5	5	5	5	6	5	6	7	8	9	9	8	9	12	16	16	16	15	18	19	21	20	20	19	19	20	21	21	20	21	26	29	31	28	29	35	35	34	30	28	28	28	30	31	31	31	32	33	34	38	37	35	35	35	36	39	45	52	56	55	55	55	54	50	44	36	33	33	35	40	42	45	46	49	52	50	48	48	51	56	57	60	67	63	61	61	60	60	61	61	62	63	63	63	64	64	65	65	65	64	64	62	61	59	59	58	58	58	59	58	58	58	58	58	57	57	58	58	58	58	58	59	59	59	59	59	59	59	59	59	59	59	59	60	60	60	60	60	60	60	61	61	61	61	60	60	60	60	60	60	60	60	59	58	59	59	59	59	59	59	59	59	59	59	59	59	59	59	59	59	59	59	59	58	58	59	59	59	58	58	58	58	58	57	57	57	56	56	57	57	57	57	57	57	57	56	56	56	56	56	56	56	56	56	56	57	56	56	56	56	56	56	56	56	56	56	56	56	56	56	56	56	55	55	55	54	55	56	53	54	55	55	56	56	56	56	56	56	56	56	56	56	56	56	56	56	56	56	56	56	56	56	56	56	55	54	55	57	76	83	83	83	83	83	83	83	83	84	83	83	83	83	83	84	84	84	84	83	84	84	83	83	83	83	83	83	83	83	83	83	83	83	84	84	84	84	84	84	84	84	83	83	83	83	83	83	83	83	83	84	84	84	84	84	84	84	84	84	83	83	84	84	84	83	83	84	84	84	84	84	84	84	84	84	84	84	84	84	84	83	84	84	84	84	84	84	84	84	84	84	84	84	84	84	84	84	84	83	83	83	84	83	82	75	60	55	56	57	58	58	59	60	62	64	65	68	72	74	77	80	81	82	83	83	83	83	83	83	83	83	83	83	81	77	70	58	45	34	25	20	17	16	16	16	15	14	15	15	15	15	16	16	17	17	17	17	18	19	18	19	26	44	65	79	82	83	84	83	83	83	83	83	83	83	83	83	84	84	84	83	83	83	83	83	84	84	84	83	83	83	83	83	83	83	83	83	84	84
83	83	81	78	76	74	70	66	61	56	51	48	45	44	44	43	43	43	43	44	43	44	44	44	43	43	43	43	42	42	43	43	43	43	43	43	43	43	43	42	43	43	43	43	43	42	42	42	42	43	43	43	43	43	43	43	43	43	43	43	43	43	43	43	43	43	44	44	46	48	47	44	44	43	43	43	47	49	50	48	38	38	41	46	59	67	60	49	41	46	41	39	41	42	41	41	41	41	41	40	40	39	35	36	37	37	29	20	19	19	17	15	14	14	15	14	13	12	12	12	13	14	14	14	15	14	13	13	13	13	13	13	13	12	12	12	12	12	11	11	12	11	12	12	12	11	10	10	9	8	8	7	7	8	10	10	9	20	22	20	22	10	6	5	6	6	6	5	6	6	6	6	9	9	7	9	11	13	7	4	5	5	5	5	4	5	5	5	6	6	6	6	5	7	8	10	11	11	11	11	14	19	19	19	19	20	21	21	21	21	20	20	22	23	22	19	29	32	31	28	28	26	27	28	27	26	26	27	29	30	29	29	28	25	23	25	27	34	42	45	44	38	39	43	47	50	52	53	51	46	38	35	35	37	38	38	42	48	51	52	51	49	48	45	58	66	65	64	62	60	60	61	62	61	61	62	62	63	63	64	64	64	64	64	63	63	62	61	61	59	58	58	58	58	58	58	58	58	57	57	57	57	58	58	58	58	58	58	58	59	58	59	59	59	59	59	59	59	60	60	60	60	60	61	62	61	61	61	61	61	61	60	60	60	60	58	56	58	59	59	59	59	60	60	60	59	59	59	59	59	59	59	59	59	59	59	59	59	59	59	58	58	58	58	58	58	57	57	56	56	57	57	57	57	56	56	57	56	56	56	56	56	56	57	56	56	56	57	56	56	56	56	56	56	56	56	56	56	56	56	56	56	56	55	55	55	54	54	54	55	54	52	55	56	56	56	56	56	56	56	56	56	56	56	56	56	56	56	56	56	57	56	56	56	56	56	55	55	55	56	68	82	83	83	84	84	83	83	83	84	83	83	83	83	84	84	84	84	84	84	84	84	83	83	83	83	83	83	83	83	83	83	84	83	84	84	84	84	84	84	84	84	83	83	83	83	83	83	83	84	84	84	84	84	84	84	84	84	84	84	83	84	84	84	84	83	83	84	84	84	84	84	84	84	83	83	83	83	83	84	84	84	84	84	84	84	84	84	84	84	84	84	84	84	84	84	84	84	84	83	83	83	83	83	79	52	41	47	51	55	57	58	58	57	57	57	57	57	57	57	57	60	63	65	68	73	76	79	81	83	81	78	70	59	46	35	26	21	18	17	16	16	16	16	15	15	15	15	14	15	14	14	15	16	16	16	16	16	16	17	17	17	19	22	29	48	71	82	83	83	83	83	83	83	83	83	83	83	84	84	84	84	84	83	83	83	84	84	84	84	84	84	84	84	83	83	83	83	84	84
83	83	80	67	49	37	33	34	35	35	34	34	35	35	35	36	36	36	37	38	38	39	38	38	38	38	38	38	38	38	38	39	39	39	39	40	40	40	40	40	40	40	41	41	41	40	40	41	40	41	41	41	41	40	41	41	41	41	41	41	41	41	42	42	42	42	42	42	43	46	46	42	42	42	41	41	44	46	46	45	37	35	34	31	29	29	24	18	16	26	38	38	39	40	40	40	39	39	39	39	38	37	35	34	36	36	30	17	14	12	12	12	11	12	15	12	12	11	11	10	11	11	10	10	9	9	9	9	10	10	10	10	11	10	11	11	11	11	11	11	11	11	11	10	10	10	9	9	8	8	8	7	8	8	9	9	9	18	20	19	22	11	8	6	7	9	9	7	6	7	7	8	11	11	7	5	6	9	8	5	5	4	4	5	4	5	5	5	6	6	6	6	7	9	10	11	10	10	10	10	10	14	13	12	14	15	16	17	18	19	20	20	21	20	19	21	29	31	25	17	14	12	12	15	19	21	24	26	28	28	27	28	29	30	30	28	27	27	26	26	29	31	34	35	36	39	43	47	50	52	55	53	48	43	37	32	32	35	38	42	48	53	55	53	48	60	63	63	67	66	63	62	62	62	62	62	62	62	62	62	62	63	63	63	62	62	63	63	63	63	62	61	60	58	58	57	57	58	58	58	57	58	58	58	58	58	58	58	58	57	58	58	58	58	58	59	59	59	59	59	60	60	60	60	61	61	61	61	61	61	61	61	61	61	60	60	58	58	59	60	60	60	60	60	60	60	60	60	60	59	59	59	59	59	59	59	59	59	59	59	58	58	58	58	58	58	57	57	57	57	57	57	57	57	56	57	57	56	56	56	56	56	56	56	56	56	56	56	56	56	56	56	56	57	57	56	56	56	56	56	56	56	56	56	56	56	55	54	54	55	55	52	55	55	56	56	56	56	56	56	56	57	57	57	57	57	57	57	57	56	57	56	56	56	56	56	56	55	55	56	61	79	83	83	84	84	83	83	83	84	83	83	83	83	83	83	83	84	84	83	83	83	83	83	83	83	83	83	83	83	83	83	84	83	84	84	84	84	84	84	84	84	83	83	83	83	83	83	83	84	84	84	84	84	84	84	84	84	84	84	83	84	84	84	84	83	83	84	84	84	84	84	84	84	83	83	83	83	83	84	84	84	84	84	84	84	84	84	84	84	84	84	84	84	84	84	84	84	84	83	83	83	82	81	62	32	29	31	36	41	46	50	52	54	56	56	56	56	56	55	53	52	53	53	54	54	55	56	56	52	44	34	26	21	18	18	18	17	16	16	15	15	15	16	15	14	14	14	13	14	14	14	14	15	15	15	15	15	16	16	16	17	18	18	18	21	32	56	77	83	83	83	83	83	83	83	83	83	84	84	84	84	84	83	83	83	84	84	84	84	84	84	84	84	83	83	83	83	84	84
83	83	82	82	80	68	48	29	21	20	21	21	21	23	24	26	27	29	30	30	31	31	32	32	33	33	33	34	34	34	34	35	35	36	36	36	36	36	37	37	37	37	38	38	38	38	38	38	38	38	39	39	39	39	39	39	39	39	39	39	39	39	39	39	39	40	40	40	42	44	44	41	40	40	40	40	42	44	44	42	34	25	20	19	19	22	21	16	16	20	33	37	38	38	38	38	38	38	37	37	37	36	35	33	32	33	32	18	11	10	10	10	9	8	9	10	10	10	10	10	10	10	10	9	8	8	8	8	8	8	9	8	8	8	8	8	8	8	8	8	9	9	9	9	9	9	9	9	9	8	8	7	9	9	8	8	9	17	20	18	21	10	7	6	7	9	9	9	6	6	6	9	11	12	8	6	5	6	5	5	5	4	4	4	5	4	5	5	6	7	7	8	9	11	11	11	11	10	9	9	9	10	11	11	14	14	13	14	13	12	12	13	14	14	16	25	29	28	20	15	13	12	11	9	10	10	11	13	16	19	23	25	29	32	34	32	30	29	30	30	27	26	26	27	30	32	35	37	41	44	49	52	56	57	54	48	39	33	31	32	35	37	43	51	51	53	61	61	63	63	64	67	67	66	63	63	63	63	63	62	62	62	62	62	61	61	62	62	62	62	62	62	62	62	61	60	59	59	58	58	57	57	57	57	58	58	58	58	58	56	60	53	51	54	57	57	58	58	59	59	59	60	60	60	60	61	60	61	61	61	62	61	61	61	61	61	61	60	60	60	60	60	60	60	60	60	60	60	60	60	60	59	59	59	59	59	59	59	59	59	58	59	59	59	58	58	58	57	57	57	57	57	56	57	57	57	56	56	56	57	57	57	56	56	56	56	56	56	56	56	57	57	56	56	57	56	56	56	56	56	56	56	56	56	56	56	56	54	54	55	55	53	54	55	56	56	56	56	57	57	57	57	56	57	56	57	57	57	57	57	57	56	56	56	56	56	56	55	55	56	56	70	83	83	83	83	83	83	83	84	84	83	83	83	83	84	84	83	83	83	83	84	84	83	83	83	83	83	83	83	83	83	83	83	84	84	84	83	83	83	84	84	84	84	84	83	83	83	84	84	84	84	84	84	84	84	84	83	84	84	84	84	83	83	83	84	84	84	84	84	84	83	83	83	83	83	83	83	83	83	83	83	84	84	83	83	83	84	84	84	84	84	83	84	84	84	84	84	83	83	83	83	82	72	38	27	25	20	21	24	27	31	32	37	41	43	46	49	51	51	51	52	53	54	54	53	47	35	26	20	17	15	15	16	17	16	16	17	16	16	16	16	15	15	14	14	14	13	13	14	14	14	14	14	14	15	14	15	14	15	15	16	16	16	16	17	18	24	42	68	82	84	83	83	83	84	84	84	83	83	84	84	84	84	84	84	84	84	84	84	84	84	84	84	84	84	84	84	84	84
84	83	83	83	83	83	81	74	58	38	22	15	15	16	18	19	20	21	23	24	24	25	26	27	27	28	28	29	29	30	30	30	31	32	32	32	32	33	33	33	34	34	34	34	34	35	35	35	36	36	37	37	36	36	36	37	37	37	37	37	38	38	38	38	38	39	38	38	40	42	42	40	39	39	39	39	40	41	41	41	33	25	24	26	30	35	39	37	35	35	36	36	36	37	37	37	37	36	37	36	36	35	35	35	32	33	34	28	13	9	8	10	11	9	7	8	9	9	9	9	9	9	9	8	8	8	8	8	7	7	7	8	7	7	7	7	7	7	7	7	7	8	9	9	9	9	9	9	9	8	8	6	6	7	7	8	10	15	20	18	20	9	5	5	6	5	5	5	5	5	6	8	9	9	6	5	5	5	4	4	5	4	4	4	5	5	5	5	5	6	8	9	10	10	10	10	11	9	8	8	7	7	10	10	12	14	13	11	9	8	10	11	14	14	19	26	27	23	12	9	9	11	12	13	13	13	12	11	10	10	12	15	19	22	25	28	31	35	33	29	30	30	30	29	28	27	28	30	30	33	36	41	48	52	55	56	54	50	45	39	33	30	32	36	43	44	57	60	61	62	60	64	65	67	66	65	65	65	65	65	64	63	62	62	62	61	62	62	62	61	61	62	62	62	62	62	62	62	61	61	60	59	59	58	57	57	57	57	57	57	57	55	49	49	48	47	49	52	56	59	58	59	59	59	59	60	60	60	61	61	61	61	61	61	61	61	60	60	60	60	60	60	60	60	60	60	60	60	60	60	60	60	60	60	60	60	60	60	60	59	59	59	59	59	58	59	58	58	57	57	57	57	57	57	57	57	56	56	56	57	57	57	56	56	56	56	56	56	56	56	57	57	57	57	57	57	56	56	56	56	56	56	56	56	56	56	56	55	54	55	55	54	54	56	56	56	57	57	57	57	57	57	56	57	56	57	57	57	57	57	57	56	56	56	56	57	56	55	55	55	56	63	82	84	83	83	83	83	83	83	83	83	83	83	83	83	83	83	83	83	83	84	84	83	83	83	83	83	83	83	83	83	83	83	83	83	83	83	83	83	84	84	84	84	84	83	83	83	84	84	84	84	84	84	84	84	84	83	84	84	84	84	83	83	83	84	84	84	84	84	84	83	83	83	83	83	83	83	83	83	83	83	84	84	83	83	83	84	84	84	84	84	84	84	84	84	84	84	83	83	83	83	79	51	29	28	22	18	17	16	17	18	19	20	21	24	26	28	31	33	34	36	39	42	45	47	48	45	39	32	28	24	20	17	16	15	14	14	14	14	14	15	15	14	14	14	14	14	14	14	14	14	14	14	14	15	14	14	14	15	14	14	14	15	15	16	16	16	19	32	58	78	83	84	83	84	84	84	83	83	84	84	84	84	84	84	84	84	84	84	84	84	84	84	84	84	85	84	84	84
84	84	83	83	83	83	83	83	83	80	68	48	28	17	14	15	15	16	17	19	20	20	21	22	23	23	23	24	25	26	26	26	28	28	28	29	29	29	30	30	30	30	31	32	31	32	32	33	33	33	34	34	34	34	34	34	34	35	35	35	35	35	35	36	37	37	37	37	37	39	40	39	39	38	38	39	39	40	40	39	34	31	28	26	25	24	28	33	36	36	36	35	35	36	36	36	36	36	36	36	35	35	35	35	34	33	35	35	29	20	15	12	10	10	9	9	9	9	9	9	8	8	8	8	8	7	7	7	7	7	7	7	6	6	7	7	6	7	7	7	7	7	7	8	9	9	9	9	9	8	8	7	6	7	7	6	8	14	19	17	19	9	5	5	5	5	5	6	5	6	6	7	8	10	6	4	4	4	4	4	4	4	4	4	4	5	5	5	5	6	9	9	10	10	11	11	10	9	7	7	7	7	9	10	10	12	11	9	7	7	8	9	11	15	22	25	25	14	7	6	5	5	6	6	7	9	12	13	13	13	13	13	13	13	14	16	22	25	26	26	26	26	27	29	31	32	30	29	27	27	28	30	36	40	44	47	49	52	53	53	51	46	39	36	37	37	52	57	58	59	59	62	63	63	63	65	66	67	66	66	65	65	65	64	64	62	61	61	61	61	61	61	61	61	61	61	62	61	61	61	61	61	61	60	60	59	58	57	57	57	57	57	57	58	59	58	57	56	57	61	58	58	59	59	59	59	59	59	60	60	61	61	61	61	59	61	61	60	60	61	61	61	61	61	61	61	61	61	61	60	60	60	60	60	60	60	60	60	60	60	60	60	59	59	59	59	58	58	58	57	57	57	57	57	57	57	57	57	57	57	57	57	56	56	56	56	56	56	56	56	57	57	56	56	57	57	57	57	57	57	57	57	57	57	56	56	55	55	54	55	55	55	53	55	56	56	56	56	57	57	57	57	57	57	56	57	57	57	57	57	57	56	56	56	56	56	56	56	55	55	55	58	76	84	83	83	83	83	83	83	83	83	83	83	83	83	83	83	83	83	83	84	83	83	83	83	83	83	83	83	83	83	83	83	83	83	83	83	83	83	84	84	84	84	84	83	83	83	84	84	84	84	84	84	84	84	84	83	84	84	84	84	83	83	83	84	84	84	84	84	84	83	83	83	83	83	83	83	83	83	83	83	84	84	83	83	83	84	84	84	83	84	84	84	84	84	84	84	83	83	83	82	64	34	28	24	19	18	16	15	16	16	16	16	16	16	17	18	18	18	18	19	22	23	26	28	31	34	36	37	37	35	34	31	28	26	23	20	18	15	14	14	15	14	14	14	14	14	14	14	13	13	14	14	14	15	14	14	14	14	14	13	14	14	14	15	15	16	16	19	24	45	72	83	84	84	84	84	83	83	84	84	84	84	84	84	84	84	84	84	84	84	84	84	84	84	84	84	84	84
84	83	83	83	83	83	83	83	84	83	83	82	75	60	39	22	14	13	14	14	16	16	17	18	19	20	20	21	22	22	23	23	23	24	25	25	26	26	26	27	27	28	28	29	29	30	30	30	30	31	31	31	31	31	32	32	32	33	33	33	33	33	33	34	34	34	35	35	36	37	37	37	37	37	38	38	38	38	37	37	32	28	24	20	18	17	20	25	30	33	34	33	34	35	35	35	35	35	35	35	35	35	36	36	35	34	35	35	36	35	34	31	26	20	15	13	11	9	8	8	8	9	9	8	7	7	7	7	7	7	7	7	6	6	6	6	6	5	5	5	6	6	6	6	7	8	9	9	8	8	8	8	9	7	7	5	5	12	17	16	18	9	5	4	4	5	4	5	5	6	6	6	7	8	6	5	5	5	4	4	4	4	4	4	4	4	4	5	7	7	8	9	9	10	11	12	12	10	9	8	8	7	9	10	10	10	9	7	7	7	7	8	11	18	23	24	20	8	5	5	5	4	5	5	4	5	6	8	9	10	11	13	15	14	14	14	11	11	11	12	15	18	21	24	25	27	28	29	29	29	29	28	29	31	35	37	38	42	47	51	54	55	55	51	45	38	49	55	56	56	55	57	60	62	63	63	62	63	64	65	66	66	66	65	64	63	61	60	61	60	60	61	61	61	62	62	62	61	61	60	61	61	62	62	62	61	61	60	60	59	58	58	57	57	57	57	57	58	58	58	58	58	59	59	59	59	59	60	60	60	60	60	60	60	59	60	61	61	60	60	61	61	61	61	61	61	61	61	60	61	61	61	61	60	60	60	60	60	60	60	60	60	60	59	59	59	59	59	58	58	58	58	57	57	57	57	57	57	57	57	57	57	57	57	56	57	56	57	56	57	56	56	57	57	57	57	57	57	57	57	56	57	57	57	57	57	56	55	55	54	55	55	53	54	55	56	56	57	57	57	57	57	57	57	57	56	57	57	57	57	57	57	57	56	56	56	56	56	56	55	54	56	67	83	83	83	84	84	84	83	83	83	83	83	83	83	83	83	83	83	83	83	83	83	83	83	83	83	83	83	83	83	83	83	83	83	83	83	83	83	84	84	84	83	83	83	84	83	84	84	84	84	84	84	84	84	84	84	83	83	83	83	83	83	83	83	83	83	83	83	83	83	84	84	84	84	83	83	83	84	84	84	84	84	83	83	83	83	83	83	83	83	83	84	84	83	84	84	83	83	83	81	47	27	25	20	18	17	16	16	15	15	15	16	16	15	15	15	15	14	13	14	15	15	15	16	17	18	20	22	24	26	28	29	29	29	29	30	29	28	26	24	22	20	18	16	15	13	13	13	14	14	14	14	14	14	14	14	15	14	15	14	14	14	15	15	15	16	16	16	19	33	63	82	83	84	84	84	84	84	84	84	84	84	84	84	84	84	84	84	84	84	84	84	84	83	83	83	83	83
84	83	83	83	83	83	83	83	83	83	83	83	83	83	80	71	52	30	16	12	12	13	14	14	15	17	17	18	18	18	19	20	20	21	21	22	23	23	24	24	25	25	26	26	26	27	27	27	28	28	29	29	29	29	29	30	30	31	31	30	31	32	31	32	32	32	33	33	34	35	35	35	36	36	36	36	36	36	35	35	34	32	30	28	27	26	27	28	28	29	30	30	33	34	34	34	35	34	34	35	35	35	36	36	35	33	35	35	35	36	36	34	34	33	32	30	27	23	18	13	11	8	8	8	7	7	7	6	6	6	5	5	6	6	6	6	5	5	5	5	6	5	5	5	5	6	7	8	8	8	8	8	10	8	6	5	5	12	16	15	17	9	5	4	4	5	5	5	5	6	6	8	10	10	6	6	6	6	5	5	5	5	5	4	4	4	5	6	8	8	9	8	9	9	10	10	10	10	9	9	8	6	8	10	10	9	8	7	7	7	8	10	14	21	22	21	12	5	5	5	4	4	4	5	6	7	7	7	8	8	8	8	9	10	11	11	11	12	12	11	11	10	11	12	14	17	21	25	26	27	28	28	29	28	29	29	30	32	36	41	46	51	54	55	53	47	48	55	56	55	55	53	56	57	59	60	61	62	62	62	63	64	66	65	64	63	62	60	60	60	61	61	61	61	61	61	61	61	61	60	61	61	61	61	61	61	61	61	61	61	60	60	59	59	59	58	58	58	57	57	57	57	58	58	59	58	59	60	60	60	60	60	60	59	59	58	60	61	61	61	61	61	61	61	61	61	61	60	61	61	61	61	61	61	60	61	61	61	60	61	61	61	60	60	60	60	59	59	59	59	59	58	58	57	57	57	57	57	57	57	57	57	57	57	57	57	57	56	56	56	56	56	56	57	57	57	57	57	57	57	56	57	57	57	57	57	56	56	55	55	55	55	53	53	55	56	56	57	57	57	57	57	57	57	57	56	56	57	57	57	57	57	57	56	56	56	56	56	56	55	55	54	59	78	83	83	83	84	84	83	83	83	83	83	83	83	83	83	83	83	83	83	83	83	83	83	83	83	83	83	83	83	83	83	83	83	83	83	83	83	83	83	83	83	83	83	84	83	84	84	84	84	84	84	84	84	84	84	84	84	83	83	83	83	83	83	83	83	83	83	83	83	84	84	84	84	84	83	83	84	84	84	84	84	83	83	83	83	83	83	83	83	83	83	84	83	84	83	83	83	83	82	63	29	22	19	17	16	16	15	14	14	15	15	15	15	15	14	14	13	14	14	13	13	13	13	14	15	14	15	15	16	16	17	18	19	21	23	24	26	27	29	29	29	28	27	26	23	22	21	19	17	15	14	14	13	13	13	14	15	14	13	13	15	15	15	16	16	16	16	27	62	80	82	83	84	84	84	84	84	84	84	84	84	84	84	84	84	84	84	84	84	84	84	84	83	83	83	83	83
84	83	83	83	83	83	82	83	83	83	83	83	83	82	83	83	83	78	64	43	25	16	13	13	12	13	14	15	16	16	17	17	17	18	19	20	20	20	21	22	23	23	23	23	24	25	25	25	25	26	26	26	27	27	27	27	28	28	28	28	29	29	30	30	30	31	31	31	31	32	33	33	34	34	34	33	34	34	33	33	33	33	32	31	31	31	32	32	32	32	32	31	32	32	33	33	34	34	34	34	34	35	36	35	34	33	34	35	34	34	35	34	33	33	32	31	31	31	31	30	29	25	22	17	13	10	8	6	5	5	5	5	6	6	5	5	5	5	5	5	5	5	5	5	5	5	6	7	7	7	7	6	8	9	7	5	5	11	15	14	16	9	5	4	4	4	5	5	6	6	5	5	6	5	5	4	4	5	4	4	4	5	5	4	4	6	8	8	7	7	9	9	10	10	10	11	11	11	10	9	9	7	8	10	9	9	8	8	8	8	8	11	18	21	21	14	7	5	5	5	5	5	5	5	5	6	6	9	10	7	7	7	8	7	8	8	8	9	10	10	12	11	11	10	10	11	12	12	16	20	24	26	27	29	29	28	29	30	30	30	32	38	46	50	52	48	47	54	55	55	56	54	56	56	56	56	57	58	59	60	61	63	63	63	64	64	64	62	60	60	61	61	61	61	61	60	60	61	61	60	61	61	61	61	61	60	60	60	61	61	60	61	60	60	61	60	60	59	59	59	59	58	58	58	59	59	59	60	60	60	60	60	60	59	60	59	58	60	60	60	61	61	60	60	60	60	61	60	60	60	60	60	60	60	60	60	60	60	61	61	61	61	60	60	61	60	60	59	59	59	59	59	59	58	58	58	57	57	57	57	57	57	57	57	57	57	57	57	57	57	57	57	56	57	57	57	58	57	57	57	56	57	57	57	57	57	56	56	55	55	54	55	54	52	55	55	56	56	57	57	57	57	57	57	57	57	57	57	57	57	57	57	57	56	56	56	56	56	56	55	55	54	56	69	83	83	83	84	84	83	83	83	83	83	83	83	83	83	83	83	83	83	83	83	83	83	83	83	83	83	83	83	83	83	83	83	83	83	83	83	83	83	83	83	83	83	84	83	83	84	84	84	84	84	84	84	84	84	84	84	83	83	83	83	83	83	83	83	83	83	83	83	84	84	84	84	83	83	83	84	84	84	84	84	83	83	83	83	84	84	83	83	83	83	83	83	83	83	83	84	83	83	79	45	19	17	15	15	15	15	15	14	14	14	15	15	15	14	13	13	13	13	13	14	14	13	14	13	13	14	13	14	14	14	14	14	14	14	15	16	18	19	21	22	24	25	26	26	27	27	28	26	25	24	23	22	20	19	18	16	15	15	15	16	16	17	20	21	23	25	36	55	62	75	83	84	84	84	83	83	84	84	84	83	83	84	84	84	84	84	84	84	84	84	84	84	84	83	83	83
83	83	83	83	83	83	83	83	83	83	83	83	83	83	83	83	82	82	83	81	74	58	38	21	14	11	12	13	13	14	15	15	15	16	16	17	18	18	19	19	20	20	20	21	21	22	22	23	23	23	23	23	24	25	25	25	25	26	26	26	26	27	27	27	28	28	28	29	29	30	31	31	32	32	32	32	32	32	31	31	32	31	31	30	30	30	31	31	30	30	30	30	31	31	32	32	33	33	33	33	33	34	34	34	33	32	32	33	33	34	34	33	32	32	32	31	32	31	31	30	30	30	29	29	28	26	24	20	16	12	9	6	5	4	4	5	5	5	5	5	5	5	5	4	5	5	5	5	6	6	6	6	7	9	9	6	5	11	14	14	15	8	5	4	4	4	4	4	8	9	7	5	4	4	4	3	4	3	4	4	4	4	4	4	6	7	6	5	5	5	7	8	9	9	9	10	10	11	10	10	9	8	7	9	9	8	9	9	10	10	10	16	20	20	16	9	5	5	4	4	4	4	4	5	5	6	6	8	9	7	6	6	6	6	8	10	9	7	7	8	7	7	8	9	11	12	12	11	10	10	11	14	18	22	25	28	29	30	30	30	29	30	32	36	41	41	45	51	53	54	57	55	57	58	57	56	55	55	56	56	54	47	41	50	62	63	63	63	63	63	62	61	61	61	61	61	60	61	60	60	60	60	60	60	60	60	60	60	60	60	60	60	60	60	60	60	60	60	60	60	60	59	59	59	59	59	59	59	60	60	60	60	60	60	60	60	59	58	59	60	60	60	60	60	60	60	60	60	60	59	60	60	60	60	60	60	60	60	60	61	60	60	60	60	61	60	60	60	59	59	59	59	59	59	59	58	58	58	58	58	58	57	57	57	57	57	57	57	57	57	57	57	57	57	56	57	58	58	57	57	57	57	57	57	57	57	56	56	55	55	54	54	54	52	54	55	55	56	56	56	57	57	57	57	57	57	57	57	57	57	57	57	57	57	56	56	56	56	56	55	54	54	56	61	79	83	83	83	83	83	83	83	83	83	83	83	83	83	83	83	83	83	83	83	83	83	83	83	83	83	83	83	83	83	83	83	83	83	83	83	84	84	84	84	84	84	83	83	83	83	83	84	84	84	84	84	84	84	84	84	83	83	83	84	84	84	84	84	83	83	83	84	84	83	83	83	83	83	83	84	84	84	84	84	84	83	83	83	83	83	83	82	83	83	83	83	83	84	83	80	76	67	48	23	13	13	12	13	13	14	14	14	14	15	15	14	14	13	13	13	14	13	13	13	13	13	13	13	13	13	14	13	13	13	13	14	14	13	14	14	15	14	15	14	15	15	16	19	20	22	23	23	23	25	26	27	27	27	27	26	25	24	22	19	18	17	16	16	18	20	22	28	37	62	82	83	84	84	83	83	84	84	84	84	84	84	84	83	84	84	84	84	83	83	84	84	84	83	83	83
83	83	83	83	83	83	83	83	83	83	83	83	83	83	83	83	83	83	83	83	83	82	80	70	52	32	18	12	13	13	13	14	14	14	14	15	15	16	16	17	17	17	18	18	19	20	20	21	21	21	21	21	20	20	21	22	22	22	23	23	24	25	25	25	25	25	26	27	27	28	29	29	29	29	29	29	29	30	30	30	30	30	30	29	29	30	29	29	29	29	29	29	30	30	31	29	32	31	31	31	31	31	31	32	32	31	30	31	30	31	32	32	32	31	31	31	31	30	30	30	30	30	29	29	28	27	27	27	27	26	25	23	19	16	13	10	8	5	5	5	5	5	5	5	6	6	6	6	6	6	6	7	7	8	8	7	6	10	13	13	14	7	4	4	4	4	5	5	7	7	7	5	4	4	4	3	3	4	4	4	4	4	4	5	5	5	5	5	6	6	7	8	8	9	9	10	10	10	10	10	10	8	10	16	16	14	13	12	11	10	13	18	19	16	8	7	6	5	4	4	5	4	4	5	5	5	6	6	6	6	5	6	7	8	9	9	9	11	16	14	8	5	6	5	5	6	8	9	10	11	10	10	11	10	12	16	22	27	29	30	29	29	30	31	32	33	43	47	48	50	55	55	55	58	58	58	58	56	55	55	47	29	32	52	59	60	61	61	61	62	63	63	63	62	62	61	60	60	60	60	60	60	60	60	60	60	60	60	60	60	60	60	60	60	60	60	60	60	60	60	60	60	60	60	59	59	59	59	59	60	60	60	60	60	60	60	60	59	59	60	60	61	60	60	60	60	60	60	59	59	59	59	59	60	60	60	60	60	60	60	60	60	60	61	61	60	60	60	60	60	60	60	60	60	59	59	59	59	59	58	58	58	58	58	57	58	58	57	57	57	57	57	57	56	57	57	58	58	57	57	57	57	57	57	57	57	56	56	56	54	54	54	54	52	53	55	55	56	56	57	57	57	57	57	57	57	57	57	57	57	57	57	57	57	56	56	56	56	56	55	55	55	56	57	72	83	83	83	83	83	83	83	83	83	83	83	83	83	83	83	83	83	83	83	83	83	83	83	83	83	83	83	83	83	83	83	83	83	83	83	84	84	84	84	84	84	83	83	83	83	83	84	84	84	84	84	84	84	84	83	83	83	83	84	84	84	84	84	83	83	83	84	84	83	83	83	83	83	83	84	84	84	84	84	84	83	83	83	83	83	83	83	83	83	83	81	77	69	58	45	32	24	17	12	12	11	10	10	10	10	11	12	12	13	14	14	13	12	13	13	13	13	12	12	12	13	13	13	13	14	13	13	13	13	13	13	13	13	13	13	13	13	12	19	19	16	13	13	14	14	14	15	16	16	17	18	20	23	25	26	28	28	29	28	28	29	28	27	26	25	24	30	53	77	82	83	84	84	83	83	84	84	84	84	84	84	84	83	84	84	84	84	83	83	84	84	84	83	83	83
83	83	83	83	83	83	83	83	83	83	83	83	83	83	83	83	83	83	83	83	83	83	83	83	82	78	65	45	26	15	13	13	14	13	13	14	14	14	14	15	15	16	16	16	16	17	18	19	19	20	19	19	19	19	19	20	20	19	20	20	20	21	22	23	23	23	24	25	26	26	27	27	27	27	28	28	28	28	28	28	28	28	28	28	28	28	28	27	28	28	28	28	29	29	29	28	31	30	28	29	30	30	30	30	30	29	30	29	29	29	29	30	30	29	30	31	31	31	30	30	29	29	29	29	28	28	28	28	27	26	25	25	25	25	24	24	22	20	18	15	12	9	7	5	5	4	5	4	4	5	5	5	5	6	6	5	6	10	12	13	14	7	5	4	4	4	5	5	7	7	6	5	4	4	4	3	3	3	3	3	4	4	4	4	4	4	5	5	5	5	6	6	7	8	8	9	9	9	9	10	9	9	13	18	19	19	20	21	18	15	17	18	15	7	5	5	5	4	4	4	4	4	5	5	5	5	5	5	5	5	5	7	8	9	9	8	10	12	16	15	10	7	5	6	5	5	5	6	6	7	8	9	9	9	9	11	12	14	18	22	25	28	30	31	32	32	42	43	44	46	52	53	50	55	56	57	58	57	56	55	51	47	50	55	56	57	58	59	60	60	60	62	63	63	63	62	62	61	61	60	61	60	60	60	60	60	60	60	60	60	60	60	59	59	60	60	60	60	60	60	60	60	60	61	60	61	60	60	60	60	60	60	60	60	60	60	60	60	59	59	59	60	60	60	60	60	60	60	59	59	59	59	59	59	59	59	59	59	59	59	59	60	60	61	61	61	61	61	60	60	60	60	60	60	60	60	59	59	59	59	59	59	58	58	58	58	58	58	58	57	57	57	57	56	57	57	57	57	58	58	57	57	57	57	57	57	56	56	56	55	55	54	53	53	52	55	54	55	56	57	57	57	57	57	57	57	57	57	57	57	57	57	57	57	57	57	56	56	56	56	55	55	54	55	64	81	83	83	83	83	83	83	83	83	83	83	83	83	83	83	83	83	83	83	83	83	83	83	83	83	83	83	83	83	83	83	83	84	84	84	84	84	84	84	84	84	84	83	83	84	84	84	84	83	84	84	84	84	84	84	84	84	83	83	83	84	84	84	84	84	84	83	83	83	83	83	83	83	83	84	84	83	83	84	83	84	83	83	83	83	84	82	78	71	60	47	35	25	19	17	15	14	13	12	12	11	11	11	11	10	10	10	10	9	9	10	10	11	11	11	11	12	12	12	12	13	13	13	13	13	13	13	13	12	13	12	13	13	13	13	13	12	12	14	21	21	15	13	13	13	13	13	13	12	12	13	13	14	14	15	16	18	20	21	21	28	30	32	34	34	35	38	57	81	83	84	84	84	84	84	84	84	84	84	84	84	84	84	84	84	84	84	83	83	83	83	84	83	83	83
83	83	83	83	83	83	83	83	83	83	83	83	83	83	83	83	83	83	83	83	83	83	83	83	82	82	83	82	74	58	39	22	15	13	13	13	13	13	13	13	13	14	15	15	15	15	16	17	16	17	17	17	18	18	18	19	19	19	19	20	20	19	19	19	19	20	21	23	24	24	25	25	25	26	26	26	27	27	26	26	26	27	27	27	27	27	26	26	26	27	27	28	28	28	27	27	29	28	27	26	27	28	28	28	28	28	28	29	29	28	28	29	28	28	28	29	29	30	29	30	30	29	29	29	28	28	28	27	27	26	25	25	25	25	24	23	23	23	23	23	22	21	19	17	14	12	9	6	4	4	4	4	4	4	4	5	7	11	12	13	14	9	5	5	4	4	5	5	7	7	5	4	5	6	5	4	4	4	3	3	3	3	3	4	4	4	4	4	4	4	4	4	5	5	5	5	5	5	6	6	6	7	10	14	16	16	16	16	16	16	17	15	8	4	4	5	6	4	4	4	4	4	4	4	4	4	4	4	6	7	7	7	6	6	6	6	7	7	5	4	4	5	5	5	4	5	5	5	6	6	7	8	7	8	9	10	11	11	12	13	14	17	21	24	27	33	40	41	42	43	48	49	46	50	51	52	53	54	54	54	53	53	54	54	55	56	56	57	54	56	60	59	61	62	62	63	62	63	62	62	61	61	61	61	60	60	60	60	60	60	60	60	60	59	60	61	60	60	60	60	60	60	60	60	60	61	61	61	60	60	60	60	60	60	60	60	60	60	60	60	60	60	59	59	59	59	60	60	60	60	59	59	59	58	58	58	58	59	59	58	58	59	60	60	61	61	61	61	60	60	61	61	61	60	60	60	60	60	59	59	59	59	59	59	58	58	58	58	58	58	57	57	57	57	57	57	57	57	58	58	58	57	57	57	57	57	57	56	56	56	55	55	54	53	51	54	54	55	56	57	57	57	57	57	57	57	57	57	57	57	57	57	57	57	57	56	56	56	56	56	56	55	55	55	59	75	83	83	83	83	83	83	83	83	83	83	83	83	83	83	83	83	83	83	83	83	83	83	83	83	83	83	83	83	83	83	83	84	84	84	84	84	84	84	84	83	84	84	84	84	84	83	84	83	83	84	84	84	83	84	84	84	83	83	83	84	84	84	84	84	84	83	83	83	83	83	83	83	83	83	83	83	83	84	83	83	83	82	78	71	61	48	36	27	21	18	16	15	15	15	14	14	13	12	12	11	11	11	11	10	10	10	10	9	9	9	9	9	9	9	9	9	10	10	11	11	12	12	12	13	13	13	13	12	12	12	12	12	12	13	13	12	11	10	9	10	11	12	12	12	12	13	12	13	14	14	14	15	14	14	13	13	13	13	14	17	19	21	24	26	24	25	48	79	83	84	84	84	84	84	84	84	84	84	84	84	84	84	84	84	84	84	83	84	83	83	83	83	83	83
84	83	83	83	83	83	83	83	83	82	83	83	83	83	83	83	83	83	83	83	83	82	82	83	83	83	83	83	83	82	80	71	52	32	18	12	13	12	12	13	12	13	13	14	14	14	14	15	15	15	15	15	15	16	17	17	17	18	18	19	19	19	19	19	19	19	20	21	22	22	23	23	24	24	24	25	25	25	24	25	25	25	26	25	26	26	25	25	25	26	26	27	27	26	26	26	27	26	27	27	26	27	27	26	26	26	26	27	27	27	27	28	28	28	28	28	28	28	28	28	28	28	28	28	28	28	28	28	27	27	26	26	26	25	25	25	24	23	23	22	22	22	22	22	22	21	20	19	16	13	11	8	5	4	4	5	9	11	11	12	13	10	6	6	5	4	5	6	6	6	5	5	6	6	5	5	4	4	4	3	3	3	4	4	4	4	5	4	5	4	4	4	4	4	4	4	4	4	5	4	4	5	5	7	10	14	15	16	15	15	14	10	6	5	5	5	6	6	5	5	4	5	5	5	4	5	5	5	6	6	6	6	5	4	5	5	5	5	4	4	4	5	5	4	5	5	5	5	5	6	6	7	6	7	8	9	9	10	11	11	12	14	14	16	21	33	37	37	39	42	41	42	43	45	47	48	48	49	51	52	52	53	54	54	54	55	56	56	51	45	55	59	57	60	61	61	62	62	62	62	62	62	62	62	61	61	61	60	60	60	60	60	60	61	60	61	60	60	61	60	60	60	60	60	60	61	61	60	60	60	60	60	60	60	61	61	61	60	60	60	60	60	60	60	60	60	60	60	60	60	59	59	59	58	56	56	54	55	58	59	58	59	60	60	61	61	61	61	60	60	61	61	61	61	60	60	60	60	60	60	59	59	60	59	59	59	58	58	58	58	58	58	58	58	58	58	58	58	58	58	58	58	58	57	57	57	57	57	55	56	55	54	54	53	52	53	55	55	55	56	57	57	57	57	57	57	57	57	57	57	57	57	57	57	57	56	56	56	57	56	56	55	55	55	56	66	82	83	83	83	83	83	83	83	84	83	83	83	83	83	83	83	83	83	83	83	83	83	83	83	83	83	83	83	83	83	83	84	84	84	84	84	84	84	83	83	84	84	84	84	84	83	84	83	83	84	84	83	83	84	84	84	84	84	84	84	84	84	84	84	84	83	83	83	83	84	83	83	83	83	83	83	84	83	80	74	63	50	36	26	20	17	15	15	14	14	14	14	14	14	14	13	12	11	11	11	11	11	12	11	11	12	11	10	10	9	9	9	8	8	9	9	10	10	10	10	10	10	10	11	11	12	12	11	12	12	11	11	11	11	12	15	13	9	8	9	12	12	12	12	13	13	13	13	14	13	13	14	14	14	13	13	13	14	14	15	15	15	16	17	16	30	66	83	83	84	84	84	84	84	84	84	84	84	84	84	84	84	84	84	84	84	84	84	84	83	84	84	84	84
84	83	83	83	83	83	83	83	83	83	83	83	83	83	83	83	83	83	83	83	83	83	83	83	83	83	83	83	83	83	82	82	82	78	66	46	27	15	11	12	13	13	12	11	11	12	12	12	13	13	13	14	14	15	15	15	15	16	17	17	17	17	18	17	17	18	18	19	20	21	21	21	22	21	22	22	23	23	23	23	23	23	24	24	24	24	24	24	25	25	24	25	25	25	24	24	24	23	23	24	25	25	25	24	23	24	25	25	25	25	26	26	27	27	27	27	28	28	28	28	27	26	26	26	26	26	27	27	27	27	26	26	27	26	25	25	25	24	24	24	23	23	23	23	22	22	21	20	20	20	20	19	18	15	14	13	12	12	11	11	12	12	9	6	6	5	4	5	6	6	4	4	4	4	4	4	5	4	4	4	4	4	4	4	5	5	5	5	5	4	4	4	5	4	5	4	5	5	5	4	5	5	5	6	8	9	14	15	15	13	10	7	7	6	6	7	8	10	13	16	7	5	5	5	4	4	4	5	5	5	5	5	4	4	4	5	5	5	5	4	4	4	4	4	4	4	5	5	5	5	5	6	7	7	8	9	9	10	10	10	11	12	12	14	26	33	34	34	36	38	37	38	41	40	43	43	44	45	47	48	49	51	52	53	54	54	55	56	55	47	44	54	55	57	58	59	60	61	62	62	62	62	62	62	62	61	61	61	60	60	59	60	60	60	60	60	60	60	61	61	60	60	60	60	60	61	61	60	60	60	59	60	60	60	60	61	61	61	61	61	61	61	61	61	60	60	60	59	60	60	59	59	59	59	58	58	51	38	42	49	54	58	59	60	60	61	61	61	60	61	61	61	61	61	61	61	61	61	61	61	60	60	60	60	60	59	59	59	59	59	59	58	58	58	58	58	58	58	58	58	58	58	58	58	57	57	58	57	55	55	55	55	55	54	53	52	54	55	55	56	57	57	57	57	57	57	57	57	57	57	57	57	57	57	57	57	56	56	56	57	57	56	55	55	54	59	78	83	83	83	83	83	83	83	83	83	83	83	83	82	83	83	83	83	83	83	83	83	83	83	83	83	83	83	83	83	83	83	83	84	83	83	83	83	83	83	83	83	83	83	83	83	83	83	83	84	83	83	84	83	84	84	84	83	83	84	83	83	83	84	84	84	83	83	83	83	83	83	84	83	81	75	65	50	36	27	19	16	15	15	14	14	14	14	14	14	14	14	13	13	13	12	11	11	12	12	12	12	13	12	12	12	12	12	12	11	10	10	9	10	10	10	10	11	10	10	10	10	10	10	10	10	10	11	11	11	10	11	11	11	11	12	14	12	11	12	12	12	12	12	12	12	13	13	14	13	13	14	14	14	14	13	14	15	15	16	16	15	17	18	25	57	81	83	83	84	84	84	84	84	84	83	83	83	83	84	84	84	84	84	84	84	83	83	83	83	84	84	84	83
84	83	83	83	83	83	83	83	83	83	83	83	83	83	83	83	83	83	83	83	83	83	83	83	83	83	83	83	82	83	83	83	83	83	83	82	77	64	45	26	16	12	12	12	11	12	12	12	12	12	12	12	12	14	14	14	14	14	14	15	15	15	16	16	16	17	17	18	19	19	19	20	20	20	20	21	21	22	22	22	22	22	22	22	22	23	23	23	23	23	23	23	23	23	22	22	23	23	23	23	23	23	23	22	22	23	24	24	24	25	25	25	25	25	26	26	27	27	27	27	28	27	27	26	26	26	25	25	24	24	25	26	26	27	26	26	25	26	25	25	24	24	24	23	23	23	23	22	21	21	20	19	19	19	19	18	17	17	16	15	14	14	12	10	8	8	9	8	8	8	6	6	6	6	5	5	6	5	5	7	6	6	6	6	6	6	6	6	6	6	6	6	6	6	6	6	7	7	7	6	6	6	7	7	10	12	14	14	12	11	10	10	10	10	9	9	11	11	12	17	12	7	7	8	7	6	5	5	4	4	4	4	5	4	4	5	5	7	7	5	4	4	4	4	4	4	4	4	4	4	5	5	6	7	8	9	9	9	8	9	10	11	11	19	29	31	31	31	33	33	34	36	38	36	40	40	41	42	44	45	46	47	49	50	52	52	53	54	55	55	54	55	55	55	56	57	58	58	59	60	60	61	61	61	61	62	62	62	61	60	57	59	59	59	60	60	60	60	60	60	61	61	61	61	61	60	60	61	60	59	59	59	59	60	60	60	60	60	60	61	61	62	61	61	61	60	60	60	60	60	59	59	59	59	59	58	57	50	43	38	37	39	44	53	59	60	60	60	59	60	60	61	61	61	62	62	62	62	61	61	61	61	61	61	60	60	60	60	59	59	59	59	58	58	58	58	58	58	58	58	58	58	58	58	57	57	58	58	56	56	55	54	55	55	54	53	54	54	55	55	56	57	57	57	57	57	57	57	57	57	57	57	57	57	57	57	57	56	56	57	57	56	55	56	55	57	69	83	83	83	83	83	82	82	83	83	83	83	83	82	83	83	83	83	83	83	83	83	83	83	83	83	83	83	83	83	83	83	83	83	83	83	83	83	83	83	83	83	83	83	83	83	83	83	83	83	83	84	84	84	84	84	84	83	83	83	83	83	83	84	84	84	84	83	83	83	81	76	67	54	40	28	19	16	15	15	15	15	15	15	14	14	15	14	14	13	13	13	12	13	13	13	13	13	14	11	12	12	13	12	12	12	12	12	12	12	11	11	11	11	11	11	11	11	10	11	11	11	11	10	11	11	11	11	10	10	9	10	10	10	10	10	10	11	11	11	12	12	12	13	12	13	14	12	13	14	14	14	15	15	14	14	14	14	14	15	15	15	17	20	47	76	83	83	83	84	84	84	84	84	84	83	83	83	83	84	84	84	84	83	83	83	83	83	83	83	84	84	84	83
83	83	83	83	83	83	83	83	83	83	83	83	83	83	83	83	83	83	83	83	83	83	83	83	83	83	83	83	83	83	83	83	83	83	83	83	83	82	82	76	63	44	25	14	12	12	11	12	12	12	11	12	12	12	12	13	13	13	13	13	14	14	14	15	15	15	16	17	17	18	18	18	19	19	19	19	20	20	20	20	20	21	21	20	21	21	21	21	21	21	21	22	22	22	22	21	21	21	21	22	22	22	21	21	21	22	23	23	23	23	24	24	25	24	24	25	25	26	26	27	27	27	27	27	27	27	26	26	26	26	25	25	24	24	24	24	25	25	26	25	25	25	25	24	24	24	24	23	22	22	22	21	20	20	19	19	18	18	18	17	17	17	17	17	16	15	14	12	11	11	11	11	11	10	10	10	10	9	8	10	10	9	8	8	8	9	8	8	7	7	7	7	7	7	6	7	8	8	7	7	7	8	9	10	11	13	13	12	11	11	11	11	11	11	9	10	10	11	13	21	14	10	8	9	8	7	6	6	6	6	5	5	6	5	5	6	6	7	7	5	4	4	4	4	4	4	4	4	4	4	5	5	6	7	8	9	9	9	8	9	10	10	14	24	28	28	28	29	30	31	32	33	35	34	36	37	38	39	41	42	43	44	46	47	48	49	50	51	52	54	54	55	56	56	56	56	56	57	57	58	58	58	59	60	61	60	61	61	62	61	58	60	61	59	60	61	60	60	60	61	64	62	62	61	61	61	61	61	61	60	60	60	60	60	60	60	60	60	60	61	61	61	61	61	61	61	61	61	61	61	60	60	60	59	60	59	59	59	58	56	52	48	45	43	53	58	60	60	60	59	60	60	61	61	62	62	62	63	62	62	62	62	62	61	61	61	61	61	60	60	60	60	59	59	59	59	59	59	58	58	58	58	58	58	58	57	58	57	56	56	56	55	54	54	51	51	51	54	54	55	56	57	57	57	57	57	57	57	57	57	57	57	57	57	57	57	57	56	56	56	56	56	56	55	55	56	61	79	83	83	83	83	83	83	83	83	83	83	83	83	83	83	83	84	84	83	83	83	83	83	83	83	83	83	83	84	83	83	83	83	83	83	83	83	83	83	83	83	83	83	83	83	83	83	83	83	83	84	84	84	84	84	84	84	84	83	83	83	83	83	84	83	82	77	69	57	42	30	22	16	14	13	14	13	13	14	15	15	14	14	14	15	13	14	13	12	13	13	13	13	13	13	12	12	19	20	16	15	15	15	14	14	13	12	12	12	12	11	11	11	11	12	12	11	11	11	12	12	11	10	11	11	11	11	11	11	10	10	10	10	10	10	10	10	11	10	11	11	11	13	13	14	13	14	14	14	14	14	15	14	15	15	14	14	15	15	16	16	17	34	70	82	83	83	83	84	84	84	84	84	84	84	84	84	84	84	83	83	83	83	83	83	83	83	83	83	83	83	83	83
83	83	83	83	83	83	83	83	83	83	83	83	83	83	83	83	83	83	83	83	83	83	83	83	83	83	83	83	83	83	83	83	83	83	83	83	83	82	83	83	82	82	75	61	42	25	15	14	12	12	11	11	12	12	12	13	12	12	12	12	13	13	13	13	14	14	15	16	16	16	16	17	17	17	18	18	18	18	18	19	19	20	19	19	19	19	19	19	19	20	19	20	20	20	20	20	20	20	20	20	20	20	20	20	20	21	21	22	22	23	23	23	24	23	23	23	24	24	25	25	25	26	26	26	27	27	27	27	27	27	27	27	27	27	27	26	25	24	23	24	24	24	25	24	24	24	24	24	24	23	23	22	22	21	21	20	19	19	18	18	19	18	18	18	18	19	19	19	19	18	18	18	17	16	15	14	12	12	12	12	12	12	12	12	12	11	10	9	9	9	8	8	8	8	7	7	8	9	9	9	9	10	10	11	13	13	11	10	9	10	11	11	11	11	9	7	8	7	10	16	11	9	8	8	8	8	8	7	8	8	8	8	8	9	9	9	8	8	6	5	5	5	4	5	5	4	4	4	4	4	5	5	6	6	7	7	7	7	8	9	9	11	21	25	26	26	26	26	26	28	29	30	32	32	33	34	36	37	38	39	40	41	43	43	44	46	48	49	50	51	52	53	55	56	56	57	57	57	57	56	56	56	57	57	58	59	60	60	60	61	60	59	61	62	61	61	61	60	60	61	62	61	62	62	62	61	61	61	61	61	60	60	60	60	60	60	60	61	61	61	61	61	61	62	61	61	61	61	62	62	62	61	61	60	60	60	60	60	60	59	59	59	58	56	55	57	58	59	60	60	59	59	60	61	61	61	61	62	62	62	63	63	62	62	62	62	62	62	61	61	61	61	60	60	59	59	59	59	59	58	58	58	58	58	58	57	57	57	57	57	57	56	55	54	53	51	48	53	54	55	56	56	57	57	57	57	57	57	57	57	57	57	57	57	57	57	56	56	56	56	56	56	56	55	55	55	56	72	83	83	83	83	83	83	83	83	82	83	83	83	83	83	83	83	83	83	83	83	83	83	83	83	83	83	83	83	83	83	83	83	83	84	84	83	83	83	83	83	83	83	83	83	83	83	83	83	83	83	83	83	83	83	83	83	83	83	83	83	82	77	70	60	46	34	24	19	16	14	13	13	15	15	15	14	14	14	14	14	14	14	14	13	14	13	13	13	13	13	13	13	12	11	12	10	12	25	24	20	19	19	19	18	16	14	13	12	12	13	12	12	12	12	12	11	11	11	11	11	11	11	11	11	11	12	11	12	11	12	11	12	11	11	11	11	11	11	11	11	11	11	12	12	12	13	14	18	24	21	17	15	15	15	15	15	16	16	17	16	25	60	82	83	83	83	84	84	84	84	83	84	83	83	84	84	84	84	83	83	83	83	83	83	84	84	84	83	83	83	83	83
83	83	83	83	83	83	83	83	83	83	83	83	83	83	83	83	83	83	83	83	83	83	83	83	83	83	83	83	83	83	83	83	83	83	83	83	83	82	83	83	83	82	83	83	81	74	61	43	27	16	11	12	12	13	12	12	12	11	12	12	13	12	12	12	13	13	14	14	15	15	15	15	16	16	16	16	17	17	17	18	18	18	18	18	18	18	18	18	18	18	18	19	19	19	18	19	18	19	19	19	19	19	19	19	20	20	20	20	21	22	22	23	22	22	22	23	23	23	24	24	24	25	25	25	26	26	27	27	27	28	28	27	27	28	28	27	26	26	26	25	24	24	24	24	23	23	23	23	24	24	23	23	22	22	22	21	21	20	19	19	20	20	19	19	19	19	19	20	20	20	20	20	20	20	19	19	19	19	18	17	16	15	14	14	13	13	13	13	13	12	12	12	11	11	11	11	10	11	11	11	11	11	12	14	13	11	10	8	8	9	10	11	11	11	10	9	8	7	7	10	10	8	8	8	7	8	8	8	8	8	9	9	9	9	9	8	8	8	7	6	5	5	4	5	5	4	4	4	4	5	5	6	6	6	7	6	6	6	8	8	10	18	23	23	23	23	24	24	24	26	27	28	29	30	31	33	34	35	35	36	37	38	39	40	42	43	44	46	47	48	49	50	51	52	54	55	56	57	57	57	56	56	55	55	56	57	58	58	59	59	60	59	60	60	59	57	60	61	61	61	62	61	62	62	62	62	62	62	62	61	61	61	60	60	60	60	60	61	61	61	61	61	61	61	61	60	61	61	61	61	61	61	61	61	61	61	61	61	61	61	60	60	60	60	59	59	59	59	59	59	59	59	60	60	60	61	61	61	61	60	61	62	62	62	62	62	62	62	62	62	62	62	61	61	60	60	60	60	59	59	59	58	58	58	58	58	58	57	57	57	57	56	55	56	55	55	51	52	54	55	55	56	56	57	57	57	57	57	57	57	57	57	57	57	57	57	56	57	56	56	56	56	56	56	55	55	56	64	82	83	83	83	83	83	83	83	83	83	83	83	83	83	83	83	83	83	83	83	83	83	83	83	83	83	83	83	83	83	83	83	83	83	83	83	83	83	83	83	83	83	83	84	84	83	83	83	84	83	83	83	83	83	84	83	82	79	72	61	47	34	24	20	16	16	16	15	14	14	13	13	14	14	14	14	14	13	12	13	13	13	13	13	13	13	14	13	13	13	13	12	12	12	11	10	9	16	28	24	22	21	21	21	21	20	20	17	13	12	12	12	12	12	11	11	12	11	12	11	11	11	11	11	11	12	12	12	12	13	13	14	13	13	12	12	12	12	12	12	12	12	12	12	11	13	24	49	70	69	62	53	44	37	29	24	20	18	16	19	49	78	83	84	84	83	84	84	84	84	83	84	83	84	84	83	83	84	83	83	83	83	84	84	83	84	84	84	83	83	83	84
84	83	83	83	83	84	84	84	83	83	83	83	83	83	83	83	83	83	83	83	83	83	83	83	83	83	83	83	83	83	83	83	83	83	83	83	83	83	82	83	83	83	83	83	82	82	82	82	76	62	42	25	15	13	12	11	12	11	12	12	12	12	13	12	12	13	14	14	14	14	14	14	14	14	14	15	15	16	16	16	16	16	16	16	17	17	16	16	17	17	17	18	18	18	17	17	17	17	18	18	17	17	17	18	18	19	19	20	20	21	21	22	21	21	22	22	22	23	23	23	23	24	24	25	25	25	26	26	27	27	27	28	28	28	28	28	27	27	27	26	26	25	25	25	24	24	23	23	23	22	23	22	22	22	22	22	21	21	20	20	20	20	20	20	20	20	20	20	20	20	21	21	20	20	20	20	20	20	20	19	20	20	19	19	18	18	17	16	16	15	15	14	13	13	12	12	11	11	11	12	12	12	12	14	13	11	9	8	8	8	9	9	10	10	11	11	11	10	8	11	11	9	9	9	8	8	8	8	9	8	9	8	8	8	7	7	7	7	7	7	6	6	6	6	5	5	5	5	5	6	6	6	6	7	6	5	6	7	8	10	17	21	22	22	21	22	22	23	23	25	25	26	26	28	28	30	31	31	32	33	35	35	36	37	39	40	41	42	43	44	46	46	47	49	50	52	53	54	55	56	56	56	56	56	56	56	56	56	57	57	58	57	58	59	59	52	52	55	58	60	62	62	62	62	62	63	63	63	63	62	62	61	61	61	60	60	60	60	60	61	61	61	61	60	61	61	61	61	61	60	59	59	60	61	61	61	61	61	61	61	61	61	60	60	60	60	60	60	59	59	60	60	60	60	60	61	61	61	61	61	60	61	60	61	61	62	62	63	62	62	62	62	62	62	61	61	61	60	60	60	59	59	59	59	58	58	58	58	57	57	57	57	55	55	56	57	53	51	53	55	56	56	56	57	57	57	57	57	57	57	56	56	57	57	57	57	56	56	56	56	56	56	56	56	55	55	56	59	76	83	83	83	83	83	83	83	83	83	83	83	83	83	83	83	83	83	83	83	83	83	83	83	83	83	83	83	83	83	83	83	83	83	83	83	83	83	83	83	83	83	83	84	84	83	83	83	84	83	83	83	83	80	74	64	51	38	28	20	16	15	15	15	15	14	14	14	14	14	13	14	14	14	14	13	13	13	13	13	13	13	13	13	14	13	14	13	13	13	12	11	12	11	11	10	10	10	19	29	25	23	23	23	22	22	22	21	16	13	12	11	11	11	11	11	12	12	12	11	11	11	11	12	11	12	12	12	12	12	13	13	13	13	14	13	13	13	13	12	12	13	13	13	17	34	63	80	83	83	83	83	82	80	77	72	66	58	49	51	74	83	83	84	84	83	84	84	84	83	83	83	83	84	84	83	83	83	83	84	84	83	84	83	83	83	84	84	83	83	83	84
84	83	83	83	83	84	84	84	84	84	84	84	84	84	84	83	83	83	83	83	83	83	84	84	84	84	84	84	84	84	84	84	84	83	84	84	84	83	83	83	83	83	83	83	83	83	83	83	82	82	81	75	62	44	27	16	11	12	12	12	12	11	11	11	12	13	12	12	12	13	13	13	13	13	13	13	13	14	15	15	15	15	15	15	15	15	16	15	15	16	16	17	16	16	16	15	16	16	16	17	16	16	16	16	17	18	18	19	19	20	20	21	20	20	21	21	21	22	22	22	22	23	23	23	23	24	24	25	26	26	27	27	27	27	27	27	28	28	28	28	27	27	26	26	26	25	25	24	24	24	23	23	23	23	22	22	22	21	20	21	21	21	21	21	21	21	21	22	22	22	22	21	21	22	22	22	21	21	21	20	20	20	20	20	19	19	19	19	19	19	19	19	18	18	17	17	16	15	15	15	14	13	14	14	13	12	11	10	9	9	9	10	9	9	9	9	11	10	9	11	12	11	10	12	11	10	10	9	9	8	8	7	8	8	8	7	6	7	7	7	7	6	6	6	6	6	6	6	6	6	6	6	6	6	6	6	8	8	12	18	20	20	20	20	21	21	21	22	24	25	23	24	24	25	25	26	28	29	30	31	32	33	34	34	36	36	38	39	40	41	43	43	44	46	47	48	50	50	52	53	55	56	56	56	55	55	55	55	56	56	56	55	55	57	58	53	49	50	51	52	55	58	60	62	62	62	62	63	63	63	62	62	61	61	61	61	61	60	60	61	60	61	60	60	60	60	60	61	61	60	60	60	60	60	60	60	59	60	61	62	62	62	61	60	60	60	60	60	60	59	60	60	60	60	60	60	60	60	60	60	60	60	61	61	61	62	62	62	62	62	62	62	62	62	62	61	61	61	60	60	60	60	60	59	59	59	58	58	58	58	58	57	57	56	57	57	55	51	53	55	56	56	56	56	56	57	57	57	57	57	57	56	56	56	56	57	56	56	56	56	56	56	56	56	55	55	55	56	66	82	83	83	83	83	83	83	83	83	83	83	83	83	83	83	83	83	83	83	83	83	83	83	83	83	83	83	83	83	83	83	83	83	83	83	83	83	83	83	83	83	83	83	83	83	83	83	82	81	75	65	52	39	28	22	17	16	15	15	14	14	14	14	13	13	13	13	13	13	14	16	14	12	13	13	13	14	13	13	12	12	13	14	13	13	13	12	12	12	12	11	11	11	11	11	11	11	11	21	29	28	27	27	25	24	24	22	20	15	12	12	11	11	11	11	12	12	12	11	11	11	11	12	12	12	12	12	12	12	13	13	13	13	13	13	13	13	13	13	14	15	14	22	48	72	82	83	83	83	83	84	84	83	83	83	84	84	83	83	83	83	84	84	84	84	84	83	83	83	83	83	83	83	84	83	83	83	83	83	84	84	84	84	84	84	84	84	84	83	83	84
83	83	83	83	83	84	83	83	83	83	83	83	84	84	84	84	83	83	83	83	83	83	83	83	83	83	84	83	83	83	83	84	84	83	83	84	83	83	83	83	83	83	83	83	83	83	83	83	83	83	83	83	83	82	77	67	50	32	20	14	12	11	12	12	12	13	12	12	12	13	13	12	12	13	12	12	12	13	13	14	14	14	14	14	14	14	14	14	14	15	15	15	15	15	15	15	14	15	15	15	15	15	15	15	16	17	17	18	18	19	19	19	19	19	20	20	20	21	21	21	21	21	21	21	22	22	23	23	24	25	25	26	26	26	27	27	27	27	28	28	28	28	28	27	27	27	27	26	25	25	25	24	24	24	23	24	23	23	22	22	22	22	21	21	22	22	22	22	23	24	23	23	23	23	23	23	23	22	22	22	22	22	21	21	21	21	21	20	20	19	20	20	20	19	19	19	19	19	18	18	18	18	18	17	16	15	14	13	13	12	12	12	11	10	9	9	9	9	9	9	12	14	9	8	8	8	8	8	7	7	7	8	9	10	12	12	10	9	8	7	7	6	6	6	6	5	6	8	11	10	7	6	6	5	6	7	8	12	17	19	18	18	18	19	20	16	11	12	16	17	16	18	20	21	23	23	25	27	28	29	30	30	32	32	33	33	35	36	37	38	39	40	41	43	43	44	46	46	47	49	51	52	53	54	54	55	55	55	55	55	55	55	55	56	55	54	48	49	50	49	50	51	53	58	62	61	61	62	62	62	62	62	61	61	61	61	61	61	60	61	61	61	61	61	61	61	61	61	61	61	61	61	60	60	60	60	60	61	61	61	62	61	61	61	60	60	60	60	60	60	60	60	60	60	60	60	59	58	59	60	60	60	60	60	61	61	61	61	62	62	62	62	62	62	62	63	63	62	62	62	61	60	60	60	60	60	60	59	59	59	58	58	57	56	56	57	55	51	54	55	56	56	57	56	56	57	57	57	57	57	57	56	56	56	56	57	56	56	56	56	56	56	56	56	55	55	55	55	59	78	83	83	83	83	83	83	83	83	83	83	83	83	83	83	83	83	83	83	83	83	83	83	84	83	83	83	83	83	83	83	83	83	83	83	83	83	83	83	84	83	83	83	83	80	74	65	53	41	30	22	16	15	15	15	14	14	13	13	13	13	13	13	13	13	13	12	13	13	13	13	12	13	13	13	13	14	14	13	13	13	13	13	13	13	13	13	12	12	12	11	11	11	11	10	11	11	10	11	14	17	20	23	26	28	29	28	27	22	14	12	12	12	12	12	12	12	12	12	11	12	12	12	12	12	12	12	13	13	13	13	13	13	13	13	13	13	13	15	15	19	32	62	80	83	83	83	83	83	83	83	83	83	83	83	84	84	84	84	84	83	83	83	84	84	84	83	83	83	83	83	83	84	84	83	83	83	83	84	84	83	83	84	84	84	84	84	84	84	84	84
83	83	83	83	83	84	83	83	83	83	83	83	83	84	84	83	83	83	83	83	83	83	83	83	83	83	84	84	84	84	83	84	84	83	83	83	83	83	83	83	83	83	83	83	83	83	83	83	83	83	84	83	83	83	83	83	82	80	73	60	44	25	17	14	13	13	13	13	12	12	14	13	13	13	13	12	12	12	13	13	13	13	13	13	13	13	13	13	12	13	13	13	13	13	13	14	14	13	13	13	13	14	13	14	15	16	16	16	17	17	18	18	18	18	18	19	19	19	19	19	20	20	20	21	21	21	21	22	22	22	23	24	24	25	25	26	26	27	27	27	27	28	28	28	28	28	28	28	27	27	27	27	26	26	25	25	24	24	23	23	23	23	23	23	24	23	23	23	24	25	25	24	24	25	25	25	25	25	24	24	24	24	23	22	23	22	22	21	21	21	21	21	21	21	20	20	20	20	20	19	19	19	18	19	18	17	17	17	16	16	17	16	15	14	13	13	13	13	12	11	11	18	22	18	11	8	8	9	8	7	7	8	9	12	14	12	10	9	8	8	7	7	8	8	9	10	12	14	14	12	7	6	7	7	7	8	13	17	17	17	17	17	18	18	18	10	5	7	7	5	5	8	10	14	20	22	23	24	25	26	27	28	29	29	30	30	31	33	34	34	36	37	38	39	40	41	42	43	44	46	47	48	50	50	51	52	53	54	54	55	55	54	53	55	55	54	47	48	48	49	49	49	49	51	58	61	61	61	61	61	61	61	61	61	61	61	61	61	61	60	61	61	61	61	61	61	61	61	61	61	61	61	61	61	61	60	60	61	61	61	61	61	61	61	60	60	60	60	60	60	61	61	60	60	60	60	60	59	58	59	60	60	60	60	60	61	61	61	61	61	61	62	62	62	62	62	63	63	63	63	64	63	63	62	61	60	60	60	59	59	59	59	58	57	57	58	57	52	54	55	56	56	57	56	57	57	57	57	57	57	57	56	56	56	56	56	56	56	56	56	56	56	56	56	56	54	55	54	56	69	83	83	83	83	83	83	83	83	83	83	83	83	83	83	83	83	83	83	83	83	83	83	83	83	83	83	83	83	83	83	83	83	83	84	83	83	83	83	83	79	73	63	52	40	29	22	17	17	16	16	15	15	15	14	14	14	14	15	14	13	13	12	12	12	12	12	13	13	13	13	13	13	13	13	13	14	14	13	13	13	13	13	13	13	12	12	11	12	11	11	11	10	11	11	11	11	11	11	11	11	10	11	12	14	16	19	22	24	17	13	13	13	12	13	12	12	12	11	12	12	12	12	12	12	13	13	13	13	13	13	14	13	13	13	14	13	14	15	22	45	71	82	83	82	82	83	83	83	84	84	84	83	83	83	84	84	84	83	83	84	84	84	84	83	84	83	83	83	83	83	83	83	84	84	83	84	84	84	84	83	83	83	84	84	84	84	84	84	83	84
83	83	83	83	84	84	84	83	83	83	83	83	83	83	83	83	83	83	83	83	83	83	84	83	84	84	84	84	84	84	83	83	84	83	84	83	83	83	83	83	83	83	83	83	83	83	83	83	83	83	84	84	84	84	84	83	83	83	83	82	80	75	65	49	35	22	16	13	13	13	14	14	13	13	13	13	13	12	12	13	13	13	12	12	12	12	12	12	12	12	12	12	12	12	12	13	13	12	11	12	12	12	12	14	14	14	15	15	15	16	16	16	16	16	17	17	17	17	17	17	17	17	18	19	20	20	20	20	20	20	21	22	23	23	24	24	24	25	26	26	27	28	28	29	29	28	28	28	28	29	29	28	29	28	27	27	26	28	25	24	25	25	25	25	26	26	25	25	25	25	26	26	26	26	26	26	26	26	26	26	26	26	25	24	25	25	24	23	23	23	23	22	23	23	22	22	22	21	21	21	21	21	20	20	20	19	19	18	18	18	19	18	19	18	18	17	17	17	15	15	14	14	16	18	14	10	10	10	10	9	9	9	9	10	10	9	8	7	7	7	8	9	11	11	12	14	13	12	10	10	9	9	9	9	11	15	17	17	16	16	17	17	17	17	14	6	5	8	8	6	7	9	9	14	20	21	21	22	23	24	25	26	27	27	27	28	29	29	30	32	32	33	34	36	37	38	39	40	41	43	44	45	46	47	48	50	50	51	52	53	54	54	52	53	54	54	48	48	48	48	48	48	48	48	51	59	59	60	60	60	60	60	60	60	60	60	60	61	61	61	61	61	61	61	61	61	61	61	61	61	61	61	61	61	61	60	62	62	61	61	61	61	60	60	60	60	60	60	60	60	60	60	59	59	59	60	60	60	60	59	60	60	60	61	60	60	60	60	60	60	61	61	61	62	62	62	62	63	63	62	63	63	63	64	62	62	62	61	61	61	60	60	59	58	57	58	58	55	53	54	55	56	56	56	57	57	57	57	57	57	57	57	56	56	56	57	56	56	56	56	56	56	56	56	56	55	55	55	56	62	81	83	83	83	83	83	83	83	83	83	83	83	83	83	83	83	83	83	83	83	83	83	83	83	83	83	83	83	83	82	82	83	84	84	82	80	74	64	51	38	29	22	19	17	16	16	16	16	16	15	15	14	15	14	14	14	13	14	14	13	12	12	12	12	13	13	13	13	13	13	13	13	13	13	13	13	13	13	13	13	13	13	12	12	11	11	11	12	12	11	11	11	12	11	11	11	11	11	11	11	10	10	11	12	12	12	12	12	12	13	12	13	13	13	12	12	13	12	12	12	12	12	12	12	13	13	13	13	14	14	14	14	14	13	15	14	17	31	56	77	83	83	83	83	83	83	83	83	83	83	83	83	83	83	84	84	83	83	83	84	84	84	83	83	83	83	83	83	83	83	83	83	83	83	84	84	83	83	84	84	84	84	84	84	84	84	83	83	83	83
83	83	83	83	83	84	84	83	83	83	83	83	83	83	83	83	83	83	83	83	83	83	83	83	83	83	83	83	83	84	83	83	83	83	84	84	84	84	84	84	84	83	83	84	84	84	84	83	83	83	83	83	84	84	84	83	83	83	84	83	83	83	83	82	79	71	59	44	31	21	16	13	12	13	13	13	13	13	12	13	12	12	11	12	12	11	11	10	11	11	11	11	11	11	11	12	12	11	11	11	11	12	12	13	13	13	14	14	14	14	14	14	14	15	15	15	16	16	16	16	16	16	17	17	18	18	19	19	19	19	20	21	21	22	22	23	23	24	25	25	26	27	28	28	29	28	28	28	28	28	29	29	30	30	30	29	29	30	29	27	28	29	28	29	29	29	29	29	29	29	29	29	28	28	28	28	28	28	27	25	28	29	29	28	28	28	27	26	26	25	25	25	25	25	25	24	23	23	23	23	22	22	22	22	22	21	21	20	21	20	20	19	19	19	19	19	18	18	18	18	17	17	17	17	16	15	15	14	13	13	12	12	12	11	11	11	10	10	10	10	11	13	14	14	14	14	13	12	10	10	10	11	12	14	15	16	16	16	16	16	17	16	17	17	10	5	7	9	7	6	8	10	10	16	19	20	20	21	22	23	23	24	25	25	25	26	27	27	28	29	30	31	31	32	33	35	36	37	38	39	40	42	43	44	45	46	47	48	49	50	52	52	51	52	54	54	50	46	47	48	48	48	47	47	49	56	57	58	59	59	59	59	60	60	60	60	59	60	61	60	61	61	61	61	61	61	61	61	61	61	61	61	61	61	61	61	63	63	61	61	61	61	60	60	60	60	60	61	61	61	60	60	59	58	58	58	58	59	60	62	60	60	60	60	60	61	60	61	60	60	60	60	61	61	61	61	61	61	61	61	61	61	62	62	62	63	63	63	64	63	62	61	60	59	57	57	58	57	53	54	55	56	56	56	56	57	57	57	57	57	57	57	57	57	57	57	57	56	56	55	55	55	56	56	56	55	54	55	55	58	73	83	83	83	83	83	83	83	83	83	83	83	83	83	83	83	83	83	83	83	83	83	83	83	83	83	83	83	83	83	83	80	75	65	52	38	28	21	17	16	15	15	16	15	16	16	16	15	15	15	14	14	14	13	13	12	12	12	12	12	13	13	13	13	12	12	12	13	13	12	12	13	13	13	13	13	13	13	13	13	13	13	13	12	11	11	11	12	12	12	12	12	12	12	11	11	11	11	11	11	10	10	10	11	11	12	11	12	12	13	13	12	12	12	13	13	13	12	12	12	12	12	13	13	13	13	13	14	14	14	14	15	15	15	16	21	42	69	81	83	83	83	83	83	83	83	83	83	83	83	83	84	83	83	84	84	83	83	83	84	84	84	84	83	83	83	83	83	83	83	83	83	83	83	84	84	84	84	84	84	84	84	84	84	84	83	83	83	83	83
83	83	83	83	83	84	84	83	83	83	83	83	83	83	83	84	84	83	83	83	83	83	83	83	83	84	84	84	84	84	83	83	83	83	83	83	84	84	84	84	84	84	84	84	84	84	84	83	83	83	83	83	83	83	84	84	84	83	83	83	83	83	83	83	83	83	83	82	78	69	54	38	26	18	14	14	14	14	14	13	13	12	11	11	11	11	10	10	10	10	10	10	10	11	11	11	11	11	10	11	11	11	12	12	13	13	12	12	13	13	13	13	13	13	14	14	14	14	14	15	15	15	15	15	16	16	17	17	17	17	18	19	19	20	21	21	22	23	23	24	24	25	26	27	28	28	28	28	29	28	29	29	29	29	30	29	29	30	30	30	31	32	32	32	32	32	33	33	33	33	33	33	34	34	34	33	33	33	32	30	32	33	32	33	33	33	32	31	31	30	29	29	28	27	26	26	25	25	24	25	25	25	24	24	24	24	23	23	23	23	22	22	22	21	21	20	20	20	20	20	20	20	20	20	19	18	18	18	17	17	16	16	15	15	15	14	13	13	13	13	13	13	13	13	12	12	13	14	12	12	13	14	14	15	15	16	16	16	16	17	16	16	16	14	7	6	8	10	9	9	10	10	12	17	19	20	19	20	20	21	22	23	23	23	24	24	25	25	26	27	27	28	29	30	30	31	32	33	34	36	37	38	40	40	42	43	44	45	46	47	48	48	49	49	53	53	51	47	47	47	47	47	47	47	48	53	56	57	57	57	57	58	58	59	59	60	59	59	60	60	60	60	61	61	61	61	61	61	61	61	61	61	61	61	61	61	61	61	61	62	62	61	61	60	60	60	60	61	61	61	61	61	61	59	58	58	59	58	59	60	61	60	60	59	60	61	62	62	62	61	61	61	61	61	61	61	61	61	60	60	60	61	61	61	61	62	62	62	63	63	62	62	62	62	60	58	56	55	53	53	55	56	56	56	56	57	56	57	57	57	57	57	57	57	57	57	57	57	57	56	56	56	56	56	56	56	55	55	55	56	65	82	83	83	83	83	83	83	83	83	83	83	83	83	83	83	83	83	83	83	83	82	82	83	83	83	82	81	76	67	56	41	29	20	17	16	16	16	16	15	15	15	16	15	15	15	15	14	14	14	13	13	13	12	12	13	13	13	13	13	13	13	13	13	12	12	12	12	12	12	12	13	13	13	13	13	13	12	13	13	13	13	13	12	12	11	12	12	12	12	12	12	11	11	11	11	11	11	11	11	10	11	11	11	12	11	11	11	12	12	13	12	12	12	12	12	12	12	12	13	12	12	13	13	13	13	14	14	14	14	14	16	16	17	29	54	76	83	83	83	83	83	83	83	83	83	83	83	84	84	84	84	83	83	83	84	84	83	83	84	84	84	84	83	83	83	83	83	83	83	83	83	83	83	83	84	84	84	84	84	84	84	83	84	83	83	83	83	83	83
83	83	84	84	84	84	84	83	83	83	83	84	84	83	83	84	84	83	84	83	83	83	83	83	83	84	84	84	84	84	83	83	84	84	83	83	83	84	83	84	83	83	83	83	84	84	84	84	84	83	83	83	83	84	84	84	83	83	83	83	83	83	83	83	83	84	83	84	83	83	83	80	75	65	50	35	24	17	15	14	14	13	12	12	12	10	10	10	10	10	10	10	10	11	11	10	11	11	11	10	11	11	11	11	11	12	12	12	12	12	12	12	12	12	13	13	13	13	13	14	13	14	14	14	14	15	15	15	16	16	16	17	17	18	19	19	20	21	22	22	23	24	24	25	26	27	27	28	28	29	29	29	29	29	29	29	30	31	31	31	32	33	33	33	34	34	35	35	35	35	35	36	36	37	37	37	36	34	35	35	37	38	37	37	37	37	36	36	36	35	35	35	34	33	32	31	30	30	29	29	28	27	27	26	26	26	26	25	25	25	25	24	24	24	24	23	23	23	23	22	22	22	22	21	21	21	21	20	19	19	19	19	19	19	18	17	17	16	16	16	15	16	16	16	15	15	15	15	15	14	14	14	15	14	15	15	15	16	16	16	16	16	16	9	6	7	8	7	7	9	10	11	14	17	19	18	19	19	19	20	21	21	22	22	22	23	23	23	23	25	25	26	26	27	28	29	30	30	31	32	33	34	36	37	38	39	40	41	42	43	44	44	45	45	50	50	50	49	48	48	47	47	47	48	48	52	55	56	56	56	57	57	57	57	58	58	58	58	59	60	60	61	60	60	60	60	60	61	60	61	61	61	61	61	61	61	61	61	61	61	61	61	61	61	60	60	60	61	61	61	61	61	61	61	61	61	61	59	58	59	61	61	60	60	59	60	62	62	62	62	62	62	62	62	62	62	62	62	61	60	60	60	60	60	61	61	61	62	62	62	61	62	62	63	63	62	61	59	56	54	56	57	57	57	57	57	57	57	57	57	57	57	57	57	57	57	57	57	57	57	57	57	56	56	56	56	55	55	55	55	58	76	83	83	83	83	83	83	83	83	83	83	83	83	83	83	83	82	82	83	83	83	83	81	76	67	56	42	32	23	19	16	16	16	15	15	15	14	14	15	15	15	15	15	14	14	13	12	12	12	12	12	12	11	12	13	14	14	13	13	13	13	13	13	13	13	13	12	12	12	12	12	12	12	13	13	12	12	12	13	12	13	12	12	12	12	12	12	12	11	12	11	12	11	11	11	11	11	11	11	11	11	11	11	12	12	11	12	12	12	13	12	12	12	12	12	12	12	13	13	13	13	13	13	13	13	14	14	14	15	15	16	20	39	66	80	83	83	83	83	83	83	83	84	83	83	83	83	84	84	84	83	83	83	84	84	84	84	84	84	83	83	83	83	83	83	83	83	83	83	83	83	83	83	83	83	84	84	84	84	84	84	83	83	83	83	83	83	83	83
84	83	84	84	84	84	84	83	83	83	83	83	83	83	83	84	84	84	84	83	83	83	83	83	83	83	83	83	83	83	83	83	83	83	83	83	83	83	83	84	83	83	83	83	84	84	84	84	84	83	83	83	83	84	84	84	83	83	83	83	83	84	84	84	84	83	83	83	83	83	84	83	83	83	83	81	74	66	53	40	29	20	14	14	13	12	11	11	11	11	10	10	11	11	11	11	11	11	11	11	11	11	11	11	11	12	12	11	11	11	11	11	11	11	11	11	11	11	11	12	12	12	12	12	13	13	13	13	14	14	15	16	16	17	17	17	18	19	20	21	21	22	23	24	24	25	26	27	27	28	28	28	28	28	28	28	29	30	30	31	31	32	32	33	34	34	35	35	35	36	36	37	37	38	38	38	37	37	38	38	40	41	40	40	41	41	41	41	40	40	40	40	39	38	38	37	37	37	36	36	35	34	34	33	32	31	30	29	28	28	27	27	27	27	27	27	27	26	26	25	25	24	24	24	24	24	24	23	22	22	22	22	21	21	21	20	19	19	19	19	18	18	18	18	17	17	16	16	16	16	15	14	15	15	15	16	16	16	16	15	15	15	13	7	7	8	7	6	7	10	10	12	15	17	17	18	18	18	18	19	19	20	20	20	21	21	21	21	21	23	23	24	24	25	25	26	27	27	28	29	29	31	32	34	35	35	36	37	38	40	41	42	42	41	46	46	48	48	48	49	49	49	49	49	50	52	55	56	55	56	56	56	56	56	56	56	57	57	58	58	58	57	57	59	60	59	60	60	60	60	60	60	60	61	61	61	61	62	61	61	61	60	60	60	60	60	60	60	61	61	61	62	62	61	61	62	62	61	61	62	62	62	61	60	61	60	61	62	62	62	61	61	61	62	62	63	63	63	62	61	61	60	60	60	61	61	61	61	61	61	60	61	61	62	62	62	61	61	60	55	56	58	58	58	57	57	57	57	57	58	58	57	57	57	57	57	57	57	57	57	57	56	56	56	56	56	56	55	54	55	56	68	83	83	83	83	83	83	83	83	83	83	83	83	83	83	83	83	83	82	77	67	54	41	29	21	18	16	16	16	15	15	14	15	15	15	15	14	13	15	14	15	15	16	15	13	12	12	12	12	12	12	12	12	12	13	13	13	13	13	13	14	13	13	13	13	13	12	12	12	12	12	12	13	14	13	12	12	12	12	13	12	12	12	13	12	12	11	11	12	12	12	12	11	12	12	11	11	12	12	12	12	12	12	12	12	12	12	12	12	13	12	12	12	13	13	13	12	13	13	13	13	14	13	14	13	14	14	15	16	17	26	51	75	83	83	83	84	84	83	83	83	84	84	84	84	84	84	84	83	83	84	84	84	84	84	84	84	84	83	83	83	83	84	84	83	83	83	83	83	83	83	84	83	83	84	83	83	84	84	84	84	83	84	83	83	83	83	83	83
84	83	83	83	84	84	84	84	84	84	83	83	83	84	84	84	84	83	84	83	83	83	83	83	83	83	83	83	83	84	84	84	84	84	83	83	83	84	83	84	84	84	84	84	84	84	84	84	84	83	83	83	83	83	83	84	83	83	84	84	83	83	83	83	83	83	83	83	83	83	84	84	83	83	82	82	82	82	83	82	77	69	47	22	16	15	15	15	13	12	11	11	11	11	11	12	12	11	11	12	12	11	11	11	12	11	11	11	11	11	11	11	11	11	11	11	11	11	11	12	12	12	11	12	13	13	12	12	12	12	13	14	15	15	15	16	16	17	18	19	20	20	21	22	22	23	24	24	25	26	26	26	27	27	27	28	28	28	29	30	31	31	32	33	33	34	34	34	35	36	36	37	37	38	38	39	39	39	39	39	41	42	42	42	43	43	44	44	43	43	44	43	42	42	42	41	40	40	39	38	38	37	37	36	36	36	36	36	35	35	35	34	33	32	31	30	29	29	29	28	28	27	26	26	26	26	26	26	26	26	25	25	25	24	24	23	22	21	21	21	21	20	20	20	19	19	19	18	18	18	17	17	17	17	17	17	17	17	17	16	16	15	12	10	8	8	7	6	9	11	11	13	15	17	17	17	17	17	18	18	18	19	19	19	20	20	19	20	20	21	21	22	23	23	24	24	25	26	26	27	27	28	29	30	31	32	33	34	35	36	37	38	39	38	42	44	44	45	46	47	48	49	51	52	52	53	55	55	55	55	55	55	55	55	55	55	56	55	59	57	56	56	56	57	58	59	59	59	59	60	60	60	60	60	60	60	60	61	60	60	61	61	61	60	60	61	60	60	61	61	61	61	61	62	62	62	62	62	62	62	62	62	62	61	61	62	61	61	61	61	61	61	60	60	61	62	63	63	63	63	63	62	62	61	62	62	61	61	60	61	60	60	61	61	61	61	61	61	61	58	55	58	59	58	58	58	58	57	58	58	58	58	58	58	57	57	57	57	57	57	57	56	56	56	56	56	56	55	55	55	56	60	78	83	83	83	84	83	83	83	83	83	83	83	83	82	78	70	58	42	30	21	17	16	16	16	16	16	15	15	16	15	15	14	14	13	14	13	12	13	13	14	13	14	13	12	12	13	13	13	13	13	13	13	13	13	13	13	13	13	13	15	15	15	14	13	13	13	13	12	12	12	11	12	12	12	12	12	12	12	11	12	12	12	12	11	11	12	12	12	11	12	12	12	12	12	11	11	12	12	12	12	12	12	12	13	12	12	12	12	12	12	12	12	12	12	13	12	13	13	13	13	14	14	14	15	15	15	15	20	38	65	80	83	84	83	83	84	84	84	83	84	84	84	83	84	84	83	83	83	83	84	83	83	84	84	84	84	84	83	83	83	83	83	84	83	83	83	83	84	83	83	84	84	84	83	83	83	83	83	83	83	83	83	83	83	83	83	83	83
83	83	83	83	83	84	84	84	84	84	84	84	83	84	84	84	84	83	83	83	83	83	84	84	83	83	83	83	83	84	84	84	84	84	84	84	83	83	83	83	84	84	84	84	84	84	84	84	84	84	83	83	83	83	83	84	83	84	84	83	83	83	83	83	83	83	83	84	84	84	84	84	83	83	83	83	83	83	83	83	83	83	80	63	30	18	18	39	39	24	22	20	17	14	12	12	13	12	12	12	12	12	12	12	12	12	12	12	12	12	12	11	11	11	11	11	11	10	10	10	11	11	11	12	13	13	13	12	12	12	13	13	13	13	13	14	14	15	16	17	19	19	19	19	20	21	22	22	23	24	24	25	25	26	26	26	27	27	28	28	29	30	31	31	33	34	34	34	35	35	36	37	37	38	38	39	40	40	40	40	42	43	43	44	45	45	46	46	46	46	46	46	45	46	45	45	44	43	42	42	44	43	42	42	41	41	39	39	39	38	39	39	38	37	36	35	34	33	33	33	33	33	33	32	31	31	30	30	30	29	29	28	27	27	27	26	26	25	25	24	23	22	22	21	21	21	21	21	21	20	20	20	20	20	19	19	19	19	18	18	18	17	17	17	16	11	11	11	11	11	12	14	15	16	16	17	16	16	16	16	16	17	18	18	18	19	19	19	19	19	20	20	21	21	22	23	23	23	24	25	25	26	27	27	28	29	30	31	31	32	33	35	35	35	38	40	41	42	43	44	45	46	47	48	50	52	53	54	55	55	55	55	55	54	54	54	55	56	56	56	56	56	56	56	56	57	57	58	58	58	58	59	59	59	59	59	59	60	60	60	60	60	60	61	61	61	61	61	61	61	61	61	61	62	62	62	62	62	62	62	63	62	62	61	62	63	62	62	61	61	60	61	61	60	61	62	62	62	62	62	62	61	61	62	62	62	62	62	62	62	61	61	61	61	61	61	60	60	60	59	56	56	58	59	59	59	58	59	59	59	58	58	58	58	58	58	57	57	58	57	57	57	57	56	56	56	56	56	55	54	56	57	70	83	82	83	84	83	83	83	82	82	80	74	62	48	34	24	18	17	17	17	16	16	16	16	16	15	15	15	15	15	15	14	14	13	13	13	13	12	13	13	13	13	12	12	12	13	13	13	13	13	13	13	13	13	13	13	13	12	12	13	15	16	15	15	15	14	13	13	12	12	11	11	11	11	12	11	11	11	11	11	11	12	11	11	12	12	12	11	11	11	11	11	11	11	11	11	12	12	12	12	12	12	12	12	12	12	12	13	13	13	12	13	13	12	12	13	13	13	13	14	14	14	14	16	16	16	24	48	73	82	83	83	83	83	83	84	84	84	83	83	83	83	83	84	84	83	84	83	83	83	83	83	83	83	83	83	83	83	83	83	83	83	84	83	83	83	83	84	84	83	84	84	84	83	83	83	83	83	83	83	83	83	83	83	83	83	83	84
83	83	83	83	83	84	84	84	84	84	84	84	83	84	84	84	84	83	83	83	83	83	83	83	83	83	83	83	83	83	84	84	84	84	84	83	83	83	83	84	84	83	83	83	83	83	83	84	84	84	83	83	83	83	83	84	83	84	83	83	83	83	83	83	83	83	83	84	84	84	84	84	84	84	83	83	83	83	83	84	83	82	82	82	73	44	26	52	78	62	43	35	42	51	41	30	22	16	14	13	13	13	13	13	13	14	13	13	13	13	13	12	12	13	12	12	12	11	10	10	11	11	10	10	10	10	11	12	12	13	13	12	11	11	11	12	12	13	14	15	17	22	23	19	18	19	20	21	21	22	22	23	24	24	24	24	25	25	25	26	27	28	29	30	32	33	34	34	35	35	36	37	37	38	38	39	39	39	39	40	42	43	44	45	45	46	46	46	46	46	47	47	47	48	47	47	47	46	45	45	46	46	45	45	44	45	43	44	44	43	43	43	41	41	39	39	39	38	38	38	38	38	38	37	36	36	36	35	34	34	34	34	34	33	32	31	29	28	27	26	26	26	25	25	25	25	25	24	24	23	24	24	24	23	23	23	22	21	21	21	20	20	19	19	19	17	16	16	16	14	14	15	16	16	17	17	17	16	16	16	16	17	17	17	18	19	19	19	19	18	19	19	20	20	21	21	21	22	22	23	23	24	24	25	25	26	27	28	28	29	30	31	31	31	34	35	36	38	39	41	42	43	44	45	46	47	49	51	53	55	55	54	54	54	54	55	54	56	56	55	55	55	55	55	56	56	56	56	57	57	57	58	58	58	58	58	58	59	59	59	59	59	60	59	60	60	60	61	61	61	61	61	61	62	62	62	62	62	62	62	62	62	62	61	61	62	62	62	63	63	63	63	62	63	63	63	63	63	63	63	62	62	61	61	61	62	62	63	63	63	63	62	62	61	61	61	61	60	59	60	58	57	58	59	59	59	58	59	59	59	59	59	59	59	59	58	58	58	58	58	57	57	57	57	57	56	57	57	56	56	56	57	61	80	83	83	84	83	80	75	65	53	40	28	20	17	15	15	15	15	15	15	16	16	16	16	16	15	14	14	14	14	13	14	13	13	13	12	12	12	12	13	13	13	11	12	12	13	13	12	12	12	12	13	13	13	13	12	12	11	12	11	13	15	14	14	16	16	15	15	14	14	13	12	12	11	12	11	11	11	11	11	12	12	12	12	12	12	12	11	11	11	11	11	12	11	11	12	12	12	12	12	13	12	13	12	12	12	12	13	13	13	12	12	12	12	12	13	13	13	13	14	14	15	16	16	19	34	61	78	83	83	83	83	83	83	83	83	83	83	83	83	83	83	83	84	84	84	84	84	84	83	83	83	84	84	84	84	84	84	84	84	84	84	84	84	84	84	84	84	84	84	84	84	84	83	83	83	83	83	84	84	83	84	83	83	83	83	84	84
83	83	83	83	83	83	83	83	83	83	83	83	83	84	84	84	83	83	83	83	83	83	83	83	83	83	83	83	83	83	83	83	83	83	83	83	83	83	83	84	84	83	83	83	83	83	83	83	84	84	84	83	83	83	83	84	84	83	83	83	83	83	83	83	83	83	83	83	83	84	84	84	83	84	83	84	83	84	84	83	83	83	83	83	83	79	54	53	82	82	75	58	50	76	80	77	71	62	51	39	29	21	17	15	15	15	14	14	14	13	14	13	13	13	13	13	13	12	12	12	14	15	15	14	13	11	11	10	10	11	11	11	11	11	11	12	11	12	12	11	9	13	22	27	19	17	17	18	19	20	20	21	21	21	21	21	23	23	24	24	25	26	27	29	31	32	33	33	34	35	36	37	37	38	38	38	39	39	38	38	40	42	44	45	45	45	46	47	47	48	48	48	48	48	48	48	48	47	47	47	48	47	48	47	47	46	44	45	46	46	46	46	46	45	44	44	44	43	43	43	43	43	42	42	41	40	40	40	39	39	38	37	37	39	39	38	38	37	36	34	33	32	31	30	29	29	29	28	26	27	30	29	28	27	26	26	25	24	24	23	23	22	21	20	20	21	19	18	17	16	16	17	18	18	18	18	18	18	17	17	17	18	18	17	18	18	18	18	18	18	18	19	19	20	20	20	20	20	21	21	21	22	22	23	23	24	25	25	25	26	27	27	27	28	30	31	32	33	34	36	37	39	40	41	43	44	45	47	49	51	52	52	53	53	54	54	55	55	54	54	55	54	54	55	55	55	55	55	56	56	56	56	57	57	57	57	57	58	58	58	58	58	59	59	59	58	58	58	60	60	61	61	61	61	62	62	62	62	62	62	62	62	62	62	59	56	60	62	62	62	62	62	62	63	64	64	64	63	64	63	63	63	62	62	62	62	62	63	63	62	62	62	62	63	63	62	61	61	61	61	60	59	59	59	59	59	59	59	59	59	59	59	59	59	59	59	59	59	59	59	58	58	57	57	57	57	57	57	56	55	55	56	57	73	80	75	66	53	40	29	22	17	15	15	15	15	15	15	16	15	15	15	15	15	15	15	14	13	13	12	13	13	12	13	12	12	12	13	12	12	13	12	12	13	12	11	12	12	12	12	12	12	12	13	13	13	13	12	13	13	12	12	13	15	13	13	16	15	16	16	15	15	15	14	13	12	12	12	12	13	13	12	11	12	11	11	11	12	11	11	11	11	11	11	11	11	11	12	12	12	12	13	13	13	13	12	12	12	12	12	12	13	13	12	13	12	13	14	14	14	14	14	15	15	15	23	46	72	82	83	83	83	83	83	84	84	83	83	83	83	84	84	84	83	83	84	84	84	83	83	83	84	84	84	84	84	84	84	84	84	84	84	84	84	84	84	84	84	84	84	84	84	84	84	83	83	83	83	84	83	83	83	83	83	83	83	83	83	83	83
83	83	83	83	83	83	83	83	83	83	83	83	83	84	84	84	83	83	83	83	83	83	83	83	83	83	83	83	83	83	83	83	83	83	83	83	83	83	83	84	84	83	83	83	83	83	83	83	83	84	83	83	83	83	83	83	83	83	83	83	84	84	84	84	84	84	83	83	84	83	83	83	84	84	84	84	84	84	84	83	83	83	83	83	83	82	77	72	82	83	83	81	67	73	83	83	83	82	82	81	77	69	58	46	35	26	19	16	15	15	14	15	14	14	14	14	13	14	14	13	13	13	14	14	14	15	14	14	14	13	12	12	11	11	10	10	10	11	11	10	10	9	11	14	13	15	15	16	16	17	18	19	19	19	20	19	21	21	22	22	22	24	25	28	30	31	31	32	33	34	35	36	36	37	37	38	38	38	38	38	37	36	38	42	43	45	46	47	47	48	47	48	49	49	49	49	49	50	50	49	50	49	49	49	48	48	46	47	48	48	48	48	47	47	47	47	47	46	46	46	45	45	45	45	45	45	45	45	45	44	43	43	43	42	42	42	42	41	41	40	39	38	38	38	37	37	37	36	34	33	36	36	35	34	34	33	32	31	28	28	28	27	25	25	26	26	23	22	21	20	20	20	21	20	20	20	19	19	19	19	18	18	18	18	18	19	18	18	17	18	18	18	18	18	19	19	19	20	20	20	20	21	21	21	22	22	23	23	23	24	24	24	24	25	27	28	28	29	31	32	32	34	35	36	38	39	41	42	44	45	47	48	50	51	52	53	53	54	54	54	54	53	54	56	55	55	54	54	55	55	55	55	55	56	56	56	56	56	56	56	56	56	57	58	57	57	57	56	58	59	59	59	60	60	61	61	62	62	62	62	62	62	62	62	59	52	59	62	61	59	61	61	60	60	60	61	63	62	63	63	63	63	63	63	63	63	63	63	63	62	62	62	62	62	62	61	60	61	62	62	62	61	61	62	61	61	60	60	59	59	59	59	60	60	59	60	60	59	59	59	59	59	58	58	58	58	58	58	57	56	53	49	45	44	39	29	21	17	16	15	15	15	15	15	15	15	15	15	15	16	15	15	15	14	14	14	13	13	12	12	12	12	12	13	12	12	12	12	12	13	12	12	12	12	12	12	11	11	12	12	12	12	12	12	12	13	13	12	12	11	12	12	14	15	14	14	15	15	15	14	14	15	15	14	15	14	14	14	14	14	14	13	11	12	11	11	11	11	11	11	11	11	11	12	12	11	11	12	12	12	12	13	13	13	13	12	12	12	12	12	12	12	13	13	13	13	13	14	14	14	14	15	16	17	29	57	78	83	83	83	83	83	83	83	84	84	84	83	83	83	84	84	84	84	84	84	83	83	83	83	83	84	84	84	84	84	84	84	84	83	83	83	84	84	84	84	84	84	84	84	84	83	83	83	83	83	83	83	83	83	83	83	83	83	83	83	83	83	83	83
83	83	83	83	83	83	83	83	83	83	83	83	83	84	84	84	83	83	83	83	83	83	83	83	83	83	83	83	83	83	83	83	83	83	83	83	83	83	83	84	84	83	83	83	83	83	83	83	83	84	84	84	84	84	84	84	83	83	83	84	84	84	84	84	84	84	84	84	84	83	83	83	84	84	84	84	84	83	84	84	84	84	84	84	83	82	83	83	83	83	83	83	83	82	83	83	83	83	83	83	83	83	82	82	79	74	66	56	43	34	25	20	16	15	15	15	14	14	14	15	14	14	14	15	15	15	15	15	15	15	15	16	16	15	14	12	12	11	11	10	11	11	12	12	12	13	13	14	14	15	15	16	16	16	16	17	18	19	20	20	21	21	23	25	27	28	30	30	32	32	33	34	35	36	36	36	37	37	38	38	37	36	35	39	43	44	45	45	46	47	47	47	48	49	49	49	50	50	50	49	50	50	49	50	49	50	47	49	50	50	50	49	49	48	48	48	48	48	48	48	47	47	47	47	47	47	46	46	46	46	47	45	53	59	45	44	42	41	41	42	42	42	41	38	37	37	37	36	36	36	37	38	38	38	38	38	38	37	35	33	33	34	33	31	30	30	29	28	28	25	24	24	25	24	23	23	22	22	22	21	21	21	20	20	20	20	20	19	19	19	19	18	18	18	19	19	19	19	19	19	19	19	20	20	20	21	21	22	21	22	22	22	23	23	24	25	25	26	27	28	29	30	31	32	34	35	36	38	39	41	42	43	45	46	48	49	50	50	51	52	52	53	53	54	54	54	54	54	54	54	54	54	54	55	55	55	55	55	55	55	54	50	47	57	70	63	57	56	56	58	58	58	59	59	59	60	60	60	61	60	61	61	61	62	61	60	61	62	61	58	61	63	63	62	62	62	64	60	60	60	61	62	62	61	62	62	62	62	62	62	62	62	62	62	62	61	61	60	60	61	61	61	60	61	62	62	63	63	63	63	62	61	61	60	60	60	60	59	59	60	60	59	59	59	59	56	53	49	42	35	28	23	18	17	15	15	15	14	14	14	15	15	15	15	15	15	15	15	14	14	14	14	13	13	13	13	12	12	12	12	13	13	13	12	12	12	13	12	12	12	13	13	12	12	12	12	12	11	12	12	12	12	12	12	12	12	13	12	12	12	12	12	12	13	13	13	14	15	15	13	13	15	14	12	13	13	13	13	13	13	12	11	11	12	11	11	11	11	12	12	12	11	11	11	11	11	12	12	13	13	12	12	12	13	12	12	12	12	12	13	13	12	13	13	14	13	13	14	15	14	14	16	21	41	70	82	83	82	83	83	83	83	83	83	84	84	84	83	83	83	84	84	84	84	84	83	83	83	83	84	84	83	83	83	84	84	83	83	83	83	83	83	83	84	83	83	84	84	84	84	84	83	83	83	84	84	83	83	83	83	84	84	83	84	84	84	84	83	83	83
83	83	83	83	83	83	83	83	83	83	83	83	83	84	84	84	83	83	83	83	83	83	84	83	83	83	83	83	83	83	83	83	83	83	83	83	83	83	84	84	84	83	83	83	83	83	84	83	84	84	83	83	84	84	84	84	84	84	83	83	83	84	84	84	84	84	84	84	84	84	84	83	84	84	83	83	83	83	84	83	83	84	84	84	84	84	83	83	84	83	83	83	84	84	84	83	83	83	83	83	83	83	83	83	83	83	83	82	82	79	74	67	56	43	32	23	18	14	14	14	14	14	15	15	15	15	15	14	13	12	12	13	14	15	15	17	17	17	15	14	13	12	12	11	11	12	12	12	12	12	12	13	13	14	15	15	15	16	17	17	18	19	21	22	23	25	27	28	30	31	32	32	33	34	35	36	37	37	38	38	37	37	36	39	42	43	44	44	44	44	44	45	46	48	48	48	49	49	49	49	50	51	50	50	50	51	49	49	51	51	51	50	50	49	50	49	49	50	50	49	50	49	49	49	49	49	49	49	49	49	49	49	48	47	48	46	44	43	43	43	44	46	44	43	43	42	41	40	38	37	35	34	34	34	34	35	36	37	36	34	35	36	36	35	35	36	35	35	34	31	30	32	32	31	30	30	29	27	26	25	24	23	22	22	22	22	21	21	21	20	20	19	19	20	20	19	20	20	19	20	19	19	19	19	20	20	20	20	20	20	20	20	21	22	22	23	23	23	24	25	25	26	27	28	30	31	32	33	34	36	37	38	40	41	42	44	45	45	46	47	49	50	50	51	52	53	54	54	54	54	54	53	53	53	54	54	54	54	54	54	53	44	24	34	56	62	57	54	54	55	56	57	57	57	58	58	59	59	59	59	60	60	60	60	60	60	60	61	61	59	60	62	62	62	62	63	63	62	61	61	59	59	61	61	61	60	60	60	60	60	61	61	61	61	61	60	60	60	60	60	60	61	60	60	60	60	61	61	62	63	64	64	64	64	64	63	62	61	61	60	58	55	50	44	37	29	24	20	17	16	14	14	14	15	15	14	15	15	14	14	14	14	15	15	14	14	14	14	14	13	13	13	13	12	13	12	12	12	12	12	12	12	12	13	12	12	13	12	13	13	13	12	12	12	12	12	12	12	12	12	12	12	12	13	13	12	12	12	12	12	12	12	13	15	15	14	14	14	14	14	14	14	14	12	12	11	12	12	12	11	12	12	12	11	11	11	12	12	12	12	12	12	12	11	12	12	12	13	13	13	13	13	12	12	12	12	12	13	13	13	13	13	13	13	13	13	14	15	15	16	16	28	55	77	83	83	83	83	83	83	83	83	83	83	84	84	83	84	84	84	84	84	84	84	84	83	83	83	84	84	84	83	83	83	84	84	83	83	83	83	83	83	84	84	84	83	83	84	83	83	83	83	83	83	83	84	83	83	83	83	83	83	83	84	83	83	83	83	83	83
83	83	83	83	83	83	83	83	83	83	83	83	83	83	83	83	83	83	83	83	83	83	83	83	83	83	83	83	83	83	83	83	83	83	83	83	83	83	84	84	84	83	83	83	84	84	84	83	83	83	83	83	83	83	83	83	83	83	83	83	83	83	83	83	83	83	83	83	83	83	83	83	84	84	84	83	83	83	83	83	83	83	83	84	84	84	84	84	84	83	83	83	83	83	83	83	83	83	83	83	83	83	83	83	83	83	83	82	82	83	82	82	82	82	80	74	66	55	42	30	23	16	14	14	14	15	14	13	12	12	12	12	13	13	12	13	13	15	16	17	18	18	17	16	14	13	12	12	12	11	11	11	11	12	12	13	13	14	14	15	15	17	18	19	21	22	23	25	26	28	29	30	31	31	32	34	35	37	37	37	37	36	36	38	41	43	43	43	44	45	45	45	45	46	47	47	48	48	48	49	49	50	50	50	51	51	51	50	51	52	51	51	50	50	50	50	50	51	51	51	52	51	51	51	51	51	51	50	50	51	52	52	51	49	51	50	47	50	51	49	46	48	47	47	48	47	46	46	46	44	43	42	42	41	40	39	38	37	37	37	36	39	39	38	38	37	36	35	35	32	27	25	26	27	28	30	31	31	32	32	31	30	29	28	27	26	24	23	23	22	22	22	22	21	22	22	21	21	20	20	19	19	19	20	20	20	20	20	19	19	19	19	20	20	20	20	21	22	23	23	24	24	25	25	26	27	28	28	29	30	31	33	34	35	37	39	39	41	42	43	44	45	47	48	49	50	52	53	53	53	53	52	52	53	53	53	53	54	53	53	52	52	40	39	46	56	49	53	53	54	54	55	56	56	56	56	57	56	57	58	58	59	59	59	59	59	60	60	60	59	60	60	61	62	62	62	62	62	62	62	61	58	59	61	61	60	60	60	59	59	59	60	60	60	60	59	59	60	60	60	60	60	61	61	61	61	61	61	61	62	62	62	62	61	59	58	55	49	42	36	30	24	20	17	14	13	14	15	14	15	15	14	14	15	15	14	14	15	14	14	13	14	14	14	13	13	13	14	14	13	13	13	13	13	13	13	13	12	12	12	12	12	12	12	12	12	12	12	12	12	12	12	12	12	12	12	12	12	12	12	11	12	13	13	12	12	12	12	13	12	12	12	12	14	14	14	14	14	14	14	14	13	12	12	12	11	11	11	11	11	11	12	12	11	11	11	11	12	12	12	12	12	12	11	12	12	13	12	13	13	13	13	13	12	12	12	12	13	13	14	13	13	13	13	13	14	14	14	16	20	39	67	82	83	83	83	83	83	83	83	83	83	83	83	84	84	83	84	84	84	84	84	84	84	84	83	83	84	84	85	84	84	83	84	84	84	84	83	83	84	84	84	83	83	83	84	84	84	83	83	83	83	83	83	84	84	83	83	84	83	83	83	83	84	83	83	83	83	83	83
83	83	83	83	83	83	83	83	83	83	83	83	83	83	83	83	83	83	83	83	83	83	83	83	83	83	83	83	83	83	83	83	83	83	83	83	83	83	84	84	84	83	83	83	84	84	84	83	83	83	83	83	83	83	83	83	83	83	83	83	83	83	83	83	83	83	83	83	83	83	83	83	84	84	84	84	83	83	83	83	84	84	83	84	84	84	84	84	84	83	83	83	83	83	83	84	84	83	83	83	83	83	83	83	83	83	83	82	82	83	83	83	82	83	83	83	82	83	82	78	71	60	47	33	23	17	14	13	13	14	15	14	13	12	12	12	12	13	13	13	13	13	14	16	17	17	17	17	15	14	12	11	10	10	11	11	11	12	12	13	13	15	16	17	18	19	21	22	23	24	26	27	28	29	30	32	33	34	35	35	35	34	36	37	39	40	41	42	42	44	44	44	44	45	46	45	45	45	47	48	49	50	50	50	51	52	51	50	51	52	52	52	52	52	52	51	51	52	51	51	52	52	52	53	53	52	52	52	52	52	53	53	53	52	53	52	50	54	54	54	51	48	49	50	51	51	50	48	49	49	48	47	47	47	47	47	47	47	46	45	44	43	44	44	44	44	43	43	42	40	37	35	34	34	33	31	31	30	28	28	29	30	30	33	34	33	32	31	30	30	29	26	25	24	24	24	24	22	22	21	26	29	20	22	22	21	21	21	20	20	19	19	20	20	20	20	20	21	21	22	22	22	23	23	24	23	24	25	26	26	27	28	30	30	32	34	35	36	37	37	39	40	42	43	44	46	47	48	49	49	50	50	50	51	51	51	52	52	52	51	51	51	50	47	47	49	50	53	53	53	54	53	54	53	53	53	54	54	55	56	56	56	57	57	57	58	58	59	59	59	59	57	56	58	59	60	60	61	62	62	61	60	58	60	60	60	60	60	59	58	59	59	59	59	60	60	59	59	61	60	59	59	59	59	58	57	56	54	51	49	46	42	38	34	29	25	22	18	17	16	15	15	15	15	13	13	14	14	14	15	15	15	15	15	15	14	14	14	14	13	13	13	13	13	13	13	13	13	13	13	13	13	13	13	12	13	13	12	13	12	13	12	12	12	12	12	12	12	12	12	12	12	12	12	11	12	12	12	12	12	12	12	12	12	12	12	12	12	12	12	12	12	12	12	12	12	11	11	12	12	12	12	12	11	11	11	11	12	11	11	12	12	12	12	11	11	11	12	12	12	12	12	11	11	12	13	13	13	12	13	13	13	13	12	12	12	13	14	14	13	14	14	14	14	14	15	15	16	28	53	76	83	83	83	82	83	83	83	83	83	83	83	83	83	84	84	83	84	84	84	84	84	84	84	84	84	84	84	84	84	84	83	83	84	84	84	84	84	84	84	84	84	83	83	83	84	84	84	83	83	83	83	83	83	84	84	84	84	84	83	83	84	83	83	83	83	83	83	83	83
83	83	83	83	83	83	83	83	83	83	83	83	83	83	83	83	83	83	83	83	83	83	83	83	83	83	83	83	83	83	83	83	83	83	83	83	83	83	83	83	83	83	83	83	84	84	84	83	83	83	83	83	83	83	83	83	83	83	83	83	83	83	83	83	83	83	83	83	83	83	83	82	83	83	83	84	83	83	83	84	83	83	83	83	83	84	83	83	84	84	83	83	84	83	83	84	84	84	83	83	84	84	83	83	83	83	83	83	83	83	83	83	83	83	83	82	82	82	82	82	82	82	82	79	72	62	48	34	24	18	15	13	13	14	13	13	12	12	12	12	12	12	13	14	14	14	15	16	17	18	18	17	16	14	12	10	10	11	10	11	12	13	14	15	16	17	18	19	20	21	22	24	25	27	28	30	30	31	32	33	33	33	34	35	37	39	40	40	41	42	42	42	43	44	45	46	46	46	46	45	46	49	49	50	50	50	49	49	50	51	52	52	52	53	53	53	53	53	52	50	52	53	53	53	53	53	53	54	54	53	53	53	54	53	53	53	51	55	55	55	53	49	50	50	52	52	53	52	52	52	52	52	51	51	51	50	51	50	49	49	49	46	49	48	48	48	48	48	47	46	44	41	42	41	42	43	41	42	42	40	39	38	34	33	32	30	30	31	32	34	35	34	33	32	30	29	28	27	25	25	28	29	22	23	24	23	23	23	22	22	21	21	21	21	21	21	21	21	22	22	22	22	22	21	21	22	23	23	24	24	24	25	26	27	28	29	30	31	31	33	34	36	37	38	39	40	42	43	44	45	46	47	47	47	48	49	50	50	50	50	51	51	50	50	53	53	51	51	52	52	54	52	52	52	50	47	43	41	42	44	46	48	49	50	51	52	53	53	54	55	55	55	54	55	55	56	56	57	58	58	58	58	57	58	58	58	58	57	56	56	55	55	53	52	51	49	48	46	45	43	41	39	36	35	32	30	28	24	22	21	19	18	17	16	16	15	15	14	15	16	15	15	15	15	14	14	14	14	14	14	14	14	14	14	14	14	13	13	13	13	13	13	12	13	12	13	13	13	13	13	13	13	13	14	13	12	13	13	12	13	13	12	12	12	12	13	13	13	12	12	12	11	11	11	11	12	12	12	12	12	12	12	12	12	12	12	12	12	11	11	12	12	12	12	11	11	12	11	11	11	11	11	11	11	11	11	11	12	12	12	12	11	12	11	11	12	12	12	12	12	12	12	12	12	12	13	12	13	13	13	13	13	13	12	12	13	13	13	14	13	14	15	15	15	15	16	20	37	65	81	84	83	83	84	83	83	84	83	84	83	83	84	84	84	84	84	84	84	84	84	83	83	84	84	84	84	84	84	84	84	84	83	83	84	84	84	84	83	83	84	84	84	83	83	83	83	83	84	84	84	84	83	84	83	83	83	84	83	84	83	83	84	83	83	83	83	83	83	83	83
84	83	83	83	83	83	83	83	83	83	83	83	83	83	83	83	83	83	83	83	83	84	83	83	83	83	83	83	83	83	83	83	83	83	83	83	84	84	83	83	83	83	83	84	83	84	84	83	83	83	83	83	83	83	83	83	83	83	83	83	83	83	83	83	83	83	83	83	83	83	83	83	83	83	83	84	83	83	84	84	84	83	84	84	83	84	84	84	84	84	83	83	84	83	83	83	83	83	83	83	84	84	83	83	84	84	83	83	83	83	83	83	83	83	83	83	83	82	82	83	82	82	83	83	83	82	82	79	73	65	53	40	29	22	16	15	14	13	13	13	12	12	13	13	12	12	12	12	13	13	13	14	16	17	19	19	17	14	12	11	11	12	13	13	14	15	16	16	18	19	19	20	21	23	24	26	28	28	28	30	32	31	32	33	35	37	38	39	39	40	41	41	42	43	44	45	45	45	46	45	44	47	49	52	51	49	50	50	50	51	51	51	52	53	53	53	53	54	52	52	54	54	54	54	54	53	54	54	54	54	54	53	53	53	53	54	51	55	56	56	55	50	51	49	51	53	54	54	54	53	54	54	54	53	53	53	53	52	52	52	51	46	50	50	50	51	51	51	50	50	48	46	49	50	44	47	46	45	48	49	49	48	48	47	46	44	41	39	36	33	31	30	30	30	32	34	35	35	34	33	31	29	28	27	26	26	26	25	25	24	24	24	24	24	23	23	23	22	22	22	23	23	22	22	22	22	22	22	22	23	23	24	24	25	25	25	26	26	27	29	30	31	33	33	35	36	37	38	40	41	42	42	43	44	45	45	46	47	47	47	49	49	50	50	48	47	47	50	51	52	54	52	52	52	52	52	50	47	41	35	31	29	28	27	29	30	30	30	31	31	32	33	34	34	33	33	33	34	34	33	33	33	33	33	33	33	32	30	30	29	28	27	26	25	23	21	21	20	20	19	18	18	17	17	16	16	15	15	15	16	17	17	16	16	16	16	16	15	14	15	15	15	15	14	14	14	14	13	13	13	14	14	13	12	13	13	14	13	12	12	12	12	12	13	13	13	13	13	13	13	13	13	12	12	12	13	13	13	13	14	13	12	12	12	13	13	13	13	12	12	12	11	11	12	12	12	13	12	12	12	12	12	12	12	12	12	12	12	11	11	11	12	12	11	11	11	11	11	11	11	11	11	12	12	12	12	12	12	12	12	12	11	12	11	11	12	12	12	12	11	12	12	12	12	12	12	12	13	12	12	13	13	12	12	12	13	13	14	14	14	15	15	16	15	15	24	49	74	83	83	83	83	83	84	83	83	84	83	84	83	83	84	84	84	84	84	84	84	84	84	83	83	84	84	84	84	84	84	84	84	84	84	84	84	84	84	84	83	83	84	84	84	83	83	83	83	83	84	84	84	84	83	84	83	83	83	84	83	84	83	83	84	83	83	83	83	83	83	83	83
84	83	83	83	83	83	83	83	83	83	83	83	83	83	83	83	83	83	83	83	83	84	84	83	83	83	83	83	83	83	83	83	83	83	83	83	84	84	83	83	83	83	84	84	83	83	83	83	83	83	83	83	83	84	84	83	83	83	83	83	83	84	83	83	83	83	83	83	83	83	83	83	83	83	83	84	83	83	84	84	84	83	84	84	84	84	84	84	84	84	83	83	84	83	83	83	83	83	83	83	83	83	83	83	84	84	83	83	83	83	83	82	82	83	83	83	83	83	83	83	83	83	83	83	83	83	83	83	83	84	82	81	78	70	58	44	31	21	17	14	13	13	13	13	12	12	12	12	11	11	11	12	12	13	14	15	16	19	18	17	14	13	12	12	13	13	14	14	16	16	17	18	19	20	21	22	24	25	26	28	28	29	30	31	32	34	36	36	38	39	39	39	40	42	42	43	43	44	44	44	43	48	48	48	49	48	47	47	48	47	47	48	49	49	49	49	49	50	50	51	52	54	53	54	54	54	54	54	54	55	54	52	54	53	53	54	52	54	56	56	55	50	52	50	53	53	54	54	55	54	54	54	54	54	54	54	54	53	53	53	52	48	51	52	52	52	53	53	53	52	49	45	47	51	48	49	49	47	51	53	53	53	53	53	52	52	51	50	50	48	46	45	43	40	37	34	32	31	31	32	34	35	35	35	35	34	32	31	30	28	28	27	27	27	26	25	24	24	24	24	25	24	24	23	23	23	22	23	23	23	23	23	23	22	23	23	24	24	24	25	26	27	28	29	30	31	32	34	35	37	37	38	39	40	41	42	42	43	44	44	45	46	47	48	48	48	48	49	50	50	50	51	52	52	53	53	53	52	52	49	46	42	36	30	26	22	21	20	20	20	20	20	20	20	19	20	20	19	19	19	19	18	19	19	20	19	19	18	18	18	17	17	17	17	17	17	16	16	16	16	16	14	13	13	14	15	15	13	14	15	16	15	15	15	15	15	14	15	14	14	15	15	14	13	13	13	13	13	13	13	13	13	12	12	12	12	12	12	11	12	12	13	12	12	13	13	13	12	13	13	13	13	12	12	12	12	13	13	13	13	13	12	12	12	12	13	13	13	12	11	12	12	11	11	12	12	13	12	12	12	12	12	12	12	12	12	12	11	12	11	12	11	11	11	11	11	11	11	11	11	11	11	11	12	12	12	12	12	12	12	12	11	11	11	11	12	12	12	11	11	12	12	12	12	12	12	12	12	12	12	13	13	13	13	13	13	14	14	14	15	15	16	16	18	32	60	79	83	83	83	83	83	83	84	83	84	84	84	84	83	83	84	84	84	84	84	84	84	84	84	83	83	84	84	84	84	84	84	84	84	84	84	84	84	84	84	84	84	84	84	84	84	83	83	84	83	83	84	84	84	84	84	84	83	83	83	84	84	84	84	84	84	83	83	83	83	83	83	83	83
83	83	83	83	83	83	83	83	83	83	83	83	83	83	83	83	83	83	83	83	83	83	84	84	83	83	83	83	83	84	84	84	83	83	83	83	83	84	83	83	83	83	84	84	83	83	83	83	83	83	83	83	83	84	84	83	83	83	83	83	83	83	83	83	83	83	83	83	83	83	83	83	83	83	83	83	83	83	84	83	83	83	83	83	83	83	83	83	83	83	83	83	84	83	83	83	83	83	83	83	83	83	83	83	83	83	84	84	83	83	83	83	83	83	83	83	83	83	83	83	83	83	83	84	84	83	83	83	84	84	84	83	83	83	82	81	78	72	61	46	33	22	16	13	13	12	13	13	12	12	12	12	11	11	12	13	13	12	13	14	15	17	17	15	14	13	13	14	14	14	15	16	17	17	19	19	21	22	24	25	25	25	28	28	29	30	32	33	36	41	40	40	40	40	41	42	42	43	43	43	42	46	46	48	49	49	49	50	52	50	49	49	49	49	49	48	46	45	46	46	47	50	50	50	50	52	54	54	54	54	55	54	54	53	52	55	52	53	56	55	55	51	52	51	53	53	53	53	53	54	54	54	54	54	54	54	55	55	54	54	53	50	51	53	53	52	53	53	53	53	53	51	47	45	48	50	49	50	53	55	55	55	55	55	55	55	54	53	53	53	52	52	52	51	50	49	49	46	44	42	37	34	31	29	31	33	34	35	35	33	31	31	30	31	31	31	30	29	28	28	27	26	26	25	25	25	25	25	25	24	24	24	24	23	23	23	23	23	23	24	24	24	25	26	27	27	28	29	30	31	32	33	34	36	36	37	39	39	40	41	42	43	43	44	45	45	46	46	47	47	47	49	50	51	52	52	53	53	53	52	52	51	49	46	44	40	35	28	23	20	18	18	18	18	17	18	18	18	18	17	17	17	17	14	14	13	12	12	11	11	11	13	16	16	16	16	16	16	16	15	14	12	11	12	14	14	15	14	15	15	15	14	14	14	15	15	15	15	15	14	14	14	13	12	12	13	13	13	12	12	12	12	11	11	11	11	11	11	12	12	12	13	13	13	13	13	13	13	13	13	13	13	13	12	12	13	13	12	12	13	12	12	12	13	12	13	13	13	12	11	12	12	12	12	12	12	12	12	12	12	12	12	12	12	12	11	11	11	11	11	11	11	11	11	11	11	11	11	11	11	11	11	11	12	12	12	12	12	12	12	12	11	11	11	11	11	12	12	12	11	11	11	12	11	12	12	12	12	12	12	12	12	13	13	13	13	13	13	14	15	16	16	22	45	72	82	83	83	83	83	83	83	83	84	83	84	84	83	83	83	83	84	84	84	84	84	84	84	84	84	84	84	84	84	84	84	84	84	83	83	83	84	84	84	83	83	84	84	84	84	83	83	84	84	84	83	83	84	84	84	84	84	84	84	83	84	84	84	84	84	84	84	83	83	83	83	83	83	83	83
83	83	83	83	83	83	83	83	83	83	83	83	83	83	83	83	83	83	83	83	83	83	84	84	84	84	84	83	83	84	84	84	84	83	84	84	84	84	83	83	83	83	83	84	83	83	83	83	83	82	82	83	83	83	83	83	83	83	83	83	83	83	83	83	84	84	83	83	84	84	83	83	83	83	83	84	83	83	84	83	83	83	84	84	83	84	83	83	83	83	83	83	83	83	83	84	84	83	83	83	83	83	83	83	83	83	83	83	83	83	83	83	83	83	83	83	83	83	83	83	83	83	83	84	84	84	84	84	84	84	84	83	84	84	83	82	82	83	83	82	80	73	64	45	19	17	15	15	13	12	12	13	12	12	13	13	12	11	11	12	11	12	12	13	14	14	15	14	13	12	13	14	14	16	17	17	18	19	21	22	22	22	24	25	26	27	29	29	31	35	25	30	37	41	41	41	41	41	42	41	41	45	45	48	48	48	49	49	49	50	50	50	50	50	50	48	47	47	47	47	46	45	44	46	47	48	49	49	50	51	52	54	54	53	52	54	52	52	55	54	55	52	52	51	53	53	54	53	54	54	53	53	53	53	53	53	54	54	54	54	53	50	51	54	54	53	54	54	54	53	53	54	52	51	50	50	50	53	55	55	55	55	55	55	55	55	55	55	54	54	54	54	55	54	54	55	55	52	52	53	52	50	45	43	40	36	33	31	30	31	33	34	34	34	34	34	34	33	33	33	32	31	30	30	29	28	28	27	26	27	27	27	26	26	26	25	25	24	24	24	24	24	24	24	24	25	25	25	26	27	28	29	30	31	32	33	34	35	36	37	37	38	39	40	41	42	43	43	43	44	44	46	47	48	49	50	50	51	52	52	52	52	50	50	50	48	47	45	40	37	33	28	23	18	16	17	17	16	16	17	17	16	15	11	10	9	9	9	8	8	10	14	16	17	16	17	16	16	16	15	12	10	11	14	14	15	14	14	15	15	15	15	14	14	14	15	14	14	14	14	13	13	12	12	12	12	12	12	11	12	12	12	11	11	11	11	11	13	13	12	13	13	13	13	13	13	13	13	13	13	13	13	13	12	12	12	12	12	12	12	12	12	12	13	12	13	13	13	12	11	11	11	12	11	12	13	12	12	12	12	12	12	12	12	11	11	11	11	11	11	11	11	11	11	11	11	11	11	11	11	11	11	11	12	12	11	11	12	13	13	12	11	11	11	11	12	12	12	12	12	12	11	12	11	11	12	12	11	11	12	12	12	12	13	13	14	14	13	14	14	18	31	58	79	83	83	83	83	83	83	83	83	83	83	83	83	83	83	84	84	84	84	84	84	84	84	84	84	84	84	84	84	84	83	83	84	84	84	83	83	83	84	84	84	83	83	84	84	84	84	83	83	84	84	84	83	83	84	84	84	84	84	84	84	83	84	84	84	84	84	84	84	83	83	83	83	83	83	83	83
83	83	83	83	83	83	83	83	83	83	83	83	83	83	83	83	83	83	83	83	84	84	83	83	83	83	83	84	84	83	83	83	83	83	84	84	84	84	83	83	83	83	83	83	84	83	83	83	83	82	83	83	83	83	83	83	83	83	83	83	83	83	82	83	84	83	83	84	84	84	83	83	84	84	83	83	83	83	83	83	83	84	84	84	84	83	84	84	83	83	83	83	83	83	83	84	84	84	83	83	83	83	83	82	83	83	83	83	83	83	83	83	83	84	83	83	83	83	83	83	83	83	84	84	84	84	84	84	84	84	84	84	84	84	83	83	83	84	83	83	83	82	81	57	17	16	43	56	44	32	23	17	14	13	14	14	13	12	11	11	11	11	11	11	12	12	13	14	15	14	14	14	14	14	14	15	16	17	17	18	18	19	21	22	22	24	25	26	27	32	22	19	22	25	32	42	44	40	40	40	40	45	45	47	46	47	49	49	50	50	50	50	51	51	50	49	47	48	51	51	50	49	49	49	49	50	49	49	50	50	49	51	50	51	51	54	54	51	52	54	55	52	52	51	53	54	54	54	54	54	53	53	54	54	53	53	53	53	52	53	52	51	50	54	55	55	54	54	54	54	54	54	54	54	54	55	55	55	56	55	55	54	54	54	54	54	55	55	55	55	55	56	56	55	56	56	55	54	52	54	55	51	50	52	51	50	49	48	45	45	44	43	41	39	38	37	37	36	36	35	35	34	34	34	34	34	33	33	32	30	30	30	29	29	28	28	28	27	26	27	27	27	26	26	25	25	24	24	24	24	25	25	26	27	27	29	29	30	31	32	33	34	35	35	36	37	38	39	39	39	40	42	43	44	45	46	47	48	49	49	50	50	50	50	50	50	50	50	41	28	31	34	38	33	27	26	23	20	18	17	16	15	15	12	11	11	10	9	8	8	11	15	15	17	17	17	17	16	16	13	11	11	13	14	14	14	14	14	15	15	14	14	14	14	14	14	14	13	14	14	12	12	12	12	11	11	12	12	12	11	11	11	12	12	12	11	11	12	13	12	12	13	13	13	13	13	13	13	13	13	13	13	12	12	12	12	12	12	12	12	12	12	12	12	12	13	13	13	12	13	12	12	12	12	12	12	12	12	12	12	12	12	12	11	11	11	11	11	11	11	11	11	11	11	12	12	11	11	11	11	11	11	11	11	11	11	11	11	12	12	12	12	12	12	11	12	11	12	12	11	11	11	11	11	12	12	12	11	11	12	12	13	13	13	13	13	14	14	14	20	43	70	82	83	83	83	83	83	84	83	83	83	83	84	83	84	84	84	84	84	84	84	84	84	84	84	84	84	84	84	83	83	84	84	84	84	84	84	83	83	83	84	84	84	84	84	84	84	84	84	84	84	84	84	84	83	84	84	83	84	84	84	84	84	84	84	84	83	83	83	83	83	83	83	83	83	83	83	83	84
83	83	83	83	83	83	83	83	83	83	83	83	83	83	84	83	83	83	83	83	84	83	83	83	83	83	83	83	83	84	83	83	83	83	83	83	83	84	83	83	83	83	83	83	83	83	83	82	83	83	83	83	83	83	83	83	83	83	83	83	83	83	83	83	84	83	83	83	84	84	83	83	83	83	83	83	83	83	83	83	83	83	83	84	84	83	84	84	83	83	83	83	83	84	84	84	84	84	83	84	83	83	83	83	83	83	83	83	83	83	83	83	83	84	84	84	84	84	84	84	83	84	84	84	84	84	84	84	84	84	84	83	83	84	83	83	83	83	83	84	84	84	82	66	46	46	75	83	81	79	73	63	51	39	27	19	15	13	13	13	13	12	12	12	11	12	12	13	13	13	13	13	15	14	14	14	14	14	15	15	16	16	17	17	19	20	22	23	25	29	22	15	17	19	25	37	40	39	39	39	39	43	44	45	46	47	48	49	49	49	49	50	50	50	50	49	48	48	51	52	52	52	52	52	52	52	52	52	52	53	53	54	52	51	50	53	54	53	51	52	52	51	53	51	52	54	55	54	54	54	52	52	53	52	52	52	52	53	52	52	53	52	50	53	55	55	55	56	56	56	56	56	56	55	55	55	54	55	55	55	55	54	54	54	54	54	54	54	54	53	55	56	56	55	56	56	56	54	53	54	55	53	51	54	53	52	52	52	51	49	51	51	51	49	48	47	46	44	42	40	39	37	37	36	36	36	36	36	36	36	36	36	35	34	33	33	32	31	30	30	30	30	28	28	27	26	26	26	26	25	25	24	24	24	25	25	26	26	27	28	28	29	31	31	32	33	33	34	35	35	36	37	39	40	40	41	42	43	43	44	45	47	47	48	48	49	49	49	45	25	23	22	38	43	38	37	35	33	30	26	23	20	17	15	14	13	12	12	11	10	13	15	16	16	16	16	16	15	14	12	11	12	14	14	14	13	14	14	15	14	14	14	14	13	14	13	12	12	12	13	12	12	12	12	11	11	12	12	12	11	11	12	12	12	12	12	12	12	12	12	12	13	12	12	13	13	13	13	13	13	13	13	12	12	12	12	12	12	12	12	12	12	12	12	12	12	13	13	13	13	12	13	12	12	12	12	12	11	12	12	11	12	12	11	11	11	12	11	11	11	11	12	11	12	12	12	11	11	11	11	10	11	11	11	11	11	12	12	11	12	12	12	12	12	12	12	12	11	11	11	11	11	11	11	12	12	12	12	12	12	12	13	13	13	13	13	14	16	28	55	77	83	84	83	83	83	83	84	84	83	84	83	83	84	83	84	84	84	84	84	84	84	84	84	84	84	84	84	84	84	83	83	84	84	84	84	84	84	83	83	83	83	84	84	84	84	84	84	84	84	84	84	84	84	84	83	84	83	83	83	84	83	84	83	83	84	83	83	83	83	83	83	83	83	83	83	83	83	84	84
84	83	83	83	83	83	83	83	83	83	83	83	83	83	84	83	83	83	83	83	83	83	83	84	84	84	83	83	83	83	83	83	84	84	84	83	83	83	83	83	83	83	83	83	83	83	83	83	83	83	83	83	83	83	83	83	82	82	82	82	82	83	83	83	84	84	83	83	83	84	84	83	83	83	83	83	83	83	84	84	83	83	83	83	83	83	84	84	83	83	83	84	83	83	83	83	83	83	84	84	83	83	83	83	83	83	83	83	83	83	83	83	83	84	84	84	84	84	84	84	84	84	84	84	84	84	84	84	84	84	84	83	83	84	83	83	83	83	83	84	84	84	83	83	82	81	83	84	84	83	82	83	82	81	77	68	57	44	31	22	16	14	14	13	13	13	13	12	13	12	13	13	13	14	15	16	15	13	13	13	14	14	15	15	16	17	18	19	20	25	22	11	13	20	32	35	34	36	38	37	37	41	42	43	43	45	47	47	48	48	49	49	50	50	50	50	49	47	50	51	51	51	52	51	52	53	54	54	54	54	54	55	55	54	52	53	53	53	53	53	53	53	53	51	51	54	54	54	54	54	54	53	53	53	53	53	53	52	52	52	52	52	50	51	54	55	55	55	56	56	57	57	57	57	57	56	55	54	55	55	55	55	55	55	55	55	55	54	54	54	56	56	55	55	55	56	56	55	53	54	55	56	51	52	54	54	53	54	54	51	53	55	54	54	54	54	53	53	52	50	48	46	43	42	40	39	38	37	36	36	35	36	37	37	37	37	37	36	36	36	35	34	33	32	31	30	29	28	28	28	26	26	25	26	26	25	25	25	25	25	26	26	27	28	28	28	29	29	30	31	31	33	34	35	36	36	37	37	38	40	41	42	43	44	44	44	45	46	44	28	24	22	36	45	44	43	42	40	38	36	34	30	29	26	23	21	18	16	14	14	14	15	16	16	17	17	16	16	15	14	13	14	14	14	14	14	14	15	15	14	14	14	14	14	13	13	12	12	13	13	11	12	12	11	11	11	12	12	12	12	11	12	12	12	12	12	13	12	12	12	12	12	12	11	12	12	13	13	13	13	13	13	13	13	13	13	13	12	13	12	12	12	12	12	12	13	13	13	13	13	13	13	12	12	12	12	12	12	12	12	12	12	11	11	11	11	11	11	11	11	11	12	12	12	11	11	11	11	11	11	11	11	11	11	11	12	12	12	11	12	12	12	12	12	12	12	11	11	11	11	11	11	11	11	12	11	12	12	12	12	12	13	13	13	13	14	19	37	65	81	84	84	84	84	83	83	83	84	84	83	83	83	83	83	83	83	84	84	84	84	84	84	84	84	84	84	84	84	84	83	83	83	83	84	84	84	84	84	84	84	84	84	84	83	84	84	84	84	84	84	84	84	84	84	84	83	83	83	83	83	84	83	84	83	83	83	83	83	83	83	83	83	83	83	83	84	84	84	84	84
84	83	83	83	83	83	83	83	83	83	83	84	83	83	83	83	83	83	83	83	83	83	83	84	84	83	84	83	83	84	84	84	84	84	84	83	83	83	83	83	83	83	83	84	83	83	83	83	83	83	83	83	83	83	83	83	83	83	83	82	82	83	83	83	83	83	83	83	83	83	83	83	83	83	83	84	84	84	83	83	83	83	83	83	84	83	83	83	83	83	83	83	83	83	83	83	84	83	83	83	83	83	83	83	84	84	83	83	83	83	83	83	84	84	84	84	84	84	84	84	84	84	84	84	84	84	84	84	84	84	84	84	84	84	84	84	84	84	84	84	84	84	83	83	83	83	83	83	84	83	83	84	84	84	84	83	83	82	79	72	62	50	37	25	17	13	13	12	12	12	12	12	12	12	12	13	14	14	13	12	13	13	13	14	14	14	15	16	16	19	19	11	17	27	29	29	31	33	35	36	35	40	40	40	40	42	43	45	45	46	47	48	48	48	49	48	49	48	47	48	49	49	49	49	51	51	52	53	53	54	54	55	55	54	51	52	53	52	50	52	54	53	53	51	50	54	54	54	54	54	54	54	53	54	55	55	55	55	55	54	53	52	50	51	53	54	55	55	56	56	57	57	57	57	57	57	57	57	58	58	58	58	57	56	56	55	55	55	55	55	56	56	56	56	55	56	56	56	54	55	56	56	55	52	52	53	54	55	54	52	54	56	55	55	55	55	55	55	54	54	54	53	52	51	50	48	47	46	44	41	41	42	38	37	36	36	37	36	38	38	39	39	37	37	36	36	35	34	32	32	30	29	29	28	27	27	27	26	26	25	25	25	25	26	25	26	29	26	26	26	27	29	30	31	31	32	32	33	35	36	37	37	38	39	39	40	40	41	40	28	24	23	32	44	44	44	44	43	42	41	37	25	24	25	26	27	27	27	25	23	20	18	16	15	16	16	16	16	15	14	14	15	13	15	14	14	14	14	14	14	14	14	14	14	13	13	13	12	12	12	12	12	11	11	11	11	12	12	12	12	12	12	12	12	12	12	12	12	13	13	13	12	13	12	12	12	13	13	13	13	12	13	13	13	13	12	13	12	12	12	12	12	12	13	13	12	13	13	13	13	13	12	12	12	12	12	12	12	12	12	12	12	11	11	11	11	10	11	11	11	11	12	12	12	12	12	11	11	11	12	12	12	11	11	11	13	12	12	11	11	11	12	12	12	12	12	12	11	11	11	11	11	11	12	12	12	12	12	12	12	12	13	14	14	15	26	51	74	83	83	83	83	83	83	83	83	83	84	84	83	84	83	83	83	83	84	84	84	84	84	84	84	84	84	84	84	83	83	83	83	83	83	83	84	84	84	84	84	83	83	83	84	84	84	84	84	84	84	84	84	84	84	84	84	84	84	84	84	84	84	84	84	84	84	84	84	83	83	83	83	84	84	83	83	83	84	84	84	84	84
83	83	83	83	83	83	83	83	83	83	84	84	84	83	83	83	83	83	83	83	83	83	83	83	84	84	84	83	83	84	84	84	84	83	84	83	83	84	84	83	83	83	83	83	83	83	83	83	83	83	83	83	83	83	83	83	83	83	83	83	83	83	83	83	83	83	83	83	83	83	84	83	83	83	83	83	83	83	83	83	83	84	83	84	84	83	83	83	83	83	83	83	83	83	83	83	84	83	83	83	83	83	83	83	83	83	83	83	83	84	84	84	84	84	84	84	84	84	84	84	84	84	84	84	84	84	84	84	84	84	84	84	84	84	84	84	84	84	84	84	84	84	83	84	84	84	83	84	84	83	83	84	84	84	84	83	84	84	83	83	82	82	80	75	66	54	39	25	17	14	12	12	13	13	12	11	11	11	11	12	13	14	13	12	12	12	13	14	14	15	18	15	20	22	22	24	26	28	30	32	33	38	41	43	44	43	42	41	41	42	45	46	45	46	47	48	49	47	47	48	48	48	48	48	49	49	50	50	51	52	53	54	53	52	52	51	51	51	48	48	51	52	50	49	49	52	53	53	53	54	54	54	54	54	54	54	54	55	55	55	55	53	50	50	51	51	52	53	53	54	55	56	56	57	57	57	58	58	58	58	59	58	57	57	57	57	57	57	57	57	57	57	57	56	56	56	56	56	55	54	55	56	56	55	53	52	51	49	50	52	55	55	55	55	55	55	55	56	55	55	55	54	54	54	54	53	53	53	52	51	50	49	47	46	45	42	41	39	39	40	40	41	41	41	40	38	38	38	37	37	36	34	33	32	31	31	30	29	28	27	26	26	25	25	25	25	26	24	23	23	25	26	26	27	27	27	28	29	30	31	32	32	33	33	34	35	35	35	35	27	26	26	30	42	42	41	41	41	42	42	39	27	24	23	19	19	20	23	24	26	28	29	26	24	21	19	17	15	15	15	15	15	14	14	14	14	14	15	14	14	14	14	14	14	13	13	13	12	11	11	12	12	11	11	11	11	11	11	11	12	12	12	12	12	12	13	13	12	13	13	13	13	13	12	12	12	12	13	12	13	12	13	13	13	13	13	13	13	12	12	12	12	12	12	13	13	13	13	13	13	12	11	11	11	12	12	12	12	12	11	12	12	11	11	11	11	11	11	11	11	12	12	12	12	12	12	12	12	12	12	12	12	12	11	11	12	12	11	11	11	12	12	13	12	12	12	12	11	11	11	11	11	12	12	12	12	13	12	12	12	12	13	15	19	38	65	80	83	83	83	83	83	83	83	83	83	83	84	83	83	84	83	83	83	83	83	84	84	84	84	83	83	83	83	84	84	84	83	83	84	83	83	83	83	83	83	84	84	83	83	83	84	84	84	84	84	84	84	84	84	84	84	83	83	84	83	84	84	84	84	84	84	84	84	84	84	83	83	84	83	84	84	83	83	83	83	83	83	83	83
83	83	83	83	83	83	83	83	83	83	84	84	84	83	84	84	83	83	83	83	83	83	83	83	83	84	84	83	83	83	83	83	83	83	83	83	83	83	83	83	83	83	83	83	83	83	83	83	83	83	83	83	83	83	83	83	83	83	83	83	83	83	83	83	83	83	83	83	83	84	84	83	83	83	83	83	83	83	83	83	83	84	83	83	83	83	83	83	83	83	84	84	83	83	83	83	83	83	83	83	83	83	84	83	83	83	83	83	83	84	84	84	84	84	84	84	84	84	84	84	84	84	84	84	84	84	84	84	84	84	84	84	84	84	84	84	84	84	84	84	84	84	84	84	84	84	83	84	84	83	83	84	84	84	84	84	84	84	83	83	83	83	82	83	83	82	81	76	68	57	42	29	20	15	13	12	12	11	12	12	12	13	13	14	14	14	13	13	12	14	17	16	15	15	17	18	20	22	25	26	28	35	38	43	43	46	49	48	46	45	44	42	42	42	44	44	44	45	47	49	49	49	49	50	50	50	50	50	50	51	51	52	51	51	51	49	51	52	49	47	47	48	47	47	47	50	51	51	51	51	52	52	52	53	53	54	54	54	55	55	54	52	49	50	50	50	51	51	51	52	53	53	53	54	54	55	56	57	57	58	58	58	57	57	57	57	58	58	58	59	58	58	58	58	58	58	58	57	56	55	54	53	53	53	54	54	55	54	54	54	55	55	55	55	55	55	56	56	56	55	55	55	55	54	55	55	55	54	54	53	53	54	54	54	54	53	52	52	51	49	45	43	42	41	41	42	42	41	41	40	39	38	37	37	36	35	34	33	31	30	29	28	27	27	27	26	26	25	23	23	24	24	24	25	25	24	25	26	27	27	28	28	28	29	29	29	30	30	28	21	20	20	26	35	35	36	37	38	39	39	38	28	26	26	20	18	18	18	21	22	23	32	31	30	29	28	27	25	22	20	18	15	14	13	15	15	14	15	15	15	14	14	14	13	13	12	12	11	11	11	11	11	11	11	11	12	11	11	11	11	12	11	12	13	12	12	12	12	13	13	13	13	13	13	13	13	12	13	12	13	12	12	13	13	13	13	12	12	12	12	12	12	12	13	12	12	13	13	12	12	13	12	12	12	12	12	12	12	12	11	12	12	12	12	12	12	12	12	12	12	12	12	12	12	12	12	12	11	12	12	12	12	12	11	11	12	12	12	11	12	12	12	13	12	12	12	12	12	11	11	11	12	12	12	12	12	12	13	13	13	13	14	26	51	74	82	83	83	83	83	83	83	83	83	83	83	83	83	83	83	83	83	83	83	83	83	84	83	83	83	83	83	83	83	83	83	83	84	84	84	84	84	83	83	83	83	83	83	84	84	84	84	84	84	84	84	83	83	84	84	84	84	83	83	83	83	83	84	83	84	84	84	84	83	83	84	83	83	84	83	84	84	83	83	83	83	83	83	83	83
83	83	83	83	83	83	83	83	84	84	83	83	83	83	83	83	83	83	83	83	83	83	83	83	83	84	84	83	83	83	83	83	83	84	83	83	83	83	83	83	83	83	83	83	83	83	83	83	83	83	83	83	83	83	83	83	83	83	83	83	83	83	82	83	83	83	83	83	83	83	83	83	84	84	84	83	83	83	83	84	84	84	83	83	83	83	83	83	83	83	83	83	82	83	83	83	83	83	83	83	83	83	84	84	84	84	83	83	84	84	84	84	84	84	84	84	84	84	84	84	84	84	84	84	84	84	84	84	84	84	84	84	84	84	84	84	84	84	84	84	84	84	84	84	84	84	84	84	84	84	84	84	84	84	84	84	84	84	83	84	84	83	84	84	84	83	83	83	82	82	81	78	71	62	48	36	26	19	14	11	11	11	10	9	11	13	15	14	13	12	12	12	12	13	14	14	15	17	18	20	22	26	29	33	27	28	44	51	52	50	50	48	46	45	43	42	42	43	46	48	48	48	49	49	48	49	49	49	50	51	52	51	52	51	50	49	51	51	53	51	51	49	48	48	47	48	50	50	50	50	50	50	50	50	51	51	51	52	52	53	53	52	48	49	50	50	50	51	51	51	52	52	52	52	52	52	53	54	54	55	56	56	56	57	57	57	58	58	58	58	58	58	59	59	59	59	59	58	55	55	55	56	55	55	54	54	54	54	54	54	54	54	55	55	55	55	55	55	55	55	55	55	55	55	55	55	55	55	55	54	54	54	54	55	55	55	55	55	55	55	54	52	52	50	48	46	44	42	41	41	41	40	41	40	39	39	38	37	36	35	34	33	32	31	29	29	28	27	26	25	25	25	24	24	23	23	23	23	23	24	24	25	25	25	25	26	26	26	23	18	18	17	23	30	29	31	33	34	35	34	35	27	26	25	20	18	18	19	24	25	23	36	34	33	31	31	29	29	29	28	27	23	20	15	14	14	14	14	15	15	14	14	13	14	13	12	12	11	11	11	11	12	11	11	11	11	11	11	11	11	11	11	11	11	11	12	11	12	12	12	12	13	13	12	13	13	12	12	12	13	13	13	12	12	12	13	12	13	12	12	12	12	12	12	12	12	13	13	13	12	12	12	12	12	13	13	12	11	11	11	12	12	12	12	12	12	12	12	12	12	12	12	12	11	12	12	12	12	12	13	12	12	11	11	11	12	12	12	12	12	12	12	12	11	12	12	12	12	12	11	11	12	12	12	12	13	13	14	14	14	18	35	65	80	83	83	83	83	83	83	83	84	84	84	83	83	83	83	83	83	83	83	83	84	83	83	84	83	84	83	83	83	84	84	84	84	84	84	84	84	83	83	83	84	84	84	84	84	83	83	83	83	83	83	83	83	83	83	83	83	83	84	84	84	84	84	84	84	84	84	84	84	84	84	84	84	84	84	84	83	83	84	83	83	83	84	84	83	83	83
83	83	83	83	83	83	83	84	84	84	84	83	83	83	83	83	83	84	83	83	83	83	83	83	83	83	83	83	83	83	83	83	84	84	83	83	83	83	83	83	83	83	83	83	83	83	83	83	83	83	83	83	83	83	83	83	83	83	83	83	83	83	82	83	83	83	83	83	83	83	83	83	83	83	83	83	84	83	83	83	83	83	83	83	83	83	83	83	84	83	83	83	83	83	83	83	83	83	83	83	83	83	84	84	84	84	84	84	84	84	84	84	84	84	84	84	84	84	84	84	84	84	84	84	84	84	84	84	84	84	84	84	84	84	84	84	84	84	84	84	84	84	84	84	84	84	84	84	84	84	84	84	84	84	84	84	84	84	84	84	84	84	84	84	84	84	83	83	83	83	84	83	83	82	82	80	76	68	57	45	34	24	17	12	8	8	8	8	10	11	13	13	12	12	12	12	11	12	13	14	16	18	17	13	14	22	26	38	51	52	51	51	50	50	49	46	44	43	44	45	46	46	46	47	48	48	47	47	49	50	51	51	52	52	50	50	51	51	52	52	53	51	50	49	49	48	47	47	47	48	49	50	52	50	49	50	50	50	49	49	50	50	48	49	50	51	51	51	51	51	51	51	51	51	52	52	52	53	54	54	55	55	54	54	54	55	55	55	56	57	57	57	58	58	58	58	59	59	54	54	55	55	55	55	54	52	52	53	54	55	55	54	54	54	54	55	55	55	55	55	55	55	55	55	55	54	54	54	55	55	54	54	54	55	55	55	55	55	55	55	55	54	55	54	54	54	52	51	49	46	44	42	42	41	40	39	40	40	40	40	39	38	37	35	35	35	33	32	30	29	28	27	27	25	25	24	24	23	23	23	23	23	23	23	23	23	23	23	20	17	17	16	21	26	26	27	29	29	29	29	28	22	22	21	19	17	17	19	22	25	23	36	36	35	34	33	33	32	31	30	28	27	24	23	21	20	18	17	15	15	14	14	14	13	12	12	12	12	12	11	11	12	12	12	12	12	12	11	12	11	11	11	11	11	12	11	12	12	12	12	12	12	13	13	13	13	13	13	13	13	13	13	12	12	13	13	13	13	13	13	12	12	12	12	12	12	12	12	13	13	13	12	13	13	12	12	12	11	11	11	12	11	12	12	12	12	11	11	12	12	12	12	11	12	11	11	11	12	12	12	12	12	11	11	11	12	12	12	12	12	12	12	13	12	11	11	12	12	12	12	12	12	12	12	13	13	13	14	15	24	48	73	83	83	83	83	83	83	83	83	83	84	84	84	83	83	83	83	83	83	83	83	83	83	83	83	84	83	83	83	83	84	84	84	83	83	83	83	83	83	83	83	83	84	84	84	84	84	83	83	83	83	83	83	83	83	83	83	84	84	83	84	84	84	84	84	84	84	83	84	84	84	84	84	84	84	83	84	84	83	83	84	83	83	83	83	83	83	83	83
83	83	83	83	83	83	83	84	84	84	83	83	83	83	83	83	83	84	84	83	83	83	83	83	83	83	83	83	83	83	83	83	83	84	83	83	83	83	83	83	83	83	83	83	83	83	83	83	83	83	83	83	83	83	82	83	83	83	83	83	83	83	82	83	83	83	83	83	83	83	84	83	83	83	83	84	84	83	83	83	83	83	83	83	84	84	83	83	84	83	83	83	83	83	83	83	83	83	83	83	83	83	84	84	84	84	84	84	84	84	84	84	84	84	84	84	84	84	84	84	84	84	84	84	84	84	84	84	84	84	84	84	84	84	84	84	84	84	84	84	84	84	84	84	84	84	84	84	84	84	84	84	84	84	83	83	84	84	83	83	84	84	84	84	84	84	83	83	84	84	83	83	83	83	83	82	83	83	83	82	80	75	68	57	45	33	21	9	9	9	9	9	10	11	11	11	11	12	12	12	14	13	11	4	5	12	21	25	33	47	52	51	51	50	50	49	49	48	47	45	44	43	44	44	45	45	45	45	47	47	48	49	49	50	48	48	51	51	51	51	50	51	50	49	49	49	49	47	46	46	45	45	48	47	46	46	47	48	48	48	50	50	48	48	50	52	52	52	52	51	51	52	51	51	50	51	51	52	52	53	54	54	53	53	53	53	53	53	54	54	54	54	55	55	56	57	58	58	55	53	54	55	55	54	50	51	50	49	49	50	51	54	54	55	53	53	54	55	55	54	54	55	55	54	55	58	54	54	55	55	54	54	54	55	55	55	55	55	55	55	55	55	55	55	55	54	54	54	51	52	52	50	49	47	46	45	44	43	41	40	40	41	41	40	40	40	39	38	36	35	34	32	31	29	28	27	26	26	24	24	23	23	22	22	23	22	22	21	20	19	18	17	21	22	22	23	25	25	25	25	23	18	18	17	16	14	16	17	19	21	21	32	33	34	34	33	33	33	32	32	31	28	25	23	20	17	16	15	15	15	17	18	17	14	13	12	12	12	13	14	14	14	13	13	12	12	12	13	12	12	12	12	11	12	11	12	11	11	12	11	12	12	13	13	13	13	13	13	13	13	13	13	12	12	12	12	13	12	13	13	12	12	12	12	12	12	12	12	12	12	12	12	12	12	12	12	12	12	12	11	12	12	12	12	12	12	11	11	11	11	11	12	11	12	12	12	12	12	12	12	12	12	11	11	11	12	12	11	11	12	12	12	12	12	11	11	12	13	12	12	12	13	12	12	13	13	14	18	34	61	79	83	83	83	83	83	83	83	83	83	83	83	84	84	83	83	83	83	83	83	83	83	83	83	83	83	84	83	83	83	83	83	84	84	83	83	83	83	83	83	83	83	83	84	84	84	84	84	83	83	83	83	83	83	83	83	83	83	83	83	83	84	84	84	84	84	84	84	83	83	84	84	84	84	83	84	83	84	84	83	84	84	83	83	83	83	83	83	83	83
83	83	83	83	83	83	83	83	83	84	83	83	83	83	84	84	83	83	83	82	83	83	83	83	83	83	83	84	84	83	83	83	83	83	83	83	83	83	83	83	83	83	83	83	83	83	83	82	82	83	83	83	83	82	82	83	83	83	83	83	83	83	83	83	83	83	83	83	82	83	83	83	83	83	83	83	83	83	83	83	83	83	83	83	83	83	83	83	83	83	83	83	83	83	83	83	83	84	84	84	84	84	84	84	84	84	84	84	84	84	84	84	84	84	84	84	84	84	84	84	84	84	84	84	84	84	84	84	84	84	84	83	83	83	84	84	84	84	84	84	84	84	84	84	84	84	84	84	84	84	84	84	84	84	84	84	83	83	83	83	83	83	83	83	83	83	83	83	83	83	83	83	83	83	83	83	83	83	83	83	83	82	82	82	82	77	56	19	11	11	11	9	6	5	5	7	10	11	11	11	12	11	8	4	3	5	9	18	24	29	44	52	51	51	50	51	50	50	49	48	48	46	44	42	42	42	42	43	44	44	45	46	46	47	47	47	49	50	49	50	50	50	49	49	49	49	50	50	49	49	48	48	47	46	45	44	43	43	43	44	45	45	45	46	49	51	51	51	51	51	50	51	51	51	51	51	51	52	52	53	53	53	53	52	52	52	52	52	53	53	53	53	53	53	54	54	55	55	54	54	54	54	54	52	51	54	54	54	54	54	53	52	54	55	54	51	53	55	55	55	55	55	55	54	53	56	53	53	54	54	54	54	54	55	55	55	55	55	55	55	55	55	55	54	55	55	55	54	52	55	55	54	54	53	50	51	52	52	48	46	44	44	43	42	40	40	41	41	40	40	39	37	36	35	34	33	32	30	28	27	26	25	24	24	24	23	23	22	21	21	20	20	19	20	20	20	21	22	21	21	18	16	17	16	14	13	14	15	17	19	19	29	29	30	31	32	32	32	32	32	32	31	30	35	44	37	32	27	17	4	5	11	19	22	18	15	14	15	14	13	12	13	13	14	16	15	14	14	13	14	13	13	12	12	11	12	12	12	12	12	12	12	13	13	13	12	12	12	12	12	12	12	11	11	11	12	12	13	13	13	13	13	13	12	13	12	12	12	12	12	12	12	12	12	12	12	12	12	12	12	12	12	12	12	12	12	12	12	12	12	12	11	12	12	12	12	12	12	12	12	12	12	12	12	11	11	11	11	12	12	12	12	12	13	12	12	13	13	13	13	13	13	13	14	14	14	23	48	71	82	83	83	83	83	83	83	83	83	83	83	83	83	84	83	83	83	83	83	83	83	83	84	83	83	83	83	83	83	84	84	83	84	83	83	83	83	83	83	83	83	84	84	83	83	83	83	83	83	83	83	83	83	83	83	84	84	84	84	84	83	83	83	83	84	84	84	84	84	84	84	84	83	84	83	83	84	83	83	84	84	84	84	83	83	83	83	83	83	83	83
83	83	83	83	83	83	83	83	84	84	83	83	83	83	84	84	83	83	83	83	83	83	83	83	83	83	84	84	83	83	83	83	83	83	83	83	83	83	83	83	84	83	83	83	83	83	83	83	83	83	83	83	83	83	83	83	83	83	83	83	83	83	83	83	83	83	83	83	83	83	83	83	83	83	83	83	83	83	83	84	83	83	83	83	83	84	83	83	83	83	83	83	83	83	83	83	83	84	84	84	84	84	84	84	84	84	84	84	84	84	84	84	84	84	84	84	84	84	84	84	84	84	84	84	84	84	84	84	84	84	84	84	83	83	84	84	84	84	84	84	84	84	84	84	84	84	84	84	84	84	84	84	84	83	83	83	83	84	84	83	83	83	83	83	83	83	83	83	83	83	83	83	83	83	83	83	83	83	83	83	83	83	83	82	71	45	22	13	11	10	9	8	7	5	3	2	2	4	7	9	11	11	10	8	5	4	5	6	15	23	26	40	52	52	51	49	49	50	51	51	51	51	50	48	45	41	38	37	36	37	39	42	43	43	44	44	45	46	48	49	49	48	48	48	49	48	49	48	48	49	48	48	49	48	48	48	47	47	47	46	46	44	43	46	47	49	49	49	49	49	49	49	49	50	50	50	51	51	52	52	53	53	53	53	53	52	50	50	52	52	52	52	52	52	53	53	54	54	53	53	53	53	53	51	52	54	53	53	53	53	54	53	52	55	55	52	52	54	55	54	54	54	54	55	54	53	54	54	54	54	54	54	53	54	55	55	55	55	55	55	55	55	54	54	55	55	55	55	52	54	55	53	53	54	54	54	52	52	50	50	49	48	48	47	48	48	46	44	42	41	42	41	41	41	40	39	38	37	36	34	33	31	29	28	27	25	25	24	23	22	22	22	20	19	19	19	20	20	19	18	17	15	14	12	11	12	12	14	16	17	18	25	24	20	20	24	26	27	29	29	30	31	31	39	58	58	56	53	26	1	2	2	6	18	28	25	21	20	18	17	18	18	14	15	16	15	14	15	15	15	15	15	14	14	13	13	12	12	12	12	12	13	13	13	12	12	12	12	12	12	12	11	11	11	11	12	12	12	13	13	13	12	12	12	13	12	12	13	12	12	12	12	12	12	11	12	12	12	12	12	12	13	13	12	12	12	12	12	12	12	12	11	12	12	12	12	12	12	12	12	12	12	12	12	12	12	11	11	12	12	12	12	12	12	12	12	13	13	13	13	13	14	14	15	17	31	60	79	83	83	83	83	84	83	83	83	83	83	83	83	83	83	84	83	83	83	83	83	83	83	83	84	83	83	83	84	83	83	84	84	84	84	83	83	83	83	83	83	83	83	84	84	83	83	83	83	83	83	83	83	83	83	83	83	84	84	84	84	84	83	83	83	83	83	83	83	83	84	84	84	84	83	84	83	83	84	83	83	84	84	84	84	83	83	83	83	83	83	83	83
83	83	83	83	83	83	83	83	83	84	83	83	83	83	83	84	83	84	83	83	83	83	83	83	84	84	84	84	83	83	83	82	83	83	82	83	83	83	83	83	84	83	83	83	82	82	83	83	83	83	83	83	83	83	83	83	83	83	83	83	83	83	83	83	83	83	83	83	83	83	83	83	83	83	83	83	83	83	83	84	83	83	83	83	83	83	83	83	83	83	83	83	83	83	83	83	83	84	84	84	84	84	84	84	84	84	84	84	84	84	84	84	84	84	84	84	84	84	84	84	84	84	84	84	84	84	84	84	84	84	84	84	84	84	84	84	84	84	84	84	84	84	84	84	84	84	84	84	83	83	83	84	84	83	83	83	84	84	84	83	83	83	83	83	83	83	83	83	83	83	83	83	83	84	84	83	83	83	83	83	83	83	75	52	26	15	12	11	11	9	8	7	6	5	5	5	3	2	3	3	4	6	8	10	9	7	5	4	5	11	19	24	34	46	47	46	46	48	49	50	51	52	51	52	52	51	48	45	40	35	32	29	28	29	30	32	35	38	41	43	44	45	46	46	46	46	47	47	47	48	48	48	48	48	48	48	48	48	48	48	48	46	42	44	45	45	46	46	47	47	48	48	48	48	49	49	49	50	50	51	52	52	52	52	53	52	51	51	51	52	51	51	51	51	52	52	53	53	53	53	52	52	53	52	50	53	53	52	52	52	52	53	52	53	54	53	53	54	54	54	54	53	54	54	54	54	54	54	54	54	54	54	54	54	54	55	54	54	55	55	55	55	54	54	55	55	55	55	54	52	53	53	53	54	53	51	52	52	49	52	53	52	52	50	49	52	53	52	51	49	48	46	45	44	43	43	43	43	43	42	40	38	36	35	33	31	29	28	27	26	24	24	22	21	20	21	20	20	19	18	17	15	14	11	9	9	10	12	14	15	18	22	19	12	13	13	12	18	24	25	26	26	26	30	43	46	51	48	13	1	2	2	2	4	20	34	34	32	26	22	23	24	21	21	19	17	17	17	16	16	15	15	14	15	15	15	14	14	14	13	13	13	13	13	12	12	12	12	12	12	12	12	11	11	12	12	12	12	12	12	12	12	12	12	12	12	12	12	12	12	12	12	12	12	12	12	12	12	12	12	13	12	12	12	12	12	12	12	12	12	12	12	12	12	12	12	12	12	12	11	11	11	12	12	12	12	11	11	12	12	12	12	12	12	12	12	13	12	13	13	14	14	14	21	43	71	82	83	83	83	83	83	83	83	83	83	83	83	83	83	83	83	84	83	83	83	83	83	83	83	83	84	83	83	83	83	83	83	83	83	83	83	83	83	84	83	83	83	83	83	84	84	84	83	83	83	83	83	83	83	83	83	83	83	84	84	84	84	84	83	83	83	83	83	83	83	83	83	84	84	84	83	84	84	83	84	83	83	84	84	84	84	83	83	83	83	83	83	83	83
83	83	83	83	83	83	83	83	84	84	83	83	83	83	83	83	83	83	83	83	84	84	83	84	84	84	84	83	83	83	82	83	83	82	82	83	83	83	83	83	83	83	83	83	83	83	83	83	83	83	83	83	83	83	83	82	82	82	83	83	83	83	82	82	83	83	83	83	83	83	83	83	83	83	83	83	83	83	83	83	83	83	83	83	82	83	83	83	82	83	83	83	83	83	83	83	84	83	84	84	84	84	84	84	84	84	84	84	84	84	84	84	84	84	84	84	84	84	84	84	84	84	84	84	84	84	84	84	84	84	84	84	84	84	84	84	83	83	83	83	83	83	83	83	83	83	83	83	83	83	83	84	84	84	84	83	83	83	83	83	83	83	84	84	84	84	84	84	83	83	83	83	83	83	84	84	84	84	83	83	75	53	32	17	14	13	12	11	10	9	7	6	5	4	4	5	5	3	3	2	2	2	2	4	6	8	7	5	3	3	5	6	8	16	18	18	18	19	20	22	23	24	25	27	29	31	32	33	36	37	36	32	28	23	20	20	20	22	25	27	30	32	36	38	40	42	43	43	44	45	46	46	46	46	46	46	46	45	46	46	45	43	40	40	41	41	42	43	44	44	45	45	46	46	47	47	48	48	49	50	50	51	51	51	51	51	50	51	51	51	51	51	51	51	52	52	52	53	53	52	51	51	52	52	49	50	52	51	50	51	51	52	51	52	54	53	53	53	53	53	53	52	53	54	54	54	53	52	52	53	54	54	54	53	54	54	54	54	54	55	55	55	55	54	54	54	55	55	55	55	53	52	52	51	51	51	53	52	49	50	53	52	53	53	53	52	53	53	54	53	53	53	53	52	51	50	48	47	45	44	43	43	43	42	40	39	37	35	34	32	30	30	26	24	24	23	22	21	20	20	19	18	18	17	15	14	13	14	14	15	16	18	14	10	11	11	10	17	21	21	22	22	22	21	24	27	30	23	3	2	2	3	4	4	5	22	34	36	33	31	33	33	31	29	25	21	20	22	22	20	19	19	19	16	17	16	14	13	14	14	15	15	14	14	13	13	13	13	13	12	12	12	12	12	12	12	12	12	12	12	12	12	12	12	12	11	11	12	11	12	12	12	12	12	13	12	12	11	11	12	12	12	12	12	12	12	12	12	12	12	12	12	12	12	11	12	12	12	12	12	11	11	12	12	12	12	12	12	13	13	13	13	13	12	12	13	13	13	13	13	14	17	29	57	78	83	83	83	83	83	83	83	83	83	83	83	83	83	83	83	83	83	84	83	83	83	83	84	84	84	83	83	84	84	83	83	84	83	83	83	83	83	83	84	84	84	84	83	83	84	84	84	84	84	84	83	83	83	84	83	83	83	83	84	83	83	84	84	84	83	83	83	83	83	83	83	83	84	84	84	84	83	83	84	84	84	83	83	83	84	84	84	83	83	83	83	83	83	83	83
83	83	83	83	83	83	83	83	84	84	84	84	84	84	84	84	82	83	83	83	84	83	83	84	83	83	83	83	83	83	83	83	83	83	83	83	83	83	83	83	83	83	83	83	83	83	83	83	83	83	83	83	83	83	83	83	82	82	83	83	83	83	83	83	83	83	83	83	83	83	83	83	83	83	83	83	83	83	83	83	83	83	83	83	83	83	83	83	82	83	83	83	83	83	83	83	84	83	84	84	84	84	84	84	84	84	84	84	84	84	84	84	84	84	84	84	84	84	84	84	84	84	84	84	84	83	84	84	84	84	84	84	84	84	83	83	83	83	83	83	83	83	83	83	83	83	83	83	83	83	83	84	83	83	83	83	83	83	83	83	83	83	83	83	83	83	83	83	83	83	83	83	83	83	83	83	84	83	83	83	81	74	60	41	25	17	13	13	11	10	7	5	5	4	3	3	4	5	4	3	2	2	2	1	1	1	3	4	3	3	2	3	8	12	12	11	12	13	13	14	15	15	15	16	16	17	18	19	21	23	25	28	30	31	31	30	29	29	33	35	30	25	26	27	28	30	31	32	34	35	37	37	38	40	41	41	41	41	42	42	41	39	37	37	38	39	39	40	40	41	41	41	42	43	43	44	45	46	46	47	48	48	49	49	49	49	49	49	49	50	50	50	50	50	50	51	52	52	52	51	50	50	50	50	50	48	48	50	50	50	50	51	50	50	53	52	52	52	52	52	52	52	53	53	53	54	53	52	51	52	52	53	53	53	53	53	53	53	54	55	55	54	54	54	54	54	53	53	53	53	53	54	54	54	53	53	53	52	52	49	51	52	53	53	52	48	53	53	53	54	54	54	54	54	54	54	53	53	53	52	51	49	47	45	44	42	41	42	42	40	39	37	33	30	29	27	25	23	23	22	22	21	20	19	18	17	17	17	17	16	16	16	13	12	12	11	10	17	17	17	18	18	18	18	18	18	18	8	2	3	3	4	5	6	4	6	15	21	22	25	32	37	39	38	38	37	30	30	29	26	23	21	20	17	18	19	18	17	15	15	14	15	14	14	14	13	14	14	14	13	13	12	11	12	12	12	12	12	12	12	12	12	12	11	11	11	11	11	11	12	12	12	12	13	13	12	12	11	11	11	12	11	11	12	12	12	12	12	12	12	12	12	12	12	12	12	12	12	13	11	11	11	11	12	12	12	12	13	13	13	13	13	13	13	14	14	14	14	14	14	20	40	68	82	84	83	83	83	83	83	83	83	83	83	83	83	83	83	83	83	83	83	84	83	83	83	83	84	84	84	83	83	84	84	84	84	84	84	84	83	83	84	84	84	84	84	84	83	83	84	84	84	84	84	84	83	83	83	84	83	83	83	83	84	83	83	84	84	84	83	83	83	83	83	83	83	83	84	84	84	84	83	83	84	84	84	83	83	83	83	83	83	83	83	83	83	83	83	83	83
83	83	84	84	83	83	83	83	83	83	83	83	83	83	83	83	83	83	83	83	83	83	83	83	83	83	83	83	83	83	83	83	83	83	83	83	83	83	82	82	82	83	83	83	83	83	83	83	83	83	83	83	83	83	83	83	83	83	83	83	83	83	83	83	83	83	83	83	83	83	83	83	83	83	83	83	83	83	83	83	83	82	83	83	83	83	83	83	83	83	83	83	83	83	83	83	84	83	84	84	84	84	84	84	84	84	84	84	84	84	84	84	84	84	84	84	84	84	84	84	84	84	84	84	84	84	84	84	84	84	84	84	83	83	84	84	84	84	84	84	83	83	83	83	83	83	83	83	83	83	83	84	84	83	84	83	83	83	83	83	83	83	83	83	83	83	83	83	83	83	83	83	83	83	83	83	84	84	83	83	83	83	83	81	75	64	48	32	20	11	7	6	5	4	3	3	2	2	4	5	4	2	2	2	2	2	2	2	3	3	2	3	8	10	11	13	14	17	19	21	23	26	28	30	33	35	37	39	42	44	45	46	48	48	48	48	49	48	48	49	48	47	47	46	43	40	39	37	35	33	33	31	31	31	31	31	32	32	34	35	35	34	32	33	34	35	36	36	37	38	38	39	39	39	40	40	41	42	43	43	44	45	50	48	47	47	47	47	47	48	48	48	49	49	50	50	51	51	51	50	50	50	49	49	49	49	47	47	48	48	47	46	47	50	52	51	51	51	51	51	51	51	51	52	52	52	52	52	52	51	51	52	52	52	52	52	52	53	53	54	54	54	53	53	54	54	54	54	54	54	53	52	52	52	52	52	52	52	53	52	50	50	49	49	47	48	53	53	53	54	53	54	53	53	54	54	54	55	54	55	54	54	53	53	51	49	47	46	46	44	42	40	38	38	38	38	35	33	31	29	27	25	24	23	22	22	21	20	20	19	18	18	16	15	14	14	14	15	16	15	14	13	14	16	17	16	16	4	3	4	4	5	6	6	3	4	6	7	9	12	18	23	27	33	38	41	37	36	37	36	34	32	30	26	23	22	20	19	18	17	17	18	18	16	15	14	14	14	14	14	14	14	14	14	13	13	13	12	12	12	13	13	12	11	11	11	11	11	12	11	11	12	12	12	13	12	12	11	11	11	11	11	12	12	12	12	12	13	12	13	12	13	12	12	12	12	12	12	13	12	12	12	12	12	12	12	12	13	13	13	13	12	13	13	14	15	15	15	16	27	51	75	83	83	83	83	83	83	83	83	83	83	83	83	83	83	83	83	83	83	83	83	83	83	83	83	83	84	84	84	84	84	84	84	84	84	84	84	84	84	84	84	84	84	83	83	83	83	83	83	83	83	83	83	83	84	84	83	83	83	83	83	84	83	83	83	83	84	84	83	83	83	83	83	83	83	83	83	84	84	84	84	84	84	83	84	84	84	83	83	83	84	84	84	83	83	83	83	83	83
84	83	84	84	83	83	83	83	83	83	83	83	83	83	83	83	83	83	83	83	83	83	83	83	83	83	83	83	83	83	83	83	83	83	83	83	83	83	82	82	82	83	83	83	83	83	83	83	83	83	83	83	83	83	83	83	83	83	83	83	82	83	82	82	83	82	83	83	83	83	83	83	83	83	83	82	82	83	83	83	83	82	83	83	83	83	84	83	83	83	83	83	83	83	83	83	84	83	84	84	84	84	84	84	84	84	84	84	84	84	84	84	84	84	84	84	84	84	84	84	84	84	84	84	84	84	84	84	84	84	84	83	83	83	84	84	84	83	83	83	84	84	84	84	84	84	84	83	83	83	83	84	84	84	84	84	83	83	83	83	83	83	83	83	83	84	84	83	83	83	83	84	84	84	83	83	84	84	84	83	83	84	83	83	83	83	82	79	71	39	9	7	5	4	3	3	3	3	2	3	5	5	4	3	2	2	2	2	2	2	2	6	20	21	23	27	30	31	34	36	39	41	42	43	44	45	46	47	48	48	49	49	50	50	50	50	50	51	51	51	50	50	50	50	49	49	49	50	49	49	48	47	46	44	42	41	40	38	32	27	27	28	28	28	29	30	31	32	33	33	34	35	35	36	37	38	39	39	40	40	41	41	45	44	43	44	45	45	46	46	47	47	48	48	48	49	49	49	49	49	49	49	48	48	48	48	48	48	48	48	47	47	48	50	51	50	50	50	50	50	50	51	49	47	47	47	47	48	50	51	51	50	50	51	51	51	51	52	52	53	53	53	52	52	52	53	54	54	54	54	54	54	54	53	53	52	52	52	51	52	52	53	53	52	51	52	54	53	53	53	54	53	54	54	54	55	55	55	55	55	55	54	55	54	53	54	52	52	50	51	51	49	47	46	44	43	41	40	39	38	36	35	33	31	28	27	25	25	23	22	22	22	20	19	18	17	16	16	16	15	13	11	12	14	15	16	14	2	3	4	5	5	5	4	2	3	4	5	5	7	9	11	14	17	20	21	25	29	31	33	33	35	40	40	37	34	31	28	25	23	20	18	19	20	21	20	21	20	20	19	18	17	16	15	15	14	13	14	15	15	14	13	13	13	13	12	12	12	12	12	11	11	12	12	13	13	12	12	11	11	12	12	12	12	12	12	13	13	12	12	12	12	12	13	13	13	13	13	13	13	12	12	12	12	12	12	13	13	13	13	12	12	13	14	15	15	15	20	38	64	79	83	83	83	83	83	83	83	83	83	83	83	83	83	83	83	83	83	83	83	83	83	83	83	83	84	83	84	84	84	84	84	84	84	84	84	84	83	84	84	84	84	83	83	83	83	83	83	83	83	83	83	83	83	83	84	84	83	83	83	83	83	84	83	83	83	83	83	83	84	84	84	84	84	84	83	83	83	83	84	84	84	84	84	83	83	84	84	84	84	84	84	84	84	84	83	83	83	83	83
84	83	84	84	83	83	83	83	83	83	83	83	83	83	83	83	83	83	83	84	84	84	83	84	83	83	83	83	83	83	83	83	83	83	83	83	83	83	83	83	83	83	83	83	83	83	83	83	83	83	83	83	83	83	83	83	83	83	83	83	82	83	82	83	83	83	83	84	83	83	83	83	83	83	83	82	82	82	83	83	82	82	83	83	83	83	84	83	83	83	83	83	83	83	83	83	84	83	84	84	84	84	84	84	84	84	84	84	84	84	84	84	84	84	84	84	84	84	83	83	84	84	84	84	83	83	83	83	83	83	83	83	83	83	83	83	83	83	83	83	83	83	83	83	83	83	83	83	83	83	83	84	84	83	83	83	83	83	83	83	83	83	83	83	83	83	83	83	83	83	83	84	84	83	83	83	84	84	83	83	83	84	83	83	83	83	83	83	82	58	11	6	5	5	4	3	3	3	2	2	2	3	4	3	4	3	3	2	3	2	2	4	17	30	35	35	37	40	40	42	43	44	46	47	47	47	47	48	48	49	49	49	50	50	51	50	50	51	51	51	51	51	51	51	50	50	50	50	50	50	50	50	49	49	49	49	49	49	46	30	21	22	23	23	24	25	25	26	27	28	29	31	31	32	33	34	35	36	37	38	39	40	40	41	41	42	42	42	43	43	44	45	45	46	47	47	48	48	48	48	48	48	47	47	47	48	48	48	48	47	47	48	49	49	49	49	49	49	49	49	49	50	49	48	49	49	48	48	46	48	50	50	50	49	50	50	50	50	51	51	52	51	51	51	51	52	53	53	53	53	53	52	53	53	53	53	52	52	52	51	50	51	51	52	52	53	53	54	54	54	54	54	54	54	55	55	55	55	55	55	55	55	55	54	54	55	54	54	54	53	53	53	52	50	48	46	46	43	41	40	38	37	36	35	35	34	34	34	32	30	29	27	25	23	22	22	20	19	19	18	16	14	14	12	11	12	10	3	3	3	3	3	3	2	2	2	3	4	4	6	8	9	11	12	12	13	15	18	19	19	20	23	26	29	32	33	35	36	37	37	34	31	28	27	24	23	22	21	21	21	20	22	22	22	21	20	19	18	17	17	16	16	16	15	15	14	13	13	12	12	12	12	12	12	12	13	12	12	12	12	13	12	12	13	13	13	13	13	12	11	12	12	12	13	13	13	12	12	13	12	12	12	12	12	12	12	12	13	12	12	12	12	14	15	15	16	26	51	75	82	83	83	83	83	83	83	83	83	83	83	83	83	83	83	83	83	83	83	83	83	83	83	83	83	83	84	83	84	84	84	84	84	84	84	84	84	84	83	84	84	84	83	83	83	83	83	83	83	83	83	83	83	83	83	83	84	84	83	83	83	83	83	84	83	83	83	83	83	83	84	84	84	84	84	84	83	83	83	84	84	84	84	84	84	84	84	84	84	84	84	84	84	84	84	84	84	84	84	84	84
84	84	83	84	83	83	83	83	83	83	83	83	83	83	83	83	84	83	83	83	84	83	83	83	83	83	83	83	83	83	83	83	83	83	83	83	83	83	83	82	83	83	83	83	83	83	83	84	84	83	83	83	83	83	83	83	83	83	83	83	83	83	83	83	83	83	83	83	83	83	83	83	83	83	83	83	83	83	83	83	83	83	83	83	83	83	83	83	83	83	83	83	83	83	83	83	83	84	84	84	84	84	84	84	84	84	84	84	84	84	84	84	84	84	84	84	84	84	84	84	83	83	83	83	83	83	83	83	83	83	83	83	83	83	84	84	84	83	83	83	83	83	83	83	83	83	83	83	83	83	83	84	84	84	84	84	84	84	83	83	83	83	83	83	83	84	84	84	83	83	84	84	84	84	84	83	84	84	84	84	84	84	83	83	83	83	83	82	82	55	9	6	5	5	4	3	3	2	2	2	2	2	2	2	3	3	4	4	4	4	3	2	3	10	27	38	39	41	42	44	45	46	47	47	48	47	48	48	49	49	49	49	50	51	51	51	51	51	51	51	51	51	51	51	52	51	51	51	51	51	51	51	51	51	50	50	50	50	50	48	33	17	17	19	20	21	20	20	21	23	24	26	26	27	29	31	33	34	35	37	37	39	39	40	41	42	42	42	42	42	42	42	42	43	44	44	45	45	46	47	47	46	47	46	47	47	47	47	47	47	47	48	48	48	48	48	48	48	48	48	48	48	46	49	49	49	49	50	49	46	47	48	49	49	49	49	49	49	49	50	50	50	50	50	50	50	51	51	52	52	52	52	52	52	52	52	52	53	53	52	52	52	52	52	53	52	52	52	52	56	56	54	54	54	55	56	55	55	55	55	55	55	55	55	54	55	55	54	54	54	53	54	53	52	52	51	49	46	46	44	43	42	40	38	37	36	35	36	36	37	38	38	36	35	33	31	28	26	24	21	19	18	18	16	14	13	10	8	5	4	3	4	5	5	5	5	5	5	6	7	8	9	10	11	11	11	12	13	14	14	15	14	14	16	18	21	23	25	27	29	30	32	33	34	34	33	31	30	28	27	23	22	23	23	23	23	23	22	23	22	22	21	20	19	18	17	16	16	15	15	15	13	12	13	13	12	12	12	12	12	12	12	13	12	13	13	12	12	12	12	12	12	13	13	13	12	12	12	12	12	12	12	12	12	12	13	12	13	12	13	13	13	14	14	19	36	63	81	84	83	83	83	83	83	83	83	83	83	83	83	83	83	83	83	83	83	83	83	83	83	84	83	83	83	83	83	83	84	84	84	84	83	83	84	84	84	84	84	84	84	84	83	83	83	84	84	84	84	84	84	83	83	83	83	83	83	83	83	83	83	83	83	83	83	83	83	83	83	83	83	83	83	83	83	83	83	83	84	84	84	84	84	84	84	83	84	84	83	83	84	84	84	84	84	84	84	83	84	84	84
84	84	83	84	83	83	83	83	83	83	83	83	83	83	83	83	84	83	83	83	83	83	83	83	83	83	83	83	83	83	83	83	83	83	83	83	83	83	83	83	83	83	83	83	83	83	83	83	83	83	83	83	83	83	83	83	83	83	83	83	83	83	83	83	83	83	83	83	83	83	83	83	83	83	83	83	83	83	83	83	83	83	83	83	82	82	83	83	83	83	83	83	83	83	83	83	83	83	83	83	83	83	83	84	84	84	83	83	83	83	83	84	84	84	84	84	84	84	84	84	84	83	83	83	83	83	84	84	84	83	83	83	83	83	84	84	84	83	83	83	83	83	83	83	83	83	83	83	83	83	83	84	84	84	84	84	84	84	83	83	83	83	83	83	83	84	84	84	84	84	84	84	84	84	84	83	84	84	84	84	84	84	84	84	84	83	83	83	82	57	8	5	5	4	4	3	3	3	3	3	2	3	2	2	2	2	5	7	6	5	4	4	3	3	6	18	34	41	43	43	45	47	47	47	48	48	48	49	49	50	50	50	50	50	50	51	51	52	51	51	51	51	50	51	52	52	52	51	52	51	51	51	51	52	51	51	52	51	51	51	50	38	16	13	14	14	14	15	16	18	19	21	22	24	26	29	31	32	33	35	36	38	38	39	40	40	40	40	40	41	41	41	42	42	42	42	43	44	44	44	44	44	44	45	46	46	46	46	46	46	47	47	47	47	47	47	47	47	47	47	46	46	43	47	48	48	48	48	49	46	46	47	48	48	48	48	48	48	48	49	49	49	49	49	49	50	50	51	51	51	52	52	51	51	51	51	51	52	52	52	52	52	52	51	50	51	52	53	53	52	52	52	53	53	53	55	55	56	56	56	55	55	55	55	55	54	55	55	55	54	52	53	52	45	49	54	52	49	51	50	48	47	46	44	43	42	41	40	39	39	38	38	37	36	36	35	35	34	33	31	28	26	25	23	22	21	20	20	17	14	12	12	11	11	9	8	8	8	9	9	10	10	10	11	11	11	11	11	11	12	12	11	11	12	13	14	15	15	15	15	15	18	20	23	25	27	28	30	32	33	30	25	25	25	25	24	24	23	22	23	23	23	23	23	23	22	22	21	20	19	17	14	11	11	10	10	11	10	11	11	12	12	12	13	13	13	12	12	12	12	12	12	12	12	12	12	12	12	12	13	13	12	12	12	13	13	12	12	13	13	14	15	15	25	49	74	83	83	83	83	83	83	83	83	83	84	84	83	83	83	83	83	83	84	84	84	83	83	84	84	84	83	83	83	83	83	83	84	84	84	84	83	83	83	83	84	84	84	84	84	84	84	83	83	84	84	84	84	84	84	83	83	83	83	83	83	83	83	83	83	83	83	83	83	83	83	83	83	83	83	83	83	83	83	83	83	84	84	84	84	84	84	84	84	83	84	83	83	83	84	84	84	84	84	84	83	83	83	84	84
83	84	84	84	84	83	83	83	83	83	83	83	83	84	84	83	84	83	83	83	83	83	83	83	83	83	83	83	83	83	83	83	83	83	83	83	82	83	83	83	83	83	83	83	83	83	83	83	83	83	83	83	83	83	83	83	83	83	83	83	83	83	83	83	83	83	83	83	83	83	83	83	83	83	83	83	83	83	83	83	83	83	83	83	82	82	83	83	83	83	83	83	83	83	83	83	83	83	83	83	83	83	83	84	84	84	83	83	83	83	83	83	83	83	83	83	83	84	83	83	84	84	84	84	84	84	84	84	84	83	84	83	83	83	83	83	83	83	83	83	84	84	83	83	83	83	83	83	83	83	83	83	84	84	84	83	83	83	83	83	83	83	83	83	83	84	84	84	84	84	84	83	83	83	83	83	84	84	83	83	83	83	84	84	83	83	83	83	82	62	10	5	4	4	3	2	3	3	3	2	2	2	2	2	3	2	7	8	8	7	6	6	6	5	5	5	11	27	41	44	44	45	47	47	47	48	48	49	49	49	50	50	50	49	49	50	51	52	51	51	52	55	53	50	51	53	52	52	52	52	52	52	52	52	52	51	52	52	51	51	51	51	44	22	11	11	12	13	15	16	18	20	22	24	25	28	30	31	32	33	34	36	36	37	38	38	38	38	39	39	39	39	40	40	41	41	41	42	43	43	42	43	43	43	43	43	44	45	45	45	45	46	46	46	46	46	46	46	46	45	45	45	43	43	46	47	46	47	47	45	44	46	47	47	47	47	48	48	48	48	48	48	48	47	48	49	49	50	50	51	51	50	50	49	49	50	51	51	51	50	50	52	50	48	49	49	49	48	48	52	53	54	54	53	53	53	54	54	54	54	55	55	55	55	56	55	54	54	53	53	54	54	52	44	44	52	53	49	52	51	50	49	48	47	46	45	44	43	42	41	41	40	39	38	38	36	35	34	34	32	30	29	28	27	27	29	29	26	24	24	23	22	20	19	16	13	11	10	10	11	11	11	11	11	10	11	11	11	11	11	11	11	10	11	11	12	12	12	12	12	12	12	14	15	16	17	18	19	21	23	23	23	23	24	25	25	25	24	24	24	24	24	24	24	23	23	23	23	22	22	22	22	22	21	20	21	20	18	15	14	14	13	11	11	11	11	12	12	12	12	12	12	12	12	11	11	12	13	12	12	12	12	12	12	12	13	13	13	14	14	15	18	34	63	79	83	83	83	83	83	83	83	83	83	83	84	84	83	83	83	83	83	83	84	84	84	83	83	84	84	84	83	83	83	83	83	83	84	84	84	84	83	83	83	83	83	84	84	84	84	84	84	83	83	84	84	84	84	84	84	84	83	83	83	83	83	83	83	83	83	83	83	83	83	83	83	83	83	83	83	83	83	83	83	84	84	84	84	84	84	84	84	84	84	83	84	83	83	83	84	84	84	84	84	84	83	83	83	83	83
83	84	83	83	83	83	83	83	83	83	83	83	83	83	83	83	83	83	83	83	83	83	83	83	83	83	83	83	83	83	83	83	83	82	83	83	83	83	83	83	83	83	83	83	83	83	83	83	83	83	83	83	83	83	83	83	83	83	83	83	83	83	83	83	83	83	83	83	83	83	83	83	83	83	83	83	83	83	83	83	83	83	83	83	83	83	83	83	83	83	83	83	84	84	83	83	83	83	83	83	83	83	83	83	83	83	83	83	83	83	83	83	83	83	83	83	83	83	83	83	84	84	84	84	84	84	84	83	84	84	84	84	84	84	84	84	84	84	84	84	84	84	83	83	83	84	84	83	83	83	83	84	84	84	84	84	84	84	84	83	83	83	84	84	84	84	84	84	83	83	83	83	83	83	84	83	84	84	84	83	83	83	83	83	83	83	83	83	82	67	13	4	4	4	3	2	3	2	2	2	2	2	2	2	2	4	10	10	10	9	8	7	7	8	7	6	6	7	18	35	43	44	44	45	46	47	48	48	48	49	49	50	50	49	49	49	50	51	52	52	52	54	55	51	50	55	55	53	52	52	52	52	52	53	53	53	52	52	52	52	52	51	51	50	37	21	15	15	18	18	19	20	21	22	24	26	28	29	30	31	32	34	34	35	35	36	36	36	37	37	38	38	39	39	39	40	40	41	41	41	41	42	42	42	42	42	43	43	42	42	43	43	44	44	44	44	45	45	44	44	45	45	44	41	42	44	44	45	45	43	43	45	45	45	46	47	47	47	47	47	48	48	47	47	48	48	48	48	49	50	49	49	49	48	48	48	49	50	50	49	49	50	48	48	51	51	52	51	50	50	51	52	53	53	54	54	54	54	54	54	54	54	54	55	55	55	56	56	55	55	55	55	55	52	49	50	52	51	51	52	52	51	50	49	48	47	45	44	43	42	42	42	41	41	40	39	38	38	37	35	34	32	30	29	29	28	28	28	28	28	28	27	27	28	27	25	23	20	19	17	15	13	12	11	11	11	11	11	11	11	11	11	10	10	11	11	10	11	11	11	11	12	12	12	13	14	14	14	14	15	17	19	19	20	20	21	22	22	24	24	25	25	25	25	25	25	25	24	23	22	22	23	23	22	23	23	22	22	20	20	22	22	21	20	18	16	15	14	13	13	13	13	13	12	12	12	12	11	12	12	12	13	12	13	12	12	12	12	12	14	21	45	72	82	83	83	83	83	83	83	83	83	83	83	83	83	83	83	83	83	83	83	83	84	84	84	83	83	83	83	83	83	83	83	83	83	83	83	83	83	83	83	83	83	83	83	84	84	84	84	83	83	83	83	84	84	84	84	84	84	83	83	83	83	83	84	84	84	84	84	84	83	83	84	84	84	84	84	84	83	83	84	83	84	84	84	84	84	84	84	84	83	84	83	83	83	84	84	84	84	84	84	83	83	83	83	83	83	83	84
84	84	84	83	83	83	83	83	83	83	83	83	83	83	83	83	83	83	83	83	83	83	83	83	83	83	83	83	83	83	83	83	83	82	82	83	83	83	83	83	83	83	83	83	83	83	83	83	83	83	83	83	83	83	83	83	83	83	83	83	83	83	83	83	83	83	83	83	83	83	83	83	83	83	83	83	83	83	83	83	83	83	83	83	83	83	83	83	83	83	83	83	83	83	83	83	83	83	83	83	83	83	83	83	83	83	83	83	83	83	83	83	83	83	83	83	83	83	83	83	83	83	84	84	84	84	83	83	83	84	84	84	84	84	83	83	83	83	83	83	83	83	83	83	83	84	83	83	83	83	83	84	84	83	83	83	84	84	84	83	83	83	84	84	84	84	84	84	84	84	84	84	83	83	83	83	83	83	83	83	83	83	83	83	83	83	83	83	83	72	17	5	5	4	4	3	3	2	1	2	2	2	2	2	2	7	12	12	12	11	10	9	8	8	7	7	7	7	6	12	26	40	44	45	45	46	46	47	48	49	49	49	49	49	49	49	50	51	51	51	51	51	51	51	51	50	51	51	52	52	52	52	53	53	53	53	53	53	53	53	52	52	52	52	53	49	37	25	17	14	13	12	12	12	14	17	22	26	27	29	31	32	32	33	34	34	34	35	35	35	36	37	37	37	37	37	38	39	39	39	39	40	40	40	40	41	42	42	42	41	42	42	42	42	42	42	43	43	43	43	44	44	44	43	42	41	41	41	41	41	42	43	44	44	45	45	45	46	46	46	47	47	47	47	47	47	47	47	47	48	48	48	48	47	46	47	48	48	49	48	48	48	45	45	49	50	49	50	51	48	48	51	52	52	51	53	53	53	54	54	54	55	54	54	55	55	55	55	55	54	54	54	55	54	54	53	53	53	52	51	51	52	51	51	49	49	48	46	46	44	43	43	43	42	42	41	41	40	39	38	37	36	35	33	32	32	31	29	30	30	29	28	28	27	28	28	28	27	26	24	24	23	21	19	18	17	15	14	13	12	12	11	11	11	11	11	10	10	10	10	10	11	11	11	12	12	12	12	12	12	14	15	15	16	17	17	17	18	19	20	21	22	23	23	24	24	25	26	25	25	25	25	25	24	24	24	24	24	21	20	22	22	22	23	23	23	23	23	22	20	20	19	18	17	17	16	16	15	14	14	13	12	12	11	11	11	12	12	13	18	44	75	82	82	83	83	83	83	83	83	83	83	83	83	83	83	83	83	83	83	83	83	83	83	83	83	83	83	83	83	83	83	83	83	83	83	83	83	83	83	83	83	83	83	83	83	84	84	84	84	83	84	83	83	84	84	84	84	84	84	84	84	84	83	83	84	84	84	84	84	84	84	83	83	83	83	83	83	83	83	84	84	84	84	84	84	84	84	83	83	83	83	83	83	83	83	84	84	84	84	84	84	83	83	83	83	83	83	83	84
84	84	84	84	83	83	83	83	83	83	83	83	83	83	83	84	83	83	83	83	83	83	83	83	83	83	83	83	83	83	83	83	83	82	83	83	83	83	83	83	83	83	83	83	83	83	83	83	83	83	83	83	83	83	83	83	83	83	83	83	83	83	83	83	83	83	83	83	83	83	83	83	83	83	83	83	83	83	83	83	83	83	83	83	83	83	83	83	83	83	83	83	83	83	83	84	84	83	83	83	83	83	83	83	83	83	83	83	83	83	83	83	83	83	83	83	83	83	83	83	83	83	83	84	83	83	83	83	83	83	83	83	83	83	83	83	83	83	83	83	83	83	83	83	83	83	83	83	83	83	83	84	83	83	83	83	84	84	84	83	83	83	83	84	84	84	84	84	84	84	84	84	84	83	83	83	83	83	83	84	84	84	84	84	84	84	84	84	83	78	25	6	7	5	4	3	3	2	2	2	2	2	2	2	5	12	12	12	12	11	10	10	9	9	9	9	8	7	7	7	9	17	34	44	45	46	47	47	48	48	49	49	48	49	49	50	50	51	51	51	51	51	52	51	51	52	52	52	52	52	52	52	53	53	53	53	53	53	53	53	53	53	52	52	52	53	53	50	37	20	10	8	9	8	9	10	12	18	26	27	29	30	30	31	32	32	33	33	34	34	34	35	35	36	35	35	36	36	37	37	38	38	38	38	38	39	40	39	39	40	40	40	40	41	41	41	41	41	41	41	41	41	42	42	42	41	42	41	40	40	41	41	43	43	43	44	45	45	45	45	45	46	46	46	46	46	46	47	47	47	47	47	47	46	45	46	46	47	48	47	47	47	47	44	45	47	48	49	49	44	46	50	49	49	47	51	51	52	52	53	54	54	54	54	55	55	55	55	55	54	53	53	54	54	54	55	55	54	54	53	51	51	51	56	51	50	50	49	47	46	44	45	44	43	43	43	42	41	40	40	39	38	37	36	35	34	33	33	34	31	31	31	30	29	28	28	27	27	25	24	24	25	26	26	26	26	25	24	22	21	19	17	15	13	12	11	10	10	9	10	10	11	11	11	11	11	11	11	11	11	12	13	13	14	14	14	14	15	16	17	17	18	18	19	19	20	20	21	21	22	23	24	25	26	26	26	26	25	24	23	23	23	23	23	23	23	22	23	23	23	23	23	23	24	24	24	25	26	26	27	29	28	25	23	19	15	13	13	22	39	53	60	66	73	79	82	83	83	83	83	83	83	83	83	83	83	83	83	83	83	83	84	83	84	84	83	83	83	83	83	83	83	83	83	83	83	83	83	83	83	83	83	83	83	83	83	84	84	84	84	83	83	83	83	84	84	84	84	84	84	84	84	84	84	84	84	84	84	84	84	84	83	83	83	83	83	83	83	83	83	84	84	84	84	84	84	84	84	83	83	83	83	83	83	83	83	84	84	84	84	84	84	83	83	83	83	83	83	83	84
84	83	83	83	83	83	83	83	83	83	83	83	83	83	84	84	83	83	83	83	83	83	83	83	83	83	83	83	83	83	83	83	83	83	83	83	83	83	83	83	83	83	83	83	83	83	84	83	83	83	83	83	83	84	84	83	83	83	83	83	83	83	83	83	83	83	83	83	83	83	83	83	83	83	83	83	83	83	83	83	83	82	82	83	83	83	83	84	84	84	84	84	84	84	84	83	83	83	83	83	83	83	83	84	84	84	83	83	83	84	84	83	83	83	83	84	83	83	83	83	83	83	83	83	83	83	84	84	84	83	83	83	83	83	83	83	83	84	84	84	84	84	83	83	83	83	84	84	84	84	84	84	83	83	83	83	83	84	84	84	84	84	83	83	83	84	84	83	84	84	84	84	83	84	84	84	83	83	83	83	83	83	84	84	84	84	84	84	83	80	34	7	7	5	4	4	3	3	2	2	2	2	3	4	10	12	12	12	12	12	11	11	10	10	10	10	9	9	8	8	8	8	12	26	41	46	46	46	46	47	48	48	49	49	50	50	50	51	51	51	51	51	51	51	51	51	52	53	53	53	53	52	52	53	53	53	53	53	53	53	53	53	53	52	52	53	52	51	52	49	41	28	20	16	13	9	9	11	16	24	26	28	29	29	29	29	30	30	31	31	31	33	34	34	34	33	34	35	35	35	36	36	37	37	37	37	38	38	38	38	38	39	38	39	39	39	39	40	40	40	40	40	41	40	41	40	40	40	39	41	45	42	42	42	43	43	43	43	44	44	44	44	44	44	44	45	45	46	46	46	46	46	46	45	45	46	46	46	46	47	47	47	47	47	45	43	43	44	44	42	45	48	47	48	46	49	50	51	51	52	53	53	53	54	55	55	54	54	54	55	56	55	54	54	54	55	55	54	54	54	54	54	54	54	51	50	50	49	48	46	45	45	45	44	43	43	43	43	41	40	40	39	38	37	36	36	35	34	36	32	32	32	32	31	30	30	29	29	28	27	26	26	26	26	26	25	26	25	25	25	25	24	24	22	20	18	16	14	12	11	11	11	11	11	11	11	11	10	10	11	11	12	12	12	12	12	13	14	14	14	14	14	13	15	15	16	17	18	17	18	19	19	19	21	22	23	24	24	23	23	24	24	25	25	25	25	24	24	23	23	23	22	22	23	23	23	23	24	24	25	28	30	34	38	41	41	37	34	43	48	50	50	51	51	55	60	67	74	81	83	83	83	83	83	83	83	83	83	83	83	84	84	84	84	84	83	83	83	83	83	83	83	83	83	83	83	83	84	84	83	83	83	83	83	83	83	84	83	84	84	84	84	84	83	84	84	84	84	84	84	83	83	83	83	83	84	84	84	83	83	83	83	83	84	84	84	84	83	83	83	84	84	84	84	84	84	84	84	83	83	83	83	83	83	84	84	83	83	83	84	84	84	84	84	84	83	83	83	83	83
83	83	83	83	83	82	83	83	83	83	83	83	83	84	84	84	83	83	83	83	83	83	83	83	83	83	83	83	83	83	83	83	83	83	83	83	83	83	83	83	83	83	83	83	83	83	84	83	83	83	83	83	83	83	83	83	83	83	83	83	83	83	83	83	83	83	83	83	83	83	83	83	83	83	83	83	83	83	83	83	83	83	83	83	83	83	83	83	83	83	83	83	83	83	83	83	83	83	83	83	83	83	83	83	83	83	83	83	83	83	83	83	83	83	83	83	83	83	83	83	83	83	83	83	83	83	83	83	83	83	83	83	83	83	83	83	83	84	84	84	84	84	83	83	83	83	83	83	83	83	83	84	83	83	83	83	83	83	83	83	83	83	83	83	83	83	83	83	83	83	83	84	83	84	84	84	84	83	83	84	84	84	84	84	84	84	84	83	83	82	48	8	6	5	5	4	3	4	3	3	3	2	3	10	12	12	12	13	12	13	11	12	11	11	11	11	10	10	9	9	8	9	9	9	16	34	44	46	45	46	47	48	49	49	49	49	50	51	51	51	51	51	51	51	51	51	52	53	53	53	53	52	52	52	53	53	54	53	53	53	53	53	53	53	52	53	53	52	52	52	52	52	46	33	32	24	12	10	10	17	25	26	27	28	28	29	29	29	29	29	29	30	31	31	31	32	32	33	33	34	34	34	35	35	35	36	36	36	36	37	37	37	37	37	37	37	37	38	38	38	39	40	40	40	40	39	39	39	39	40	42	40	40	41	41	42	42	42	42	43	43	43	43	43	43	44	44	44	45	45	45	45	45	45	44	45	45	45	45	46	46	46	46	47	47	46	45	43	43	44	46	47	46	47	47	47	48	49	49	50	51	51	52	53	53	53	52	53	53	53	55	55	55	55	54	55	54	54	54	54	54	55	55	55	54	54	53	52	51	50	50	47	47	46	45	44	44	43	42	42	41	40	39	38	37	37	36	36	35	34	33	32	32	32	31	30	29	30	30	29	29	29	28	28	27	27	26	26	25	24	24	24	25	25	25	25	24	24	21	20	20	18	16	13	11	11	10	10	10	10	10	11	11	11	11	11	12	12	12	12	13	12	12	12	13	13	13	14	14	14	15	16	17	17	17	18	19	19	18	20	21	21	22	22	23	24	24	25	25	25	26	26	26	26	25	24	24	24	23	23	23	24	25	26	29	33	39	47	49	49	50	50	50	50	49	49	50	54	68	83	83	83	83	83	83	83	83	83	83	83	83	84	84	83	84	83	83	83	83	83	83	83	83	83	83	83	83	84	84	83	83	83	83	83	83	83	84	83	84	84	84	84	84	83	84	84	84	84	84	84	83	83	83	83	83	84	84	84	83	83	83	83	83	84	84	84	84	83	83	83	84	84	84	84	84	84	84	84	83	83	83	83	83	83	83	83	83	83	83	84	84	84	84	84	84	83	83	83	83	83
83	83	83	83	83	83	83	83	83	84	83	83	83	84	84	84	83	83	83	83	83	83	83	83	83	83	83	83	83	83	83	83	83	83	83	83	83	83	83	83	83	83	83	83	83	83	84	83	83	83	82	82	83	83	83	83	83	83	83	83	83	83	83	83	83	83	83	83	83	83	83	83	83	83	83	83	83	83	83	83	83	83	83	83	83	83	83	83	83	84	84	84	84	84	83	83	83	83	83	83	83	83	83	83	83	83	83	83	83	83	83	83	83	83	83	83	83	83	83	83	83	83	83	83	83	83	83	83	83	83	83	83	83	83	83	83	83	84	84	84	84	84	83	83	83	83	83	83	83	83	83	84	84	84	84	84	84	83	83	83	83	83	83	83	83	83	83	83	83	83	83	84	83	84	84	84	84	84	84	84	84	84	84	84	84	84	84	83	83	83	65	13	7	6	6	4	4	3	3	3	3	4	9	12	12	12	11	12	13	12	12	12	11	11	11	10	10	10	9	9	9	8	8	9	8	11	24	40	45	45	46	48	49	49	49	49	50	51	51	51	51	51	51	51	51	51	51	52	52	53	52	52	51	52	52	53	53	53	53	53	53	53	53	53	53	53	53	52	52	52	52	51	50	39	31	33	28	12	10	13	23	26	26	27	28	28	28	29	29	28	28	28	29	30	30	30	31	31	31	31	32	33	33	34	34	34	34	35	35	35	36	36	36	36	36	36	37	36	37	37	37	38	38	38	39	38	38	39	39	39	39	39	39	40	40	40	40	41	41	41	42	42	42	42	42	43	43	43	44	44	44	44	44	44	44	44	44	44	44	44	44	44	44	45	45	45	46	46	45	45	46	46	47	46	47	46	47	47	48	48	49	50	51	51	51	51	51	51	52	52	53	53	53	54	53	53	53	53	52	52	53	54	54	55	54	54	55	55	54	53	53	51	50	48	48	47	46	45	44	43	42	41	40	39	38	38	37	37	36	35	35	34	33	32	31	29	29	30	30	30	30	30	29	29	29	28	28	28	28	27	27	26	26	25	24	23	23	23	22	20	21	21	22	22	21	20	18	16	15	15	13	13	13	12	11	11	11	11	11	11	11	11	11	11	11	12	12	12	13	13	13	14	14	14	15	15	15	16	14	15	16	16	16	17	18	19	19	20	21	22	23	24	24	25	26	26	27	27	27	27	26	26	27	27	28	31	35	43	47	48	48	48	49	49	49	50	49	50	60	81	83	83	83	83	83	83	83	83	83	83	83	83	83	83	84	83	83	83	83	83	83	83	83	83	83	83	83	84	84	83	83	83	83	83	83	83	83	83	84	84	84	84	84	83	84	84	84	84	84	84	83	83	83	83	83	84	84	84	83	83	83	83	83	84	84	84	84	83	84	83	84	84	84	84	84	84	84	84	83	83	83	84	84	83	83	83	83	83	83	83	84	84	84	84	83	83	83	83	83	83
83	83	83	83	83	83	83	83	83	84	83	83	83	83	83	83	83	83	83	83	83	83	83	83	83	83	83	83	83	83	83	83	83	83	83	83	83	83	83	83	83	83	83	83	83	83	83	83	83	83	83	83	83	83	83	83	83	83	83	83	83	83	83	83	84	83	83	83	83	83	83	83	83	83	83	83	83	83	83	83	83	84	84	84	84	84	84	84	84	84	84	84	84	84	84	83	84	84	84	84	83	83	83	83	83	83	83	83	83	83	83	83	83	83	83	84	84	84	83	84	84	84	84	84	83	83	84	83	84	83	83	83	83	83	83	83	83	83	83	84	83	83	83	83	83	83	83	83	83	83	83	84	84	84	84	84	84	84	84	84	84	84	83	83	83	83	83	83	83	83	83	84	83	84	84	84	84	84	84	84	84	84	83	83	83	83	83	83	83	83	78	31	7	7	6	4	5	4	4	3	5	9	12	12	12	11	11	11	11	11	11	11	11	11	11	10	11	11	10	10	9	9	9	10	10	9	10	19	32	44	45	47	48	49	49	49	50	50	50	50	51	50	51	51	51	51	51	51	51	52	52	52	52	52	52	52	53	53	53	54	53	53	53	53	53	53	53	53	53	52	52	52	52	47	33	32	34	21	8	10	19	27	26	26	27	27	28	28	28	28	29	29	29	29	30	30	30	30	30	30	31	32	31	32	33	33	34	34	34	34	35	35	35	35	35	35	36	36	36	36	36	36	37	37	37	37	37	38	38	38	38	38	39	39	39	39	39	40	40	40	40	40	40	41	41	42	42	42	42	43	43	43	43	43	43	43	43	43	43	43	43	43	43	44	44	44	45	44	44	44	45	45	46	45	45	46	46	46	46	46	47	48	49	49	50	50	50	51	51	51	51	51	52	52	52	52	52	51	50	52	53	53	53	53	53	54	55	55	55	54	54	53	52	51	50	48	47	45	44	43	43	42	41	40	40	38	37	38	37	37	36	35	34	33	32	29	28	30	30	31	31	30	30	30	30	30	30	30	29	29	29	28	28	27	26	25	24	24	24	23	23	22	23	23	23	23	23	22	22	22	21	20	20	18	16	15	14	13	12	11	11	10	10	11	11	11	11	11	11	11	12	12	12	12	12	13	13	13	13	12	12	13	13	13	14	15	15	16	16	17	17	18	19	20	20	21	22	23	23	25	26	27	28	29	31	32	35	38	42	43	43	43	43	44	45	47	47	48	53	76	84	84	83	83	83	83	83	83	83	83	83	83	83	83	83	83	83	83	83	83	83	83	83	83	83	83	83	84	84	83	83	83	83	83	83	83	83	83	84	84	84	84	84	84	84	84	84	83	83	83	83	83	83	84	84	84	84	84	84	84	84	84	84	84	84	84	84	84	84	84	84	84	84	84	84	84	84	84	84	83	83	83	83	83	83	83	83	83	83	83	83	84	83	83	83	83	83	83	83	83
84	83	83	83	83	83	83	83	83	84	83	84	84	83	83	83	83	83	83	83	83	83	83	83	83	83	83	83	83	83	83	83	83	83	83	83	83	83	83	83	83	83	83	83	83	83	83	83	83	83	83	83	83	83	83	83	83	83	83	83	83	83	83	83	83	83	83	83	83	83	83	83	83	83	83	83	83	83	83	83	83	84	84	84	84	84	84	84	84	84	84	84	84	84	83	83	83	84	84	84	83	83	83	83	83	83	83	83	83	83	83	83	83	83	83	84	84	83	83	83	84	84	83	84	83	83	84	83	84	83	83	83	83	83	83	83	83	83	83	84	83	83	83	83	83	83	83	83	83	83	83	84	84	84	84	84	84	84	84	84	84	84	84	84	84	83	83	83	83	83	83	83	83	84	84	84	83	83	83	83	83	83	83	83	83	83	83	84	84	83	82	63	18	8	8	6	6	5	5	7	11	12	12	11	11	11	11	11	11	11	11	11	11	11	11	11	11	11	11	10	10	9	9	10	10	9	9	10	12	23	40	46	48	49	49	49	50	50	50	50	50	50	51	52	51	51	51	51	51	51	51	51	52	52	52	52	53	52	53	53	53	53	53	53	53	53	53	53	53	52	51	51	52	51	38	31	34	27	9	8	17	26	27	25	26	26	27	28	28	28	29	29	30	29	30	30	30	30	29	29	30	31	31	32	32	32	33	33	33	34	34	34	34	35	35	35	35	35	35	35	35	36	36	36	37	37	37	37	36	37	37	37	37	38	38	39	39	39	39	39	39	39	40	40	41	41	41	41	41	41	41	42	42	42	42	42	42	42	42	42	42	42	42	43	43	43	44	44	44	44	44	44	45	45	45	45	45	45	45	46	46	47	47	47	48	48	49	49	48	49	49	49	50	50	50	50	51	50	51	51	52	52	52	53	52	52	54	54	54	54	54	53	53	53	53	52	51	50	48	47	45	44	43	42	42	40	39	40	40	39	38	36	36	36	35	31	29	29	30	31	31	31	31	31	31	31	31	30	30	29	30	29	29	28	28	27	26	26	25	25	25	25	24	24	23	23	22	22	22	22	23	23	23	23	23	22	22	21	19	17	16	15	13	12	12	11	10	10	10	11	11	11	10	11	11	11	11	10	12	11	11	11	11	11	13	12	12	13	13	14	14	15	15	15	16	16	17	17	18	19	19	21	21	23	24	25	26	28	30	33	33	33	34	35	37	39	40	42	46	70	84	84	83	83	83	83	83	83	83	83	83	83	83	83	83	83	83	83	83	83	83	83	83	83	83	83	83	84	84	83	83	83	83	83	83	83	83	83	84	84	84	84	84	84	84	84	84	83	83	83	83	83	84	84	84	84	84	84	84	84	84	84	84	84	84	84	84	84	84	84	84	84	84	84	84	84	84	84	84	83	83	83	83	83	83	83	83	83	83	83	83	84	83	83	83	83	83	83	83	83
84	83	83	83	83	83	83	83	83	83	83	83	84	83	83	83	83	83	83	83	83	83	83	83	83	83	83	83	83	83	83	83	83	83	83	83	83	83	83	83	83	83	83	83	83	83	83	83	83	83	83	83	83	83	83	83	83	83	83	83	83	83	83	83	83	83	83	83	83	83	83	83	83	83	83	83	83	83	83	83	83	84	84	84	84	84	83	83	83	83	83	83	83	83	83	83	83	84	84	84	83	83	83	83	83	83	83	83	83	83	83	83	83	83	83	84	84	83	83	83	84	83	83	83	83	83	84	83	83	83	83	83	83	83	83	83	83	83	83	83	83	83	83	83	83	83	83	83	83	83	83	84	84	84	84	84	84	84	84	83	83	83	84	84	84	84	84	84	84	84	84	83	83	84	84	84	83	83	83	83	83	83	83	83	83	83	83	84	84	83	83	81	57	22	10	7	8	10	12	13	12	12	12	11	11	11	11	10	11	11	11	11	11	11	11	12	12	11	11	11	10	10	10	9	9	9	8	9	9	9	16	32	45	48	47	48	49	49	49	50	50	51	51	51	51	51	51	51	51	51	51	51	52	52	52	53	53	53	53	53	53	53	53	53	53	53	53	53	53	53	52	51	52	52	48	33	33	28	10	9	16	22	24	24	25	26	26	27	27	28	28	29	30	30	30	30	30	30	30	30	30	31	31	31	31	31	32	32	33	33	33	33	34	34	34	34	35	35	35	35	35	35	36	36	36	36	36	37	36	37	37	37	37	37	38	38	38	38	38	38	39	39	39	39	39	39	39	40	40	40	40	40	41	41	42	42	41	41	41	41	42	42	42	42	42	42	43	43	43	43	43	43	44	44	44	44	44	45	45	45	45	45	46	46	46	46	46	47	47	47	47	48	48	48	49	49	49	47	49	50	50	49	50	50	52	50	52	53	53	52	52	53	53	52	53	52	52	51	51	50	49	48	48	47	45	44	42	42	43	43	41	39	37	36	36	33	31	31	30	32	33	32	32	32	32	32	31	31	31	31	31	30	30	30	29	28	28	28	27	27	27	26	26	25	25	24	24	23	23	22	23	23	23	23	23	23	24	23	24	23	22	22	21	20	19	17	15	15	14	13	12	11	10	10	10	9	8	8	10	9	10	10	10	10	11	11	11	11	12	12	12	12	13	13	13	13	14	14	15	16	16	16	17	18	18	19	20	20	20	20	21	22	24	25	26	28	30	30	36	67	84	83	83	83	83	83	83	83	83	83	83	83	83	83	83	83	83	83	83	83	83	83	83	83	83	83	83	84	84	83	83	83	83	83	83	83	83	83	84	84	84	84	84	84	84	84	84	83	83	83	84	84	84	84	84	84	84	84	84	84	84	84	84	84	84	84	84	84	84	84	84	84	84	84	84	84	84	84	84	83	83	83	83	83	83	83	83	83	83	83	83	83	83	83	83	83	83	83	83	83
84	83	83	83	83	83	83	84	84	83	83	83	83	83	83	83	83	83	83	83	83	83	83	83	83	83	83	83	83	83	83	84	84	83	83	83	84	84	83	83	83	83	83	83	83	83	83	83	83	83	83	83	83	83	83	83	83	83	83	83	83	83	83	83	83	83	83	83	83	83	83	83	83	83	83	83	83	83	83	83	83	84	84	84	83	83	83	83	83	83	83	83	83	83	83	83	84	84	84	84	83	83	83	84	84	84	84	84	84	84	84	84	83	83	83	83	83	84	84	84	84	83	83	83	83	83	83	83	83	83	83	83	83	83	83	83	83	83	83	83	83	83	83	83	83	83	83	83	83	83	83	84	83	83	84	83	84	84	84	83	83	83	84	84	84	84	84	84	84	84	84	84	84	84	84	83	83	83	83	83	83	83	84	84	84	84	84	84	83	83	83	83	82	73	52	31	19	16	15	14	12	12	12	11	11	11	11	10	11	11	11	11	11	12	11	11	12	11	11	11	11	10	10	9	9	9	9	9	9	9	9	11	23	40	47	48	48	48	49	49	50	51	51	50	50	50	51	51	51	51	51	51	52	52	52	53	53	54	53	53	54	53	53	53	53	53	53	53	53	53	52	51	52	53	53	43	32	27	10	9	15	22	24	23	24	25	25	26	27	28	28	28	29	29	30	29	30	30	30	30	30	31	31	31	31	32	32	32	32	32	33	33	33	33	34	34	35	35	35	35	35	35	35	35	35	36	36	37	37	37	37	36	37	37	37	37	37	37	37	38	38	38	38	38	38	39	38	38	38	39	39	39	39	39	39	40	41	42	42	40	41	41	41	41	41	41	42	42	42	42	42	42	42	43	43	43	43	43	44	44	44	44	45	44	44	45	45	45	45	46	46	46	47	47	48	48	48	44	47	48	48	48	48	49	50	50	49	51	51	51	51	51	51	51	52	51	51	50	50	50	49	49	48	48	47	46	45	43	42	43	42	41	40	39	38	36	34	32	30	32	33	33	33	33	33	33	32	32	32	31	31	31	31	31	31	30	29	29	29	28	27	27	27	27	26	25	25	24	24	24	24	24	23	23	23	23	23	23	23	23	23	23	23	23	22	21	21	21	21	20	19	17	16	14	11	9	10	9	9	9	9	9	9	8	9	9	10	9	10	10	10	10	11	11	11	11	12	12	12	13	13	14	14	14	15	15	15	16	15	15	15	15	17	17	18	19	20	22	34	72	83	83	84	84	83	83	83	83	83	83	83	83	83	83	83	83	83	84	83	83	83	83	83	83	83	83	83	84	84	84	84	83	83	83	83	83	84	83	84	84	84	84	84	84	84	84	84	84	83	83	84	84	84	84	84	84	84	84	84	84	84	84	84	84	84	84	84	84	84	84	84	84	84	84	84	84	84	84	83	83	83	83	83	83	84	84	83	83	83	83	83	83	83	83	83	83	83	83	83	83
83	83	83	83	83	83	83	84	84	83	83	83	83	83	83	83	83	83	83	83	83	83	83	83	83	83	83	83	84	84	83	83	83	83	83	83	83	83	83	83	83	83	83	83	83	83	83	83	83	83	83	83	83	83	83	83	83	83	83	83	83	83	82	83	83	83	83	83	83	83	83	83	83	82	83	83	83	83	83	83	83	83	83	83	83	83	83	83	83	83	83	83	83	83	83	83	83	83	83	84	83	83	83	84	84	84	84	84	83	83	84	83	83	83	83	83	83	83	84	84	84	83	83	83	83	83	83	83	83	83	83	83	83	83	83	83	83	83	83	83	83	83	83	83	83	83	83	83	83	83	83	84	83	83	84	83	84	84	84	84	83	83	84	84	84	84	84	84	84	84	84	84	84	84	84	83	83	83	83	83	83	83	84	84	84	84	84	84	83	83	83	83	84	84	82	78	64	42	24	15	13	12	12	11	11	11	10	10	10	10	11	11	11	11	12	11	12	12	12	12	12	11	11	10	10	9	9	9	9	9	9	9	9	15	32	45	48	48	48	48	49	50	51	51	50	51	51	51	51	51	51	51	51	52	51	52	53	53	53	53	53	53	53	53	53	53	53	53	53	53	53	52	52	53	52	50	35	23	9	9	16	22	23	24	24	25	25	26	27	27	28	28	28	29	29	29	29	30	29	30	30	30	30	31	30	31	31	31	31	31	32	32	32	32	33	34	35	35	35	35	35	35	35	35	36	36	36	37	37	37	37	35	35	36	37	37	37	37	37	38	38	38	38	38	38	38	37	36	35	35	35	36	36	36	37	38	38	41	43	39	39	40	40	40	40	40	41	41	41	41	41	41	41	42	42	42	42	42	43	43	43	43	44	44	44	44	44	45	45	45	45	45	45	46	46	46	47	44	46	47	47	47	47	47	47	48	48	48	49	49	50	50	50	49	50	50	50	49	49	49	48	48	47	47	47	46	45	44	43	43	42	41	40	41	40	39	37	35	33	34	35	35	35	35	34	33	33	33	33	32	32	32	32	32	31	31	31	30	29	29	29	28	28	28	28	27	26	26	26	25	24	25	25	24	24	24	23	23	23	23	23	23	22	21	20	20	21	21	22	23	23	22	22	21	18	17	16	15	13	12	11	10	9	9	8	8	8	7	8	8	8	8	8	9	10	10	10	10	11	11	11	12	12	12	12	12	12	12	12	12	12	11	11	17	15	13	15	21	49	81	83	84	84	84	83	83	83	83	83	83	83	83	83	83	83	83	83	84	83	83	83	83	83	83	83	83	83	84	84	84	84	83	83	83	83	83	84	83	84	84	84	84	84	84	84	84	84	84	83	83	84	84	84	84	84	84	84	84	84	84	84	84	84	84	84	84	84	84	84	84	84	84	84	84	84	84	84	84	83	83	83	84	84	83	83	83	83	83	83	83	83	83	83	83	83	83	83	83	83	83
83	83	83	83	83	83	83	83	83	83	83	83	83	83	83	83	83	83	83	83	83	83	83	83	83	83	83	83	84	84	83	83	83	83	83	83	83	83	83	83	83	83	83	83	83	83	83	83	83	83	83	83	83	83	83	83	83	83	83	83	83	83	83	83	83	83	83	83	83	83	84	83	83	83	83	83	83	83	83	82	83	83	83	83	83	83	83	83	83	83	83	83	83	83	83	83	83	83	83	83	83	83	83	84	84	84	83	83	83	83	83	83	83	83	83	83	83	83	83	83	83	83	83	84	83	84	83	83	83	83	83	84	84	84	84	84	84	83	83	83	83	83	83	83	83	83	83	83	83	83	83	84	83	83	84	83	84	84	84	84	84	84	84	84	84	83	84	84	84	84	84	84	84	84	84	83	83	84	84	83	83	83	84	84	83	83	83	83	83	83	83	83	83	83	83	83	83	82	75	56	24	13	11	12	11	10	10	10	10	10	10	11	11	11	12	12	12	12	12	12	12	12	11	11	10	9	9	9	9	9	8	10	10	10	11	21	39	49	48	48	49	49	50	50	50	50	51	51	51	51	51	51	51	51	52	52	52	52	52	53	53	53	53	53	53	53	53	53	53	53	53	52	52	52	51	51	43	17	8	11	20	22	23	24	24	25	25	26	26	27	27	27	27	28	29	29	29	29	29	29	30	31	30	30	30	30	30	30	31	31	31	31	32	32	38	35	34	34	34	35	35	36	36	36	36	36	36	37	36	37	37	36	36	36	36	37	37	37	37	38	38	38	38	38	38	37	37	38	38	37	37	36	35	35	34	35	36	37	37	37	38	38	38	39	39	40	40	40	40	40	40	40	40	40	40	41	41	41	42	42	42	42	42	43	43	43	43	43	43	44	44	44	44	44	44	44	46	44	45	45	45	45	45	46	46	45	45	46	46	47	48	48	48	47	48	47	47	47	47	47	47	45	45	45	45	45	45	44	44	44	43	41	40	40	41	41	38	36	35	36	38	38	38	37	36	36	35	35	34	34	34	33	33	32	32	32	31	31	30	30	30	29	29	29	29	28	27	27	26	27	26	26	26	26	26	25	24	24	24	24	23	23	23	22	21	21	20	20	21	21	21	21	21	21	19	20	23	22	22	21	20	19	17	15	13	12	10	9	8	7	7	6	6	6	6	7	7	7	8	9	11	10	11	10	10	10	10	9	9	9	8	7	7	19	23	17	15	35	73	83	83	83	83	84	83	83	83	83	83	83	83	83	83	83	83	83	83	83	83	83	83	83	83	83	83	83	83	84	84	84	84	84	83	83	83	83	83	83	83	83	83	84	84	84	84	84	84	84	84	84	84	84	84	83	83	84	84	84	83	83	83	83	83	83	83	83	83	84	84	84	84	84	84	84	84	84	84	84	84	84	84	84	84	84	84	84	83	83	83	83	83	83	83	83	83	84	84	84	83	83
83	83	83	83	83	84	83	83	83	84	83	83	83	83	83	83	83	83	83	83	83	83	83	83	83	83	83	83	83	83	83	83	83	83	83	84	84	84	83	83	84	84	83	83	83	83	83	83	83	83	83	83	84	84	84	83	83	83	83	83	83	83	83	83	83	83	83	83	83	83	83	83	83	83	83	83	83	83	83	83	83	83	83	83	83	83	83	83	83	83	83	83	83	83	84	83	83	83	83	84	83	83	83	83	83	83	83	83	83	83	83	83	83	83	83	83	83	83	83	83	83	83	84	84	84	84	83	83	83	83	84	84	84	84	84	84	84	83	83	83	83	83	83	83	83	83	83	83	83	83	83	84	83	83	84	83	83	83	83	84	84	84	84	84	84	84	84	84	84	83	83	84	84	84	83	83	84	84	84	83	83	83	84	83	83	83	83	83	83	83	83	83	83	83	83	83	83	83	83	70	27	15	14	14	11	8	8	8	8	8	9	10	11	12	12	11	12	12	12	12	12	12	12	12	12	11	11	10	10	9	9	9	9	10	10	10	15	30	44	48	49	49	50	50	50	50	51	51	51	51	51	51	51	52	51	52	52	52	52	52	53	53	53	53	53	53	53	53	53	53	53	52	52	51	51	50	48	23	9	15	22	22	23	24	24	25	25	26	26	26	27	27	27	28	28	29	29	29	28	29	30	31	31	30	30	30	30	31	31	31	31	31	32	32	37	36	33	34	34	35	35	36	36	37	37	36	36	36	36	37	36	36	36	36	36	37	37	37	37	37	38	38	38	38	38	36	37	37	37	37	37	37	37	38	37	35	33	36	37	37	37	37	38	39	39	40	39	39	39	39	39	39	40	40	40	40	40	40	40	41	41	41	41	41	41	42	42	42	42	42	42	42	43	43	43	43	44	43	44	44	44	44	44	44	44	45	44	45	45	45	46	46	46	45	46	46	45	45	45	45	45	44	44	44	44	44	44	44	44	43	42	42	42	41	41	41	40	37	35	36	39	40	40	40	39	39	38	37	37	36	36	36	35	34	34	33	32	31	31	31	31	31	30	28	28	29	29	28	28	28	27	27	27	26	26	26	26	26	26	25	25	24	24	24	23	23	23	23	22	22	21	20	20	20	19	19	20	19	20	19	19	19	19	18	16	14	11	9	8	7	6	6	5	5	5	4	4	4	4	6	7	9	9	9	8	7	6	5	5	4	5	6	7	9	15	20	32	68	83	83	83	83	83	83	83	83	84	83	83	83	83	83	83	83	83	83	83	83	83	83	83	83	83	83	83	83	83	84	84	84	84	84	84	83	83	83	83	83	83	83	83	84	84	84	84	84	84	84	84	84	84	84	84	83	83	84	84	84	83	83	83	83	83	83	83	83	83	83	83	84	84	84	84	84	84	83	84	84	84	84	84	84	84	84	84	84	83	83	83	83	83	83	83	83	84	84	84	84	83	83
83	83	83	83	83	84	83	83	84	84	83	83	83	83	83	83	83	83	83	83	83	83	83	83	83	83	83	83	83	83	83	83	83	83	83	83	83	83	83	83	83	83	83	83	83	83	83	83	83	83	83	83	84	84	84	83	83	83	83	83	83	83	83	83	84	84	84	83	83	83	83	83	83	83	83	83	83	83	83	83	83	84	83	83	84	84	84	84	84	83	84	84	83	83	84	84	84	84	84	84	83	83	83	83	83	83	83	83	83	83	83	83	83	83	83	83	83	83	83	83	84	84	84	84	83	83	83	83	83	83	84	84	84	84	84	84	84	83	83	83	83	83	83	83	83	83	83	83	83	83	83	84	83	83	84	83	83	83	83	84	84	84	84	84	84	84	84	84	84	83	83	83	83	83	83	83	83	84	84	83	83	83	83	83	83	83	83	83	83	83	83	83	83	83	83	83	83	83	83	66	18	12	13	14	16	13	9	8	7	6	7	8	10	11	12	12	12	12	11	12	12	12	12	12	12	11	12	12	11	11	11	10	9	10	10	10	9	11	20	38	47	49	50	49	49	50	50	51	51	51	51	51	51	52	51	52	52	52	52	52	53	53	53	53	53	53	53	53	53	54	53	53	52	52	52	52	49	39	15	19	22	23	24	24	25	25	25	27	26	26	27	28	28	28	28	29	29	28	28	30	30	30	31	30	30	31	31	31	31	31	31	32	32	32	31	32	33	34	34	34	35	35	35	36	36	36	36	36	37	37	37	36	36	36	37	37	37	37	37	38	38	38	38	38	38	37	36	38	38	37	37	37	37	37	37	38	39	36	36	36	36	37	37	38	38	39	39	39	38	39	39	39	39	39	39	39	39	39	39	40	40	40	40	39	40	41	41	41	41	41	41	42	42	42	42	42	43	42	42	43	43	43	43	43	43	45	43	44	44	44	45	45	45	44	44	45	44	44	44	44	44	43	43	43	43	42	42	42	43	42	42	42	42	42	42	41	40	38	36	36	39	41	42	42	41	41	40	40	39	39	39	38	37	36	36	35	34	33	33	32	32	32	32	31	28	29	29	29	29	29	29	28	28	27	27	27	27	27	26	26	26	25	25	25	25	25	24	24	24	24	24	22	22	21	21	20	20	20	19	19	18	18	18	18	17	16	13	9	8	9	9	9	8	8	8	7	5	3	3	3	2	10	28	11	3	4	3	3	5	7	7	8	9	9	9	14	36	77	83	83	83	83	83	83	83	83	84	83	83	83	83	83	83	83	83	83	83	83	83	83	83	83	83	83	83	83	83	84	84	84	84	84	84	83	83	83	83	83	83	83	83	84	84	84	84	84	84	84	84	84	84	84	84	83	83	84	84	84	83	83	83	83	83	83	83	84	84	83	83	83	83	83	84	84	84	83	84	84	84	84	84	84	84	84	84	84	84	83	83	83	83	83	83	83	84	84	84	84	83	83
83	83	83	83	83	83	83	83	84	84	83	83	83	83	83	83	83	83	83	83	83	83	83	83	83	83	83	83	83	83	83	83	83	83	83	84	84	84	83	83	83	83	83	83	83	83	83	83	83	83	84	84	83	83	83	83	83	83	83	83	83	84	84	84	84	84	84	84	83	84	83	83	83	84	84	84	83	83	83	83	84	84	84	84	84	84	84	84	84	84	84	84	83	83	83	83	83	84	84	84	84	84	84	84	83	83	83	83	83	83	84	84	83	83	83	83	84	84	84	83	83	83	83	83	83	83	83	83	83	84	84	84	84	84	84	84	84	84	84	84	83	83	83	83	83	83	83	83	83	83	83	84	84	84	84	83	83	84	84	84	84	84	84	84	84	84	84	83	84	83	83	83	83	83	84	83	83	83	83	84	84	84	83	83	83	83	83	83	83	83	83	84	83	83	83	83	83	83	83	70	19	11	11	11	12	16	13	9	8	7	6	5	7	8	10	11	11	11	12	12	12	12	12	11	12	11	12	11	12	12	12	12	11	10	9	10	10	10	10	14	28	43	49	49	49	49	50	50	51	51	51	51	51	52	52	52	52	52	52	52	52	52	53	53	53	53	53	53	53	53	54	53	53	52	52	52	51	48	31	22	23	24	25	25	25	25	25	26	26	27	27	28	28	28	28	29	29	29	29	30	30	31	31	31	31	31	31	31	31	31	32	32	33	33	33	33	34	34	34	34	34	35	35	35	35	35	35	35	35	35	35	36	37	37	37	37	37	37	37	37	38	38	37	37	38	38	36	35	36	37	37	37	37	37	37	36	35	37	36	36	36	36	36	37	38	39	39	38	38	38	38	38	38	38	38	39	38	38	38	39	39	38	40	43	39	39	39	39	40	40	40	40	41	41	41	41	41	40	41	42	42	42	42	42	42	42	42	43	43	43	43	44	43	43	43	44	44	43	43	43	43	43	42	42	42	42	42	42	41	41	41	41	41	41	40	40	39	38	37	37	38	41	42	42	42	42	42	41	41	40	39	39	39	38	37	37	36	35	34	34	33	33	33	32	30	30	31	31	30	30	30	29	29	29	28	28	28	28	28	27	27	26	26	26	26	26	26	25	25	25	25	24	24	24	23	23	22	22	21	21	20	20	21	22	22	22	19	15	16	17	16	16	16	15	15	15	12	5	4	4	4	16	66	52	18	15	18	20	22	22	22	20	19	17	15	24	55	80	84	83	83	83	83	83	83	83	83	83	83	83	83	83	83	83	83	83	83	83	83	83	84	84	83	83	84	84	84	84	84	84	83	83	83	83	83	83	83	83	83	83	83	83	83	83	83	83	83	84	84	84	84	83	84	84	84	84	83	83	84	84	84	83	83	83	83	84	84	84	84	83	83	83	84	84	84	84	84	84	84	84	84	84	84	84	83	83	84	84	84	83	83	83	84	84	84	83	83	83	83	83
84	83	83	83	83	83	83	84	84	84	83	83	83	83	83	83	83	83	83	83	83	83	83	83	83	83	83	83	83	83	83	83	83	83	83	83	83	83	83	83	83	83	83	83	83	83	83	83	83	83	84	84	83	83	83	83	83	83	83	83	83	84	84	84	84	83	84	84	84	84	83	83	83	83	83	84	83	83	83	83	83	84	84	84	84	84	83	84	84	84	84	84	83	83	83	83	83	83	83	84	84	84	84	83	83	83	83	83	83	83	83	83	83	83	83	83	84	84	84	84	83	83	83	83	83	83	83	83	84	84	83	84	84	84	84	84	84	84	84	83	83	83	83	83	83	83	83	83	83	83	83	84	84	84	84	83	83	84	84	84	84	84	84	84	84	84	83	83	83	83	83	83	83	83	84	83	83	83	83	84	84	84	83	83	83	83	83	83	83	83	83	84	83	83	83	83	83	83	83	77	26	10	11	11	11	12	14	12	11	9	7	6	6	5	5	7	9	11	12	12	12	11	12	12	11	11	11	11	12	11	11	11	12	13	12	11	11	10	10	11	12	19	36	48	50	49	49	50	50	50	51	51	52	52	52	52	52	52	52	52	52	52	53	53	53	53	53	53	53	53	54	54	53	53	53	53	53	50	45	24	22	24	26	26	26	25	25	26	26	27	28	28	28	28	28	29	29	29	29	30	30	31	32	31	32	32	31	32	32	32	32	33	33	33	34	34	34	35	35	35	35	35	35	35	35	34	35	35	35	35	35	36	36	36	37	37	37	38	38	38	38	38	37	37	37	38	37	35	33	34	35	35	36	36	36	35	36	37	36	36	36	36	35	37	38	38	38	38	38	38	38	38	38	38	38	38	38	38	38	38	38	38	38	41	38	38	38	39	39	39	38	39	38	39	39	39	39	39	40	41	41	41	41	41	41	41	41	42	42	42	42	42	43	43	43	42	42	42	42	42	42	42	41	41	41	41	41	41	41	40	39	41	41	41	41	39	39	39	37	37	38	41	42	42	42	42	42	42	42	41	40	40	39	39	39	38	37	36	36	35	35	34	33	33	32	32	32	32	31	31	31	31	31	30	30	29	29	29	28	28	28	28	27	27	27	27	27	27	26	26	26	26	25	25	24	24	24	24	23	22	22	21	20	20	22	23	20	17	17	17	18	18	18	18	18	19	18	8	5	6	7	22	73	80	73	72	73	75	75	75	74	72	71	69	65	67	80	84	83	83	83	83	83	83	83	83	83	83	83	83	84	83	83	83	83	83	83	83	83	83	84	84	83	83	84	84	84	84	84	84	83	83	83	83	83	83	83	83	83	83	83	83	83	83	84	84	84	84	84	84	84	83	84	84	84	84	83	83	84	84	84	83	83	83	83	83	84	84	84	83	83	84	84	84	84	84	84	84	84	84	84	84	84	83	83	83	84	84	84	83	83	83	84	84	84	83	83	83	83	83
84	83	83	83	83	83	84	84	84	84	83	83	83	83	83	83	83	83	83	83	83	83	83	83	83	83	83	83	83	83	83	83	83	83	83	83	83	83	83	83	83	83	83	84	83	83	83	83	83	83	83	83	83	84	84	83	83	83	83	83	83	84	83	83	83	83	83	83	83	83	83	83	83	83	83	83	83	83	83	83	83	83	83	83	83	83	83	84	84	84	84	84	83	83	83	83	83	83	83	83	83	83	83	83	83	83	83	83	83	83	83	83	83	83	83	83	83	84	84	84	83	83	83	83	83	83	83	83	83	84	83	84	84	84	83	83	83	83	83	83	83	83	83	83	83	84	84	84	84	84	84	84	84	84	83	83	83	84	84	84	84	84	84	84	84	84	83	83	83	83	83	83	83	83	83	83	83	83	83	84	84	84	83	83	83	83	83	83	83	83	83	84	83	83	83	83	83	83	83	82	59	17	11	12	12	12	12	12	12	11	10	10	9	8	8	7	6	8	9	11	12	12	12	12	12	12	12	11	11	11	11	11	11	11	12	12	13	12	12	12	11	11	14	26	43	50	50	50	50	50	50	51	52	52	52	52	53	52	52	52	52	52	52	53	53	53	53	53	53	53	54	53	53	53	53	52	53	52	51	35	22	24	26	26	26	26	25	26	26	27	27	28	28	28	29	29	29	29	29	30	31	31	32	31	32	32	32	32	32	33	32	33	33	34	34	34	35	35	35	36	36	35	35	35	35	35	35	35	35	35	35	36	36	36	36	37	37	37	37	37	37	37	37	37	38	38	38	38	37	37	36	36	36	35	35	36	36	36	36	36	36	35	35	36	36	38	38	38	38	38	38	38	38	38	38	38	38	38	38	38	38	38	37	37	37	37	38	38	38	38	38	38	38	38	38	38	38	37	38	39	39	39	40	40	39	39	39	40	40	41	41	41	41	41	41	41	41	41	41	41	41	40	40	40	40	39	40	39	40	39	39	40	40	39	39	39	39	38	37	37	38	41	41	41	40	41	42	42	41	40	40	40	40	39	39	39	38	37	36	36	36	35	35	35	34	34	34	33	33	33	32	32	32	31	31	31	30	30	30	30	29	29	28	28	28	28	28	27	27	27	27	26	26	26	26	26	25	25	24	24	24	24	22	21	21	22	19	14	16	17	19	19	19	19	19	19	19	11	9	9	11	28	76	82	83	83	83	83	83	83	83	83	83	82	83	83	83	83	84	83	83	83	83	83	83	83	83	83	83	83	84	84	83	83	83	83	83	83	83	83	84	84	83	83	84	84	84	84	84	84	83	83	83	83	83	83	83	83	83	83	83	83	83	83	84	84	84	84	84	84	84	84	84	84	84	84	83	83	84	84	84	83	83	83	83	83	84	84	84	83	83	84	84	84	84	84	84	84	84	84	84	84	84	83	83	83	84	84	84	83	83	83	84	84	84	83	83	83	83	83
84	83	83	83	83	83	83	83	83	83	83	83	83	83	83	83	84	84	83	83	83	83	83	83	83	83	83	83	83	83	84	84	83	83	83	83	83	84	83	83	83	83	83	84	84	84	83	83	83	83	83	83	83	84	84	83	83	83	84	84	84	83	83	83	83	83	83	83	83	83	83	83	83	83	83	83	83	83	83	83	83	84	84	84	84	84	84	84	84	83	83	83	83	84	83	83	83	83	83	83	83	83	83	83	83	83	83	83	83	83	83	83	84	84	84	84	83	84	83	83	84	84	84	84	84	84	84	84	84	84	84	83	83	83	84	84	84	84	84	84	84	84	84	84	84	84	84	84	84	84	84	83	83	83	82	82	83	84	84	84	84	84	84	84	84	83	83	83	83	83	83	83	83	83	83	83	83	83	83	83	83	83	83	83	83	83	83	83	83	83	83	83	83	84	83	83	83	83	83	83	81	56	17	11	12	12	12	11	11	11	10	11	11	11	11	9	8	8	7	7	9	11	12	12	12	11	12	12	12	12	11	11	12	12	12	12	12	13	13	13	14	12	11	11	18	34	47	51	51	51	51	51	51	51	52	52	52	52	53	52	53	52	53	53	53	53	53	53	53	53	53	53	53	53	53	53	52	52	53	48	28	24	24	26	26	26	26	26	27	27	28	28	28	29	29	29	29	29	30	30	31	31	31	31	31	32	32	32	32	32	32	33	33	33	33	34	35	36	35	36	36	36	35	35	36	35	35	34	35	35	35	35	35	36	36	36	37	37	37	37	37	37	37	38	37	37	38	39	39	38	38	38	37	37	36	36	36	36	36	36	37	37	37	37	37	37	38	38	38	39	38	38	38	38	38	38	38	38	38	38	38	38	37	37	37	37	37	38	38	38	38	38	37	37	37	37	37	36	38	38	38	38	38	38	37	37	37	38	38	39	39	39	39	39	39	40	40	40	39	39	39	39	39	39	39	39	38	38	38	38	38	39	40	39	39	39	39	38	38	38	39	40	40	41	41	41	40	41	40	40	39	39	39	40	39	39	38	37	36	36	36	36	36	36	36	36	36	34	34	34	34	34	33	32	32	32	31	31	31	31	30	30	30	29	29	29	29	28	28	28	28	28	28	27	27	27	27	26	26	26	26	26	25	24	23	23	21	14	6	6	9	12	14	15	18	20	20	13	11	11	13	33	78	83	83	83	83	84	84	83	83	83	83	83	84	84	84	84	84	84	84	83	83	83	83	84	84	83	83	83	83	83	83	83	83	83	83	83	83	83	84	84	84	84	84	84	83	83	83	84	83	83	83	83	83	83	83	83	83	83	83	84	83	83	84	84	84	84	84	83	84	84	84	84	84	83	83	83	83	83	83	83	83	83	83	83	83	83	83	84	84	84	83	84	84	84	84	84	84	84	83	83	83	83	83	83	84	84	84	83	83	83	83	83	83	84	83	83	83	83
84	83	83	83	83	83	84	83	83	83	83	83	83	83	84	83	83	83	83	83	83	83	83	83	83	83	83	83	83	83	83	83	83	83	83	83	83	83	83	83	83	83	83	83	83	83	83	83	83	83	83	83	83	83	83	83	83	83	83	83	84	83	83	83	83	83	83	83	83	83	84	83	83	83	83	83	83	83	83	83	83	83	83	83	83	83	84	84	84	84	84	84	83	84	83	83	83	83	83	83	83	83	83	83	83	83	83	83	83	83	83	83	83	83	84	83	83	83	83	83	84	84	84	84	84	84	84	84	84	84	84	84	84	83	83	83	83	84	84	84	84	84	84	84	84	84	84	84	84	84	84	84	84	83	83	83	83	84	84	84	84	84	84	84	84	83	83	83	83	83	83	84	83	83	83	83	83	83	83	83	83	83	83	83	83	83	83	83	83	83	83	83	83	83	83	83	83	83	83	83	83	80	53	16	12	13	11	11	11	11	11	12	11	11	11	11	11	10	10	10	9	9	9	11	12	13	13	13	12	12	12	12	12	12	12	12	12	12	12	12	13	13	13	13	13	14	25	41	50	50	50	50	51	51	52	52	51	52	52	52	53	53	53	53	53	53	53	53	53	53	53	53	53	53	53	53	53	53	53	52	39	25	26	26	27	27	27	27	27	27	27	28	28	29	29	29	29	30	30	30	31	32	31	31	32	32	32	32	32	32	33	32	33	34	33	33	35	35	35	36	36	36	36	36	36	36	36	35	35	35	35	35	35	36	36	36	36	36	37	37	37	37	37	37	37	37	38	39	39	39	38	38	38	38	37	36	36	36	36	36	37	38	38	38	39	39	38	38	38	39	39	38	38	38	38	38	37	37	38	37	37	38	37	37	37	37	37	37	37	37	37	37	37	37	37	37	36	36	37	37	37	36	36	36	36	35	36	37	36	37	37	37	37	37	37	38	38	38	38	38	38	38	38	37	37	37	37	37	37	37	37	38	39	38	38	38	38	38	38	38	38	39	40	40	40	40	40	40	40	39	39	39	39	39	39	39	38	37	36	36	36	36	36	37	37	36	37	35	35	35	35	35	34	34	33	33	33	32	32	32	32	31	31	31	30	30	30	30	30	29	29	29	29	28	28	28	28	27	27	27	27	27	26	25	25	25	25	24	16	5	6	5	4	4	6	7	9	8	12	24	33	50	80	83	83	83	83	84	84	83	83	83	83	84	83	84	84	84	84	84	84	84	83	83	83	84	84	83	83	83	83	83	83	83	83	83	83	83	83	83	84	84	84	84	84	84	84	83	83	84	83	83	83	83	83	83	83	83	83	83	83	84	83	83	84	84	84	84	84	83	84	84	84	84	84	83	83	83	83	83	83	83	83	83	83	83	83	83	83	84	84	84	83	84	84	84	84	84	84	84	83	83	83	83	83	83	84	84	84	83	83	83	83	83	83	84	83	83	83	83
84	84	83	83	83	83	84	83	83	83	83	83	83	83	83	83	83	83	83	83	83	83	83	83	83	83	83	83	83	83	83	83	83	84	84	83	83	83	83	83	83	83	83	83	83	83	83	84	84	84	83	83	83	83	83	83	83	83	83	83	83	83	83	83	83	83	83	83	83	84	84	84	83	83	83	84	84	84	84	84	83	83	83	83	83	83	83	84	84	84	84	84	84	84	84	84	84	84	84	84	83	83	83	83	83	83	83	83	83	83	83	83	83	83	83	83	83	83	83	83	84	84	84	84	84	83	83	83	84	84	84	84	84	84	83	83	83	83	84	84	83	83	83	84	84	84	83	83	84	84	84	84	84	84	84	84	84	84	83	84	84	84	84	84	84	83	83	83	83	83	83	84	83	83	83	83	83	83	83	83	83	83	83	83	83	83	83	83	83	83	83	83	83	83	83	83	83	83	83	83	82	82	80	60	44	36	30	26	22	18	15	14	12	11	10	10	11	11	11	10	10	10	10	9	9	11	12	13	13	13	13	13	13	13	12	12	12	12	13	12	13	13	12	13	13	13	14	19	32	47	50	49	50	51	51	52	52	52	52	52	52	53	52	53	53	53	53	53	53	53	53	53	54	54	53	53	52	52	52	52	47	29	26	27	27	28	28	28	28	28	28	28	29	29	29	29	30	31	31	31	31	31	31	31	32	31	31	32	33	32	33	33	33	33	33	34	35	35	35	36	36	36	35	36	36	36	36	36	36	36	36	36	36	36	36	36	36	36	36	36	37	37	37	37	38	37	38	39	39	39	38	38	38	38	37	37	36	36	36	36	37	37	37	38	39	42	41	39	39	39	38	38	38	38	38	37	38	38	38	37	37	37	37	37	37	37	37	37	37	37	37	37	37	37	36	36	36	36	36	36	37	36	36	35	35	34	34	35	35	35	35	35	35	35	35	37	37	37	36	37	36	36	36	36	37	36	36	36	36	36	36	37	37	37	37	37	37	38	38	38	37	38	39	39	39	40	39	39	39	39	38	38	38	39	38	38	38	37	36	36	36	36	36	37	37	37	37	36	35	35	35	36	35	35	35	34	34	33	33	33	33	33	32	32	32	31	31	31	31	31	31	30	30	29	30	29	29	29	29	29	29	29	28	27	27	27	27	27	26	15	6	9	11	9	8	7	6	17	48	69	78	80	82	83	83	83	83	83	83	83	83	83	83	83	83	83	84	84	84	84	84	83	83	83	83	84	84	83	83	83	83	83	83	83	83	83	83	83	83	83	84	84	84	84	84	84	83	83	83	83	83	83	83	83	83	83	83	83	83	83	83	84	83	83	84	84	84	84	84	84	84	84	84	84	84	83	83	83	83	83	83	83	83	83	83	83	83	83	83	84	84	84	83	84	84	84	84	84	84	84	83	83	83	83	83	83	84	84	84	83	83	83	83	83	84	84	83	83	83	84
84	84	83	83	82	83	83	83	84	84	83	83	83	83	83	83	84	84	84	83	83	83	83	83	83	83	83	83	84	84	84	84	84	84	84	83	83	83	83	83	83	83	83	83	83	83	83	83	83	83	83	83	83	83	83	83	83	83	83	83	83	83	83	83	83	83	83	83	83	84	84	83	83	83	83	83	83	83	83	83	83	83	83	83	83	83	83	83	84	84	84	84	84	84	84	84	84	84	84	84	83	83	83	83	83	83	84	84	84	84	84	84	84	84	84	84	84	84	84	84	84	84	84	84	84	84	84	84	84	84	83	84	84	84	83	83	83	84	84	83	83	83	83	84	84	84	84	83	84	84	84	83	83	83	84	84	84	84	84	84	84	84	83	83	83	84	84	83	83	83	83	84	83	83	84	84	83	83	83	83	83	83	83	83	83	84	84	84	84	84	84	83	83	84	83	83	83	83	83	84	83	83	83	83	81	80	79	76	73	69	64	58	51	44	40	34	31	29	27	25	25	26	25	24	24	24	24	25	26	27	25	18	13	12	11	12	12	14	13	13	12	12	12	12	13	13	14	14	15	24	40	48	50	51	52	52	52	52	52	53	52	52	52	52	53	53	53	53	53	53	53	54	54	54	53	53	53	53	54	52	51	41	27	29	29	28	28	29	29	29	30	30	30	30	30	31	31	31	32	31	32	32	33	32	32	32	32	32	33	32	33	33	33	33	34	35	35	35	36	36	36	36	36	36	36	36	36	36	36	36	37	37	37	36	36	36	36	35	36	36	36	36	37	37	37	38	38	38	38	38	38	38	38	38	38	37	37	37	37	35	36	37	38	38	38	37	37	39	39	39	38	38	38	38	38	37	38	38	38	38	37	39	36	36	37	37	38	37	37	37	38	37	37	37	37	36	36	36	36	36	36	36	36	35	34	33	34	34	34	34	34	34	33	34	34	34	34	35	35	35	35	35	35	35	35	35	35	35	35	35	35	35	36	36	36	36	36	36	37	37	36	37	37	38	37	38	38	38	38	37	37	37	37	37	37	37	37	36	36	36	36	35	36	36	36	36	37	36	36	35	35	36	36	36	36	36	35	35	35	35	34	34	34	34	33	32	32	33	32	32	32	32	31	31	31	31	30	30	30	30	30	30	29	29	29	29	28	28	28	26	9	8	13	14	12	12	12	25	63	79	82	82	83	83	83	83	83	84	83	83	83	83	83	83	83	83	84	84	84	83	83	83	83	83	83	84	84	84	84	84	83	83	84	83	83	83	84	84	84	84	84	83	83	83	83	84	84	83	83	83	83	83	83	84	84	83	83	83	83	83	83	83	84	83	83	83	83	84	84	84	84	84	84	84	84	84	84	84	84	84	84	84	84	84	83	83	83	84	83	84	84	84	84	84	84	84	84	84	84	84	84	84	84	83	83	83	83	83	83	84	84	84	84	84	84	84	84	84	84	84
84	83	83	83	82	83	83	83	84	84	83	83	83	83	83	83	84	84	83	83	83	83	83	83	83	83	83	83	83	83	83	83	83	84	84	83	83	83	83	83	83	83	83	83	83	83	83	83	83	83	83	83	83	83	83	83	83	83	83	83	83	83	83	83	84	83	84	84	84	83	83	83	83	83	83	83	83	83	83	83	83	83	83	83	83	83	83	83	83	83	83	84	84	84	84	83	83	83	84	84	84	83	83	83	83	83	84	84	84	83	84	84	84	84	84	84	84	84	84	84	84	84	84	84	84	84	83	83	83	83	83	84	83	84	83	83	83	84	84	84	84	83	84	84	84	84	83	83	84	84	83	83	83	83	83	83	83	83	83	83	83	83	83	83	83	83	83	83	83	83	83	83	83	83	83	83	83	83	83	83	83	83	83	83	83	84	84	84	84	84	83	83	83	84	83	83	83	83	83	84	83	83	83	83	83	83	83	83	83	83	83	82	82	82	82	80	79	78	77	77	76	76	76	75	75	75	75	75	75	76	74	66	52	38	26	17	13	12	13	13	13	12	11	12	13	12	12	13	13	14	18	32	46	51	51	52	53	53	53	53	53	52	53	52	53	53	53	53	53	53	53	53	54	54	54	53	53	52	52	52	53	50	34	30	30	30	30	31	30	30	30	30	31	31	31	31	31	32	32	32	32	32	32	32	32	32	32	32	32	32	33	33	33	34	34	34	35	35	35	36	36	36	36	35	36	36	36	36	37	37	37	37	37	37	36	36	36	36	36	36	36	36	36	37	37	37	37	37	38	38	38	37	37	38	38	38	37	37	37	37	36	35	36	37	37	38	38	39	39	39	38	38	38	38	37	37	38	38	38	38	38	42	37	37	37	37	38	37	37	37	38	37	37	37	37	37	36	36	36	36	37	36	35	35	34	33	33	34	34	34	34	34	33	33	33	33	33	33	33	33	33	33	34	34	34	34	34	34	34	33	34	34	34	35	35	35	35	34	35	35	35	35	35	36	36	36	36	36	36	36	36	36	36	36	36	36	36	36	35	35	35	35	35	35	35	35	36	35	36	36	35	36	36	36	37	37	37	36	36	36	36	36	35	35	35	34	34	34	34	34	34	33	33	33	33	32	32	32	31	32	32	32	31	31	31	31	30	30	30	30	18	8	12	18	16	15	17	17	23	35	52	69	78	83	83	82	83	83	83	83	83	83	83	83	83	83	83	83	83	83	83	83	83	83	83	84	84	83	83	83	83	83	83	83	83	83	83	83	83	83	83	83	83	83	83	83	83	83	83	83	83	83	83	83	83	83	83	83	83	83	83	83	84	83	83	83	83	84	84	84	84	84	84	84	84	84	84	84	84	84	84	84	84	84	83	83	84	84	83	84	84	84	84	84	84	84	84	84	84	84	84	84	84	83	83	83	83	83	83	84	84	84	84	84	84	84	84	84	84	84
84	83	83	83	83	83	83	83	84	84	83	83	83	83	83	83	83	83	83	83	83	83	83	83	83	83	83	83	83	83	83	83	83	83	83	83	83	83	83	83	83	83	83	83	83	83	83	83	83	83	83	83	83	84	84	84	84	84	83	83	83	84	83	84	84	84	84	84	84	84	83	83	84	84	84	84	84	84	84	84	84	84	84	84	84	84	83	83	83	83	83	83	83	83	83	83	83	83	83	83	84	84	84	84	84	84	84	84	84	83	83	84	83	83	83	83	83	84	84	84	83	83	83	83	83	83	83	83	83	83	83	83	83	84	83	83	83	84	84	84	84	84	84	84	84	83	83	83	83	83	83	83	83	83	83	83	83	83	84	83	83	83	83	83	83	83	83	83	83	83	83	83	83	83	83	83	83	83	83	83	83	83	83	83	83	84	84	84	84	83	83	83	83	84	84	83	83	83	84	84	84	83	83	84	83	83	83	83	83	84	84	84	83	83	83	83	83	83	83	83	83	83	83	83	83	83	83	83	83	83	83	83	83	81	76	65	50	34	24	17	14	14	13	12	13	13	13	13	13	13	13	15	23	39	50	52	52	52	52	53	53	52	53	53	53	53	53	53	53	53	53	53	53	54	54	54	54	53	53	53	52	52	43	32	31	32	32	32	33	33	33	33	32	32	31	31	31	32	32	32	32	32	40	33	32	32	32	32	32	32	33	34	33	34	34	34	34	34	34	34	35	35	35	34	35	35	35	34	34	35	35	35	36	36	36	36	36	36	36	36	36	36	36	37	37	37	37	37	37	38	38	37	37	37	38	38	38	37	37	37	36	36	37	37	38	38	38	39	39	39	38	38	38	38	37	36	37	38	38	38	37	35	36	37	37	37	38	37	37	37	38	37	37	37	37	37	35	36	36	36	36	35	35	34	33	33	33	34	34	33	33	33	33	33	32	32	32	32	33	33	33	32	32	32	32	32	32	32	32	32	32	32	32	32	32	33	33	33	33	32	33	34	34	34	34	35	34	35	35	35	35	35	35	35	35	35	35	35	35	35	34	34	34	34	35	35	35	34	35	35	36	36	36	36	37	37	37	36	36	36	36	36	36	36	36	36	36	36	36	35	35	35	35	34	34	34	34	34	34	33	34	34	33	33	33	33	32	33	33	34	27	11	12	16	19	18	17	18	19	19	22	28	40	55	75	83	83	83	83	83	83	83	83	83	83	83	84	84	84	84	84	84	84	84	84	84	84	83	83	83	83	83	83	83	83	83	84	84	83	83	83	83	83	83	83	83	83	83	83	83	83	83	83	83	83	83	83	83	83	83	83	83	83	83	84	84	84	84	84	84	84	84	84	84	84	84	84	84	84	84	84	84	84	84	83	83	84	84	84	84	84	84	84	84	84	84	84	84	83	83	83	84	84	84	83	83	84	84	84	84	84	84	84	84	84	84	84	84	84	84
84	83	83	83	83	84	84	84	84	84	84	83	83	83	83	83	82	82	82	83	83	83	83	83	83	83	83	83	83	83	83	83	83	83	83	83	83	83	83	83	83	83	83	83	83	83	83	83	83	83	84	83	83	84	84	84	84	84	83	83	83	84	84	83	84	84	84	84	84	84	84	84	84	84	84	84	84	84	83	83	84	84	84	84	84	84	83	83	83	83	83	83	83	83	83	83	84	84	84	84	84	84	84	84	84	84	84	84	84	84	84	84	84	84	83	83	83	83	83	83	83	83	83	84	84	83	83	83	83	84	83	83	83	83	83	84	84	84	84	84	84	84	83	83	83	83	83	83	83	83	83	83	83	83	83	83	83	83	84	84	84	84	83	83	83	83	83	83	83	83	83	83	83	83	83	83	83	83	83	83	83	83	83	83	83	83	83	83	83	83	83	84	84	84	84	84	84	84	84	84	84	83	83	83	83	83	83	83	83	83	84	84	84	84	84	84	83	83	83	84	84	84	84	84	84	84	84	84	84	84	83	83	83	83	83	83	83	81	75	66	54	39	26	18	14	13	13	13	13	12	13	13	13	18	31	45	52	52	51	52	52	53	53	53	53	53	53	53	53	53	53	53	53	54	54	54	54	53	52	52	52	53	51	38	32	33	34	34	34	34	34	34	34	34	34	34	34	34	34	35	35	35	40	38	33	34	35	35	35	35	36	36	36	36	36	36	36	36	36	37	37	37	36	35	36	36	35	36	35	36	36	36	36	36	36	36	36	35	36	35	35	35	35	35	34	35	35	34	34	35	36	37	37	37	38	38	37	38	37	37	37	37	38	38	38	38	39	39	38	38	38	38	37	37	37	37	37	36	36	36	36	36	37	37	37	37	37	37	37	38	37	37	37	37	36	36	34	35	36	36	36	36	35	34	33	33	34	34	34	33	33	32	32	32	32	32	32	32	32	32	32	31	31	31	31	31	31	31	31	31	31	31	31	31	31	31	31	31	30	30	31	32	32	32	33	33	33	33	33	33	34	34	34	34	34	34	34	34	33	33	33	33	33	33	34	34	34	34	35	35	35	35	36	36	36	36	36	36	36	36	36	36	37	36	36	37	37	37	37	36	36	36	36	36	36	36	36	36	36	36	36	36	35	35	35	35	35	36	35	35	35	16	13	16	18	18	18	17	19	20	20	23	25	28	39	68	83	83	83	83	83	83	83	83	84	84	84	84	84	84	84	84	84	84	84	84	84	84	84	84	84	84	84	83	83	84	84	84	84	83	83	83	83	83	84	84	84	83	83	83	83	83	83	83	83	83	83	83	83	83	83	83	83	83	84	84	84	84	84	84	84	84	84	84	84	84	84	84	84	84	84	84	84	84	84	84	84	84	84	83	84	84	83	84	84	84	84	83	83	83	83	84	84	84	84	84	84	84	84	84	84	84	83	83	83	83	83	83	83	83
83	83	83	83	83	84	84	84	84	84	83	83	83	83	83	83	83	83	83	83	83	83	84	84	83	83	83	83	83	83	83	83	83	83	84	84	84	84	84	83	83	84	83	83	84	84	84	83	83	83	84	83	83	83	83	83	83	83	83	83	84	84	84	84	83	83	83	84	84	83	83	83	83	83	83	83	83	83	83	83	83	83	83	83	83	83	83	84	84	83	84	83	83	83	83	83	83	83	83	83	83	83	83	84	84	84	84	84	84	83	83	83	83	83	83	83	83	83	83	83	84	84	84	84	84	83	83	83	83	83	83	83	83	83	83	84	84	84	84	84	83	83	83	84	84	83	83	83	83	83	83	83	83	83	83	83	83	83	83	83	83	83	83	83	83	83	83	83	83	83	83	83	83	83	83	83	83	84	83	83	83	83	83	83	83	83	83	83	83	83	83	83	83	84	84	84	84	84	84	84	84	83	83	83	83	83	83	83	83	83	84	84	84	84	84	84	83	83	83	83	83	83	83	84	84	84	84	84	84	84	84	83	83	83	83	83	83	83	83	83	82	81	74	65	50	35	23	16	13	13	13	14	14	14	14	21	38	50	52	52	53	53	53	53	53	53	53	53	53	53	53	53	53	53	54	54	54	53	53	52	52	53	53	47	33	34	35	36	36	36	36	36	36	36	36	36	36	36	36	36	36	36	36	36	36	35	36	36	36	36	37	37	37	37	37	36	37	37	37	37	37	37	37	36	36	37	36	37	37	37	37	37	38	38	38	38	37	37	38	37	37	38	39	43	40	38	38	37	37	37	37	36	35	34	34	34	34	34	34	35	35	36	36	37	38	38	38	38	38	38	39	39	38	37	37	37	37	37	36	37	37	37	37	37	37	38	37	37	37	38	37	37	36	36	36	36	34	36	36	36	36	35	35	34	33	33	34	34	34	33	33	33	33	33	32	31	31	31	31	31	31	30	30	31	31	30	30	30	30	31	30	30	30	30	30	30	30	30	29	29	30	31	31	31	31	32	32	32	32	32	32	32	33	33	33	33	33	32	32	32	32	32	33	32	33	33	34	34	34	34	34	35	36	35	35	36	36	36	36	36	36	36	37	37	37	37	37	37	38	37	37	37	37	37	37	38	38	37	37	38	38	38	37	37	37	37	38	38	37	36	37	21	13	17	19	19	20	19	19	20	20	20	22	24	26	37	74	82	83	83	83	84	84	83	83	83	84	84	84	84	84	84	84	84	84	83	83	84	84	84	83	83	83	83	83	84	84	84	84	83	83	83	83	83	84	84	84	83	83	83	83	84	83	84	83	83	83	83	83	83	84	84	84	84	84	84	84	84	84	84	84	84	84	84	84	84	84	84	84	84	84	84	84	84	84	84	84	84	84	83	84	84	83	84	84	84	84	83	83	83	83	84	84	84	84	84	84	84	84	84	84	84	83	83	83	83	83	83	83	83
83	83	83	83	83	84	84	84	83	83	83	83	83	84	83	84	83	83	83	83	84	84	83	84	83	83	83	83	83	83	84	84	84	84	84	84	84	84	84	84	84	84	84	84	84	83	83	84	83	83	83	83	83	83	83	83	83	83	83	83	83	84	84	84	83	83	83	84	84	83	83	83	83	83	83	83	83	83	83	83	83	83	83	84	84	84	84	84	84	83	83	83	83	83	83	83	83	83	83	83	84	84	84	83	83	83	83	83	83	84	84	84	84	84	84	84	84	84	83	83	84	84	84	84	84	84	83	83	83	84	83	83	83	83	83	83	83	83	83	83	84	84	84	83	83	83	83	83	83	83	83	83	83	83	83	83	83	83	83	83	84	84	83	83	83	84	83	83	83	83	83	83	83	83	83	83	83	83	83	83	83	83	83	83	83	83	83	83	83	83	83	84	83	84	84	84	83	84	84	84	84	84	84	84	83	83	83	83	83	83	83	83	84	83	84	84	83	83	83	83	83	83	83	83	84	84	84	84	84	84	84	84	83	83	83	83	83	83	84	84	83	84	83	84	83	79	71	59	45	33	24	17	15	15	15	15	19	31	45	51	52	53	53	54	53	53	53	53	53	53	53	53	53	53	53	54	54	53	53	52	52	52	52	51	39	35	37	38	37	37	37	38	37	37	38	38	38	38	38	37	37	37	37	37	37	37	37	37	37	37	37	37	37	37	37	37	38	38	37	38	38	38	38	37	37	37	37	37	37	38	38	38	38	38	39	39	39	39	38	39	39	39	39	40	39	39	39	39	38	38	39	39	39	38	38	37	36	36	35	35	33	33	33	34	34	34	34	36	36	37	37	35	37	37	37	37	37	37	36	36	36	37	37	37	37	37	37	37	37	38	38	37	37	36	36	36	34	36	36	36	36	36	35	34	33	33	33	34	34	33	33	33	33	33	32	32	31	31	31	31	30	30	30	30	30	29	30	30	30	30	30	29	29	29	29	29	29	29	28	28	28	29	29	30	30	30	30	30	31	31	31	31	31	31	31	31	31	31	31	30	31	31	32	31	31	32	33	33	33	33	33	34	34	34	34	35	35	35	36	35	36	36	36	35	36	36	37	37	37	37	37	37	37	37	38	38	38	38	38	38	39	39	38	38	38	38	39	39	39	39	39	31	14	20	21	20	21	18	20	20	22	21	21	21	23	28	51	81	83	83	83	84	84	84	84	84	84	84	84	84	84	84	84	84	84	84	84	84	84	84	84	84	84	84	84	84	84	84	84	84	84	84	84	83	84	84	84	84	84	84	84	84	84	84	84	84	83	83	84	84	84	84	84	84	84	84	84	84	84	84	84	84	84	84	84	84	84	84	84	84	84	84	84	84	84	84	84	84	84	84	84	84	84	84	84	84	84	84	83	83	83	84	84	84	84	84	83	84	84	84	84	84	84	84	84	84	84	84	84	84
84	83	83	83	83	83	83	83	83	83	83	83	83	84	83	83	83	83	83	83	83	83	83	83	83	83	83	83	83	83	83	83	83	83	83	84	84	83	83	84	84	83	83	83	83	83	83	83	83	83	83	83	83	83	82	83	83	83	83	83	83	84	84	84	83	83	83	83	83	83	83	83	83	83	83	83	83	83	83	83	83	83	83	84	84	84	84	84	83	83	83	83	83	84	84	83	84	84	84	84	84	84	84	83	83	83	83	84	83	84	84	84	84	84	84	83	84	84	83	84	83	83	83	83	83	84	84	84	83	83	84	83	83	83	83	83	83	83	83	83	84	84	84	83	83	83	83	83	83	83	83	83	83	83	83	83	84	84	84	84	84	84	83	83	83	83	83	83	83	83	83	83	83	83	83	83	83	83	83	83	83	83	84	84	84	84	83	83	83	83	84	84	84	84	84	84	83	84	84	83	83	84	84	84	84	83	83	84	84	84	83	83	84	83	83	84	83	83	83	83	83	83	84	84	84	84	84	84	84	83	84	84	83	83	83	83	83	83	84	83	83	84	84	84	83	83	83	83	82	78	71	62	49	37	27	19	16	15	21	36	50	53	53	53	53	53	53	53	53	53	53	53	53	53	53	53	54	54	54	54	53	51	52	51	47	37	38	39	39	39	39	39	38	38	39	39	40	39	39	38	39	38	38	38	38	38	38	38	38	38	38	38	39	39	38	38	38	38	38	38	39	38	38	37	38	38	38	38	38	38	38	38	38	39	39	39	39	39	39	39	40	40	40	40	40	39	39	39	39	38	39	40	40	39	39	39	39	39	38	38	37	36	35	38	37	37	37	36	36	35	34	33	33	33	34	34	35	35	34	34	35	36	36	37	36	36	36	37	38	38	37	37	36	36	36	36	35	36	36	36	35	35	35	34	33	33	33	34	34	34	33	33	33	33	32	32	31	31	32	31	31	30	30	30	30	30	30	30	30	30	30	30	29	29	29	29	28	28	28	27	28	28	28	29	29	29	29	29	29	29	30	30	29	29	30	30	30	30	30	30	30	30	30	30	30	30	31	32	32	32	33	33	33	33	33	33	33	34	34	34	34	35	35	34	34	35	36	36	36	35	36	36	37	37	38	38	38	38	38	39	39	39	38	38	38	38	39	39	39	40	39	54	34	19	22	21	24	19	20	20	21	21	21	23	25	27	36	72	84	83	83	84	84	84	84	84	84	84	84	84	84	84	84	84	84	84	84	84	84	84	84	84	84	84	84	84	84	84	83	84	84	84	84	84	84	84	84	84	84	84	84	84	84	84	84	84	83	83	84	84	84	84	84	84	84	84	84	84	84	84	84	83	84	84	84	84	84	84	84	84	84	84	84	84	84	84	84	84	84	84	84	84	84	84	84	84	84	84	83	83	83	83	83	83	83	83	83	83	84	84	84	84	84	84	84	84	84	84	84	84
84	83	83	83	83	83	83	83	83	83	83	83	83	83	83	83	83	83	83	83	83	83	83	83	83	83	83	83	84	84	83	83	83	83	83	83	83	83	83	83	83	83	83	83	83	83	83	83	83	83	84	83	83	83	83	83	83	84	84	84	84	83	84	83	83	83	83	83	83	83	83	83	83	83	83	83	83	83	83	83	83	84	84	84	84	84	83	83	83	83	83	83	83	83	83	83	83	84	84	84	84	84	84	84	84	83	83	83	83	84	84	84	84	84	83	83	83	83	83	83	83	83	83	83	83	83	84	83	83	83	83	83	83	83	83	83	83	83	83	83	84	84	83	83	83	83	83	83	83	83	83	83	83	83	83	83	84	84	84	84	83	84	83	83	83	83	83	83	83	83	83	83	83	83	83	83	83	83	83	83	83	83	84	84	83	83	83	83	83	83	83	83	83	84	84	84	83	83	83	83	83	83	84	84	84	83	83	84	84	84	83	83	84	83	83	84	83	83	84	84	84	84	84	84	84	84	84	84	84	83	84	84	83	83	83	83	83	83	84	83	83	84	84	84	83	83	83	83	83	83	83	84	83	80	75	65	53	42	31	26	32	44	51	52	53	53	53	53	53	52	52	52	53	53	53	53	53	53	54	53	52	52	53	53	52	44	40	40	40	40	40	40	39	39	40	40	40	40	39	39	39	39	39	39	39	39	39	39	39	39	39	39	39	39	39	39	39	39	39	39	39	39	39	38	39	39	38	38	38	38	38	38	39	39	39	39	39	40	40	40	40	40	40	40	40	40	40	39	39	39	39	40	40	40	40	40	40	40	40	40	39	37	36	39	39	38	38	38	37	37	36	35	34	34	35	34	35	34	33	33	33	34	35	35	35	36	36	37	38	37	37	37	36	36	37	36	35	34	35	36	35	35	34	33	33	33	33	34	34	34	33	33	33	33	32	32	32	31	32	31	31	30	31	31	30	30	31	30	30	30	30	30	29	28	28	28	28	28	27	27	27	28	28	28	28	28	27	28	28	28	29	29	28	29	29	29	29	29	29	29	29	29	30	29	29	29	30	31	32	32	32	32	32	32	32	32	32	32	33	33	33	34	33	33	34	34	35	35	35	35	36	36	36	36	37	37	37	38	38	38	39	39	38	38	38	38	39	39	38	39	39	52	51	19	23	21	22	23	24	23	23	21	20	21	23	25	32	56	82	83	83	84	84	84	84	84	84	84	84	84	84	84	84	84	84	84	84	84	84	84	84	83	83	83	83	83	84	84	83	84	84	84	84	84	84	84	84	84	84	84	84	84	84	84	84	84	83	83	84	84	84	84	84	84	84	84	84	84	84	84	84	83	84	84	84	84	84	84	84	84	84	84	84	84	84	84	84	84	84	84	84	84	84	84	84	84	84	84	83	83	83	83	83	83	83	83	83	83	84	84	84	84	84	84	84	84	84	84	84	84
84	83	83	83	83	84	83	83	83	83	83	83	83	83	83	83	84	84	83	83	83	83	83	83	83	83	83	83	83	83	83	84	83	83	83	83	83	83	83	83	83	84	84	83	84	84	84	84	83	84	84	84	84	84	84	84	84	84	84	84	84	84	84	84	83	83	83	83	83	83	83	84	83	83	83	83	83	83	83	83	83	83	83	84	84	84	84	83	83	83	83	83	83	83	83	83	83	83	84	84	84	84	84	84	84	84	83	83	83	83	83	83	84	84	83	83	83	83	83	83	84	83	83	83	83	83	83	83	83	83	83	83	83	83	83	83	83	83	83	83	84	84	84	84	84	84	83	83	83	83	83	84	84	84	84	84	84	84	84	84	83	83	83	83	83	83	83	83	83	83	84	84	84	83	83	83	84	83	83	83	83	83	84	84	84	84	83	84	84	84	84	84	84	83	83	83	83	83	83	83	83	83	83	83	83	84	83	84	84	84	84	84	84	83	83	84	84	84	84	84	84	84	84	84	84	84	83	83	83	83	84	84	83	83	83	83	83	83	83	84	84	83	83	83	84	84	83	83	83	83	83	83	84	84	84	84	83	82	78	71	63	54	52	51	52	53	53	53	53	53	53	53	53	53	53	53	53	52	53	53	52	51	52	53	53	50	42	40	41	41	41	40	40	40	40	40	40	41	41	41	41	40	40	41	41	40	40	40	40	39	40	41	40	40	40	40	39	39	40	40	40	39	40	39	40	40	39	38	38	38	38	39	39	40	39	40	39	39	40	40	40	40	40	40	41	40	40	40	40	40	40	40	40	40	40	40	41	41	41	40	40	38	38	39	40	39	39	39	39	38	39	36	36	37	38	37	37	37	36	37	36	36	35	39	35	34	34	35	35	36	36	36	36	35	36	37	36	35	35	35	35	35	34	34	33	33	33	34	34	34	33	33	33	33	33	32	32	32	32	31	31	31	31	30	30	31	31	30	30	30	29	29	28	28	28	28	28	27	27	26	27	28	27	27	27	27	27	27	27	27	27	28	28	28	28	28	28	29	28	28	28	29	29	29	29	29	29	30	30	31	31	31	31	31	31	31	31	31	31	32	32	32	33	32	33	33	33	33	33	34	34	35	35	36	36	37	37	37	37	37	38	38	38	38	38	38	38	38	38	38	37	46	50	19	22	22	20	20	21	23	24	25	26	25	24	25	30	45	79	83	84	84	84	84	84	84	84	84	84	84	84	84	83	83	84	84	83	83	83	83	84	84	84	84	84	84	84	84	84	84	84	84	84	84	84	84	84	84	84	84	84	84	84	84	84	84	84	84	84	84	84	84	84	84	84	84	84	84	84	84	83	83	83	83	83	84	84	84	84	84	84	84	84	84	84	84	84	84	84	84	84	84	83	83	83	83	83	83	83	83	83	83	83	83	83	83	83	83	84	84	84	84	84	84	84	84	84	84	84	84
84	83	83	83	83	84	83	83	83	83	83	83	83	83	83	83	84	84	83	83	83	83	83	83	83	83	83	83	83	83	83	83	83	83	83	83	83	83	83	83	83	84	84	83	84	84	84	84	83	84	84	84	84	83	84	83	83	83	84	84	84	83	83	83	83	83	83	83	83	83	83	84	83	83	83	83	83	83	83	83	83	83	83	83	84	84	83	83	83	83	83	83	83	83	83	83	83	83	83	83	83	84	84	84	84	83	83	83	83	83	83	83	83	83	83	83	83	83	83	83	84	83	83	83	83	83	83	83	83	83	83	83	83	83	83	83	83	83	83	84	84	84	84	84	84	84	84	84	84	84	84	84	84	84	84	84	84	84	84	83	83	83	83	83	83	83	83	83	83	83	84	84	83	83	83	83	83	83	83	83	83	83	84	84	83	83	83	84	84	84	84	84	84	83	83	83	83	83	83	83	83	83	83	83	83	84	83	84	84	84	84	84	83	83	83	84	84	84	84	84	84	83	83	83	83	83	83	83	83	83	84	83	84	83	83	83	84	83	83	84	84	84	84	83	84	84	84	83	83	83	83	84	84	84	84	84	84	84	84	83	83	83	80	73	59	52	52	52	52	52	52	53	53	53	53	53	53	53	53	54	54	53	53	53	52	51	47	39	41	42	42	41	41	41	41	41	42	42	42	42	42	41	41	42	41	41	41	41	41	40	41	41	41	41	40	41	41	40	40	41	40	39	40	40	41	41	40	39	39	39	39	39	39	40	40	40	40	40	40	40	40	41	41	41	41	41	40	41	41	41	41	41	41	41	41	41	41	41	41	41	41	39	39	40	40	40	41	40	41	40	40	39	39	40	39	39	38	38	38	37	36	36	36	39	36	35	36	37	36	36	35	34	33	31	33	35	36	36	36	37	36	35	35	34	33	33	33	34	34	33	33	33	33	34	33	33	32	32	32	31	31	31	31	30	29	31	31	31	31	30	29	29	29	28	28	28	27	27	27	27	27	27	27	27	27	27	27	27	26	27	27	27	27	27	27	27	27	27	27	27	27	27	28	28	28	29	29	29	29	29	29	29	30	29	29	30	30	30	30	30	31	31	32	32	32	32	32	32	33	33	33	34	34	34	35	35	35	36	36	36	36	37	37	37	37	36	37	37	37	37	37	38	37	19	21	24	22	21	21	21	21	21	23	25	26	29	29	37	74	83	84	84	84	84	84	84	84	84	84	84	84	84	83	83	84	84	83	83	83	83	84	84	84	84	84	84	84	84	84	84	84	84	84	84	84	84	84	84	84	84	84	84	84	83	83	84	84	84	84	84	84	84	84	83	84	84	84	84	84	84	83	83	83	83	83	84	84	84	84	84	83	83	84	84	84	84	84	84	84	84	83	83	83	83	83	83	83	83	83	83	83	83	83	83	83	83	84	83	83	84	84	84	84	84	84	84	84	83	83	83
84	83	83	83	83	83	83	83	83	83	83	83	82	83	83	83	83	83	83	83	83	83	83	84	83	83	83	83	83	83	83	83	83	83	83	83	83	83	83	83	83	83	83	83	83	83	83	83	83	83	84	84	83	83	83	83	83	83	84	84	84	83	83	83	83	83	83	84	84	83	83	83	83	83	83	83	83	83	83	83	83	83	83	83	83	83	83	83	83	83	83	83	83	83	83	83	83	83	83	83	83	83	83	83	83	83	83	83	83	83	83	83	83	83	83	83	83	83	83	83	83	83	83	83	83	83	83	83	83	83	83	83	83	83	83	83	83	83	83	83	84	84	84	83	83	84	84	84	84	84	84	84	84	84	83	83	83	83	83	83	83	83	83	83	83	84	84	84	83	83	83	83	83	83	83	83	83	83	83	84	84	84	84	83	83	83	83	84	84	84	84	84	84	83	83	83	83	83	83	83	83	83	83	83	83	84	83	84	84	84	84	84	83	83	83	84	84	84	84	84	84	83	83	83	83	83	83	83	83	83	84	83	84	83	83	83	84	83	83	84	84	84	84	84	84	84	84	84	84	83	83	83	84	84	84	84	84	84	84	84	84	83	82	83	81	72	59	52	51	51	52	52	53	53	53	52	53	53	53	54	53	53	52	52	51	52	51	40	38	39	40	40	40	40	41	41	42	42	43	42	42	42	42	42	42	42	41	41	42	41	41	41	41	41	41	42	42	41	42	41	40	40	40	40	42	42	42	40	40	40	41	40	40	41	41	41	41	40	40	40	40	41	42	42	42	41	42	42	42	42	41	41	41	42	42	42	42	42	42	42	41	40	40	41	41	42	42	42	41	42	41	41	41	41	41	41	40	40	38	37	37	38	38	39	36	36	36	37	38	38	38	38	38	36	35	34	33	33	33	34	34	34	35	35	34	34	34	34	34	34	33	33	33	33	33	33	33	33	32	31	31	30	30	29	29	30	30	31	31	30	29	29	29	29	29	28	27	27	27	27	27	27	27	27	27	27	27	26	26	26	26	26	26	26	27	26	26	26	26	25	26	26	26	27	27	28	28	28	28	28	28	28	28	29	29	29	29	29	29	29	30	31	31	31	31	31	32	32	32	32	33	33	33	33	33	33	34	34	34	34	35	35	36	36	36	35	35	35	35	36	36	34	19	19	20	25	24	26	25	24	24	24	24	25	26	27	27	33	69	83	83	84	84	84	84	84	84	84	84	84	84	84	83	83	84	84	83	83	83	83	84	84	84	84	84	84	84	84	84	84	84	84	84	84	84	84	84	84	84	84	84	84	84	84	84	84	84	84	84	84	84	84	84	83	84	84	84	84	84	84	83	83	84	84	84	84	84	84	83	83	83	83	84	84	84	84	84	84	84	84	83	83	83	83	83	83	83	83	83	83	83	83	83	83	83	83	84	83	83	84	84	84	84	84	84	84	84	83	83	83
84	83	83	83	83	83	83	83	83	83	83	83	83	84	83	83	83	83	83	84	84	84	83	84	84	83	83	83	83	83	83	83	83	82	82	83	83	83	83	83	83	84	84	84	84	84	84	84	84	84	84	84	84	84	84	83	83	83	84	84	84	84	84	84	83	83	84	84	84	84	84	84	84	84	84	84	83	83	84	84	84	84	84	83	83	83	84	84	84	83	84	84	84	84	83	83	83	83	84	84	83	83	83	83	83	83	83	83	83	84	84	84	84	84	83	83	83	84	84	84	84	84	84	84	84	84	84	84	84	84	84	84	84	84	84	84	84	84	84	84	84	84	84	83	83	83	83	83	83	83	83	83	83	83	83	83	83	84	84	84	84	84	84	84	84	84	84	84	84	84	84	84	84	84	84	84	84	84	84	84	84	84	84	84	84	84	84	84	84	84	84	84	84	83	84	84	84	84	84	84	84	83	83	84	84	84	84	84	84	84	84	84	83	83	83	84	83	84	84	84	84	83	83	83	83	83	83	84	84	84	84	83	84	84	84	84	84	84	84	84	84	83	83	84	84	84	84	84	83	83	83	83	83	84	84	83	83	83	83	84	84	83	83	83	83	83	81	73	63	55	52	51	51	51	52	52	51	51	51	51	51	52	52	52	52	53	53	49	41	42	42	42	42	42	42	43	43	43	43	42	42	42	41	41	42	41	41	41	42	41	41	41	42	42	42	43	43	43	43	42	42	42	41	41	43	43	43	42	41	42	42	41	41	41	42	42	41	41	41	42	42	42	42	42	42	42	42	42	42	42	42	42	42	42	42	42	42	42	42	42	42	40	41	41	42	43	42	43	42	42	42	42	42	42	42	41	41	41	37	38	34	33	36	46	41	39	38	36	38	40	40	40	40	40	39	39	38	36	36	36	35	34	33	32	31	32	33	33	33	33	33	33	33	34	33	33	33	33	32	31	30	30	30	29	29	30	30	30	30	30	29	29	29	29	28	28	28	28	28	27	27	27	26	27	27	27	27	27	26	26	26	26	26	26	26	26	25	25	25	25	25	25	25	26	26	27	27	27	27	27	27	27	28	28	28	28	28	28	28	28	29	29	29	30	30	30	30	31	31	32	32	32	32	32	31	31	32	32	33	33	33	34	34	34	34	35	35	35	34	35	35	34	19	19	20	24	26	28	27	28	29	29	28	28	27	27	28	30	62	83	83	84	84	84	84	84	84	84	84	84	84	84	84	84	84	84	84	83	83	83	83	84	84	84	84	84	84	84	84	84	84	84	84	84	84	84	84	84	84	84	84	84	84	84	84	84	84	84	84	84	84	84	84	84	84	84	84	84	84	84	84	84	84	84	84	84	83	83	83	83	83	84	84	84	83	83	83	83	83	84	84	84	83	83	83	83	83	83	83	83	84	84	84	84	83	83	83	83	84	84	84	84	84	84	84	84	84	84	84	84
84	83	83	83	83	83	83	83	83	83	83	83	83	83	83	83	83	83	83	84	84	83	83	83	83	83	83	83	83	83	83	83	83	83	83	83	83	83	84	83	83	84	84	84	84	84	84	84	84	84	84	84	84	84	84	83	83	83	84	84	84	84	84	84	83	83	83	83	83	84	84	84	84	84	84	84	83	83	83	83	83	83	83	83	83	83	84	84	84	83	84	84	84	84	84	83	83	83	83	83	83	83	83	83	83	83	83	83	83	84	84	84	83	83	83	83	83	84	84	84	84	84	84	84	84	84	84	84	84	84	84	84	84	84	84	84	84	84	84	84	83	83	84	83	83	83	83	83	83	83	83	83	83	83	83	83	83	83	83	83	83	83	84	84	84	83	83	83	84	84	84	83	83	84	84	84	83	83	83	83	83	83	84	84	84	84	83	84	84	84	84	84	84	83	84	83	83	83	83	84	84	84	84	84	84	84	84	84	84	84	84	84	83	83	83	84	83	84	84	84	84	83	83	83	83	83	83	84	84	84	84	83	84	84	84	84	84	84	84	84	84	83	83	84	84	84	84	84	83	83	84	83	83	83	84	84	84	83	83	84	84	84	84	83	83	83	83	83	82	80	74	67	62	58	55	53	51	50	48	48	48	48	48	49	52	53	53	52	45	42	42	43	44	47	45	44	45	46	47	47	47	47	47	47	47	46	45	44	44	42	42	42	42	42	42	43	43	44	44	44	44	43	43	42	44	45	45	44	43	44	44	43	42	42	43	43	42	42	42	43	43	43	43	43	44	43	43	43	43	43	43	43	43	43	43	43	43	43	43	43	42	42	42	42	43	43	43	43	42	42	42	42	43	42	42	42	42	42	37	39	25	17	18	22	24	29	32	37	38	41	42	42	41	41	41	41	40	39	39	38	38	37	36	36	35	33	34	34	33	32	31	31	32	33	33	34	33	33	32	32	31	31	30	30	30	30	30	30	30	29	29	29	29	28	28	28	28	28	28	28	27	27	26	27	27	26	26	26	26	27	26	26	26	25	26	25	25	25	24	24	24	24	25	25	25	25	26	26	26	26	26	26	27	27	27	27	27	28	27	28	28	28	28	28	29	29	29	29	30	30	30	30	31	31	30	30	30	31	31	32	32	32	33	33	33	33	33	33	33	33	33	33	18	18	19	24	24	23	23	24	26	27	29	31	32	30	29	31	58	83	83	84	84	84	83	83	84	84	84	84	84	84	84	84	84	84	84	83	83	83	83	83	84	84	84	84	84	84	84	84	84	84	84	84	84	84	84	84	84	84	84	84	84	84	84	83	84	84	84	84	84	84	84	84	84	84	84	84	84	84	84	84	84	84	84	84	83	83	83	83	83	84	84	84	83	83	83	83	83	84	84	84	83	83	83	83	83	83	83	83	84	84	84	84	83	83	83	83	84	84	84	84	84	84	84	84	84	84	84	84
84	83	83	83	83	83	83	83	83	83	83	83	83	83	83	83	83	83	83	83	83	83	83	83	83	83	83	83	83	83	83	83	83	83	83	83	83	83	83	83	83	83	84	84	84	84	84	84	84	84	84	84	84	84	84	83	83	83	83	84	84	84	84	83	83	83	83	83	83	83	83	83	83	83	83	83	83	83	83	83	83	83	83	83	83	83	84	84	84	83	84	84	84	84	84	84	84	83	83	83	84	84	84	83	83	83	83	83	83	84	84	83	83	83	83	83	83	84	84	84	84	84	84	83	83	83	84	84	84	84	84	84	84	84	83	83	83	83	83	83	83	83	83	83	83	83	83	83	83	83	83	83	83	83	83	83	83	83	83	83	83	83	83	84	83	83	83	83	83	83	83	83	83	83	83	84	83	83	83	83	83	83	84	84	84	84	83	84	84	84	84	84	84	84	84	83	84	84	84	84	84	84	84	84	84	84	84	84	84	84	84	84	84	83	83	83	83	84	84	84	84	83	83	83	83	83	83	84	84	84	84	83	84	84	84	84	84	84	84	84	84	83	83	84	84	84	84	84	84	84	84	84	83	83	84	84	84	84	83	84	84	84	84	84	84	84	83	84	83	83	83	84	83	82	81	79	78	75	73	72	71	70	64	42	36	41	43	43	44	45	46	48	49	47	46	48	44	44	46	47	46	47	47	48	49	49	50	50	50	50	49	49	49	48	47	46	45	44	44	44	44	44	44	43	45	46	46	46	45	45	46	45	45	45	45	45	44	43	43	44	45	45	44	44	44	44	44	43	43	43	43	44	44	44	44	44	44	44	44	44	44	43	43	43	43	44	44	44	43	43	43	43	43	43	43	43	43	43	39	39	24	15	16	17	18	26	30	34	39	41	42	42	42	42	42	42	41	41	40	40	39	39	38	38	37	35	36	36	36	35	34	34	33	33	33	33	32	31	31	31	30	30	30	30	30	30	30	30	29	29	29	29	29	29	28	29	28	28	28	28	27	27	27	27	27	27	27	27	26	26	26	26	26	25	25	25	25	25	24	24	24	25	25	25	25	25	26	25	25	25	25	25	26	26	26	26	26	27	27	27	27	27	28	27	28	28	27	28	28	29	29	29	30	30	29	29	29	30	30	30	31	31	32	32	32	32	32	32	32	32	32	31	15	16	17	23	22	22	21	22	23	23	24	24	25	27	30	33	57	83	83	84	84	83	83	83	84	84	84	84	84	84	84	84	84	84	83	84	84	84	83	83	83	84	84	84	84	84	84	84	84	84	84	84	84	84	84	84	84	84	84	84	84	84	84	84	84	84	84	84	84	84	84	84	84	84	84	84	84	84	84	84	84	84	84	84	83	83	83	83	84	84	84	84	83	83	83	83	83	84	84	84	83	83	83	83	83	83	83	83	84	84	84	84	83	83	83	83	84	84	84	84	84	84	84	84	84	84	84	84
84	83	83	83	83	83	83	83	83	83	83	83	83	84	83	83	83	83	83	83	83	83	84	84	84	84	84	83	83	83	83	83	84	84	84	84	84	83	83	83	84	84	84	84	84	84	83	83	83	83	83	83	83	83	83	83	83	83	83	83	83	84	84	84	83	84	84	83	83	84	84	83	83	83	83	83	83	83	84	84	84	84	84	84	84	84	83	83	83	84	84	84	84	84	83	83	83	83	84	84	84	84	84	84	84	84	84	84	84	84	84	84	84	84	84	84	84	83	83	83	84	84	83	83	83	83	83	83	83	83	83	84	84	84	83	83	83	83	83	83	83	83	83	84	84	84	84	84	84	84	84	84	84	84	84	84	84	84	84	84	84	84	84	84	84	84	84	84	84	84	84	84	84	83	84	84	84	84	84	84	84	84	84	84	84	84	84	84	84	84	84	84	84	84	84	84	84	84	84	84	84	84	84	84	84	84	84	84	84	84	84	84	84	83	83	83	83	83	84	84	84	83	84	84	83	83	83	83	83	83	84	84	84	84	84	84	84	84	83	83	83	83	83	83	84	84	84	84	84	84	84	84	84	84	84	84	84	83	83	83	83	83	83	83	83	83	83	83	83	83	83	83	83	83	83	83	83	83	83	84	84	83	83	73	44	30	41	44	48	45	45	47	48	46	46	53	47	44	45	45	46	46	47	47	48	49	49	50	50	50	50	51	51	51	51	51	51	51	50	50	49	47	46	45	45	46	47	47	47	47	48	47	46	46	46	46	46	46	46	45	46	45	45	45	45	45	45	45	45	45	44	45	45	44	45	45	45	45	45	45	44	43	43	44	44	45	45	45	44	44	44	44	44	44	44	43	43	43	41	40	25	14	16	17	19	30	36	34	40	41	43	43	43	43	43	42	42	42	41	41	40	40	39	39	38	38	38	38	38	38	37	37	36	36	35	35	34	33	32	31	30	30	30	30	29	29	29	29	30	30	29	29	29	29	29	29	29	29	29	28	28	28	27	27	27	27	27	27	26	26	26	26	25	25	25	25	25	25	25	25	25	25	25	25	25	25	25	25	25	25	25	25	25	25	25	26	25	26	26	26	26	26	27	26	26	26	26	27	27	27	27	28	28	28	28	28	28	28	29	30	30	30	30	31	31	30	31	31	31	31	31	28	13	14	15	23	21	23	23	22	22	22	22	22	22	24	26	32	56	83	83	83	83	83	83	84	84	84	84	84	84	84	84	83	83	84	84	83	83	83	83	84	84	84	84	84	84	83	84	84	83	84	84	84	84	84	84	84	84	84	84	84	84	84	84	84	84	84	84	84	84	84	84	84	84	84	84	84	84	84	84	84	84	84	84	84	84	84	84	84	84	84	84	84	84	84	84	84	84	84	84	84	83	83	83	83	83	83	83	83	83	83	83	84	84	84	83	83	83	83	83	83	84	84	84	84	84	84	84	83
84	83	83	83	83	83	83	83	83	82	83	83	83	84	83	83	83	83	83	83	83	84	84	84	84	83	83	83	83	83	83	83	83	83	84	84	84	83	83	83	84	84	84	84	83	83	83	83	83	83	83	83	83	84	84	83	83	83	83	83	83	84	84	84	83	84	84	83	83	84	84	83	83	83	83	83	83	83	83	83	84	84	84	84	84	84	83	83	83	83	83	83	84	84	83	83	83	83	84	84	84	84	84	84	84	84	84	84	84	84	84	84	83	84	84	84	84	83	83	83	83	83	83	83	83	83	83	83	83	83	83	84	84	84	83	84	84	84	84	84	84	84	84	84	84	84	84	84	84	84	84	84	84	84	84	84	84	84	84	84	84	83	83	83	83	84	84	84	84	84	84	84	83	83	84	84	84	84	84	84	84	84	84	83	84	84	84	84	84	84	84	84	84	84	84	84	84	84	84	84	84	84	84	84	84	84	84	84	84	84	84	84	84	83	83	83	83	83	84	84	84	83	84	84	84	84	84	83	83	83	84	84	84	84	84	84	84	84	83	83	83	84	83	83	84	84	84	84	84	84	84	84	84	84	84	83	83	83	83	84	84	84	84	83	83	84	83	83	83	83	83	83	83	83	84	84	83	84	83	83	84	84	82	83	78	51	36	46	48	49	48	47	48	47	48	51	53	45	45	46	46	46	47	48	48	49	49	49	49	49	50	51	51	51	51	51	52	52	52	52	52	53	53	52	52	51	50	49	49	47	47	47	47	47	47	47	48	48	48	47	47	47	47	47	47	47	47	47	47	46	46	46	46	45	46	46	46	46	46	46	46	45	45	45	46	46	46	46	45	45	45	45	44	44	45	44	44	44	42	41	32	18	18	18	21	31	37	35	41	41	43	44	44	43	43	43	43	43	43	42	42	41	40	40	40	39	40	39	39	39	39	39	38	38	38	37	37	36	35	34	33	33	33	32	31	29	31	31	28	29	29	29	28	29	29	29	29	29	28	28	28	28	28	27	27	27	27	27	26	26	26	26	26	26	26	26	25	25	25	26	27	26	26	25	25	25	24	24	24	24	24	24	24	24	24	25	25	25	25	25	25	25	25	25	26	26	25	25	26	26	26	27	27	27	27	27	27	27	27	28	28	29	29	29	29	29	29	30	29	30	30	25	11	11	14	22	19	19	19	20	21	22	23	23	24	25	26	30	56	83	83	83	83	83	83	84	84	84	84	84	84	84	83	83	83	83	83	83	83	83	83	83	83	83	83	83	83	83	84	84	83	84	84	84	84	84	84	84	84	84	84	84	84	84	84	84	84	84	84	84	84	84	84	84	84	84	84	84	84	84	84	84	84	84	84	84	84	84	84	84	84	84	84	84	84	84	84	84	84	84	84	84	83	83	83	83	83	83	83	83	83	83	83	84	84	84	83	83	83	83	83	83	84	84	84	84	84	84	83	83
83	83	83	83	83	83	83	83	83	83	83	83	83	84	84	83	83	83	83	83	83	83	84	84	84	83	83	83	83	83	84	84	83	83	83	84	84	83	83	83	84	84	84	84	83	83	83	84	84	84	84	84	84	84	84	83	83	83	83	83	83	84	84	84	84	84	84	84	84	83	83	83	83	84	84	84	84	84	83	83	83	84	84	84	84	84	83	83	83	83	83	83	84	84	83	83	83	83	84	84	83	83	83	83	83	83	83	83	83	83	83	84	83	83	84	83	84	83	83	83	83	83	83	83	83	83	83	83	83	83	83	84	84	84	84	84	84	84	84	84	84	84	84	84	84	84	84	84	84	84	84	84	84	84	84	84	84	84	84	84	84	83	83	83	83	84	84	84	84	84	84	84	84	84	84	84	84	84	84	84	84	84	83	83	84	84	84	84	84	84	84	84	84	84	84	84	84	84	84	84	84	84	84	84	84	84	84	84	84	84	84	84	84	83	83	83	83	83	84	84	84	83	83	84	84	84	84	83	83	83	84	84	84	84	84	84	84	84	83	83	83	84	84	83	84	84	84	84	84	84	84	84	84	84	84	84	84	84	84	84	84	84	84	84	83	83	83	83	83	83	83	84	83	84	84	84	84	84	83	83	84	84	83	83	83	81	68	61	67	70	66	54	49	49	49	50	53	54	45	46	46	46	47	48	48	49	49	49	49	50	50	51	51	51	50	50	51	52	52	52	52	53	53	53	53	52	53	53	53	53	53	51	50	49	48	48	48	48	48	48	48	48	49	49	49	49	49	49	48	48	47	47	47	47	47	47	47	47	47	47	47	46	47	47	47	47	47	46	46	46	46	46	46	46	45	45	45	44	44	41	41	41	39	35	32	35	37	37	42	42	44	45	44	44	44	43	43	44	44	43	43	42	42	41	40	40	41	41	40	41	40	40	39	40	39	39	39	38	36	36	35	35	34	34	34	33	34	36	30	30	30	30	29	29	28	28	28	28	28	27	28	28	28	27	28	28	28	27	27	26	26	26	26	26	26	26	25	25	25	26	27	21	26	25	25	24	24	24	24	24	23	24	23	24	24	24	24	24	24	24	24	24	24	24	25	25	24	25	25	25	25	26	26	26	26	26	26	26	26	27	28	28	28	28	28	28	28	28	28	28	28	22	10	11	14	20	17	17	17	18	19	20	21	21	23	24	26	29	59	83	83	83	83	83	83	84	84	84	84	84	84	84	83	83	83	83	83	83	83	83	83	83	83	83	83	83	83	83	83	84	83	84	84	84	84	84	84	84	84	84	84	84	84	84	84	84	84	84	84	84	84	84	84	84	84	84	84	84	84	84	84	84	84	84	84	84	84	84	84	84	84	84	84	84	84	84	84	84	84	84	84	84	84	84	84	83	83	83	83	83	83	84	83	84	84	84	84	83	83	83	83	83	84	84	84	84	84	84	83	83
84	83	84	84	83	83	83	83	83	83	84	84	84	84	84	84	84	84	84	84	84	84	84	84	84	84	84	83	83	83	84	84	83	84	84	84	84	84	84	84	84	84	84	84	83	83	83	84	84	84	84	84	84	84	84	83	83	83	83	83	83	84	84	84	83	83	84	83	83	83	83	83	83	83	83	84	84	84	83	83	83	83	84	84	84	84	83	83	84	84	84	84	83	83	83	83	83	83	83	83	83	83	83	83	83	83	83	83	83	84	84	84	84	84	83	83	83	83	83	83	84	84	84	84	84	84	84	84	84	84	84	84	84	84	83	83	84	84	84	84	84	84	84	84	84	84	84	84	84	84	84	84	84	84	84	84	84	84	84	84	83	83	83	83	83	84	84	84	84	84	84	84	84	84	84	84	83	83	83	83	84	84	84	84	84	84	84	84	84	84	84	84	84	84	84	84	84	84	84	84	84	84	84	84	84	84	84	84	84	84	84	84	84	83	83	83	83	83	84	84	84	83	83	83	84	84	84	84	84	84	83	83	83	84	84	83	83	83	83	83	83	84	84	84	84	84	84	84	84	83	83	83	83	83	84	84	84	84	84	84	84	84	84	84	84	83	83	83	83	84	84	84	84	84	84	84	84	84	84	84	84	84	84	83	83	83	82	74	65	70	72	69	57	50	50	49	49	52	47	46	46	46	47	47	48	48	49	49	49	49	50	51	51	51	50	50	50	52	52	52	52	53	53	53	52	52	53	53	53	54	54	53	52	52	52	52	51	51	50	49	47	47	48	48	49	49	49	50	49	49	49	49	49	48	48	48	48	48	48	48	48	47	47	48	48	49	48	47	47	47	47	47	47	46	46	46	46	45	45	45	41	41	42	43	43	43	42	41	41	42	45	45	44	44	45	44	44	44	45	45	44	43	42	42	42	41	42	41	41	42	42	41	41	41	41	41	40	39	38	38	37	36	36	35	35	35	35	34	33	33	33	33	33	32	31	30	29	29	28	27	27	27	26	26	26	27	27	26	27	26	25	25	25	25	26	26	25	25	25	26	26	23	25	24	24	24	24	24	24	24	24	23	23	23	23	23	23	23	23	22	22	22	22	21	22	23	24	24	24	24	25	25	24	25	25	25	25	25	25	26	26	27	27	27	27	27	27	27	27	26	26	21	8	10	13	18	16	16	18	18	18	18	20	20	20	20	22	29	62	83	82	83	83	83	83	84	84	84	83	83	83	83	83	83	83	84	84	83	83	83	83	84	84	84	84	84	83	83	83	83	84	84	84	84	84	84	84	84	84	84	84	84	83	83	83	83	84	84	83	84	84	84	84	84	84	84	84	84	84	84	84	84	84	84	84	84	84	84	84	84	84	84	84	84	84	84	84	84	84	84	84	84	84	84	84	83	83	84	84	84	84	84	84	84	84	84	84	84	84	84	84	84	84	84	84	84	84	84	84	84
84	83	83	83	83	84	84	83	83	83	83	84	84	84	84	84	84	84	84	84	84	83	83	84	84	84	84	83	83	83	84	84	83	84	84	84	84	84	84	84	84	84	84	84	83	83	83	84	84	84	84	84	84	84	84	83	83	83	83	83	83	84	84	84	83	84	84	83	83	83	83	83	84	84	84	84	84	84	83	83	83	83	84	84	84	84	83	83	84	84	84	84	83	83	83	83	83	83	83	83	83	83	83	83	83	83	83	83	83	83	83	83	84	84	83	83	83	83	83	83	84	84	84	84	84	84	84	84	84	84	84	84	84	84	83	84	84	84	84	84	84	84	84	84	84	84	84	84	84	84	83	84	84	84	84	84	84	84	84	83	83	83	84	84	84	84	84	84	84	84	84	84	84	84	84	83	83	83	83	83	84	84	84	84	84	84	84	84	84	84	84	84	84	84	84	84	84	84	84	84	84	84	84	84	84	84	84	84	84	84	84	84	84	83	83	83	83	83	84	84	84	83	83	83	84	84	84	84	84	84	83	83	83	83	83	83	83	83	83	83	83	84	84	84	84	84	84	84	84	83	83	83	84	84	84	84	84	84	84	84	84	83	84	84	84	83	83	83	83	84	84	84	84	84	84	84	84	84	84	84	84	84	84	83	83	83	83	82	76	66	69	71	70	59	49	48	48	53	48	45	45	46	46	47	48	48	49	49	49	49	50	51	51	51	51	51	51	51	52	52	52	52	53	53	52	53	53	53	53	53	53	53	53	53	53	52	53	53	53	53	52	52	51	50	50	49	48	48	48	48	48	49	49	50	50	50	49	49	49	49	49	49	47	50	50	50	50	49	49	48	48	48	48	48	47	47	47	47	46	46	45	43	42	41	42	43	42	42	44	46	46	45	45	45	46	45	45	45	46	46	45	45	44	44	43	42	44	43	43	43	42	42	42	42	42	42	41	40	39	39	38	38	37	37	37	37	36	35	36	35	34	34	34	34	34	33	32	31	30	29	29	28	27	27	27	26	24	24	25	25	23	24	25	26	26	26	26	25	25	26	27	27	25	25	24	25	24	24	24	24	24	23	23	23	22	22	23	22	22	22	22	20	19	20	20	22	22	22	22	23	23	24	24	24	24	24	24	24	24	25	25	25	25	26	25	25	26	26	25	25	25	20	7	8	13	17	15	15	17	17	18	19	20	20	20	20	21	28	67	84	83	83	83	83	83	83	84	83	83	83	83	83	83	83	83	84	84	83	83	83	83	84	84	84	84	84	83	83	83	83	84	84	84	84	84	84	84	84	84	84	83	83	83	83	83	83	84	84	83	84	84	84	84	84	84	84	84	84	84	84	84	84	84	84	84	84	84	84	84	84	84	84	84	84	84	84	84	84	84	84	83	84	84	84	84	83	83	84	84	84	84	84	84	84	84	84	84	84	84	84	84	84	84	84	84	84	84	84	84	84
84	83	83	83	83	84	84	83	83	83	83	83	83	83	83	84	84	84	83	83	83	83	83	83	84	84	84	84	84	83	84	84	84	84	84	84	84	84	83	83	83	83	84	83	83	83	83	83	83	83	83	83	83	84	84	84	84	84	83	83	84	84	83	84	84	84	84	84	84	84	84	84	84	84	83	84	84	84	84	83	83	83	84	84	84	84	84	84	84	84	84	84	84	83	83	83	83	83	83	83	83	83	83	83	83	83	83	83	83	83	83	83	83	83	83	83	83	83	83	83	84	84	84	84	84	84	84	84	84	84	84	84	84	84	84	84	84	84	84	84	84	84	84	84	84	84	84	84	84	84	84	84	84	84	84	84	84	84	84	84	84	84	84	84	84	84	84	84	84	84	84	84	84	84	84	84	84	84	84	84	84	84	84	84	84	84	84	84	84	84	84	84	84	84	84	84	84	84	84	84	84	84	84	84	84	84	84	84	84	84	83	83	83	83	83	83	83	83	83	84	83	83	83	83	84	84	84	84	84	84	83	83	83	83	83	83	83	84	84	83	84	84	84	84	84	84	84	84	84	84	84	84	84	84	84	84	84	84	83	84	84	83	84	84	83	83	83	83	83	83	83	83	84	84	84	84	84	84	84	84	84	84	84	83	83	83	83	83	83	79	69	68	72	72	61	50	50	46	45	45	45	46	46	47	48	48	49	49	49	50	50	50	51	51	50	51	51	51	51	52	52	52	52	53	52	53	52	53	53	53	53	53	53	53	53	53	53	53	53	53	53	53	53	53	53	53	53	52	51	51	50	49	48	48	48	48	48	49	49	50	50	50	49	51	51	51	51	51	50	49	50	49	49	49	48	48	48	48	47	47	46	46	46	45	45	45	45	45	47	47	46	47	47	47	47	46	46	46	46	46	45	45	45	45	43	43	44	44	44	44	43	43	43	43	43	43	42	41	41	41	40	39	38	38	38	38	37	38	37	36	36	36	35	35	35	34	34	33	33	32	31	31	30	29	29	27	26	29	30	25	22	16	16	17	19	21	23	24	25	25	26	26	25	25	25	25	25	25	24	23	23	23	23	22	22	22	22	21	21	21	21	19	14	13	12	14	18	15	17	18	19	20	21	22	23	22	22	23	24	24	24	24	24	24	24	25	24	24	24	24	24	16	6	7	13	14	13	13	13	14	15	16	16	18	19	19	19	29	73	83	83	83	83	83	83	83	84	84	83	83	83	83	83	83	83	84	84	83	83	83	83	84	84	84	84	84	83	83	83	83	84	84	84	84	83	83	83	84	84	84	83	83	83	84	84	84	84	84	84	83	84	84	84	84	84	84	84	84	84	84	84	84	84	84	84	84	84	84	84	84	84	84	84	84	84	84	84	84	84	84	83	84	84	84	84	84	83	84	84	84	84	84	84	84	84	84	84	84	84	84	84	84	84	84	84	84	84	84	84	84
84	84	84	84	84	84	84	84	84	84	83	83	83	83	83	83	83	83	83	84	84	84	83	83	83	84	84	84	84	84	84	84	84	84	84	84	84	84	83	83	83	83	84	84	83	83	83	84	84	84	83	83	83	83	83	84	84	84	83	83	83	83	83	84	84	84	84	84	84	84	84	84	84	84	84	83	84	84	84	84	84	84	84	84	84	84	83	83	83	84	84	84	84	84	83	83	83	83	83	83	83	83	83	83	83	83	83	83	83	83	83	83	83	83	83	83	83	83	83	83	84	84	84	83	83	83	83	84	84	83	83	84	84	84	83	83	84	84	84	84	84	84	84	84	84	84	83	84	84	84	84	83	84	84	84	84	83	83	83	84	84	84	84	84	84	84	84	84	84	84	84	84	84	84	84	84	84	84	84	84	84	84	84	84	84	84	84	84	84	84	84	84	84	84	84	84	84	84	84	84	84	84	84	84	84	84	84	83	83	84	83	83	83	83	83	83	83	83	83	83	83	83	83	83	84	84	84	83	83	84	84	84	83	83	83	84	84	84	84	83	83	84	84	84	84	84	84	84	84	84	84	84	84	84	84	83	84	84	84	84	84	84	84	83	83	83	84	83	83	83	83	84	84	84	83	83	83	83	83	83	84	84	84	83	83	83	83	83	83	83	80	71	67	69	63	47	43	43	45	45	46	46	46	47	47	48	48	49	49	50	50	51	51	50	50	51	50	51	51	51	51	52	52	52	52	52	52	53	53	53	53	53	53	53	53	53	53	53	53	53	53	53	53	53	53	53	53	53	52	53	53	53	52	52	51	50	49	48	48	48	48	48	49	51	51	51	51	52	52	51	51	51	51	50	50	50	50	49	49	48	47	47	47	46	46	46	47	47	47	47	47	48	48	48	48	48	48	48	48	47	47	46	46	46	44	44	45	45	45	45	44	44	44	44	44	44	43	43	43	42	42	41	41	40	40	39	39	39	38	38	37	37	37	37	37	36	36	35	35	35	34	33	32	31	31	29	29	29	29	27	22	13	10	10	11	14	15	14	16	17	18	20	22	23	23	24	24	24	24	23	23	23	23	22	22	22	22	21	21	20	20	18	13	10	10	9	10	11	11	12	12	13	16	19	21	21	21	22	23	23	23	23	23	23	23	23	23	23	22	22	21	11	5	7	14	11	10	10	10	11	12	14	14	15	16	17	18	36	78	83	84	84	84	84	83	83	84	84	84	84	84	84	83	83	83	83	83	83	83	83	84	84	84	84	84	84	83	83	83	83	83	83	84	84	83	83	83	84	84	84	84	84	84	84	84	84	84	84	84	83	84	84	84	84	84	84	84	84	84	84	84	84	84	84	84	84	84	84	83	83	83	83	83	84	84	84	84	84	84	84	84	84	84	84	84	84	84	84	84	84	84	84	84	84	84	84	84	84	84	84	84	84	84	84	84	84	84	84	84	84
84	84	84	84	84	84	84	84	84	84	83	83	83	83	83	83	84	83	83	84	84	83	83	83	83	84	84	84	84	83	84	84	84	84	84	84	84	84	83	83	83	83	83	83	83	83	83	83	84	84	83	83	83	83	83	83	84	84	83	83	83	84	84	84	83	83	84	84	84	84	84	84	84	84	84	84	84	84	84	84	84	84	84	84	84	84	83	83	83	83	83	83	84	84	83	83	83	83	83	83	83	83	83	83	83	83	83	83	83	83	83	83	83	83	83	83	83	83	83	83	84	84	84	83	83	83	83	84	84	84	84	84	84	84	83	83	84	84	84	84	84	84	84	84	84	83	83	83	84	83	84	83	84	84	84	84	84	84	84	84	84	84	84	84	84	84	84	84	84	84	84	84	84	84	84	84	84	84	84	84	84	84	84	84	84	84	84	84	84	84	84	84	84	84	84	84	84	84	84	84	84	84	84	84	84	84	84	84	84	84	83	83	83	83	83	83	83	83	83	83	83	83	83	83	84	84	84	83	83	83	84	84	83	83	83	84	84	84	84	83	83	83	83	84	84	84	84	84	84	83	83	83	83	83	83	83	84	84	84	84	84	84	84	83	83	83	84	83	83	83	83	83	84	84	84	84	84	84	84	84	84	84	84	84	84	84	84	84	84	83	83	82	74	47	36	40	41	42	43	44	45	45	45	47	47	48	47	48	49	49	50	51	50	50	50	50	50	50	51	51	51	51	52	52	52	52	52	52	52	53	53	53	53	53	53	53	53	53	53	53	53	53	53	53	53	53	53	53	53	53	53	53	52	53	53	53	53	53	53	52	52	51	50	49	48	48	48	50	50	51	52	52	52	52	52	52	52	51	51	50	50	49	48	48	48	48	48	48	49	48	49	49	49	49	49	49	49	49	49	49	48	47	47	46	45	44	46	46	46	46	45	45	45	45	45	45	44	44	43	43	43	42	42	41	41	41	40	40	39	39	39	39	38	38	38	37	37	37	37	36	35	35	34	33	32	31	31	31	31	29	26	23	26	23	19	14	12	12	11	11	12	14	14	14	15	16	17	18	19	20	21	22	22	22	23	23	22	21	20	20	19	19	18	17	16	15	13	13	12	12	11	10	13	17	20	21	21	21	22	22	22	22	22	22	22	22	22	21	21	22	14	5	5	7	13	10	10	10	10	10	11	12	13	14	15	16	19	48	81	83	84	84	84	84	83	83	84	84	84	84	84	84	83	83	83	83	83	83	83	83	84	84	84	84	84	84	83	83	83	83	83	83	83	83	84	84	84	84	84	84	84	84	84	84	84	84	84	84	84	83	84	84	84	84	84	84	84	84	84	84	84	84	84	84	84	84	84	84	83	83	83	83	83	84	84	84	84	84	84	84	84	84	84	84	84	84	84	84	83	83	83	84	84	84	84	84	83	83	83	84	84	84	84	84	84	84	84	84	84	84
84	83	83	84	84	84	84	84	83	83	83	83	83	83	83	84	84	83	83	83	83	83	84	84	84	83	83	83	84	83	84	84	83	83	83	83	83	83	83	83	83	83	83	83	83	83	83	84	84	84	84	83	83	83	83	84	84	84	84	84	84	84	84	84	84	84	84	84	84	84	84	84	84	84	84	84	84	83	83	83	83	83	84	84	84	84	84	84	84	84	83	84	84	84	84	83	83	83	83	83	84	84	83	83	83	83	83	83	83	83	84	84	83	83	83	84	83	83	83	83	84	84	84	83	83	83	84	83	84	84	84	84	84	84	83	83	83	84	84	84	84	84	84	84	84	84	84	84	84	84	84	84	84	84	84	84	84	84	83	83	84	84	84	84	84	84	84	84	84	84	84	84	84	84	84	83	84	84	84	84	84	84	84	84	84	83	83	84	84	84	84	83	84	84	84	84	84	84	84	84	84	84	84	84	84	84	84	84	84	84	84	84	84	84	84	84	84	84	84	84	84	84	83	84	84	84	84	83	83	83	84	84	84	84	84	84	84	84	84	84	84	84	84	83	83	84	83	83	84	83	83	83	83	84	84	84	84	84	84	84	84	83	84	84	83	84	84	84	84	83	83	83	83	83	83	84	84	84	83	83	83	83	83	83	83	83	83	83	83	84	84	83	82	75	46	30	40	37	43	38	45	42	44	45	46	47	47	48	48	49	50	50	50	50	50	50	50	50	51	51	51	51	51	51	51	52	52	52	52	52	53	53	53	53	53	53	53	53	53	53	53	53	53	53	53	53	52	53	53	53	53	53	52	53	52	52	53	53	53	53	53	53	53	53	53	53	53	52	51	51	50	49	48	49	50	51	51	51	52	52	52	51	51	50	50	50	49	49	49	50	50	50	50	51	50	50	50	50	50	50	49	48	48	47	47	46	47	46	46	46	47	46	46	46	46	45	45	45	44	44	44	43	42	42	42	42	41	41	41	40	40	39	39	39	39	38	38	38	38	37	37	36	36	35	33	32	33	33	33	31	29	33	51	60	55	45	37	31	24	19	13	14	13	11	11	11	12	13	13	14	15	19	19	18	18	19	20	20	20	20	19	19	19	19	19	19	19	18	18	17	16	16	17	18	20	20	20	21	21	21	21	21	21	21	21	21	21	20	19	18	8	5	4	10	10	9	9	9	9	10	10	11	11	13	13	15	22	63	83	83	84	84	84	84	84	83	84	84	84	83	83	83	84	84	83	83	83	83	83	83	83	83	84	83	83	83	83	83	84	83	83	83	83	83	83	84	84	84	84	84	84	84	84	84	84	84	84	84	84	84	84	84	84	84	84	84	84	84	84	84	84	84	84	84	84	84	84	84	84	84	84	84	84	84	84	84	84	84	84	83	83	83	83	83	84	84	84	84	84	84	83	83	83	84	84	84	84	84	84	83	83	83	84	84	84	84	84	84	84	84
84	83	83	83	84	84	84	83	83	83	83	83	83	84	84	84	84	84	84	83	83	83	83	84	84	84	83	83	83	83	84	84	84	83	83	83	83	83	83	83	83	83	83	83	83	83	83	83	83	83	84	83	83	83	83	83	83	84	84	84	84	84	84	84	84	84	84	84	84	84	84	84	84	84	83	83	83	83	83	83	83	83	83	83	84	84	84	84	84	84	83	84	84	84	84	84	84	83	83	83	84	84	84	84	84	84	84	84	84	84	84	84	83	83	84	84	84	84	84	84	84	84	84	84	83	83	84	83	84	84	84	84	84	84	83	83	83	84	84	84	83	83	83	84	84	83	83	83	84	84	84	84	84	84	84	84	84	84	83	83	84	84	84	84	84	84	84	84	84	84	84	84	84	83	83	84	84	84	84	84	84	84	84	84	84	84	84	84	84	84	83	83	83	84	84	84	84	84	84	84	84	84	84	84	84	83	84	84	84	84	84	84	84	84	84	84	83	84	84	84	84	84	84	84	84	84	84	83	83	83	84	84	84	84	84	84	84	84	84	84	84	83	84	84	84	84	84	84	84	84	84	84	83	84	84	83	84	84	83	84	84	83	84	84	83	83	84	84	84	83	83	83	83	83	84	84	84	84	83	83	83	83	84	84	84	84	83	83	83	83	84	84	83	82	79	52	27	25	29	27	34	32	42	45	45	46	47	47	48	49	49	50	50	50	50	50	50	50	51	51	51	51	51	51	51	51	52	52	52	52	52	52	53	53	53	53	53	53	53	53	53	53	53	53	53	53	53	53	53	53	53	53	53	53	52	52	52	52	53	53	52	53	53	53	53	53	53	53	53	54	54	54	53	52	51	51	49	49	49	49	49	51	51	51	51	51	51	51	50	51	51	51	52	52	52	52	52	52	51	51	50	49	49	48	46	46	47	47	47	47	48	47	47	47	47	46	46	46	45	44	44	43	43	43	42	42	42	42	42	41	41	40	40	40	40	40	39	39	38	38	38	38	38	37	35	34	35	35	34	33	32	37	54	57	66	67	67	64	56	43	23	24	22	20	21	16	13	11	11	11	10	11	12	14	15	16	16	17	18	18	18	18	19	19	19	19	19	19	19	18	17	18	18	18	19	20	20	20	20	20	20	20	20	20	20	20	19	19	18	15	5	5	6	9	7	7	8	8	8	8	9	9	10	10	11	14	28	74	84	84	83	83	84	83	83	83	84	84	83	83	83	83	83	83	83	83	83	83	83	83	83	83	84	83	83	83	83	84	84	83	83	83	83	83	83	83	83	84	84	84	84	84	84	84	84	84	84	84	84	84	84	84	84	84	84	84	84	84	84	84	84	84	84	84	84	84	84	84	84	84	84	84	84	84	84	84	84	84	84	83	83	83	83	83	83	84	84	84	84	84	84	83	83	84	84	84	84	84	84	83	83	83	84	84	84	84	84	84	84	84
83	83	83	83	83	84	84	83	83	83	83	83	83	84	84	84	84	84	84	83	83	83	84	84	84	83	83	83	83	83	84	84	84	83	83	83	83	83	83	84	84	83	83	83	84	84	84	83	83	84	84	83	83	83	83	83	83	84	84	84	84	84	84	84	84	84	84	84	84	84	83	83	84	84	83	83	83	83	83	83	83	83	83	83	83	83	84	84	84	83	83	83	84	84	84	84	84	83	83	83	84	84	84	84	84	84	84	84	84	84	84	84	83	83	84	84	84	84	84	84	84	84	84	84	84	83	84	83	84	84	84	84	84	84	83	83	83	84	84	84	84	84	84	84	84	84	84	84	83	83	83	84	84	84	84	84	83	83	84	84	84	84	84	84	84	84	84	84	84	84	84	84	84	84	84	83	84	84	84	83	83	84	83	83	83	83	83	84	84	84	84	84	84	84	84	84	84	84	84	84	84	84	84	84	83	83	84	84	84	84	84	84	84	84	84	84	83	83	84	84	84	84	84	84	84	84	84	83	83	83	84	84	84	84	83	84	84	84	84	84	83	83	83	83	83	83	83	83	84	84	84	84	83	83	83	83	84	84	84	84	84	83	84	83	83	83	83	83	83	84	84	84	84	84	84	84	84	84	84	84	83	84	84	84	84	84	83	84	83	83	83	83	83	84	82	81	60	28	20	18	30	28	42	44	45	46	47	47	48	49	49	50	50	50	49	49	50	50	50	50	51	51	51	50	51	51	51	52	52	52	52	52	53	53	53	53	53	53	53	53	53	53	53	53	53	53	53	53	53	53	53	53	53	53	53	53	53	53	53	53	53	53	53	53	53	53	53	53	53	53	53	54	54	54	54	54	53	53	53	52	51	50	49	49	49	49	49	50	51	51	52	53	53	53	53	53	52	52	52	52	51	51	51	50	47	46	48	48	48	48	49	48	48	48	47	47	47	46	45	44	44	44	44	43	43	42	43	43	42	42	41	41	41	41	40	41	40	40	39	39	39	39	39	38	36	35	36	36	35	33	34	37	55	62	67	69	68	63	51	50	29	30	30	36	52	45	40	32	26	21	18	15	11	13	15	16	16	16	17	19	19	18	19	19	19	19	19	19	19	18	18	18	18	18	19	19	19	19	19	19	19	18	19	19	19	19	19	18	18	10	4	4	7	8	6	6	7	7	8	8	8	9	9	10	11	14	43	81	83	83	83	83	83	83	83	83	84	84	83	83	83	83	83	83	83	83	83	83	83	83	83	83	84	83	83	83	83	84	84	83	83	83	84	84	84	84	84	84	84	84	84	84	84	84	84	84	84	84	84	84	84	84	84	84	84	84	84	84	84	84	84	84	84	84	84	84	84	84	84	84	84	84	84	84	84	84	84	84	84	84	84	84	83	83	83	84	84	84	84	84	84	83	83	84	84	84	84	84	84	84	84	84	84	84	84	84	84	84	84	84
83	83	83	84	84	84	84	84	84	84	83	83	83	83	83	83	83	83	83	83	83	84	84	84	83	83	83	83	83	83	83	83	84	83	83	83	83	84	83	83	83	83	83	83	83	83	83	83	83	83	83	83	83	83	83	84	83	84	84	84	84	84	84	84	83	83	84	84	84	84	83	83	83	83	83	83	83	83	83	83	83	83	83	83	83	83	83	83	83	83	83	83	83	83	83	83	83	83	83	83	83	83	83	83	83	83	83	84	84	83	83	84	84	84	83	83	83	83	83	83	83	83	83	83	83	83	84	84	84	84	84	84	84	84	84	84	84	84	84	84	84	84	83	83	83	84	84	84	83	83	83	84	84	84	84	84	84	84	84	84	84	84	84	84	84	84	84	84	84	84	84	84	84	84	84	83	84	84	84	83	84	84	83	83	83	83	83	83	83	84	83	83	84	84	84	84	84	84	84	84	84	84	83	84	83	84	84	84	84	84	84	84	84	84	84	84	84	84	83	84	84	84	83	83	83	84	84	84	84	84	84	84	84	84	83	83	84	84	84	84	84	83	84	84	83	83	84	84	84	84	84	84	83	83	84	83	83	83	84	84	84	84	84	83	83	83	83	83	83	83	83	83	83	83	83	84	84	83	83	83	83	83	83	83	83	83	84	84	84	83	83	83	83	83	83	83	82	66	31	17	25	28	31	43	45	46	47	47	48	49	49	50	50	49	49	49	49	49	49	50	50	50	50	50	51	51	51	51	52	52	52	52	52	52	52	52	53	53	53	52	53	53	53	53	53	53	53	53	53	53	53	53	53	53	53	53	53	53	53	53	53	53	53	53	53	54	52	52	53	53	53	54	54	54	54	53	53	54	54	54	54	53	52	52	51	50	49	49	49	48	49	50	51	52	52	53	53	53	53	53	52	52	52	51	49	47	50	50	50	49	49	48	48	48	47	47	47	47	46	45	45	45	45	44	44	43	43	43	43	43	43	42	42	41	41	41	41	41	40	40	39	39	39	39	38	36	36	36	36	34	33	36	52	65	70	70	71	71	60	54	36	31	33	39	60	57	63	59	55	51	43	36	21	20	21	23	23	23	22	22	20	20	21	20	20	19	19	19	19	19	19	18	18	17	18	18	18	18	18	17	17	17	17	18	17	18	17	17	14	4	4	4	6	5	5	5	6	7	7	7	8	8	9	9	9	18	61	83	83	83	83	83	83	83	83	84	84	83	83	83	83	83	83	83	83	84	84	83	83	83	83	83	83	83	83	84	83	84	84	83	83	83	83	83	84	84	84	84	84	84	84	84	84	84	84	84	83	83	83	84	84	84	84	84	84	84	84	84	84	84	84	84	84	84	84	84	84	84	84	84	84	84	84	84	84	84	84	84	84	84	84	84	84	84	84	84	84	84	84	84	84	84	84	84	84	84	84	83	83	84	84	84	83	83	83	83	83	84	84	84
84	83	84	84	84	84	84	84	84	84	83	83	83	83	83	83	84	83	83	83	83	83	84	84	84	84	84	83	83	84	84	83	83	83	83	83	83	83	83	83	84	83	83	83	83	83	83	83	83	83	83	83	83	83	84	84	83	84	84	84	84	84	84	84	83	83	83	84	84	84	83	83	83	83	83	83	83	83	83	84	84	83	83	83	83	83	83	83	83	83	83	83	84	84	84	83	83	83	83	83	83	83	83	83	83	83	84	84	84	83	83	84	84	84	83	83	83	83	83	83	83	83	83	83	83	84	84	84	84	84	84	84	84	84	84	84	84	84	84	84	84	84	83	83	83	83	84	84	84	83	83	83	83	83	84	84	84	84	84	84	84	84	84	84	84	84	84	84	84	84	84	84	84	84	84	84	84	84	83	83	83	83	84	84	84	83	83	83	83	83	83	83	83	84	84	84	84	84	84	84	84	84	83	83	83	83	84	84	84	84	84	84	84	84	84	84	84	84	84	84	84	83	83	83	84	84	84	84	84	84	84	84	84	84	84	84	84	84	83	83	83	83	83	83	83	83	84	84	84	84	84	83	83	83	84	83	83	83	83	84	84	83	83	83	83	83	83	83	83	83	83	83	83	83	83	83	83	83	83	83	83	83	83	83	83	83	83	84	84	83	83	83	83	83	83	83	83	83	73	40	20	18	26	40	43	46	47	47	48	48	49	49	49	49	49	49	49	49	49	50	50	50	50	50	50	51	51	51	52	51	52	52	52	52	52	52	52	53	53	52	52	52	52	53	53	53	53	52	52	53	53	53	53	53	53	53	53	53	53	53	53	53	53	53	53	53	51	50	52	53	53	53	53	53	53	53	53	53	53	54	53	53	52	53	52	52	52	51	51	50	50	50	50	50	50	49	49	51	52	52	52	52	52	52	51	50	51	51	50	50	50	49	49	49	48	48	48	47	47	46	45	45	45	45	45	44	44	44	44	44	44	43	43	43	42	42	42	41	41	41	40	40	39	39	38	35	36	37	35	35	34	36	37	43	47	52	55	59	62	57	48	32	34	37	61	59	63	63	63	61	55	52	33	29	36	30	29	28	27	25	22	24	23	22	22	21	20	20	20	20	19	18	18	18	18	17	17	17	17	16	16	16	16	16	15	16	16	16	8	3	3	4	5	5	5	5	5	5	6	6	7	7	8	10	12	31	76	83	83	83	83	83	83	84	83	84	84	83	83	83	83	83	83	83	83	84	84	83	83	83	83	83	83	83	83	84	83	84	84	83	83	83	83	83	84	84	84	84	84	84	84	84	84	84	84	84	83	83	83	84	84	84	84	84	84	84	84	84	84	84	84	84	84	84	84	84	84	84	84	84	83	84	84	84	84	84	84	84	84	84	84	84	84	84	84	84	84	84	84	84	84	84	84	84	84	84	84	83	83	83	83	83	83	83	83	83	83	83	83	83
84	83	84	84	84	84	84	84	84	84	83	83	83	83	83	83	84	84	83	84	84	84	84	84	83	83	83	84	83	84	84	83	83	83	83	83	83	83	84	83	83	83	83	83	84	84	84	83	83	83	83	83	83	83	84	84	83	84	84	84	84	84	84	83	83	83	83	84	84	84	84	83	83	83	83	83	84	84	84	84	84	84	84	83	83	83	84	84	84	84	84	84	84	84	84	84	84	84	84	84	83	83	83	83	83	83	84	84	84	83	83	84	84	84	83	83	83	84	84	84	84	84	84	84	84	84	84	84	84	83	83	84	84	84	84	84	84	84	84	84	84	84	83	83	83	83	84	84	84	84	84	84	84	84	84	84	84	84	84	84	84	84	83	84	84	84	84	84	84	84	84	84	84	84	84	84	84	84	84	84	84	84	84	84	84	84	84	83	83	83	83	83	83	84	84	84	84	84	84	84	84	84	83	84	84	83	83	83	83	83	84	84	84	84	84	84	84	84	84	84	84	84	84	84	84	84	84	84	84	84	84	84	84	84	84	84	84	84	84	83	83	83	83	84	84	84	84	84	84	84	83	83	83	83	83	83	83	83	83	83	83	83	83	83	83	83	83	83	83	83	83	83	84	84	84	84	84	84	84	84	83	83	83	83	84	83	83	83	83	83	83	83	83	83	83	83	83	82	83	78	46	20	22	37	43	45	46	47	48	48	48	49	49	48	49	49	49	49	50	50	49	49	50	50	50	50	50	51	51	51	51	52	52	52	52	52	52	52	52	52	52	52	52	52	52	52	53	52	52	53	53	53	53	53	53	53	53	52	53	53	53	53	53	53	53	53	52	51	52	54	54	54	53	53	53	53	53	53	54	54	53	53	52	52	52	52	52	52	52	52	52	52	52	52	52	52	51	50	49	48	47	48	49	50	50	50	51	52	51	51	50	50	50	50	49	49	49	48	47	47	46	46	46	46	45	45	45	44	45	45	44	44	44	44	43	43	42	42	42	42	41	41	40	39	38	30	28	31	33	34	33	34	33	34	35	36	36	37	41	42	43	34	35	36	63	68	68	66	67	68	61	55	40	31	41	37	31	36	36	28	25	27	25	25	25	24	23	23	23	22	21	21	20	19	19	18	18	18	17	16	16	16	16	16	15	14	14	11	4	3	3	5	5	4	5	5	4	4	4	5	5	6	8	10	17	53	82	83	83	83	83	83	83	83	83	84	84	83	83	83	83	83	83	83	83	84	84	83	83	83	83	83	83	83	83	84	83	84	84	83	83	83	83	83	84	84	84	84	84	84	84	84	84	84	84	84	83	83	83	84	84	84	84	84	84	84	84	84	84	84	84	84	84	84	84	84	84	84	84	83	83	84	84	84	84	84	84	84	84	84	84	84	84	84	84	84	84	84	84	84	84	84	84	84	84	84	83	83	83	83	83	83	83	83	83	83	83	83	83	83
83	83	83	83	83	83	83	83	83	83	83	83	83	83	83	83	84	83	83	83	83	84	84	84	83	83	83	84	84	84	83	83	83	83	83	83	83	83	83	83	84	84	84	84	84	84	83	83	83	83	83	83	83	83	83	83	83	83	84	84	83	84	84	84	83	83	83	83	83	83	84	83	83	83	83	83	84	84	84	84	84	83	83	83	84	84	84	84	84	83	83	83	83	83	83	83	83	84	84	84	84	84	83	84	84	84	83	83	84	84	84	84	84	84	84	84	84	84	84	84	83	83	83	83	83	83	83	83	83	84	84	83	83	83	83	83	84	84	84	84	84	84	83	83	83	83	83	83	84	84	84	84	84	84	84	84	84	84	84	84	84	84	84	84	84	84	84	84	83	83	84	84	84	84	83	83	83	83	83	83	83	83	83	83	83	84	84	84	84	84	83	83	83	83	83	83	84	84	84	84	84	84	84	84	84	84	84	84	84	84	84	84	84	84	84	84	84	84	84	84	84	83	83	83	83	83	83	83	83	83	83	83	83	83	84	83	83	83	84	84	84	84	84	84	84	83	83	83	83	83	83	83	83	83	83	83	83	83	83	83	83	83	83	83	83	83	83	83	83	83	83	83	84	84	84	83	83	83	84	84	83	83	83	83	83	83	83	83	83	84	84	84	84	83	83	83	83	83	83	83	80	55	25	26	38	43	45	46	47	48	48	48	48	47	48	49	49	49	50	49	49	49	50	49	50	50	50	51	51	51	51	52	52	52	52	52	52	52	52	52	52	51	51	52	52	52	52	52	52	52	52	53	52	53	53	53	53	52	53	53	53	53	52	53	53	53	53	53	53	53	53	53	53	53	53	53	53	53	53	53	53	53	53	53	53	52	52	52	52	52	52	52	52	52	52	52	52	52	52	52	51	50	49	48	47	46	47	47	48	50	51	51	51	51	50	50	49	49	48	48	47	48	47	47	46	45	45	45	45	45	45	45	45	45	44	44	43	43	43	43	42	42	41	40	38	36	34	32	30	27	26	27	29	32	34	35	35	35	34	34	34	35	35	37	45	54	59	60	62	67	65	62	53	35	36	35	34	33	34	30	28	31	29	28	28	28	27	26	26	26	25	24	24	23	22	20	19	19	18	17	17	16	16	15	15	13	10	4	3	3	3	5	5	4	5	5	5	5	5	5	5	7	9	11	34	75	83	83	83	83	83	83	83	83	83	83	84	84	84	84	84	84	83	83	83	83	83	83	83	84	83	83	83	83	83	83	83	84	84	83	83	83	84	84	84	83	84	84	84	84	84	84	84	84	84	84	84	84	84	84	84	84	84	84	84	84	84	83	83	83	83	83	84	84	84	84	84	84	84	84	84	83	83	83	84	84	84	84	84	84	84	84	84	84	84	84	84	84	84	84	84	83	83	83	83	83	84	84	83	83	83	83	83	83	83	84	83	83	83	83
83	83	83	83	83	83	83	83	83	83	83	83	83	83	83	83	84	83	83	83	83	84	84	84	84	84	84	84	84	84	84	84	84	83	83	83	83	83	83	83	83	84	84	84	84	84	83	83	83	84	84	84	83	83	83	84	84	84	84	84	84	83	83	84	83	83	84	84	83	83	83	83	83	84	84	84	84	84	83	83	84	84	84	83	83	83	83	83	83	83	83	83	83	83	83	83	83	83	84	84	84	84	84	84	84	84	84	84	84	84	84	83	83	83	83	83	83	83	83	83	83	83	83	83	83	83	83	83	84	84	84	84	84	84	83	83	84	84	84	84	84	83	84	84	84	84	83	83	84	84	84	84	84	84	84	84	84	84	84	84	84	84	84	84	84	84	84	84	84	84	84	84	84	84	83	83	84	84	84	83	84	84	83	83	83	83	83	84	84	84	84	84	84	83	83	84	84	84	84	84	84	84	84	84	84	84	84	84	84	84	84	84	84	84	84	84	84	84	84	84	84	84	83	83	83	83	83	83	83	83	84	84	83	83	83	83	83	83	84	84	83	84	84	84	84	84	83	83	83	83	83	83	83	83	83	83	83	83	83	83	83	83	83	83	83	83	83	83	83	83	83	83	84	84	84	83	83	83	83	83	83	83	83	83	83	83	83	83	83	83	83	84	84	84	84	84	84	84	84	84	83	81	63	32	37	42	44	45	46	47	47	48	47	47	48	48	49	49	49	49	48	49	49	49	50	50	50	51	50	51	52	51	52	52	51	52	52	52	52	52	52	51	51	52	52	52	52	52	52	52	52	52	52	52	52	52	53	53	53	52	53	52	52	53	53	52	53	53	53	53	53	53	53	53	53	53	53	53	53	53	53	53	53	52	53	53	52	52	52	52	52	52	52	52	52	52	52	52	52	52	52	51	51	50	50	50	49	48	47	46	46	45	46	48	48	49	49	49	49	48	48	48	47	47	47	46	46	46	46	45	45	45	45	45	44	44	44	44	44	43	43	42	41	41	39	38	38	40	41	41	39	37	33	29	27	26	27	30	31	33	33	34	35	34	34	33	33	35	37	42	48	52	50	37	35	35	35	34	33	30	29	33	32	31	31	31	30	29	29	29	29	28	26	26	25	24	23	22	22	21	20	19	19	17	17	12	4	3	5	5	4	4	4	5	4	4	4	5	5	5	6	8	9	22	61	82	83	83	83	83	83	83	83	83	83	83	84	84	84	84	84	84	83	83	83	83	83	83	83	84	83	83	83	83	83	83	83	84	84	83	83	83	84	84	84	83	84	84	84	84	84	84	84	84	84	84	84	83	84	84	84	84	84	84	84	84	84	83	83	83	83	83	84	84	84	84	84	84	84	84	84	83	83	83	84	84	84	84	84	84	84	84	84	84	84	84	84	84	84	84	84	83	83	83	83	83	84	84	83	83	83	83	83	83	83	83	83	83	83	83
83	83	83	83	83	83	83	83	83	83	83	83	83	83	83	84	84	83	84	84	83	84	84	84	84	84	84	84	83	83	83	83	83	83	83	83	83	84	84	84	84	84	84	84	83	84	84	84	83	84	84	84	83	83	83	83	83	84	84	84	84	84	84	84	84	84	84	84	84	84	84	84	84	84	84	84	84	84	83	83	83	84	84	83	83	83	83	83	83	83	83	83	83	83	83	83	83	83	83	83	84	84	84	84	84	84	84	84	83	83	83	83	83	83	83	83	83	83	83	83	83	83	83	83	83	83	83	83	83	84	84	84	84	84	84	84	84	84	84	84	83	83	84	84	84	84	84	83	84	84	84	84	84	84	84	84	84	84	84	84	84	84	84	83	84	84	84	84	83	83	83	84	84	84	84	84	83	83	83	83	84	84	83	83	83	83	83	83	84	84	84	84	84	83	83	84	84	84	84	84	84	84	84	84	84	84	84	84	84	84	84	84	84	84	84	84	84	84	84	84	84	83	83	83	84	84	84	84	84	84	84	84	83	83	83	83	83	83	84	84	84	84	84	84	84	83	83	83	83	83	83	84	83	83	83	83	83	83	83	83	83	83	83	83	83	83	83	83	83	83	83	83	83	83	83	84	84	83	83	83	83	83	83	83	83	84	83	83	83	83	83	84	84	84	84	84	84	84	84	84	83	83	82	71	40	35	41	43	44	46	47	47	47	47	48	49	48	49	49	49	49	49	49	49	49	49	50	50	51	50	51	51	51	52	51	52	52	52	52	52	53	52	52	52	52	52	53	52	52	52	52	52	52	52	52	53	53	53	53	52	52	52	52	52	52	52	52	52	52	53	53	53	53	53	53	53	52	53	53	53	53	53	52	52	52	52	52	52	52	51	51	52	52	52	52	51	51	51	51	51	51	51	50	50	50	50	50	50	49	48	48	48	47	46	45	45	44	44	45	46	46	47	47	47	46	46	46	47	46	46	45	45	45	45	45	44	45	44	44	44	43	42	42	41	40	38	39	40	41	41	41	41	40	41	41	38	35	32	28	25	25	27	30	32	33	34	34	34	34	34	34	34	35	35	37	37	36	35	34	30	24	27	29	32	33	33	32	32	32	32	31	30	29	29	28	28	27	26	25	24	24	23	22	21	18	9	4	5	5	6	4	3	4	4	4	5	5	6	6	7	7	9	17	50	79	83	83	84	83	83	83	83	83	83	83	83	84	84	84	84	84	84	83	83	83	83	83	83	83	84	83	83	83	83	83	83	83	84	84	84	84	84	84	84	84	83	84	84	84	84	84	84	84	84	84	84	83	84	84	84	84	84	84	84	84	84	84	83	83	83	84	84	84	84	84	84	84	84	84	84	84	84	84	84	84	84	84	84	84	84	84	84	84	84	84	84	84	84	84	84	84	84	84	83	83	83	84	84	83	83	83	83	83	83	83	83	83	83	83	83
83	83	84	83	83	84	84	83	83	83	83	83	83	84	84	84	84	84	84	84	84	84	83	84	83	83	83	84	84	83	83	83	83	83	83	83	84	84	84	83	83	84	84	84	83	83	84	84	84	83	83	83	83	83	83	83	83	83	84	84	84	84	84	84	83	83	84	83	83	84	84	84	83	83	83	84	84	84	83	83	83	83	83	83	83	83	83	83	83	83	83	83	83	83	83	83	83	83	83	83	83	83	83	83	83	83	83	83	83	83	83	83	83	83	83	83	83	83	83	83	83	83	83	83	83	83	83	83	83	83	83	83	83	83	84	84	84	83	84	84	83	83	83	83	83	83	83	83	84	83	83	83	83	84	84	84	83	83	83	83	84	84	83	83	83	83	83	83	83	83	83	83	83	84	84	84	83	83	83	83	83	83	83	83	83	83	83	84	84	83	83	83	83	83	83	83	83	83	83	84	84	84	84	84	84	83	83	83	84	84	83	83	84	84	84	84	83	83	83	83	83	83	83	83	84	84	84	84	84	83	83	84	83	83	83	84	84	83	84	84	83	84	83	83	83	83	83	83	83	83	83	83	83	83	83	84	84	84	84	84	84	84	84	83	83	83	83	83	83	84	84	83	83	83	83	83	83	83	84	83	83	83	84	83	83	83	84	84	84	84	84	84	84	84	84	84	84	84	84	84	83	83	83	82	75	50	33	26	23	23	25	26	28	30	32	34	36	39	41	43	44	46	47	48	49	49	50	50	50	50	50	51	51	51	51	51	51	52	51	52	52	52	52	52	52	53	53	53	53	52	52	52	52	52	52	52	52	52	52	53	52	52	52	51	52	52	52	52	52	52	52	53	53	52	51	51	52	52	52	52	52	53	52	52	52	52	52	52	51	51	51	51	51	52	51	51	51	51	51	50	50	50	50	49	49	49	49	49	49	49	48	48	48	48	48	48	47	46	45	43	42	43	43	43	44	45	46	47	47	46	45	46	45	45	45	45	45	45	45	44	44	43	42	42	42	38	39	40	41	42	41	41	41	41	41	41	41	41	41	39	37	33	29	25	23	24	27	30	32	33	34	33	33	33	34	35	35	34	35	33	35	34	32	31	30	30	30	33	33	34	33	32	31	31	31	31	31	30	28	28	28	27	26	24	19	9	6	6	6	6	4	5	4	5	4	4	4	6	6	6	7	16	46	77	83	83	84	84	84	84	84	83	83	84	84	83	84	84	84	84	84	84	83	83	83	83	84	83	83	83	83	83	84	83	83	83	83	83	83	83	84	84	84	84	84	84	84	84	84	84	84	84	84	84	84	84	83	84	84	84	84	84	84	84	83	83	83	83	83	83	83	83	84	84	84	84	84	84	84	84	84	84	84	84	84	84	84	84	84	84	84	84	84	84	84	83	83	83	83	83	83	84	84	84	84	83	84	84	84	83	83	83	83	83	83	83	83	83	83	83
84	83	84	83	83	84	84	83	83	83	83	83	83	84	84	84	84	84	84	84	84	84	83	84	83	83	83	84	84	83	83	83	83	84	84	84	84	84	84	83	83	84	84	84	83	83	84	84	84	84	83	84	84	84	84	83	83	83	83	83	83	83	83	83	84	84	84	84	84	84	83	83	83	83	83	83	83	83	83	83	83	83	83	83	83	83	83	83	83	83	83	83	83	83	83	83	83	83	83	83	83	83	83	84	84	84	84	83	83	83	83	83	83	83	83	83	83	84	84	84	83	83	83	83	83	83	83	83	83	83	83	83	83	83	83	83	83	83	84	84	84	83	83	83	83	84	84	83	84	84	83	83	83	83	84	84	84	84	84	84	84	84	84	83	83	83	83	83	83	83	84	84	84	84	84	84	83	83	83	83	84	84	83	83	83	83	84	84	83	83	83	83	83	83	83	83	84	83	83	84	83	83	84	84	84	83	83	83	84	84	83	83	84	84	84	83	83	83	83	83	83	83	83	83	84	84	83	83	83	83	83	83	83	83	83	84	84	84	84	84	84	84	83	83	83	83	83	83	83	83	83	84	83	83	83	84	84	84	84	84	84	84	84	83	83	83	83	83	83	83	83	83	83	83	83	83	83	84	84	84	84	84	84	84	84	84	84	84	84	84	84	84	84	84	84	84	84	84	84	84	84	83	84	84	79	72	64	49	29	23	23	22	22	22	23	24	26	28	30	34	38	41	42	44	47	48	50	50	50	51	51	51	51	51	51	51	51	51	51	51	52	52	52	52	52	53	53	53	53	52	52	52	52	52	52	52	52	52	52	53	52	52	52	51	52	52	52	52	52	52	53	53	53	53	53	52	52	52	52	52	52	52	52	53	52	52	52	52	52	51	52	51	51	51	51	51	51	51	50	50	50	50	50	50	51	50	50	50	50	49	48	48	49	48	48	48	48	48	47	46	46	46	46	45	44	43	43	43	44	44	45	46	46	46	45	45	45	45	45	45	44	43	43	42	42	39	40	40	41	41	42	42	41	41	41	41	42	41	41	41	41	41	41	40	38	34	29	24	21	22	25	28	30	33	35	35	34	32	32	32	39	40	41	41	41	38	37	35	34	33	33	33	32	33	34	34	34	34	33	32	31	31	30	27	20	10	8	7	7	6	6	6	6	7	7	7	7	8	9	11	24	51	77	83	83	83	84	84	84	84	84	83	83	83	83	83	83	84	84	84	84	84	83	83	83	83	84	83	83	83	83	83	84	83	83	83	83	83	83	83	84	84	84	84	84	84	84	84	84	84	84	84	84	84	84	84	83	84	84	84	84	84	84	84	83	83	83	83	83	83	83	83	84	84	84	84	84	84	84	84	84	84	84	84	84	84	84	84	84	84	84	84	84	84	84	83	83	83	83	83	83	84	84	84	84	83	83	83	83	83	83	83	83	83	83	83	83	83	83	83
84	83	83	83	83	84	84	83	83	83	83	83	83	84	83	83	84	84	84	84	83	84	84	84	83	83	83	84	83	83	83	84	84	83	83	84	83	84	84	83	83	84	84	84	83	83	83	83	83	83	83	84	84	84	84	84	83	83	83	83	83	83	83	83	84	84	84	84	84	83	83	83	83	83	83	83	83	83	83	83	84	84	84	84	84	84	84	84	84	83	83	83	83	83	83	83	83	84	84	84	83	83	83	84	84	84	84	84	84	84	84	84	84	84	84	83	83	83	83	83	83	83	83	83	83	83	83	83	83	83	83	83	84	83	83	83	83	83	83	84	84	84	84	83	83	84	83	83	84	84	83	83	83	83	84	84	84	84	84	84	84	84	84	84	84	83	83	84	84	84	84	84	84	84	84	84	83	83	83	83	84	84	84	84	84	84	84	83	83	83	83	84	83	83	83	83	84	84	84	84	83	83	83	84	84	84	84	83	84	84	83	84	84	83	83	83	83	83	83	83	83	84	84	84	83	83	83	83	83	83	83	83	83	83	83	83	84	84	84	84	84	83	83	83	83	83	83	83	83	83	84	84	84	84	84	84	84	84	84	84	84	84	84	84	83	83	83	83	83	83	83	83	84	84	84	84	84	84	84	84	84	84	84	84	84	84	84	84	84	84	84	84	84	84	84	84	84	84	84	84	84	83	83	83	76	49	36	37	38	38	40	41	42	42	42	41	43	43	43	43	43	43	43	44	46	48	50	50	51	51	51	51	51	50	51	51	51	51	52	52	52	52	52	52	52	52	53	53	53	52	52	52	52	52	52	52	52	52	52	53	52	52	52	51	52	52	52	52	52	52	53	53	53	53	52	52	52	52	52	52	52	52	52	52	52	52	52	51	51	51	51	51	51	51	51	50	50	50	50	50	50	50	50	50	50	50	50	50	50	49	48	48	48	48	48	48	47	47	47	47	47	47	47	47	47	46	46	45	44	43	42	41	42	43	43	44	45	45	45	45	44	43	43	43	42	40	41	41	40	41	41	41	42	42	41	41	42	42	42	42	42	41	41	41	41	42	42	41	40	36	31	24	19	17	19	24	28	31	33	32	39	41	41	41	41	40	40	40	40	40	39	38	37	37	37	36	36	36	36	35	35	34	33	31	36	43	42	41	42	41	41	42	42	42	42	41	42	43	45	52	69	81	83	83	84	83	84	84	83	83	83	83	84	83	83	83	83	83	83	83	83	83	83	83	83	83	83	83	83	83	83	83	84	83	83	83	83	83	83	83	84	84	84	84	84	84	84	84	84	84	84	84	84	84	84	84	83	84	84	84	84	84	84	84	84	84	84	83	83	83	84	84	84	84	84	84	84	83	84	84	84	84	84	84	84	84	84	84	84	84	84	84	84	84	84	83	83	83	83	83	84	83	83	84	84	83	83	83	83	83	83	83	83	83	83	83	83	83	83	83
83	84	83	83	83	83	84	83	83	83	83	83	83	84	84	83	84	84	84	83	83	84	84	84	83	84	84	84	83	83	84	83	83	83	83	83	83	83	84	84	84	83	83	84	84	83	83	83	83	83	83	84	84	84	84	84	84	84	83	83	83	83	83	83	83	83	83	83	83	83	84	84	83	83	83	83	83	83	84	83	84	84	83	83	83	83	83	83	84	83	83	83	84	84	83	83	83	83	84	84	83	83	84	84	84	84	83	83	83	83	83	83	83	83	83	83	83	83	83	83	83	83	83	83	83	83	83	83	83	83	83	83	83	83	83	83	84	83	83	83	84	84	83	83	83	83	83	83	83	83	83	84	83	83	83	83	83	83	83	83	84	84	83	83	83	83	83	83	84	84	84	83	83	83	83	84	83	83	83	83	83	83	83	83	83	83	83	83	83	83	84	84	83	83	83	83	84	84	84	84	84	84	84	84	84	84	84	83	84	84	83	83	83	83	83	84	84	84	84	83	83	84	84	84	83	83	83	83	83	84	84	83	83	83	83	83	84	84	84	84	84	83	83	83	83	83	83	83	83	84	84	84	84	84	84	84	84	84	84	84	84	84	84	84	84	84	84	84	84	84	84	84	84	84	84	83	83	84	84	84	84	84	84	84	84	84	84	84	84	83	83	83	84	84	84	84	84	84	84	84	84	84	84	84	83	76	50	33	35	37	38	40	41	42	42	42	42	43	43	43	43	43	44	44	44	45	48	50	50	50	51	51	51	50	50	51	51	51	51	52	51	51	52	52	52	52	53	53	53	52	52	52	52	52	52	52	53	52	52	53	53	53	52	52	52	52	52	52	52	52	53	53	53	53	53	52	52	52	52	51	51	51	52	52	52	52	52	51	51	51	51	51	51	51	51	50	50	50	50	50	50	50	50	50	50	50	50	50	49	49	49	49	48	48	47	47	47	47	47	48	47	47	47	47	46	46	46	46	45	46	45	45	44	43	42	40	40	41	42	43	44	44	44	43	43	41	42	41	41	41	41	42	42	42	42	42	42	42	42	42	41	41	41	41	41	41	42	42	42	41	42	41	39	37	31	25	19	18	17	18	24	27	31	33	37	40	40	41	41	41	41	42	42	42	41	40	39	39	38	38	38	37	36	36	55	82	83	83	83	82	82	82	82	82	82	81	82	83	83	83	83	83	83	83	83	83	83	83	83	83	83	83	84	83	83	83	83	83	83	83	83	83	83	83	83	83	83	83	83	83	83	84	84	84	84	84	83	83	83	84	84	83	83	84	84	84	84	84	84	84	84	84	84	84	84	84	83	84	84	84	84	84	84	84	84	84	84	83	83	84	84	84	84	84	84	84	84	83	84	84	84	84	84	84	84	84	84	84	84	84	84	83	83	83	83	84	84	84	84	84	84	84	83	84	83	83	83	83	83	84	84	84	83	83	83	83	83	83	83	83
83	84	84	83	83	83	83	83	83	83	83	83	83	84	84	84	84	83	83	83	83	84	84	84	83	84	84	84	84	84	84	83	83	83	84	83	84	84	84	84	84	84	83	84	84	84	84	83	83	83	84	84	83	83	83	83	83	83	83	83	83	84	84	83	83	83	83	83	83	83	84	84	84	84	84	84	84	84	84	83	83	83	83	83	83	83	83	83	84	83	83	83	84	84	84	83	83	83	84	84	83	83	83	83	83	83	83	83	83	83	83	83	83	83	83	83	83	83	83	83	83	84	84	84	84	84	84	84	83	83	83	83	83	83	83	83	84	83	83	83	84	84	83	83	83	84	83	83	84	84	83	84	84	84	83	83	83	83	83	83	84	84	83	83	83	83	83	84	84	84	84	84	84	84	84	84	84	83	83	83	84	84	83	83	83	83	83	83	83	83	84	84	83	83	83	83	84	84	84	84	84	84	84	84	84	83	84	83	83	83	83	83	83	83	84	84	83	83	83	83	83	83	83	83	83	83	83	83	83	83	83	83	83	84	83	83	83	84	83	83	83	83	84	83	83	83	83	83	84	84	84	84	84	84	84	84	84	84	84	84	84	84	84	84	84	84	84	84	84	84	84	84	84	84	84	84	84	84	84	84	84	84	84	84	84	84	84	84	84	83	83	84	84	84	84	84	84	84	84	84	84	84	84	84	84	83	80	57	34	35	37	39	40	41	41	41	41	42	43	43	43	43	43	44	44	44	45	48	50	51	51	50	51	50	50	50	50	50	51	51	51	52	52	52	52	52	52	53	53	52	52	52	52	52	52	52	52	52	52	52	52	52	52	52	52	52	51	51	50	52	53	53	53	53	53	53	53	53	52	52	52	51	52	52	52	52	52	51	51	51	52	51	51	50	50	51	50	50	50	50	49	50	50	50	50	50	50	49	49	49	49	48	48	48	47	47	47	47	48	48	47	47	47	47	46	46	46	46	45	45	45	45	45	45	45	44	44	43	42	41	41	41	40	40	41	40	42	42	41	42	42	42	42	42	42	42	42	43	43	43	42	41	41	42	41	42	42	42	42	41	41	41	40	40	40	40	39	36	33	25	13	12	13	14	15	18	19	22	25	28	31	34	37	39	41	42	42	42	42	41	41	41	40	40	49	68	73	79	82	83	83	83	83	83	83	82	83	83	84	83	83	84	83	83	83	84	84	83	83	83	83	83	83	83	83	83	83	83	83	84	84	84	84	84	84	84	84	84	84	84	84	84	84	84	84	84	83	83	83	84	84	84	84	84	84	84	84	84	84	84	84	84	84	84	84	84	83	84	84	84	84	84	84	84	84	84	84	83	83	84	84	84	84	84	84	84	84	83	84	84	84	84	84	84	84	84	84	84	84	84	83	83	83	83	83	84	84	84	84	84	84	84	83	84	83	83	83	83	83	84	84	84	83	83	83	83	83	83	83	83
83	84	84	83	83	83	83	83	83	83	83	83	83	84	84	84	84	84	83	83	83	84	84	84	83	84	84	84	83	84	83	83	83	83	83	83	83	84	84	84	84	83	83	83	83	83	83	83	83	83	83	84	83	83	83	83	83	84	84	84	84	84	84	84	84	84	83	83	83	83	83	83	84	84	84	84	84	83	83	83	83	83	83	83	84	84	84	84	84	84	84	84	84	84	84	84	84	83	83	83	83	83	83	83	83	83	84	84	84	83	83	83	83	83	83	83	83	84	83	83	83	83	83	83	83	83	83	83	83	83	83	83	83	83	83	83	83	83	83	83	83	83	83	83	83	83	83	83	83	83	83	84	83	83	84	84	83	83	83	83	83	83	83	83	83	83	83	83	83	83	83	83	83	83	83	84	84	84	84	83	84	84	83	83	83	84	84	83	83	83	83	83	83	83	83	83	83	83	83	84	84	84	83	84	83	83	84	83	84	84	84	84	84	83	83	83	83	83	83	83	83	84	84	84	84	84	84	83	84	84	83	84	84	84	84	83	83	84	84	84	84	83	83	83	83	84	84	84	84	84	84	84	84	84	84	84	84	84	84	84	84	84	84	84	84	84	84	84	84	84	84	84	84	84	84	84	84	83	83	84	84	84	84	84	84	84	84	84	84	84	84	84	84	84	84	84	84	83	83	83	84	84	84	83	84	83	83	82	63	37	34	38	39	39	40	40	41	42	42	43	43	43	43	43	44	44	44	44	46	49	50	50	50	50	50	50	50	50	50	51	51	51	52	52	52	51	52	52	52	52	52	52	52	52	52	52	53	53	53	52	52	52	52	52	52	52	51	51	51	51	53	53	52	52	53	53	53	53	53	53	52	52	51	52	52	52	51	51	51	51	51	51	51	51	50	51	50	50	50	50	50	50	50	50	49	49	49	49	49	49	49	48	48	48	48	48	48	47	48	48	47	47	47	47	47	47	46	46	46	45	45	45	45	45	45	45	44	44	44	44	43	43	41	40	40	40	42	42	41	42	42	42	43	42	42	43	43	43	43	43	42	42	41	42	42	42	42	42	42	41	41	41	40	40	41	41	39	38	39	35	13	13	13	13	12	12	12	13	14	13	13	15	16	18	19	22	25	28	31	35	38	40	42	42	44	46	44	47	55	64	70	74	77	81	83	83	83	83	83	83	83	83	83	83	83	83	83	83	83	83	83	83	83	83	83	83	83	83	83	83	84	84	83	83	83	83	83	83	83	83	83	83	83	83	83	83	83	83	83	84	84	84	84	84	84	84	84	84	84	84	84	84	84	84	84	83	83	83	83	84	84	84	84	84	84	84	84	84	84	84	84	84	84	84	84	84	84	84	84	84	84	84	84	84	84	83	84	83	83	84	84	83	84	84	84	83	83	84	84	84	84	83	83	84	84	84	84	83	83	83	83	83	83	83	83	83	83	83	83	83
83	83	84	84	84	83	83	84	84	83	83	83	83	84	84	83	83	83	83	83	83	83	83	83	84	84	84	83	83	83	83	83	83	83	83	83	84	84	84	84	84	83	83	83	83	83	83	83	83	83	83	83	83	83	83	83	83	83	84	84	84	83	83	83	83	83	83	83	83	83	83	83	83	83	83	84	84	83	83	83	83	84	83	84	84	84	84	84	84	84	84	84	83	83	83	84	84	83	83	83	83	83	83	83	84	84	84	84	84	84	83	83	84	83	83	83	83	84	84	83	83	83	83	83	83	83	83	83	83	83	83	84	84	83	83	83	83	83	83	83	83	83	83	83	83	83	83	83	83	83	83	83	83	83	84	84	84	84	84	83	83	83	83	83	83	83	83	83	83	83	83	83	83	83	83	83	84	84	84	83	83	83	83	83	83	83	83	83	83	83	83	83	83	83	83	83	83	83	83	83	84	83	83	83	83	83	84	84	84	84	84	84	84	84	84	84	83	83	83	83	83	83	84	84	83	83	84	84	84	84	83	84	83	84	84	84	84	84	83	84	84	83	83	83	84	84	84	84	84	84	84	84	84	84	84	84	84	84	84	84	84	84	84	84	84	84	84	84	84	84	84	84	84	84	84	83	83	83	83	84	84	84	84	84	84	84	84	84	84	84	84	84	83	83	84	84	84	83	83	83	84	84	84	84	84	84	83	83	83	70	41	34	37	38	39	40	41	42	42	42	42	43	43	43	43	43	43	43	44	45	49	50	50	50	50	50	50	50	50	51	51	52	52	52	52	52	51	51	52	52	52	52	52	52	52	52	52	52	52	52	53	53	53	52	52	52	51	51	52	51	53	52	52	52	52	53	53	53	53	53	53	52	52	52	52	51	51	51	51	51	51	51	51	51	51	51	51	50	50	50	50	50	50	50	50	50	49	49	49	49	49	48	48	48	48	48	48	48	48	47	47	46	46	47	46	46	46	46	46	45	45	45	45	45	44	44	44	44	44	44	43	43	43	42	42	42	42	43	42	43	43	43	42	43	43	43	43	43	43	43	43	43	42	42	42	42	42	42	42	42	42	41	41	41	41	40	40	39	39	42	38	21	13	13	16	15	14	14	14	13	13	13	14	13	13	13	13	14	14	15	17	21	24	27	32	37	38	37	38	39	37	41	41	43	48	57	73	83	83	83	83	83	83	83	83	83	83	83	83	83	83	83	83	83	83	83	83	83	84	83	83	84	83	83	83	83	83	83	83	83	83	83	83	83	83	84	83	83	84	84	84	84	84	84	84	84	84	84	84	84	84	84	84	84	84	83	83	83	83	83	83	84	84	84	84	84	84	84	84	84	84	84	84	84	84	84	84	84	84	83	83	84	84	84	84	83	84	83	83	84	84	84	84	84	84	83	83	83	83	83	83	83	83	84	84	84	84	84	83	83	83	83	83	83	83	83	83	83	83	83
83	83	83	83	83	83	83	83	83	83	83	84	84	84	84	84	84	84	84	84	84	83	83	83	84	84	84	84	84	84	84	84	84	83	83	84	84	84	84	83	83	83	83	83	83	83	83	83	83	83	83	83	83	83	83	83	83	83	83	83	83	83	83	83	83	83	83	83	83	83	83	83	83	83	83	84	84	84	83	83	84	84	84	83	83	83	83	83	83	83	83	83	83	83	83	83	83	83	83	84	83	83	83	84	84	84	83	83	83	84	84	84	84	83	83	84	84	84	84	84	84	83	83	83	83	83	83	83	83	83	83	84	84	84	83	83	83	83	83	83	83	83	83	83	83	84	84	83	84	83	83	84	84	84	84	84	84	84	84	83	83	83	83	83	83	83	83	83	83	83	83	83	83	83	83	83	84	84	84	83	83	83	83	83	83	83	83	83	83	83	83	83	83	83	83	83	84	84	83	83	83	83	83	83	83	83	84	83	83	84	84	84	84	84	84	84	83	83	83	83	83	83	84	84	83	84	84	84	84	84	83	83	83	83	84	83	83	84	83	83	83	84	84	84	84	84	84	84	84	84	84	84	84	84	84	84	84	84	84	84	84	84	84	84	84	84	84	84	84	84	84	84	84	84	84	83	83	84	84	84	84	84	84	84	84	84	84	84	84	84	84	84	84	84	84	84	84	83	83	83	84	84	84	84	84	84	83	83	83	82	74	47	33	36	38	39	41	41	42	42	42	42	42	43	43	43	43	43	43	43	45	49	50	50	50	50	50	50	50	51	51	51	51	51	51	51	51	51	51	52	52	52	52	51	52	52	52	52	52	52	52	52	52	52	53	52	52	51	51	52	52	52	52	52	52	53	53	53	53	53	53	53	52	52	52	51	51	51	51	51	51	50	51	51	51	51	51	50	50	50	50	50	50	50	50	49	49	49	49	49	48	48	48	48	48	48	48	48	48	48	47	47	46	46	46	46	46	46	45	45	45	45	45	45	45	44	44	44	44	44	44	43	43	43	43	43	43	43	42	43	43	43	43	43	43	43	43	43	43	43	44	43	42	42	42	42	43	42	42	43	43	42	41	41	41	41	41	40	39	45	73	70	52	38	56	60	53	43	35	28	21	17	14	13	13	13	14	14	14	13	13	14	14	15	16	17	17	18	20	20	20	23	22	24	25	30	58	82	83	83	83	83	83	83	83	83	83	83	83	83	83	83	83	83	83	83	83	83	84	83	83	84	83	83	83	83	83	83	83	83	83	83	84	84	84	84	84	84	84	84	84	84	84	84	84	84	84	84	84	84	84	84	84	84	84	83	83	83	83	83	83	84	84	84	84	84	84	84	84	84	84	84	84	84	84	83	83	83	84	83	83	84	84	84	84	83	83	83	83	84	84	84	84	84	84	83	83	83	83	83	83	83	83	84	84	84	84	84	83	83	83	83	83	83	83	83	83	83	83	83
83	83	83	83	83	83	83	83	83	83	83	83	83	84	84	84	84	84	84	83	83	83	83	83	84	84	84	84	84	83	83	83	83	83	83	83	83	83	83	83	83	83	83	83	83	83	84	83	83	83	83	84	83	83	83	83	83	83	83	83	83	83	83	83	83	83	83	83	83	83	83	83	83	83	83	83	84	83	83	83	83	83	83	83	83	83	83	83	83	83	83	83	83	83	83	83	83	83	83	83	83	83	83	83	83	83	83	83	83	83	83	83	83	83	83	83	83	84	84	84	84	84	84	84	84	84	83	83	83	84	84	84	83	83	83	83	83	83	83	83	83	83	83	83	83	83	83	83	83	83	83	83	83	83	83	83	83	84	83	83	83	83	83	83	83	83	83	83	83	83	83	83	83	83	83	83	84	84	84	83	83	83	84	84	84	84	84	83	83	83	83	83	83	83	83	83	83	83	83	83	83	83	84	84	84	83	84	84	84	84	83	83	84	84	84	84	83	84	84	84	84	84	84	84	83	83	84	84	84	84	84	84	84	84	84	83	83	83	83	83	83	84	84	84	84	84	84	84	84	84	84	84	84	84	84	84	84	84	83	83	84	84	84	84	84	84	84	84	84	84	84	84	84	84	84	83	84	84	84	84	84	83	84	84	84	84	84	84	84	84	84	84	84	84	84	84	84	84	84	84	84	84	84	84	84	84	84	84	83	83	83	78	54	33	35	38	40	41	41	41	42	42	42	42	43	43	43	43	42	42	43	45	48	49	50	50	50	50	50	50	50	50	51	51	51	51	51	51	51	51	51	52	52	51	52	52	52	51	51	51	50	50	51	52	52	52	52	52	52	52	53	52	52	52	53	53	53	53	53	53	53	53	52	51	52	52	52	52	52	51	51	50	51	51	51	51	51	51	51	51	50	50	50	50	49	49	49	49	49	49	49	48	48	48	48	48	48	48	49	48	48	47	46	46	46	46	46	46	46	46	45	45	45	45	45	45	44	44	44	44	44	43	43	43	43	43	43	43	43	43	44	43	43	43	44	43	44	43	43	43	43	43	42	43	43	43	43	43	42	42	42	42	42	41	42	42	41	40	39	44	72	83	82	80	81	83	83	82	79	76	71	64	55	45	38	29	24	18	16	14	13	14	13	13	14	13	12	12	12	12	12	13	16	21	26	42	75	84	83	83	84	83	83	83	83	83	83	83	83	84	84	84	84	84	84	83	84	84	84	84	84	84	84	84	84	83	83	83	83	83	83	84	84	84	84	84	84	84	84	83	83	83	83	83	83	83	84	84	84	84	84	84	84	84	84	84	84	84	83	83	84	84	84	84	84	84	84	84	84	84	84	84	83	83	83	83	84	84	84	84	84	84	84	84	84	83	83	83	83	84	84	84	84	83	83	83	83	83	83	83	83	83	83	83	83	83	84	84	83	83	83	83	83	83	83	83	83	83	83	83
84	83	83	83	83	83	83	83	83	83	83	83	83	83	83	83	83	83	83	83	83	83	83	83	83	83	83	83	83	83	83	83	83	83	83	83	83	83	83	83	83	83	83	83	83	83	84	83	83	83	83	83	83	83	83	83	83	83	83	83	83	83	83	83	83	83	83	83	83	83	83	83	83	83	83	83	83	83	83	83	83	84	84	83	83	83	83	83	83	83	83	83	83	83	83	83	83	83	83	83	83	83	84	83	83	83	83	83	83	83	83	83	83	83	83	83	83	83	83	83	83	84	84	84	84	83	83	83	84	84	84	84	83	83	83	83	83	83	83	83	83	83	84	84	84	83	83	83	83	83	83	83	83	83	83	83	83	84	83	83	83	83	83	83	83	83	83	83	83	83	83	83	83	83	83	83	83	83	83	83	83	83	84	84	84	84	84	83	83	83	83	83	83	83	83	83	83	83	83	83	84	84	84	84	83	83	83	83	84	84	83	83	84	83	83	84	84	84	84	83	83	84	84	84	83	83	83	84	84	84	84	84	84	83	84	83	83	84	84	84	84	84	84	84	84	84	84	84	84	84	84	84	84	84	84	84	84	84	83	83	84	84	84	84	84	84	84	84	84	84	84	84	84	84	84	84	84	84	84	84	84	83	84	84	84	84	84	84	84	84	84	84	84	84	84	84	84	84	84	84	84	84	84	83	84	84	84	84	84	83	83	83	81	63	36	34	38	40	41	41	41	42	42	42	42	43	44	43	43	42	43	43	45	47	49	50	50	50	50	50	50	50	51	51	51	51	51	51	51	51	51	51	51	51	51	51	51	51	51	52	50	50	51	52	52	52	52	52	52	52	52	52	52	53	53	53	53	53	53	53	54	53	53	52	52	52	52	52	52	51	51	51	51	51	51	51	52	51	51	51	50	50	50	50	50	49	49	49	49	49	49	49	48	48	48	48	48	48	48	48	48	48	47	46	46	46	47	47	46	46	46	46	45	45	45	45	45	44	44	44	44	43	43	44	43	43	43	43	44	43	44	44	44	44	44	44	44	44	43	43	43	43	43	43	43	42	43	43	43	43	43	42	42	42	42	42	42	41	41	42	68	84	83	83	83	83	83	83	83	83	83	82	83	83	81	78	74	69	61	52	42	33	25	22	18	14	14	13	12	11	11	12	18	17	30	67	82	84	83	83	84	83	83	83	83	83	83	83	84	84	84	84	84	84	84	83	83	84	84	83	83	83	83	84	84	83	84	83	83	83	83	83	84	84	84	84	84	84	84	83	83	83	83	83	83	83	83	84	84	84	84	84	84	84	84	84	84	84	84	84	84	84	84	84	84	84	84	84	84	83	84	84	83	83	83	83	84	84	84	84	84	84	84	84	84	83	83	83	83	84	84	83	84	83	83	83	83	83	83	83	83	83	83	83	83	83	84	84	83	83	83	83	83	83	83	83	83	83	83	83
84	83	83	83	83	83	83	83	83	83	83	83	83	83	83	83	83	83	83	83	83	83	83	83	83	83	83	83	83	83	83	83	83	83	83	83	83	83	83	83	83	83	83	83	83	83	84	83	83	83	83	83	83	83	83	83	83	83	83	83	83	83	83	83	83	83	83	83	83	83	83	83	83	83	83	83	83	83	83	83	83	84	84	84	84	84	84	84	84	83	83	83	83	83	83	83	83	83	83	83	83	83	84	83	83	83	83	83	83	84	84	83	83	83	83	83	83	83	83	82	83	83	83	83	83	83	84	84	84	84	84	84	84	84	84	84	84	84	84	84	84	84	84	84	84	84	84	83	83	83	83	83	83	83	83	83	83	83	83	83	83	83	83	83	83	83	83	83	83	83	83	83	83	83	83	83	83	83	83	83	83	83	84	84	84	84	84	83	83	83	83	83	83	83	83	83	83	83	83	83	84	83	83	84	83	83	83	84	84	84	83	83	83	83	83	84	84	84	83	83	83	83	83	84	83	83	83	83	84	83	83	83	83	83	83	83	84	84	84	84	84	84	84	84	84	84	84	84	84	84	84	84	84	84	84	84	84	84	84	84	84	84	84	84	84	84	84	84	84	83	83	84	84	84	84	84	84	84	84	84	84	84	84	84	84	84	84	84	84	84	84	84	84	84	84	84	84	84	84	84	84	84	84	83	83	84	84	84	84	84	83	83	83	83	70	42	33	38	39	40	41	42	42	41	42	42	43	43	42	43	43	43	43	44	47	49	50	50	50	50	50	50	51	51	51	50	51	51	51	51	51	51	51	51	51	51	51	51	51	52	52	52	52	52	52	52	52	52	52	52	52	52	52	53	53	53	53	53	53	53	54	53	53	52	52	52	51	51	52	52	51	51	51	51	51	51	52	51	51	51	50	50	50	50	50	50	50	49	49	49	49	49	48	48	48	48	48	48	48	49	49	48	47	47	46	46	46	46	46	46	46	46	45	45	45	45	45	44	45	44	44	44	44	44	44	44	43	43	44	44	44	44	44	44	44	44	44	44	43	43	43	43	43	43	43	43	43	43	43	43	43	43	43	43	43	42	42	42	41	42	62	83	83	83	83	83	83	83	84	83	84	84	83	84	84	83	83	83	82	83	82	80	77	73	67	61	58	55	49	41	38	42	49	46	60	81	83	83	83	83	84	83	83	83	83	83	83	83	84	84	84	84	84	83	83	83	83	83	84	83	83	83	83	83	83	83	84	83	83	83	83	83	84	84	84	84	84	84	84	83	83	83	83	83	83	83	83	84	84	84	84	84	84	84	84	84	84	84	84	84	84	84	84	84	84	84	84	84	84	83	84	84	84	84	84	84	84	84	84	84	84	84	84	84	84	83	83	83	83	84	84	83	84	83	83	83	83	83	83	83	83	83	83	83	83	83	84	84	83	83	83	83	83	83	83	83	83	83	83	83
84	83	83	83	83	83	83	83	83	83	83	83	83	83	83	83	83	83	83	83	83	83	83	83	83	83	83	83	83	83	83	83	83	83	83	83	83	83	83	83	83	83	83	83	84	83	83	83	83	83	82	83	83	83	83	83	83	83	83	83	83	83	83	83	83	83	83	83	83	83	83	83	83	83	83	83	83	83	83	83	83	83	83	83	83	83	83	83	83	83	83	83	83	83	83	83	83	83	83	83	83	83	83	83	83	83	83	83	83	83	83	83	83	83	83	83	83	83	83	83	83	84	83	83	83	83	84	84	84	84	84	84	84	84	84	84	84	84	84	84	84	84	84	84	84	83	83	83	83	83	83	84	83	83	83	83	83	83	83	83	83	83	83	83	83	83	83	83	83	83	83	83	83	83	83	83	83	83	83	83	83	83	84	84	84	84	84	84	84	84	83	83	83	83	83	84	84	84	84	84	83	83	83	84	84	83	84	84	84	84	83	84	84	84	84	84	83	83	83	83	83	83	83	83	83	83	83	84	84	84	83	83	83	83	83	84	84	84	84	84	84	84	84	84	83	84	84	84	84	84	84	84	84	84	84	84	84	84	84	84	84	84	84	84	84	84	84	84	84	84	84	84	84	84	84	83	83	83	83	84	84	84	84	83	83	84	84	84	84	83	83	84	84	84	84	84	84	84	84	84	84	84	84	84	84	84	83	83	83	84	84	83	83	83	82	75	48	33	36	39	40	41	42	42	42	43	43	43	43	43	43	43	44	44	44	46	49	50	50	50	50	50	50	50	50	50	51	51	50	50	51	51	51	51	51	51	51	51	52	52	52	53	52	52	52	52	51	51	52	52	52	52	53	53	53	53	53	53	53	53	53	53	53	52	52	52	52	52	51	52	52	51	51	51	51	51	51	51	51	51	51	50	50	50	51	50	50	50	49	49	49	49	49	49	48	48	48	48	48	49	49	48	48	47	46	46	46	46	46	46	46	46	46	46	45	45	45	45	45	45	44	44	44	44	44	44	43	43	44	44	44	43	43	44	44	44	44	44	43	44	44	44	44	43	43	43	44	44	44	43	43	43	43	43	43	43	43	42	42	42	57	82	83	83	83	83	83	83	83	83	83	83	83	83	84	84	84	83	83	83	83	84	84	84	84	84	84	83	82	82	80	81	83	83	83	83	83	83	83	83	83	83	83	83	83	83	83	83	84	83	83	83	83	83	83	83	83	83	84	83	83	83	83	84	84	83	84	83	84	84	83	83	84	84	84	84	83	83	83	84	84	84	84	84	84	84	84	84	84	84	84	84	84	84	84	84	84	84	84	84	83	83	83	83	84	84	84	84	84	84	84	84	84	84	84	84	84	84	84	84	84	84	84	84	83	83	83	84	84	83	83	83	84	83	83	83	83	83	83	83	83	83	83	83	83	83	83	83	83	84	83	83	84	84	83	83	83	83	84	84
84	83	83	83	83	83	83	83	83	83	83	83	83	83	83	83	83	83	83	83	83	83	83	83	84	84	83	83	83	83	83	83	83	84	84	83	83	83	83	83	83	83	83	83	83	83	83	83	83	83	83	83	83	83	83	83	83	83	83	83	83	83	83	83	83	83	83	83	83	83	83	83	83	83	83	83	83	83	83	83	83	83	83	83	83	83	83	83	83	83	83	83	83	83	83	83	83	83	83	83	83	83	83	83	83	83	83	83	83	83	83	83	83	83	83	83	83	83	83	83	84	84	84	83	83	83	84	84	84	84	84	84	84	84	84	84	84	84	84	84	84	84	84	84	84	84	84	83	83	83	83	84	83	83	83	83	83	83	83	83	83	83	83	83	84	83	83	83	84	84	84	84	84	83	83	83	83	84	84	83	83	83	84	84	84	84	84	84	84	84	83	83	83	83	84	84	83	84	84	84	83	83	83	84	83	83	84	83	83	83	83	84	84	83	83	83	83	83	83	83	83	83	83	83	83	83	83	84	84	84	84	84	84	84	84	84	84	84	84	84	84	84	84	84	83	84	84	84	84	84	84	84	84	84	84	84	84	84	84	84	84	84	84	84	84	84	84	84	84	84	84	84	84	84	84	84	84	84	84	84	84	84	84	83	83	84	84	84	84	83	83	84	84	84	84	84	84	84	84	84	84	84	84	84	84	84	84	84	83	84	83	83	83	83	83	83	79	55	34	36	39	40	41	42	42	42	42	43	43	43	43	43	43	44	44	44	45	48	50	49	49	49	50	50	50	50	50	50	50	51	50	51	51	51	51	51	52	51	51	52	52	52	52	52	52	52	51	51	52	52	52	52	52	52	52	49	51	53	53	53	53	53	53	52	52	52	52	52	51	51	51	51	51	52	51	51	51	51	51	51	50	50	50	50	51	50	50	50	50	49	49	49	49	49	49	48	48	48	48	48	49	48	48	48	47	46	46	46	46	46	46	46	46	46	46	45	45	45	45	45	45	44	44	44	44	44	44	43	43	44	43	43	44	44	45	45	45	44	44	44	44	44	45	44	44	44	44	44	44	43	43	43	43	43	43	43	43	43	42	42	52	80	83	83	83	83	83	83	83	83	83	83	83	83	84	84	84	83	83	83	83	83	84	84	84	84	83	83	83	84	83	83	83	83	83	83	83	83	83	83	83	83	83	83	83	83	83	83	84	83	83	83	83	83	83	83	83	83	84	83	83	83	83	84	84	83	84	83	84	84	84	83	84	84	84	84	83	83	84	84	84	84	84	84	84	84	84	84	84	84	84	84	84	84	84	84	84	84	84	84	83	83	83	83	84	84	84	84	84	84	84	84	84	84	84	84	84	84	84	84	84	84	84	84	83	83	83	84	84	83	83	83	84	83	83	83	83	83	83	83	83	83	83	83	83	83	83	83	83	84	83	83	84	84	83	83	83	83	84	84
84	83	83	83	83	83	83	83	83	83	83	83	83	83	83	83	83	83	83	83	82	83	83	83	83	83	83	83	83	83	83	83	83	83	83	83	83	83	83	83	83	83	83	83	83	83	83	83	83	83	83	83	83	83	83	83	83	83	83	83	83	83	83	83	83	83	83	83	83	83	83	83	83	83	83	83	83	83	83	83	83	83	83	83	83	83	83	83	83	83	83	83	83	83	83	84	84	83	83	83	83	83	83	83	83	83	83	83	83	83	83	83	83	83	83	83	83	84	84	83	84	84	84	84	83	84	84	84	84	84	84	84	84	84	84	84	84	84	84	84	84	84	84	83	84	84	84	84	83	83	83	83	83	83	84	83	83	83	83	83	83	83	83	83	83	83	83	84	84	84	84	84	84	84	83	83	84	84	84	83	83	83	84	84	84	84	84	84	84	84	83	83	83	84	84	84	83	83	84	83	83	83	84	84	84	83	83	83	83	83	83	83	83	83	83	83	83	83	83	84	84	83	83	84	83	83	84	83	84	84	84	84	84	84	84	84	84	84	84	84	84	84	84	84	83	84	84	84	84	84	84	84	84	84	84	84	84	84	84	84	84	84	84	84	84	84	84	84	84	84	84	84	84	84	84	84	84	84	84	84	84	84	84	84	84	84	84	84	84	83	83	83	84	84	84	84	84	84	84	84	84	84	84	84	84	84	84	84	84	84	84	84	83	83	83	83	83	81	64	37	36	38	39	40	41	42	42	42	42	43	43	43	43	43	43	43	44	45	48	49	50	49	49	49	50	50	50	50	50	50	51	51	51	51	51	52	52	50	51	52	52	52	52	52	52	52	52	51	51	51	51	51	51	52	51	49	50	52	53	53	53	53	53	53	53	52	52	52	52	52	51	52	52	52	52	52	52	52	51	51	50	50	50	50	51	50	50	50	50	50	49	49	49	49	48	48	48	48	48	48	48	49	48	48	47	47	46	46	46	47	47	46	46	46	46	45	45	45	45	45	45	45	44	44	44	44	44	43	43	43	43	44	44	45	45	45	45	45	44	44	44	45	45	44	44	44	45	44	44	44	44	44	44	44	43	44	43	43	43	42	48	77	83	83	83	83	83	83	83	83	83	83	83	83	83	83	83	83	83	84	83	83	84	84	84	84	83	83	83	83	83	83	83	83	83	83	84	83	83	83	83	83	83	83	83	83	83	83	84	83	83	83	83	83	83	83	83	83	84	83	83	83	83	84	84	83	84	83	84	84	84	83	84	84	84	84	84	84	84	84	84	84	84	84	84	84	84	84	84	84	84	84	84	84	84	84	84	84	84	84	84	83	83	83	84	84	84	84	83	84	84	84	84	84	84	84	84	84	84	84	84	84	84	84	83	83	84	84	84	83	83	83	84	83	83	83	83	83	83	83	83	83	83	83	83	83	83	83	83	84	83	83	84	84	83	83	83	83	84	84
83	82	83	83	83	83	83	83	83	82	82	83	83	83	82	82	83	83	83	83	82	83	83	83	83	83	83	83	83	83	83	83	83	83	83	83	83	83	83	83	83	83	83	83	83	83	83	83	83	83	83	83	83	83	83	83	83	83	83	83	83	83	83	83	83	83	83	82	82	83	83	83	83	83	83	83	83	83	83	83	83	83	83	83	83	83	83	83	83	84	84	84	84	84	83	83	83	83	83	83	83	83	83	83	83	83	83	83	83	83	83	84	84	83	83	83	83	84	84	84	84	84	84	84	84	84	84	84	84	84	84	84	84	84	84	84	84	84	84	83	83	83	84	83	83	84	84	84	84	84	83	83	83	83	84	83	83	83	83	83	83	83	83	83	83	83	84	84	84	84	84	83	83	83	83	83	84	84	84	84	84	83	84	83	83	83	83	83	83	83	83	84	84	83	84	84	84	84	83	83	84	84	83	84	84	84	84	83	84	84	83	83	84	84	84	84	84	84	84	84	84	83	83	83	83	84	84	84	84	84	84	84	84	84	84	84	84	84	84	84	84	84	84	84	84	84	84	84	84	84	84	84	84	84	84	84	84	84	84	84	84	84	84	84	84	84	84	84	84	84	84	84	84	84	84	84	84	84	84	83	83	83	83	83	83	83	83	83	84	84	84	83	84	84	84	84	84	84	84	84	84	83	83	84	84	83	83	83	83	84	84	84	84	84	84	83	83	83	82	69	41	34	37	39	39	41	42	42	42	42	43	43	43	43	43	43	43	43	44	47	49	50	49	49	49	49	50	50	50	51	50	51	51	50	51	51	53	52	50	52	52	52	52	52	52	52	52	52	51	51	51	51	52	52	52	51	51	52	53	53	53	53	53	53	53	53	52	52	52	52	52	51	52	52	52	52	52	52	52	51	50	50	50	50	50	50	50	50	50	50	49	49	48	48	47	48	47	47	47	47	48	48	48	48	48	47	47	47	47	47	47	47	46	46	46	46	46	46	46	45	45	45	45	45	44	44	44	43	41	42	43	44	45	45	45	45	45	45	45	45	45	45	45	45	44	44	45	45	45	44	44	44	45	44	44	44	44	43	42	42	46	73	83	83	83	83	83	83	84	84	83	83	83	83	83	83	83	83	83	83	83	83	83	83	83	84	84	84	83	83	83	83	83	83	83	83	84	84	83	83	83	83	83	83	83	84	84	83	83	83	83	83	83	83	83	83	83	83	84	84	84	83	83	83	83	83	84	83	84	84	84	83	84	84	84	84	84	84	84	84	84	84	83	84	84	84	84	84	84	84	84	84	84	84	84	84	84	84	84	84	84	84	84	84	84	84	84	83	83	83	84	84	84	84	84	84	84	84	84	84	84	84	84	84	83	83	84	84	84	84	84	84	83	83	83	83	83	83	83	83	83	83	83	83	83	83	84	84	84	83	83	83	83	83	83	83	83	83	83	83
83	82	83	83	83	83	83	83	83	83	83	83	83	83	83	83	83	83	83	83	83	83	83	83	83	83	83	83	83	83	83	83	83	83	83	83	83	83	83	83	83	83	83	83	83	83	83	83	83	83	83	83	83	83	83	83	83	83	83	83	83	83	83	83	83	83	83	83	83	83	83	83	83	83	83	83	83	83	83	83	83	83	83	83	83	83	83	83	83	83	83	83	83	83	83	83	83	83	83	83	83	83	83	83	83	83	83	83	83	83	83	83	83	83	83	83	83	84	84	84	84	84	84	84	84	84	84	84	84	84	84	84	84	84	84	84	84	84	84	83	83	83	84	84	83	84	84	84	84	84	83	83	83	83	84	83	83	83	83	83	83	83	83	83	83	83	84	84	83	83	83	83	83	83	83	83	83	83	83	84	83	83	84	84	84	83	83	83	83	83	84	84	84	84	84	84	84	84	83	83	84	83	83	83	83	83	84	83	83	83	84	84	84	83	83	83	83	83	84	84	84	84	83	84	84	84	84	84	84	84	84	84	84	84	84	84	84	84	84	84	84	84	84	84	84	84	84	84	84	84	84	84	84	84	84	84	84	84	84	84	84	84	84	84	84	84	84	84	84	84	84	84	84	84	84	84	84	84	84	83	84	84	84	84	84	84	84	84	84	84	84	84	84	84	84	84	84	84	84	84	84	83	83	84	84	84	84	84	84	84	84	84	84	84	84	84	83	83	83	83	75	47	33	36	38	40	41	41	42	42	43	43	43	43	43	43	43	44	43	44	48	50	49	49	50	49	50	50	50	50	51	51	51	50	51	51	52	52	51	52	52	52	51	51	52	52	52	52	52	52	52	52	52	52	52	52	52	52	52	52	52	53	53	53	53	53	52	52	52	52	52	51	52	52	52	52	52	52	52	52	51	51	50	50	50	50	50	50	50	50	50	49	49	48	47	47	47	47	47	47	48	48	48	48	48	47	48	47	47	47	47	46	47	47	47	47	47	46	46	46	45	45	45	45	45	44	43	41	39	39	42	44	45	46	46	46	45	45	45	45	45	45	45	44	44	44	45	45	45	45	45	45	45	45	44	45	44	43	43	42	45	69	83	83	83	83	83	83	84	84	83	83	83	83	83	83	83	83	83	83	83	83	83	83	83	83	83	83	83	83	83	83	83	83	83	83	84	84	83	83	83	83	83	83	83	83	83	83	83	83	83	83	83	83	83	83	83	83	84	84	84	84	83	83	83	83	84	83	84	84	84	83	84	84	84	84	84	84	84	84	84	84	83	84	84	84	84	84	84	84	84	84	84	84	84	84	84	84	84	84	84	84	84	84	84	84	84	83	83	83	84	84	84	84	84	84	84	84	84	84	84	84	84	84	83	83	84	84	84	84	84	84	83	83	83	83	83	83	83	83	83	83	83	83	83	83	84	84	84	83	83	83	83	83	83	83	83	83	83	83
83	82	83	83	83	83	83	83	83	83	83	83	83	83	83	83	83	83	83	83	83	83	83	83	83	83	83	83	83	83	83	83	83	83	83	83	83	83	83	83	83	83	82	83	83	83	83	83	83	83	83	83	83	83	83	83	83	83	83	83	83	83	83	83	83	83	83	83	83	83	83	83	83	83	83	83	83	83	83	83	83	83	83	83	83	83	83	83	83	83	83	83	83	83	83	83	83	83	83	83	83	83	83	83	83	83	83	83	83	83	83	83	83	83	83	84	84	84	84	84	84	84	84	84	84	84	84	84	84	84	84	84	84	84	84	84	84	83	83	83	83	83	84	83	83	84	84	84	84	84	83	83	83	83	83	83	83	83	83	83	84	84	84	83	84	83	83	83	83	83	83	83	83	83	83	83	83	83	83	84	83	83	84	84	84	84	84	84	84	84	84	84	84	84	84	84	84	84	83	83	84	83	83	83	83	83	83	83	83	83	84	84	84	83	83	83	83	83	83	83	83	84	84	84	84	84	84	84	84	84	84	84	84	84	84	84	84	84	84	84	84	84	84	84	84	84	84	84	84	84	84	84	84	84	84	84	84	84	84	84	84	84	84	84	84	84	84	84	84	84	84	84	84	84	84	84	84	84	84	83	84	84	84	84	84	84	84	84	84	84	84	84	84	84	84	84	84	84	84	84	84	84	84	84	84	84	84	84	84	84	84	84	84	84	84	84	83	83	83	83	83	79	54	34	36	38	39	40	41	42	43	43	43	43	43	43	43	44	43	44	44	47	49	50	50	50	50	50	50	50	51	51	50	50	51	51	51	52	52	52	52	52	52	51	51	51	52	52	52	52	52	53	53	53	52	52	52	51	51	52	52	52	52	53	53	53	53	52	52	52	52	52	52	52	52	52	52	52	52	52	51	51	51	51	50	50	50	50	50	50	50	50	49	48	48	47	47	47	47	48	47	48	48	48	48	48	48	47	47	47	47	47	47	47	47	47	46	46	46	46	46	46	45	45	45	45	44	42	40	39	42	44	44	45	46	45	45	45	45	45	45	45	45	44	44	45	45	45	45	45	45	45	45	45	44	44	44	43	42	42	44	63	83	83	83	83	83	83	84	84	83	83	83	83	83	83	83	83	83	83	83	83	83	83	83	83	83	83	83	83	83	83	83	83	83	83	84	84	83	83	83	83	83	83	83	83	83	83	83	83	83	83	83	83	83	83	83	83	84	84	84	84	83	83	83	83	84	83	83	84	83	84	84	84	84	84	84	84	84	84	84	84	84	84	84	84	84	84	84	84	84	84	84	84	84	84	84	84	84	84	84	84	84	84	84	84	84	83	83	83	84	84	84	84	84	84	84	84	84	84	84	84	84	84	83	83	84	84	84	84	84	84	83	83	83	83	83	83	83	83	83	83	83	83	83	83	84	84	84	83	83	83	83	83	83	84	84	84	84	84
84	83	83	83	83	82	82	82	82	82	82	82	82	83	83	82	83	83	83	82	82	83	83	83	83	83	83	83	83	83	83	83	83	83	82	83	83	83	83	83	83	83	83	83	83	83	82	83	83	83	83	83	83	83	83	83	83	83	84	84	84	83	83	83	83	83	83	83	83	84	84	84	84	84	84	84	84	84	84	84	84	83	84	84	84	84	83	83	83	83	83	83	84	84	84	83	83	83	83	83	83	83	83	83	83	83	83	83	83	83	83	83	83	83	84	84	84	83	83	83	84	83	84	84	84	84	84	84	83	83	83	84	84	84	84	84	83	82	83	83	83	83	84	84	84	84	84	84	84	84	84	84	83	83	83	83	83	83	83	83	84	84	83	83	84	83	83	83	83	83	83	83	83	83	83	83	83	83	83	84	84	84	84	84	84	84	83	83	84	84	84	84	84	84	83	83	84	84	83	84	84	83	83	83	83	83	83	83	84	84	83	84	84	84	84	84	84	84	84	84	84	84	84	84	84	84	84	84	84	84	84	84	84	84	84	84	84	84	84	84	84	84	84	84	83	84	84	84	84	84	84	84	84	84	84	84	84	84	84	84	84	84	84	84	84	84	84	84	84	84	84	84	83	83	83	83	84	84	84	83	84	84	84	83	84	84	84	84	84	84	84	84	83	84	84	84	84	84	84	84	84	84	84	84	84	84	84	84	84	84	84	84	84	84	84	84	84	84	83	83	84	83	81	63	37	35	38	39	39	41	42	42	43	43	43	43	44	44	44	44	43	42	46	49	50	50	50	50	51	50	50	50	50	50	50	50	51	52	52	52	52	52	52	52	52	52	52	52	52	52	52	52	52	53	53	52	52	51	51	52	52	53	52	53	52	52	52	52	52	52	52	52	52	52	52	52	52	52	52	52	52	51	51	51	50	50	50	50	50	50	50	50	49	48	48	47	47	48	48	48	48	48	48	48	48	48	48	48	47	47	47	47	47	47	47	47	46	47	47	46	46	46	45	44	44	44	43	43	42	42	42	44	45	45	46	45	44	45	45	45	45	45	45	45	45	45	45	44	45	45	45	45	44	45	45	44	44	43	42	42	43	57	82	84	84	83	83	83	84	84	83	83	83	83	83	83	83	83	83	83	83	83	83	84	84	84	84	84	83	83	83	83	83	83	83	83	83	83	83	84	84	83	84	83	83	83	83	83	83	83	83	83	83	83	83	83	83	84	84	83	84	84	83	83	83	83	84	83	83	83	83	84	84	83	83	84	84	84	84	84	84	84	84	84	84	84	84	83	84	84	84	84	84	84	84	84	84	84	84	84	84	84	84	84	84	84	84	84	84	84	84	84	84	84	84	84	84	84	84	84	84	84	84	84	84	83	84	84	84	84	84	84	83	83	83	84	83	84	83	83	83	84	84	83	83	83	83	84	84	84	83	83	83	83	83	84	84	84	84	84
84	82	83	83	83	83	83	83	82	82	82	83	83	83	83	83	83	83	83	83	83	83	83	83	83	83	83	83	83	83	83	83	83	83	83	83	83	83	83	83	83	83	83	83	83	83	82	83	83	83	83	83	83	83	83	83	83	83	83	83	83	83	83	83	83	83	83	83	83	83	83	83	83	83	83	83	83	83	84	84	84	83	83	83	83	83	83	83	83	83	83	83	83	83	83	83	83	83	83	83	83	84	84	84	84	83	83	83	83	84	84	83	83	83	84	84	84	84	84	84	83	83	83	84	84	83	83	83	83	83	83	84	84	84	83	83	83	83	83	83	83	83	84	84	84	84	84	84	84	84	84	84	84	83	83	83	83	83	83	83	83	83	83	83	83	83	83	83	83	83	83	84	84	83	83	83	83	83	83	83	83	83	83	83	83	83	83	83	83	83	83	83	84	84	83	83	83	83	83	83	83	83	83	83	83	84	84	84	84	84	84	84	84	84	84	84	84	84	84	84	84	84	84	84	84	84	84	84	84	84	84	84	84	84	84	84	84	84	84	84	84	84	84	84	83	84	84	84	84	84	84	84	84	84	84	84	84	84	84	84	84	84	84	84	84	84	84	84	84	84	84	84	84	84	84	84	84	84	84	83	84	84	84	84	84	84	84	84	84	84	84	84	84	84	84	84	84	84	84	84	84	84	84	84	84	84	84	84	84	84	84	84	84	84	84	84	84	84	84	83	84	83	83	83	71	42	34	37	38	40	42	42	43	43	43	43	43	43	43	44	43	43	43	45	48	49	50	50	51	51	50	50	50	51	50	50	51	51	52	52	52	52	52	52	52	52	53	53	53	52	52	52	52	53	53	53	52	53	52	52	52	53	52	53	53	52	52	52	52	52	52	52	52	52	52	52	52	52	52	52	52	52	51	51	50	49	49	50	49	49	49	49	48	48	48	48	48	48	48	48	48	48	47	48	48	48	48	48	48	47	47	47	47	47	47	47	47	47	46	46	46	45	44	44	44	44	44	43	43	42	43	44	45	46	46	45	45	45	45	45	45	45	45	45	45	45	45	45	45	45	45	45	44	45	45	44	44	43	43	43	43	51	80	84	83	83	83	83	84	84	83	83	83	83	83	83	83	84	84	83	83	83	84	84	84	84	84	84	83	83	83	83	83	83	83	83	83	83	83	84	84	83	84	83	83	83	83	83	83	83	83	83	83	83	83	83	83	84	84	83	84	84	83	83	83	83	84	83	83	84	83	84	84	83	83	84	84	84	84	84	84	84	84	84	84	84	84	83	84	84	84	84	84	84	84	84	84	84	84	84	84	84	84	84	84	84	84	84	84	84	84	84	84	84	84	84	84	84	84	84	84	84	84	84	84	83	83	83	83	84	84	84	83	83	83	84	83	84	83	83	84	84	84	83	83	83	83	83	83	83	83	83	83	83	83	83	83	83	83	83
83	82	82	82	82	83	83	82	82	82	83	83	83	83	83	83	83	83	83	83	83	83	82	82	82	82	82	82	82	82	83	83	83	83	83	83	83	83	83	83	83	83	83	83	83	83	83	83	83	83	83	83	83	83	83	83	84	83	83	83	83	83	83	83	83	83	83	83	83	83	83	83	83	83	83	83	83	83	84	84	84	83	84	83	83	83	83	83	83	83	83	83	84	84	84	84	84	84	84	84	84	84	84	84	84	84	84	84	84	84	84	84	84	83	84	84	84	83	83	83	83	83	83	83	83	83	84	84	84	84	84	83	83	83	83	83	83	83	84	84	83	84	84	84	84	84	83	83	83	83	83	84	84	83	83	83	84	84	84	83	83	83	83	83	83	83	83	83	83	84	83	83	83	83	83	83	83	83	83	83	83	83	84	84	83	83	83	83	83	84	83	83	83	84	84	84	83	83	83	83	83	83	83	84	84	84	84	84	84	84	84	84	84	84	84	84	84	84	84	84	84	84	84	84	84	84	84	84	84	84	84	84	84	84	84	84	84	84	84	84	84	84	84	84	84	84	84	84	84	84	84	84	84	84	84	84	84	84	84	84	84	83	83	84	84	84	84	84	84	84	84	84	84	84	84	84	84	84	84	83	84	84	84	84	84	84	84	84	84	84	84	84	84	84	84	84	84	84	84	84	84	84	84	84	84	84	84	84	84	84	84	84	84	84	84	84	84	84	84	84	83	83	83	83	83	75	48	34	38	39	41	42	43	43	43	43	43	43	43	43	44	43	43	43	44	48	50	50	51	51	51	50	50	51	51	50	50	51	51	51	51	51	51	51	51	52	52	53	53	53	52	52	52	52	52	52	52	52	52	52	52	52	52	53	53	52	52	52	52	52	52	52	51	52	51	52	52	51	51	52	52	52	51	50	50	50	50	49	49	49	49	49	49	48	48	48	48	48	48	48	48	48	48	48	48	48	48	48	48	48	48	48	48	47	47	47	47	47	46	46	46	46	45	45	45	45	45	45	44	43	43	44	45	46	46	46	45	46	46	45	46	46	46	46	46	45	45	45	45	45	45	45	45	45	45	44	44	44	43	43	43	49	77	84	83	84	83	83	84	84	83	83	83	83	83	83	83	83	83	83	83	83	84	84	84	84	84	84	83	83	83	84	84	83	83	83	83	83	83	83	84	83	84	83	83	83	83	83	83	83	83	83	83	83	83	83	83	83	83	83	83	83	83	83	83	83	84	83	83	84	84	84	84	83	84	84	84	84	84	84	84	84	84	84	84	84	84	84	84	84	83	83	84	84	84	84	84	84	84	84	84	84	84	84	84	84	84	84	84	84	84	84	84	84	84	84	84	84	84	84	84	84	84	84	84	84	83	83	83	84	84	84	84	84	84	84	84	84	84	84	84	84	84	84	84	84	83	83	83	83	83	83	83	83	83	84	84	83	83	83
83	82	82	82	82	82	82	82	82	82	83	83	82	83	83	83	83	82	82	82	82	82	82	82	82	82	82	82	82	82	82	82	82	83	83	83	83	83	83	83	83	83	83	83	83	83	83	83	83	83	83	83	83	83	83	83	84	83	83	83	83	83	83	83	84	84	83	83	83	83	83	83	83	83	83	83	83	83	84	84	84	84	84	83	83	83	83	83	83	83	83	83	84	84	84	84	84	84	84	84	84	84	84	84	84	84	84	84	84	84	84	84	84	83	84	84	84	83	83	83	84	84	83	83	83	83	84	84	84	84	84	83	83	83	83	83	83	83	84	84	84	84	84	84	84	84	83	83	83	83	83	83	83	83	83	83	84	84	84	83	83	83	83	83	83	83	83	83	83	83	83	83	83	83	83	83	83	83	83	84	83	83	84	84	84	83	83	83	84	84	84	84	84	84	84	84	83	83	83	83	83	83	84	84	84	84	84	84	83	84	84	84	84	84	84	84	84	84	84	84	84	84	84	84	84	84	84	84	84	84	84	84	84	84	84	84	84	84	84	84	84	84	84	84	84	84	84	84	84	84	84	84	84	84	84	84	84	84	84	84	84	83	83	84	84	84	84	83	84	84	83	84	84	84	84	84	84	84	84	84	83	83	83	84	84	84	84	84	84	84	84	84	84	84	84	84	84	84	84	84	84	84	84	84	84	84	84	84	84	84	84	84	84	84	84	84	84	84	84	83	84	84	83	83	83	82	78	54	35	37	39	41	42	42	43	43	43	43	43	43	43	44	43	43	43	44	47	51	51	51	51	50	50	50	51	50	50	50	50	51	51	51	51	51	51	51	51	52	52	53	52	52	52	52	52	52	52	52	53	52	53	52	52	53	53	53	52	52	52	52	52	52	52	51	51	51	51	51	51	51	52	52	51	50	50	50	50	50	49	49	49	49	49	49	48	48	48	48	48	48	48	49	49	49	48	48	48	48	48	48	48	48	47	47	47	47	47	47	47	47	47	46	46	46	46	45	45	45	45	44	43	44	45	46	46	46	46	46	46	46	47	47	47	47	46	46	45	45	45	46	45	45	45	46	45	45	44	44	44	44	43	47	74	83	83	84	84	84	83	83	83	83	83	83	83	84	84	83	83	83	83	83	83	83	83	83	83	83	83	83	83	84	84	84	83	83	83	83	83	83	83	83	84	83	83	83	83	83	83	83	83	83	83	83	83	84	84	84	84	83	83	83	83	83	84	83	84	84	83	84	84	84	84	84	84	84	83	84	84	84	84	84	84	84	84	84	84	84	84	84	83	83	83	84	84	84	84	84	84	84	84	84	84	84	84	84	84	84	84	84	84	84	84	84	84	84	84	84	84	84	84	84	84	84	84	84	84	84	84	84	84	84	83	83	83	84	84	84	84	84	84	84	84	84	84	84	84	84	84	84	84	84	83	83	84	84	84	84	83	84
84	83	83	83	83	83	83	83	83	83	82	82	82	83	83	83	83	83	82	82	82	82	83	83	83	83	83	83	83	83	83	83	83	83	83	83	83	83	83	83	83	83	83	83	83	83	83	83	83	83	83	83	83	83	83	83	83	83	83	83	83	83	83	83	84	83	84	84	84	84	84	83	84	84	83	83	83	83	83	83	83	83	83	83	83	83	83	83	83	83	83	83	84	84	84	84	84	83	83	83	83	83	83	83	83	83	83	83	83	83	83	83	83	83	84	84	84	84	84	84	83	83	83	83	83	83	84	84	84	84	84	83	83	83	83	83	83	83	84	84	84	84	84	84	84	84	83	83	84	84	84	84	84	84	84	84	84	83	83	83	83	84	84	84	84	84	83	83	83	83	83	83	84	84	83	83	83	83	83	84	84	84	84	84	84	84	84	84	84	84	83	83	83	83	84	84	83	83	83	83	83	83	84	84	84	84	84	84	84	84	84	84	84	84	84	84	84	84	84	84	84	84	84	84	84	84	84	84	84	84	84	84	84	84	84	84	84	84	84	84	84	84	85	84	84	84	84	84	84	84	84	84	84	84	84	84	84	84	84	84	84	83	83	84	84	84	84	84	84	84	83	84	84	84	84	84	84	84	84	84	83	83	83	84	84	84	84	84	84	84	84	84	84	84	84	84	84	84	84	84	84	84	84	84	84	84	84	84	84	84	84	84	84	84	84	84	84	84	84	84	84	83	83	84	84	83	82	80	62	37	36	39	41	42	42	42	43	43	43	43	43	43	44	44	43	43	42	46	50	51	51	50	50	50	51	51	51	50	50	51	51	51	52	51	51	51	51	51	52	52	52	52	52	52	52	52	52	52	53	52	53	52	52	53	53	53	53	52	52	53	53	52	52	51	51	51	51	51	51	51	52	52	51	50	50	50	50	50	49	49	49	49	49	49	49	49	48	48	48	48	48	49	49	49	48	48	48	48	48	48	48	48	47	47	47	48	47	47	47	47	47	46	46	46	46	46	45	46	46	45	43	44	46	47	47	46	46	47	46	46	47	47	47	47	47	46	46	46	46	46	46	46	45	46	45	45	45	44	44	44	44	46	68	83	83	84	84	84	83	83	83	83	83	83	84	84	84	83	83	84	84	84	84	84	84	84	84	84	84	84	84	84	84	84	83	83	83	83	83	83	83	83	84	83	83	83	83	83	83	83	83	83	83	83	83	84	84	83	83	83	83	83	84	84	84	84	84	84	83	84	84	84	84	84	84	84	83	84	84	84	84	84	84	84	84	84	84	84	84	84	84	84	84	84	84	84	84	84	84	84	84	84	84	84	84	84	84	84	84	84	84	84	84	84	84	84	84	84	84	84	84	84	84	84	84	84	84	84	84	84	84	84	83	83	83	83	83	83	83	84	83	84	84	84	83	83	84	84	84	84	84	84	84	84	84	84	84	84	84	84
84	83	83	83	83	83	83	83	83	83	83	83	82	83	83	83	83	83	83	82	82	82	83	83	83	83	83	83	83	83	83	83	82	83	82	83	83	83	83	83	83	83	83	83	83	83	83	83	83	83	84	84	83	83	83	83	83	83	83	83	83	83	83	83	83	83	83	84	83	84	84	84	84	83	83	83	83	83	83	83	83	83	83	83	84	84	84	84	83	83	83	83	84	84	84	84	84	84	83	83	83	83	83	84	84	84	84	84	84	83	83	84	84	83	84	84	84	84	83	83	84	84	83	83	83	83	83	83	83	84	84	83	83	83	83	83	83	83	84	83	83	83	84	84	84	84	84	84	84	84	84	83	84	84	83	84	83	83	83	83	84	84	84	84	84	83	83	83	83	83	83	83	83	83	84	83	83	83	83	84	84	83	84	84	83	83	83	83	83	84	83	83	83	83	83	83	84	84	84	83	83	84	84	84	84	84	84	84	84	84	84	84	84	84	84	84	84	84	84	84	84	84	84	84	84	84	84	83	83	84	84	84	84	84	84	84	84	84	84	84	84	84	84	84	84	84	84	84	84	84	83	83	83	83	83	84	84	84	84	84	84	83	83	84	84	84	84	84	83	83	83	84	84	84	84	84	84	84	84	84	83	83	83	84	84	84	84	84	84	84	84	83	83	83	84	84	84	84	84	84	84	84	84	84	84	84	84	84	84	84	84	84	84	84	84	84	84	84	84	84	84	84	84	84	84	83	83	83	82	69	41	35	39	40	41	42	42	43	43	43	43	43	43	44	44	43	42	38	44	49	51	51	51	51	51	51	51	51	51	51	51	52	52	52	51	51	51	51	51	51	51	51	52	52	52	52	52	52	52	52	52	52	53	53	53	53	53	52	52	52	53	53	52	52	52	52	51	51	51	51	51	51	51	50	50	50	50	50	49	49	49	49	49	49	49	48	48	48	48	48	48	49	49	49	48	48	48	48	48	48	47	47	47	47	47	47	47	47	47	47	47	47	46	46	46	46	45	45	45	45	44	44	46	47	47	47	47	47	47	46	46	47	47	47	47	47	46	46	46	45	46	45	45	45	45	45	45	44	44	44	44	45	62	82	83	83	83	83	83	84	84	83	84	84	84	84	83	83	83	83	83	83	84	84	84	84	84	84	83	83	84	84	83	83	83	83	83	83	83	83	83	83	84	83	83	83	83	83	83	83	83	83	83	83	83	83	83	84	83	83	83	83	83	84	84	83	84	84	84	84	84	84	84	84	84	84	84	84	84	84	84	84	84	84	84	84	84	84	84	84	84	84	84	84	84	84	84	84	84	84	84	84	84	84	84	84	84	84	84	84	84	83	83	83	83	84	84	84	84	84	84	83	83	83	84	84	84	84	84	84	84	84	84	84	84	83	83	83	83	84	84	84	84	84	83	83	83	84	84	83	83	83	84	84	84	84	83	84	84	84
84	83	83	83	83	83	83	83	83	83	83	83	83	83	83	83	83	83	83	82	82	82	82	82	82	82	82	83	83	83	83	83	82	82	82	83	83	83	83	83	82	83	83	83	83	83	83	83	83	83	84	84	83	83	83	83	83	83	83	83	83	83	83	83	83	83	83	83	83	83	84	84	83	83	83	83	83	83	83	83	83	83	83	83	83	83	83	83	83	83	83	83	83	83	83	83	83	83	84	84	84	84	84	84	84	84	84	84	84	84	84	84	84	84	83	83	83	83	83	83	84	84	83	83	83	83	83	83	83	84	84	83	83	83	83	83	84	84	84	84	83	84	84	84	84	84	83	83	84	84	84	83	84	83	83	83	83	83	83	83	83	84	83	83	83	83	83	83	83	83	83	83	83	83	84	83	83	83	83	84	84	83	84	84	83	83	83	83	83	83	83	83	83	83	83	83	83	84	84	83	84	84	84	84	84	84	84	84	84	84	84	84	84	84	84	84	84	84	84	84	84	84	84	84	84	84	84	83	83	83	83	83	84	84	84	84	84	84	84	84	84	84	84	84	84	84	84	84	84	83	83	83	83	83	83	83	84	84	83	84	84	84	84	84	84	84	84	84	84	83	84	84	84	84	84	84	84	84	84	84	84	83	83	84	84	84	84	84	84	83	83	83	83	83	84	84	84	84	84	84	84	84	84	84	84	84	84	84	84	84	84	84	84	84	84	84	84	84	84	84	84	84	84	84	84	84	83	83	83	82	75	49	35	38	40	41	41	42	43	43	43	43	43	43	44	44	43	40	36	39	48	51	51	51	51	51	51	51	51	51	51	52	52	52	51	51	51	52	52	51	51	51	51	52	52	52	52	52	52	52	52	52	53	53	53	53	52	52	52	52	52	53	52	52	52	51	51	51	51	51	51	51	51	50	50	50	50	50	50	50	49	49	49	49	49	49	48	48	48	48	48	49	49	49	48	48	48	48	48	48	47	47	47	47	47	47	47	47	47	47	47	47	47	46	46	46	45	45	45	45	44	44	45	47	48	48	48	48	47	47	47	47	47	47	47	47	46	46	46	46	46	46	46	46	45	45	45	45	45	44	44	44	56	81	83	83	83	83	83	83	84	83	84	84	84	84	83	83	83	83	83	83	84	84	84	84	84	84	84	84	84	84	83	83	83	83	83	83	83	83	83	83	84	83	84	83	83	83	83	83	83	83	83	83	83	83	84	84	84	83	83	84	83	84	84	83	84	84	84	84	84	84	84	84	84	84	84	84	84	84	84	84	84	84	83	84	84	84	84	84	84	84	84	84	84	84	84	84	84	84	84	84	83	83	84	84	84	84	84	84	84	83	83	83	83	83	83	83	83	83	83	83	83	83	84	84	84	84	84	84	83	84	83	84	84	83	83	83	84	84	84	84	84	84	83	83	83	84	84	84	84	84	84	84	84	83	83	84	84	84
84	83	83	83	83	83	83	83	83	83	83	83	83	83	83	83	83	83	83	82	82	82	82	82	82	82	82	83	83	83	83	83	82	82	82	83	83	83	83	83	82	83	83	83	83	83	83	83	83	83	84	84	83	83	83	83	84	84	83	83	83	84	84	84	84	83	83	83	83	83	83	83	83	83	83	83	83	83	83	83	83	83	83	83	83	83	83	83	83	83	83	83	83	83	83	83	83	83	83	83	83	83	83	83	83	83	83	83	83	83	83	83	83	83	83	83	83	83	83	83	84	84	83	83	83	83	84	83	83	84	84	83	83	84	84	84	84	84	84	84	84	84	84	83	83	83	83	83	84	84	84	83	83	83	83	83	83	83	83	83	83	83	83	83	83	83	83	83	83	83	83	83	83	83	84	83	84	83	83	84	84	84	83	83	83	83	83	83	83	83	83	83	83	83	84	84	83	83	83	84	84	84	84	84	84	84	84	84	84	84	84	84	84	84	84	84	84	84	84	84	84	84	84	84	84	84	84	84	84	84	83	83	84	84	84	84	84	84	84	84	84	84	84	84	84	84	84	84	84	84	84	84	84	84	84	83	84	84	84	84	84	84	84	84	84	84	84	84	84	84	84	84	84	84	84	84	84	84	84	84	84	83	83	84	84	84	84	84	84	83	83	83	83	83	84	84	84	84	84	84	84	84	84	84	84	84	84	84	84	84	84	84	84	84	84	84	84	84	84	84	84	84	84	84	84	84	84	84	83	83	83	79	57	35	38	40	40	41	42	43	43	43	43	43	43	43	42	42	39	34	38	48	51	51	51	51	51	51	51	51	51	51	52	52	51	51	51	51	51	52	51	51	51	51	52	52	52	52	52	52	52	52	53	53	53	52	52	52	52	52	52	53	53	52	52	52	52	52	52	52	51	51	51	51	50	50	50	50	50	50	50	49	49	49	49	49	48	48	48	48	48	48	48	48	49	48	48	48	48	47	47	47	47	46	46	48	48	47	47	47	47	47	47	47	46	46	45	45	45	45	44	44	45	46	47	48	48	48	47	47	47	47	47	46	46	46	47	47	47	46	46	46	46	46	45	45	45	45	45	44	45	44	52	79	83	83	84	84	83	83	83	83	84	84	83	83	83	83	83	83	83	83	84	83	83	83	83	83	84	84	84	84	83	83	83	83	83	83	83	83	83	83	84	83	84	83	83	83	83	83	83	84	84	83	83	83	84	84	84	84	84	84	84	84	84	84	84	84	84	84	84	84	84	84	84	84	84	84	84	84	84	84	84	84	83	84	84	84	84	84	84	84	84	84	84	84	84	84	84	84	84	83	83	83	84	84	84	84	84	84	84	83	83	83	83	83	83	83	83	83	83	83	83	83	84	84	84	84	84	83	83	83	83	83	83	83	83	83	84	84	84	84	84	84	84	83	83	83	83	84	84	84	84	84	84	84	84	84	84	84
84	83	83	83	83	83	83	83	83	83	83	83	83	83	83	83	83	83	83	83	83	83	83	83	82	82	82	83	83	83	83	83	83	83	83	83	83	82	83	83	83	83	83	83	83	83	83	83	83	83	83	83	83	84	84	84	84	84	83	83	83	84	84	84	83	83	83	83	83	83	84	84	84	84	84	84	84	83	83	83	83	83	83	83	84	84	84	83	83	83	84	84	83	83	83	83	84	83	83	83	83	83	83	84	84	84	84	84	84	84	84	84	84	84	83	83	83	83	83	83	83	83	83	83	83	83	84	84	83	83	83	83	83	84	83	84	84	83	84	84	83	84	84	84	84	83	83	83	84	83	83	83	83	83	83	83	83	84	84	83	83	83	83	83	83	83	83	83	83	83	83	83	83	83	83	83	84	84	84	84	83	83	84	84	84	84	84	83	83	83	83	83	83	83	83	83	83	84	84	83	84	84	84	84	84	84	84	84	84	84	84	84	84	84	84	84	84	84	84	84	84	84	84	84	84	84	84	84	84	84	84	84	84	84	84	84	84	84	84	84	84	84	84	84	84	84	84	84	84	84	83	83	83	83	84	84	84	84	83	84	84	84	84	84	84	84	84	84	84	84	84	84	84	84	84	84	84	84	84	84	84	84	84	84	84	84	83	84	83	83	83	83	84	84	84	83	83	83	83	83	83	83	84	84	84	84	84	84	84	84	84	84	84	84	84	84	84	84	84	84	84	84	84	84	84	84	84	84	84	84	84	83	81	64	37	36	39	39	41	42	42	43	43	43	43	43	43	43	43	41	39	39	47	51	51	51	51	51	51	51	51	51	51	51	51	52	52	52	52	52	51	51	51	51	51	51	51	51	56	52	52	52	53	53	53	53	52	52	52	52	52	53	53	53	52	52	53	53	52	52	51	51	51	51	51	50	50	50	50	50	50	50	49	49	49	49	49	48	49	49	48	48	48	48	48	48	48	48	48	47	47	47	48	47	48	48	48	47	47	47	47	47	47	47	47	46	46	46	45	45	44	44	44	46	47	48	48	48	48	48	47	47	47	47	47	47	47	47	47	47	47	46	46	46	46	46	45	45	44	44	45	45	49	75	84	84	84	84	83	83	83	84	84	84	84	84	84	84	84	83	83	83	83	83	83	83	83	83	83	83	83	83	83	83	84	83	83	83	83	83	83	83	83	84	84	84	84	84	83	83	83	83	83	83	83	83	83	84	84	83	84	84	84	83	83	84	84	84	84	84	84	84	84	84	84	84	84	84	84	84	84	84	84	84	83	83	83	84	84	84	84	84	84	84	84	84	84	84	84	84	84	84	84	83	84	84	84	84	84	83	83	83	83	84	84	84	83	83	83	83	83	84	84	84	84	84	83	83	83	83	83	83	83	83	83	83	83	84	84	84	84	84	84	83	83	84	83	83	83	84	83	83	83	84	83	84	83	84	84	84
84	83	83	83	83	83	83	83	83	83	83	83	83	83	83	83	83	83	83	83	83	83	83	83	82	82	82	83	83	83	83	83	83	83	83	83	83	82	83	83	83	83	83	83	83	83	83	83	83	83	83	83	83	84	84	84	84	84	83	83	83	84	84	83	83	83	83	83	83	83	83	83	84	84	84	83	83	83	83	83	83	83	83	83	83	83	84	83	83	83	83	84	83	83	83	84	84	83	83	83	83	83	83	84	84	84	84	84	84	84	84	84	84	84	83	83	83	83	83	83	83	83	83	83	83	83	84	84	83	83	83	84	84	84	83	83	83	83	83	83	83	83	84	84	84	83	83	83	83	83	83	83	83	83	83	83	83	84	84	83	83	83	83	83	83	83	83	83	83	83	83	83	83	83	83	83	84	84	84	83	83	83	84	84	84	84	84	83	83	83	83	83	83	83	83	84	84	84	84	83	84	84	84	84	84	84	84	84	84	84	84	84	84	84	84	84	84	84	84	84	84	84	84	84	84	84	84	84	84	84	84	84	84	84	84	84	84	84	84	84	84	84	84	84	84	84	84	84	84	84	83	83	83	84	84	84	84	84	83	84	84	84	84	84	84	84	84	84	84	84	84	84	84	84	84	84	84	84	84	84	84	84	84	84	84	84	83	84	83	83	83	83	84	84	84	83	83	83	83	83	83	83	84	84	84	84	84	84	84	84	84	84	84	84	84	84	84	84	84	84	84	84	84	84	84	84	84	84	84	84	84	84	83	82	70	43	35	38	40	41	41	42	43	43	43	42	43	43	43	43	43	39	39	46	50	51	50	50	50	50	51	51	51	51	51	51	51	51	51	52	51	51	51	51	51	51	51	51	53	51	52	52	52	53	52	53	53	52	52	52	52	52	52	52	52	52	53	52	52	51	51	51	51	51	51	51	50	50	50	50	50	50	49	49	49	49	49	49	49	49	49	48	48	48	49	48	48	48	48	47	47	47	47	48	47	47	47	47	47	47	47	47	47	46	46	46	46	45	45	45	45	44	44	46	47	48	48	48	48	48	47	48	48	47	48	47	47	47	47	47	47	47	46	46	46	46	46	45	45	44	45	44	49	71	84	83	83	83	83	83	83	83	83	83	83	83	83	83	83	83	84	84	84	84	84	84	84	83	84	83	83	83	83	83	84	83	83	83	83	84	83	83	83	84	84	84	84	84	83	83	83	83	83	84	84	84	83	83	83	83	84	84	84	83	83	83	83	84	84	84	84	84	84	84	84	84	84	84	84	84	84	84	84	84	83	83	83	84	84	84	84	84	84	84	84	84	84	84	84	84	84	84	84	84	84	84	84	84	83	83	83	83	83	84	84	84	83	84	83	83	83	83	83	83	84	84	83	83	84	84	84	84	84	83	83	83	84	84	83	83	84	84	84	83	83	84	84	83	84	84	83	83	83	83	83	83	83	83	84	84
83	83	83	83	83	83	83	83	83	83	83	83	83	83	83	83	83	83	83	83	83	83	83	83	82	82	82	83	83	83	83	83	83	83	83	83	83	82	83	83	83	83	83	83	83	83	83	83	83	83	83	83	83	84	84	84	84	84	83	83	83	84	83	83	83	83	83	83	83	83	83	83	83	84	84	83	83	83	83	83	83	83	83	83	83	83	84	83	83	83	83	83	83	83	83	84	84	83	83	83	83	84	84	84	83	83	83	83	83	83	83	83	83	83	83	83	83	83	83	83	83	83	83	83	83	83	84	84	83	83	84	84	84	84	83	83	83	83	83	83	83	83	83	84	84	84	84	84	83	83	83	83	83	83	83	83	83	83	83	83	83	83	83	83	84	84	84	83	83	83	83	83	83	83	84	84	83	83	83	83	83	83	83	83	83	83	83	83	83	83	83	83	84	83	84	84	84	84	84	83	84	84	84	84	84	84	84	84	84	84	84	84	84	84	84	84	84	84	84	84	84	84	84	84	84	84	84	84	84	84	84	84	84	84	84	84	84	84	84	84	84	84	84	84	84	84	84	84	84	84	83	83	84	84	84	84	84	84	83	84	84	84	84	84	84	84	84	84	84	84	84	84	84	84	84	84	84	84	84	84	84	84	84	84	84	84	83	84	84	83	83	83	84	84	84	83	83	83	83	83	83	83	84	84	84	84	84	84	84	84	84	84	84	84	84	84	84	84	84	84	84	84	84	84	84	84	84	84	84	84	83	83	83	83	82	76	50	35	38	39	40	41	42	43	43	42	43	43	43	43	43	42	40	38	44	50	50	50	50	50	50	50	51	51	51	51	51	52	51	52	52	51	51	51	51	51	51	51	51	51	52	52	52	53	53	53	53	53	52	52	52	52	52	52	52	52	52	52	52	52	51	51	51	51	51	51	50	50	50	50	50	50	50	49	49	49	49	49	49	49	49	48	48	48	49	49	48	48	48	47	47	47	47	47	47	47	47	47	47	47	46	46	46	46	46	46	46	46	46	45	45	44	45	45	46	48	48	48	48	48	47	48	48	48	48	48	48	48	48	48	48	47	46	46	46	46	46	45	45	45	45	44	48	67	84	83	83	83	83	83	83	83	83	83	83	83	83	83	83	83	84	84	84	84	84	84	84	83	84	84	83	83	83	83	84	83	83	83	83	83	83	83	83	83	84	83	83	83	83	83	83	83	83	84	84	84	83	83	83	84	84	84	84	83	83	83	83	84	84	84	84	84	84	84	84	84	84	84	84	84	84	84	84	84	84	83	83	84	84	84	84	84	84	84	84	84	84	84	84	84	84	84	84	84	84	84	84	83	83	83	83	83	83	84	84	84	83	83	83	83	83	83	83	83	83	83	83	83	84	84	84	84	84	84	83	83	83	84	84	84	84	84	84	83	83	83	84	83	84	84	84	84	83	84	83	84	83	84	84	84
83	83	83	83	83	83	83	83	82	83	83	83	83	83	83	83	83	83	83	83	83	83	83	83	83	82	82	83	83	83	83	83	82	83	83	83	83	82	83	83	83	83	83	83	83	83	83	83	83	83	83	83	83	83	83	83	83	83	83	83	83	83	83	83	83	83	83	83	83	83	83	83	83	83	83	83	83	83	84	84	83	83	83	83	84	84	84	84	84	84	84	84	83	83	83	83	83	83	84	84	84	84	84	84	84	83	83	83	83	83	83	83	83	83	84	83	83	83	83	83	83	83	83	83	83	83	83	83	83	83	84	84	84	83	83	83	83	83	83	83	83	83	83	84	84	84	84	84	83	83	83	83	83	83	84	84	83	83	83	83	83	83	83	83	83	83	83	83	83	83	83	83	83	83	83	83	84	84	84	83	83	83	83	83	83	83	84	84	83	83	84	84	84	84	84	84	84	84	84	84	84	84	84	84	84	84	84	84	84	84	84	84	84	84	84	84	84	84	84	84	84	84	84	84	84	84	84	84	84	84	84	84	84	84	84	84	84	84	84	84	84	84	84	84	84	84	84	84	84	83	83	84	84	84	83	84	84	84	84	84	84	84	84	84	84	84	84	84	84	84	84	84	84	84	84	84	84	84	83	84	84	84	84	84	84	84	84	84	84	84	84	84	84	83	83	84	84	83	83	83	84	84	84	84	84	84	84	84	84	84	84	83	83	83	84	84	84	84	84	84	84	84	84	84	84	84	84	84	84	84	84	84	84	83	83	82	79	57	35	36	39	40	41	42	43	43	43	43	43	43	43	43	43	39	37	43	50	51	50	51	50	51	51	51	50	50	51	51	51	51	52	52	51	51	51	51	51	51	52	52	52	52	52	53	53	53	53	53	53	52	52	52	52	52	52	53	52	52	52	52	51	51	51	51	51	51	51	51	51	51	50	50	50	49	49	49	49	49	49	49	49	49	49	49	49	49	49	48	48	48	47	47	47	48	47	47	47	47	47	47	46	46	46	47	47	46	47	47	47	46	46	45	45	46	47	47	47	48	47	47	47	47	47	48	47	47	49	49	49	48	48	47	46	46	46	46	46	46	45	45	45	44	46	62	83	83	83	84	83	83	83	83	83	83	84	84	84	83	84	84	83	83	83	83	83	83	84	83	83	83	83	83	83	83	84	83	83	83	83	83	83	83	83	83	83	83	83	83	83	83	83	83	83	83	84	84	84	84	84	84	84	84	83	83	83	83	84	84	84	84	84	83	83	84	84	84	84	84	84	84	84	84	84	84	84	84	84	84	84	84	84	84	84	84	84	84	84	84	84	84	84	84	84	84	84	84	84	83	83	83	84	84	83	83	83	84	83	83	83	83	83	83	83	83	84	84	83	83	83	83	83	83	83	83	83	83	83	83	84	84	84	83	83	83	83	83	83	83	83	83	83	83	83	83	83	83	83	83	83	83
84	83	83	83	83	83	83	83	83	83	83	83	83	83	83	83	83	83	83	83	83	83	83	83	83	82	82	83	83	83	83	83	83	83	83	83	83	82	83	83	83	83	83	83	83	83	83	83	83	83	83	83	83	83	83	83	83	83	83	83	83	83	83	83	83	83	83	83	83	83	83	83	83	83	83	83	83	83	83	83	83	83	83	84	84	84	84	84	84	83	83	83	83	83	83	83	83	83	83	83	83	83	83	83	83	83	83	83	83	83	83	83	83	83	84	83	83	83	83	83	83	83	83	83	83	83	83	84	83	83	83	84	84	83	83	83	83	83	83	83	83	83	83	83	83	83	83	83	83	83	83	83	83	83	84	84	83	83	83	83	83	83	83	83	83	83	83	83	83	83	83	83	83	83	83	83	83	83	83	83	83	83	83	83	83	84	84	84	84	84	84	84	84	84	84	84	84	84	84	84	84	84	84	84	84	84	84	84	84	84	84	84	84	84	84	84	84	84	84	84	84	84	84	84	84	84	84	84	84	84	84	84	84	84	84	83	84	83	84	84	84	84	84	84	84	84	84	83	84	83	83	84	83	83	84	84	84	84	84	84	84	84	84	84	84	84	84	84	84	83	84	84	84	84	84	84	84	84	84	84	84	83	84	84	84	84	84	84	84	84	84	84	84	83	83	84	84	83	83	83	84	84	84	84	84	84	84	84	84	84	84	83	83	83	84	84	84	84	84	84	84	84	84	84	84	84	84	84	84	84	84	84	84	84	83	83	82	81	64	37	35	38	40	41	42	43	42	43	43	43	43	43	43	43	39	37	43	49	50	51	50	51	50	51	51	51	51	51	51	51	51	51	51	51	51	51	51	51	52	52	52	52	53	53	53	53	53	53	53	52	52	52	52	52	52	52	52	53	52	52	52	51	51	51	51	51	51	51	51	51	51	50	50	50	50	50	49	49	49	49	49	49	49	49	49	49	49	48	48	48	48	47	47	48	47	47	47	47	47	47	47	47	46	47	47	47	47	47	47	46	46	45	45	46	47	47	47	48	48	48	48	47	48	48	48	48	49	48	48	48	47	47	47	47	47	46	46	46	46	45	45	45	46	57	81	84	84	83	83	83	83	83	83	83	83	83	83	83	83	83	83	83	83	83	83	83	84	83	83	83	83	84	84	84	84	84	84	84	83	83	83	83	83	83	83	84	84	84	84	84	84	83	83	83	84	84	83	83	84	84	84	84	84	84	84	84	84	84	84	84	84	83	83	84	84	84	84	84	84	84	84	84	84	84	84	84	84	84	84	84	84	84	84	84	84	84	84	84	84	84	84	84	84	84	84	84	84	83	83	83	84	84	83	83	83	84	83	83	83	83	83	83	83	83	84	84	84	83	83	83	83	83	83	83	83	83	83	83	84	84	84	83	84	83	83	83	83	83	83	83	83	83	83	83	83	83	83	83	83	83
84	83	83	83	83	83	83	83	83	83	83	83	83	83	83	83	83	83	83	83	83	83	83	83	83	83	82	83	83	83	83	83	83	83	83	83	83	83	83	83	83	83	83	83	83	83	83	83	83	83	83	83	83	83	83	83	83	83	83	83	83	83	83	83	83	83	83	83	83	83	83	83	83	83	83	83	83	83	83	83	83	83	83	84	84	84	84	84	84	83	83	83	83	83	83	83	83	83	83	83	83	83	83	83	83	83	83	83	83	83	83	83	83	83	83	83	83	83	83	84	84	84	84	84	84	84	84	84	83	83	83	84	84	83	83	83	83	83	83	83	83	83	83	83	83	83	83	83	83	83	83	83	83	83	84	84	83	83	83	83	83	83	83	83	83	83	83	83	83	83	83	83	83	84	84	84	83	83	83	84	84	84	84	84	84	84	84	84	84	84	84	84	84	84	84	84	84	84	84	84	84	84	84	84	84	84	84	84	84	84	84	84	84	85	84	84	84	84	84	84	84	84	84	84	84	84	84	84	84	84	85	85	84	84	84	84	84	84	84	84	84	84	84	84	84	84	84	83	84	83	83	84	83	84	84	84	84	84	84	84	84	83	83	84	84	84	84	84	84	84	84	84	84	84	84	84	84	84	84	84	83	83	83	84	84	84	84	84	84	85	85	84	84	83	83	83	84	83	83	83	83	84	84	84	84	84	84	84	84	84	84	83	83	83	84	84	84	84	84	84	84	84	84	84	84	84	84	84	84	84	84	84	84	84	84	83	82	82	82	72	43	34	38	39	41	42	42	42	42	43	43	43	43	43	43	41	40	42	47	50	51	51	51	51	51	51	51	51	51	51	51	51	51	51	51	51	51	51	52	52	53	53	53	52	52	53	54	53	53	53	52	52	52	52	52	52	52	53	53	52	52	51	52	52	51	51	51	51	51	51	51	50	50	50	50	50	50	49	49	49	49	50	50	50	50	50	49	49	49	48	48	48	48	48	47	47	47	47	47	47	47	47	46	47	47	47	47	47	47	46	46	45	44	46	47	47	48	48	48	48	48	48	48	48	48	48	48	48	48	47	47	47	47	47	47	46	46	46	46	45	45	45	46	54	78	83	84	83	83	84	84	84	84	84	83	83	83	83	83	83	83	83	83	83	83	84	84	83	83	83	83	84	84	84	84	84	84	84	84	84	84	84	84	84	84	84	84	84	84	84	84	84	84	83	84	84	83	83	83	84	84	84	84	84	84	84	84	84	84	84	84	83	83	84	84	84	84	84	84	84	84	84	84	84	84	84	84	84	84	84	84	84	84	84	84	84	84	84	84	84	84	84	84	84	84	84	84	83	83	83	84	84	83	83	83	83	83	83	83	83	83	83	83	83	84	84	84	84	84	83	83	83	83	84	83	83	83	83	83	84	84	84	84	84	84	84	84	84	84	84	84	84	84	84	84	83	84	84	83	84
84	83	83	83	83	83	83	83	83	83	83	83	83	83	83	83	83	83	83	83	83	83	83	83	83	83	83	83	83	83	83	83	83	83	83	83	83	83	83	83	83	83	83	83	83	83	83	83	83	83	83	83	83	84	83	83	83	83	84	83	83	84	83	83	83	83	83	83	83	83	83	83	83	84	83	83	83	83	83	83	83	83	83	83	83	83	83	83	83	83	83	83	83	83	83	83	83	83	83	83	83	83	83	84	83	83	83	83	83	83	83	83	83	84	83	83	84	83	83	83	84	84	84	84	84	84	83	83	83	83	84	83	84	84	83	84	84	83	83	83	83	83	83	83	83	83	83	83	83	83	83	83	83	83	83	83	83	83	83	83	83	83	83	83	83	83	83	83	84	84	84	84	84	84	84	84	84	83	84	84	84	84	84	84	84	84	84	84	84	84	84	84	84	84	84	84	84	84	84	84	84	84	84	84	84	84	84	84	84	84	84	84	84	85	85	84	84	84	84	84	84	84	84	84	84	84	84	84	84	84	84	84	84	84	84	84	84	84	84	84	84	84	84	84	84	84	84	83	83	83	84	84	83	84	84	84	84	84	84	84	84	83	83	84	84	84	84	84	84	84	84	84	83	84	84	84	84	84	83	83	83	83	83	83	83	83	84	84	84	85	85	84	84	83	83	83	83	83	83	83	83	83	83	84	84	84	84	84	84	84	84	84	84	84	84	84	84	84	84	84	84	84	84	84	84	84	84	84	84	84	84	84	84	84	84	84	84	84	84	82	76	49	35	37	38	40	41	42	42	43	43	43	43	42	43	43	42	40	41	47	51	51	51	51	51	51	51	51	51	51	51	51	51	51	51	51	51	51	52	52	53	53	53	52	52	52	53	53	53	53	52	52	53	52	52	52	52	52	52	52	52	52	52	51	51	51	51	51	51	51	51	50	50	50	50	50	50	49	49	49	49	49	49	49	50	50	50	49	48	48	48	48	48	48	48	47	47	47	47	47	47	47	47	47	47	47	47	47	47	46	46	45	44	45	47	47	48	48	48	48	48	48	48	48	48	48	48	48	48	48	47	47	47	47	47	47	47	46	46	46	45	45	46	52	75	83	83	83	83	84	83	83	83	83	83	83	83	83	83	83	83	83	83	83	83	83	83	83	83	83	83	84	83	83	84	83	84	84	84	84	84	84	84	84	84	84	84	84	83	83	84	84	84	84	84	84	83	83	84	83	83	83	83	83	83	83	83	84	84	84	84	83	83	83	83	83	84	84	84	84	84	84	84	84	84	84	84	84	84	84	84	84	84	83	83	84	84	84	83	83	83	84	84	84	84	83	83	83	83	83	84	84	83	83	83	83	83	83	84	83	83	83	83	83	83	83	84	84	84	83	83	83	83	83	84	83	83	84	83	84	84	84	84	84	84	84	84	84	84	83	83	83	83	84	84	83	84	84	83	84
83	83	83	83	83	83	83	83	83	83	83	83	83	83	83	83	83	83	83	83	83	83	83	83	83	83	83	83	83	83	83	83	83	83	83	83	83	83	83	83	83	83	83	83	83	83	83	83	83	83	83	83	84	84	83	83	83	83	84	83	83	84	83	83	83	83	83	83	83	83	83	83	83	83	83	83	83	83	83	83	83	83	83	83	83	83	83	83	83	83	83	83	83	83	83	83	83	83	83	83	83	83	83	83	83	83	83	83	83	83	83	83	83	84	84	84	84	84	83	83	83	84	84	83	83	83	83	83	83	83	83	83	83	83	84	84	84	84	84	84	83	83	83	83	83	83	83	83	83	83	83	83	83	83	83	83	83	83	83	83	83	83	83	84	83	83	83	83	84	84	84	84	84	84	84	84	83	83	83	84	84	84	84	84	84	84	84	84	84	84	84	84	84	84	84	84	84	84	84	84	84	84	84	84	84	84	84	84	84	84	84	84	84	85	85	84	84	84	84	84	84	84	84	84	84	84	84	84	84	84	84	84	84	84	84	84	84	84	84	84	84	84	84	84	84	84	84	84	84	83	84	84	84	84	84	84	84	84	84	84	84	84	84	84	84	84	84	84	84	84	84	84	83	84	84	84	84	84	83	83	84	84	84	83	83	83	84	84	84	84	84	84	84	83	83	83	83	83	83	83	84	84	84	84	84	84	84	84	84	84	84	84	84	84	84	84	84	83	83	84	84	84	84	84	84	84	84	84	84	84	84	84	84	84	84	84	84	84	84	84	83	79	57	36	37	38	40	42	42	42	43	43	42	43	43	43	43	42	38	40	46	50	51	51	51	51	51	51	51	51	51	51	51	51	51	51	51	51	51	52	52	53	53	53	53	53	53	53	53	53	52	52	52	52	52	52	52	52	52	52	52	52	52	51	51	51	51	51	51	51	51	51	50	50	50	50	50	50	50	49	49	49	49	49	49	49	50	49	48	48	48	48	48	48	48	48	48	47	47	48	47	47	47	47	47	47	47	47	47	46	46	46	44	44	47	47	48	48	48	48	48	48	48	48	48	48	48	48	48	48	48	48	48	47	47	47	47	47	46	46	45	45	46	49	71	83	83	83	83	84	84	84	84	84	84	84	84	83	83	83	83	83	83	83	83	83	83	83	83	83	83	84	84	84	83	83	83	84	83	83	84	84	84	84	84	83	83	83	83	83	84	84	84	84	83	84	83	83	83	83	84	84	83	83	83	84	84	84	83	83	84	83	83	84	84	83	84	84	84	84	84	84	84	84	84	84	84	84	84	84	84	84	84	83	83	84	84	84	83	83	83	84	84	84	84	83	83	83	83	83	84	84	83	83	83	83	83	83	84	83	83	83	83	83	83	83	84	84	84	83	83	83	83	83	84	83	83	84	83	84	84	84	84	84	84	84	84	84	84	83	83	84	83	84	84	84	84	84	84	84
83	83	83	83	83	83	83	83	83	83	83	83	83	83	83	83	83	83	83	83	83	83	83	82	83	83	83	83	83	83	83	83	83	83	83	83	83	83	83	83	83	83	83	83	83	83	83	83	83	84	84	84	84	84	84	83	83	83	84	83	83	83	83	83	83	83	83	83	83	83	83	83	83	83	83	83	83	83	83	83	83	83	83	83	83	83	83	83	83	83	83	83	83	83	83	83	83	83	83	83	83	83	83	83	83	83	83	83	83	83	83	83	83	83	83	84	84	84	84	84	84	83	83	83	83	83	83	83	83	83	83	83	83	83	83	83	84	84	84	83	83	83	83	83	84	83	83	83	83	84	84	83	83	83	83	83	83	83	83	83	83	83	84	84	84	84	84	84	84	84	84	84	84	84	84	84	83	83	83	84	84	84	84	84	84	84	84	84	84	84	84	84	84	84	84	84	84	84	84	84	84	84	83	83	83	83	83	84	84	84	84	84	84	84	84	84	84	84	84	84	84	84	84	84	84	84	84	84	84	84	84	84	84	84	84	84	83	84	84	84	84	83	84	84	84	84	84	84	84	84	84	84	84	84	84	84	84	84	84	84	84	84	84	84	84	84	84	84	84	84	84	84	84	84	84	84	84	84	83	83	84	84	84	83	83	83	84	84	84	83	83	83	84	83	83	83	83	83	83	83	84	84	84	84	84	84	84	84	84	84	84	84	84	84	84	84	84	83	83	83	84	84	84	84	84	84	84	84	84	84	84	84	84	84	84	84	84	83	83	83	83	83	81	65	39	36	38	40	42	42	43	42	42	43	43	43	43	43	42	40	41	46	50	51	51	51	51	52	51	51	51	51	51	51	51	51	51	51	51	51	52	52	53	53	53	53	53	53	53	53	52	52	52	52	53	52	52	53	53	52	52	52	52	52	52	51	51	51	51	51	51	51	51	50	50	50	50	50	50	50	50	49	49	49	49	49	49	49	49	48	48	48	48	48	48	48	48	48	47	48	48	47	47	47	47	47	47	47	47	46	46	46	45	44	46	47	48	48	48	48	48	48	49	48	48	48	48	48	48	48	48	48	48	48	48	47	47	47	47	46	45	45	44	47	67	83	83	83	83	84	84	84	84	84	84	84	84	83	83	83	83	83	83	83	83	83	83	83	83	83	83	84	84	84	83	83	83	84	83	83	84	84	84	84	84	83	83	83	83	83	84	84	84	83	83	83	83	83	84	83	83	83	83	83	83	84	84	83	83	83	83	83	83	84	84	83	84	83	83	84	84	84	84	84	84	84	84	84	84	84	84	84	84	83	84	84	84	84	84	83	83	84	84	84	84	84	83	83	83	83	83	83	83	83	83	83	83	83	83	83	83	83	83	83	83	83	83	84	84	84	84	84	84	84	84	84	84	84	83	83	83	84	84	84	84	84	84	84	84	83	83	83	83	83	84	84	84	84	84	84
83	83	83	83	83	83	83	83	83	83	83	83	83	83	83	83	83	83	83	83	82	82	83	82	83	83	83	83	83	83	83	83	83	83	83	83	83	83	83	83	83	83	83	83	83	83	83	83	83	83	84	84	84	84	84	83	83	83	84	83	83	83	83	83	83	83	83	83	82	83	83	83	83	83	83	83	83	83	83	83	83	83	83	83	84	84	84	83	83	83	83	83	84	84	83	83	83	83	83	83	83	83	83	83	83	83	83	83	83	83	83	83	83	83	83	83	84	83	84	84	84	84	83	83	84	84	83	84	83	83	83	83	83	83	83	83	83	83	83	83	83	83	83	83	83	83	83	83	84	84	84	83	83	83	83	83	83	84	84	84	84	84	84	84	84	84	84	84	84	84	84	84	84	84	84	84	84	84	84	84	84	84	83	83	84	84	84	84	84	84	84	84	84	83	83	84	83	83	83	84	84	84	83	83	83	83	83	83	83	83	84	84	84	84	84	84	84	84	84	84	84	84	84	84	84	84	84	84	84	84	84	84	84	84	84	83	83	84	83	83	83	83	83	83	84	84	84	84	84	84	84	84	84	84	84	84	84	84	84	84	84	84	84	84	84	84	84	84	84	83	84	84	85	85	84	84	84	84	83	83	83	83	83	83	83	83	83	83	83	83	83	83	83	83	83	83	83	83	83	83	84	84	84	84	84	83	83	83	84	84	84	84	84	84	83	83	83	83	83	83	83	83	84	84	84	84	84	84	84	84	83	83	84	84	84	83	83	83	83	83	83	83	82	82	71	42	34	39	41	42	42	42	42	42	43	43	43	43	43	42	41	40	45	50	51	51	51	51	51	51	51	51	51	51	51	51	51	52	51	51	52	52	53	53	53	53	53	53	53	53	52	52	52	52	53	53	52	53	53	53	52	52	51	52	52	51	51	51	51	51	51	50	51	50	50	50	50	50	50	50	49	49	49	49	49	49	49	49	49	49	48	48	48	48	48	48	48	48	48	48	48	48	47	47	47	47	47	47	47	46	46	46	45	44	45	47	48	48	49	48	48	48	49	48	48	48	48	48	48	48	48	48	48	48	48	47	47	47	47	47	46	46	45	46	62	82	83	83	83	83	83	83	83	83	83	83	83	83	83	83	83	83	83	83	83	83	83	83	83	83	84	84	84	84	84	83	83	84	83	84	84	84	84	84	84	83	83	83	83	83	83	84	84	83	83	84	84	84	84	83	83	83	83	83	83	83	83	83	83	83	84	83	83	84	84	83	83	83	83	84	83	84	84	84	84	84	84	84	84	84	84	84	84	84	84	84	84	84	84	83	83	84	84	84	84	84	84	84	84	83	83	83	83	84	84	83	83	83	83	83	83	83	83	83	83	83	83	83	84	84	84	84	84	84	84	84	84	84	83	83	83	83	83	83	83	84	84	84	84	83	83	83	83	83	83	83	83	83	83	83
83	83	83	83	83	83	83	83	83	83	83	83	83	83	83	83	83	83	83	83	83	83	83	82	83	83	83	83	83	83	83	83	83	83	83	83	83	83	83	83	83	83	83	83	83	83	83	83	83	83	84	84	84	84	84	83	83	83	84	83	83	83	83	83	83	83	83	83	83	83	83	83	83	83	83	83	83	83	83	83	83	83	83	83	83	83	83	83	83	83	83	83	83	83	83	83	83	83	83	83	83	83	84	83	83	83	83	84	84	83	83	83	83	83	83	84	84	84	84	84	84	83	83	83	83	83	83	83	83	83	83	83	83	84	83	83	83	83	83	83	83	83	83	83	83	83	84	84	84	84	84	83	83	83	84	84	84	84	84	84	84	84	84	84	84	84	84	84	84	84	84	84	84	84	84	84	84	84	84	84	84	84	83	83	84	84	84	84	84	84	84	83	83	83	83	83	84	84	84	84	84	84	84	84	84	84	84	83	83	83	84	84	84	84	84	84	84	84	84	84	84	84	84	84	84	84	84	83	83	84	84	84	84	84	84	83	83	84	83	83	83	83	84	84	84	84	84	84	84	84	84	84	84	84	84	84	84	84	84	84	84	84	84	84	84	84	84	84	84	83	84	84	84	84	83	83	83	83	84	84	83	83	83	83	83	83	83	83	83	83	83	83	83	83	83	83	83	83	83	83	84	84	84	84	84	83	83	83	83	83	83	83	83	83	83	83	83	83	83	83	83	83	84	84	84	84	84	84	83	83	83	83	84	84	84	83	83	83	83	83	83	83	83	83	83	76	48	35	39	40	41	41	42	42	43	43	43	43	43	43	42	41	41	44	49	51	51	51	51	51	51	51	51	51	51	51	51	51	51	51	52	52	53	53	53	53	53	53	52	52	52	52	52	51	52	52	52	52	52	52	52	52	51	51	51	51	51	51	51	51	50	50	51	51	51	50	50	50	50	50	50	50	49	49	49	49	49	49	49	49	49	49	49	49	48	48	48	48	48	48	48	48	48	48	47	47	47	47	47	46	46	47	45	42	42	47	47	48	48	48	49	49	49	49	49	48	48	48	49	49	49	48	48	48	48	48	48	48	48	47	47	46	46	47	57	80	83	82	83	83	83	84	84	84	83	83	83	84	84	84	84	84	84	84	83	83	83	83	84	84	84	84	84	83	83	83	83	83	83	84	84	84	83	83	84	83	83	83	83	83	83	83	84	83	83	83	83	83	83	83	83	83	84	84	83	83	83	83	83	83	84	84	84	84	84	83	83	83	83	84	83	84	84	84	84	84	84	84	84	84	84	84	84	84	84	84	83	83	84	83	83	84	84	84	84	84	84	84	84	83	83	83	83	84	84	83	83	83	83	83	83	83	83	83	83	83	84	84	84	83	83	83	84	84	84	83	83	84	84	84	83	83	83	84	84	84	83	83	83	83	84	84	83	83	83	83	83	84	84	84
83	83	83	83	83	83	83	83	83	83	83	83	83	83	83	83	83	83	83	83	83	83	82	82	83	83	83	83	83	83	83	83	83	83	83	83	83	83	83	83	83	83	83	83	83	83	83	83	83	84	84	84	83	83	83	83	83	83	83	83	83	83	83	83	83	83	83	83	83	83	83	83	83	84	83	83	83	83	83	83	83	84	84	84	84	84	83	83	83	83	83	83	83	83	83	83	83	83	83	83	83	83	83	83	83	83	83	83	83	83	83	83	83	84	84	84	84	83	83	83	83	83	83	83	83	83	83	83	83	83	83	83	83	83	83	83	83	83	83	83	83	83	83	83	83	83	83	83	84	84	84	84	84	84	84	84	84	84	84	84	84	84	84	84	84	83	83	83	84	84	84	84	84	84	84	84	84	84	84	84	84	84	84	84	84	83	83	83	84	84	83	83	83	83	83	83	84	84	84	84	84	84	84	84	84	84	84	84	84	84	84	84	84	84	84	84	84	84	84	84	84	84	84	84	84	84	84	83	83	84	84	84	84	84	84	84	84	84	84	84	84	84	84	84	84	84	84	83	84	84	84	84	84	84	84	84	84	84	84	84	84	84	84	84	84	84	84	84	84	83	83	83	83	83	83	83	83	83	83	83	83	83	83	83	83	83	83	83	83	83	83	83	83	83	83	83	83	83	83	83	84	84	84	84	84	83	83	83	83	83	83	83	83	83	83	83	83	83	83	83	84	84	84	84	84	84	84	84	84	83	83	84	84	84	83	83	83	83	83	83	83	83	83	83	83	83	79	56	37	37	39	39	40	41	42	43	42	43	43	42	43	42	41	41	43	48	51	51	51	51	51	51	50	51	51	51	51	51	51	51	52	52	52	53	53	53	53	52	52	52	52	52	52	51	52	52	52	53	53	52	53	53	52	51	51	51	51	51	51	51	50	50	50	50	50	53	50	50	50	49	50	50	49	49	49	49	49	49	49	49	49	49	49	49	49	48	48	48	48	48	48	48	48	48	47	47	47	47	47	47	46	47	47	45	43	46	47	48	48	49	49	49	49	49	49	49	49	49	49	49	49	48	48	48	48	48	48	48	47	47	47	47	47	47	55	79	83	83	83	83	83	83	83	83	83	83	83	84	84	84	83	83	83	83	83	83	83	83	83	83	83	83	83	83	83	83	83	83	83	84	84	84	83	83	84	83	84	83	83	84	83	83	83	83	83	83	83	83	83	83	83	83	83	83	83	84	84	84	83	83	83	83	83	84	84	83	84	83	83	83	83	84	84	84	84	84	84	84	84	84	84	84	84	84	84	84	84	84	84	84	84	84	84	84	84	84	84	84	84	84	83	83	83	83	83	83	83	83	83	83	83	83	83	83	84	84	84	84	84	83	83	83	83	84	84	83	83	83	83	83	83	83	83	84	84	84	83	83	83	84	84	84	83	83	83	83	83	83	83	83
83	83	83	83	83	83	83	83	83	83	83	83	83	83	83	83	83	83	82	83	82	83	83	83	83	83	83	83	83	83	84	83	83	83	83	83	83	83	83	83	83	83	83	83	83	83	83	83	83	84	84	84	83	83	83	83	83	84	83	83	83	84	84	83	83	83	83	83	83	83	83	83	84	84	83	83	83	83	83	83	83	84	84	84	84	84	83	83	83	83	83	83	83	83	83	83	83	83	83	83	83	83	83	83	83	84	83	83	83	83	83	83	84	84	84	84	84	83	83	83	83	83	83	83	83	83	83	83	83	83	83	83	83	83	83	83	83	83	83	83	83	83	84	84	84	83	83	83	84	84	84	84	84	84	84	84	84	84	84	84	84	84	84	84	84	83	83	83	83	83	84	84	84	84	84	84	84	84	84	84	84	84	84	84	84	83	83	83	83	83	84	84	84	84	84	84	84	84	84	84	84	84	84	84	84	84	84	84	84	84	84	84	84	84	84	84	84	84	84	83	83	84	84	84	84	84	84	84	84	84	84	84	84	84	84	84	84	84	84	84	84	84	84	84	84	84	84	84	84	84	84	84	84	84	84	84	84	84	84	84	84	84	84	84	84	84	84	84	84	83	83	83	83	83	83	83	83	83	83	83	83	83	83	83	83	83	83	83	83	83	83	83	83	83	83	83	83	83	83	83	84	84	84	84	84	84	83	83	84	83	83	83	83	83	83	83	83	83	83	84	84	84	84	84	84	84	84	84	84	84	84	84	84	84	83	83	83	83	83	83	83	83	84	83	83	83	82	81	65	38	35	38	40	41	42	43	42	43	43	43	43	43	42	41	40	42	47	50	51	50	50	50	50	50	50	51	51	50	51	51	52	52	52	52	52	52	53	52	52	52	52	52	52	52	52	52	52	52	52	52	52	52	52	52	51	51	51	51	51	51	51	50	50	50	49	53	51	50	50	49	49	50	50	50	49	49	49	49	49	49	49	49	49	49	49	48	48	48	49	49	48	48	48	48	48	48	47	47	47	47	47	47	47	47	46	47	48	48	49	49	49	49	49	49	49	49	49	48	48	49	48	49	49	48	48	49	48	48	48	48	48	47	47	47	52	75	83	82	83	83	83	83	83	83	83	83	83	83	83	83	83	83	83	83	83	84	84	83	83	83	83	83	83	83	83	83	83	84	84	84	84	84	83	84	84	83	83	83	83	83	83	83	83	84	84	84	84	84	84	83	83	83	83	83	83	84	84	84	83	83	83	83	83	84	84	83	84	83	83	83	83	83	83	83	83	84	84	84	84	84	84	84	84	84	84	84	84	83	84	84	84	84	84	84	84	84	84	84	84	84	83	83	83	83	83	83	84	84	83	83	83	84	84	84	84	84	84	84	84	83	83	83	83	83	83	83	84	83	83	83	83	83	83	84	84	84	83	83	83	83	83	83	83	84	83	83	83	83	83	83
83	83	83	83	83	83	83	83	83	83	83	83	83	83	83	83	83	83	82	82	82	82	83	83	83	83	83	83	83	83	84	83	83	83	83	83	83	83	83	83	83	83	83	83	83	83	83	83	83	84	84	84	83	83	83	83	83	84	83	83	83	84	83	83	83	83	83	83	83	83	83	83	84	84	83	83	83	83	83	83	83	84	84	84	84	84	83	83	83	83	83	83	83	83	83	83	83	83	83	83	83	83	83	83	84	84	83	84	84	83	84	84	84	84	84	84	84	83	83	84	83	84	84	83	84	83	83	83	83	83	83	83	83	83	83	83	83	83	83	83	83	83	84	84	84	83	83	83	84	84	84	84	84	84	84	84	84	84	84	84	84	84	84	84	84	83	83	83	83	83	84	84	84	84	84	84	84	84	84	84	84	84	84	84	84	84	84	84	84	84	84	84	84	84	84	84	84	84	84	84	84	84	84	84	84	84	84	84	84	84	84	84	84	84	84	84	84	84	84	84	84	84	84	84	84	84	84	84	84	84	84	84	84	84	84	84	84	84	84	84	84	84	84	84	84	84	84	84	84	84	84	84	84	84	84	84	84	84	84	84	84	84	84	84	84	84	84	84	84	83	83	83	83	83	83	83	83	83	83	83	83	83	83	83	83	83	83	83	83	83	83	83	83	83	83	83	83	83	83	83	84	84	84	84	84	84	83	83	84	84	84	83	83	83	83	83	83	83	83	83	83	83	84	84	84	84	84	84	84	84	84	84	84	84	83	83	83	83	83	83	83	83	84	83	83	83	83	83	82	71	44	35	39	40	41	42	42	43	43	43	43	43	43	43	42	41	41	45	49	50	50	50	50	50	50	50	51	50	51	51	51	52	52	52	52	52	52	52	51	52	52	52	52	52	52	52	52	53	52	53	53	52	52	52	51	51	51	51	51	52	51	51	51	50	50	50	50	50	50	49	49	50	50	50	49	49	49	49	49	49	49	49	49	49	49	49	49	49	48	48	48	48	48	48	48	48	47	47	47	47	47	47	47	47	46	47	48	48	48	48	49	49	49	49	49	49	49	49	49	49	48	48	49	49	49	49	49	48	48	48	48	47	47	46	50	71	83	83	83	84	83	83	83	83	83	83	83	83	83	83	83	83	84	84	83	84	84	84	84	84	84	83	83	83	83	83	84	84	84	83	83	83	83	83	83	83	83	83	83	83	83	84	84	84	84	84	84	84	84	83	83	83	83	83	83	84	84	84	83	83	83	83	83	84	84	83	84	83	83	84	84	84	83	83	83	83	83	84	84	84	84	84	84	84	84	84	84	83	84	84	84	84	84	84	84	84	84	84	84	84	83	83	83	84	83	84	84	84	84	84	84	83	83	83	83	84	84	83	84	83	83	83	83	84	84	83	83	83	83	83	83	84	84	83	83	83	83	83	84	83	83	83	83	84	83	83	83	83	83	83
83	83	83	83	83	83	83	83	83	83	83	83	83	83	83	83	83	82	83	83	83	83	83	82	83	83	83	83	83	83	83	83	83	83	83	83	83	83	83	83	83	83	83	83	83	83	83	83	83	83	84	83	83	83	83	83	83	83	84	84	84	83	83	83	83	83	83	83	84	84	84	83	84	84	84	84	84	84	84	84	84	84	84	83	83	83	83	83	83	83	83	83	83	83	83	83	83	83	83	83	83	83	83	83	83	83	83	83	83	83	84	83	83	84	83	83	84	83	83	83	83	83	83	83	84	83	83	83	83	83	83	83	83	83	83	83	83	83	83	84	84	84	84	84	84	84	84	84	84	84	84	84	84	84	84	84	84	84	84	84	83	83	84	84	84	83	83	83	83	83	83	84	84	84	84	84	84	84	84	84	84	84	84	84	84	84	84	84	84	84	84	84	84	84	84	84	84	84	84	84	84	84	84	84	84	84	84	84	84	84	84	84	84	84	84	84	84	84	84	84	84	84	84	84	84	84	84	83	83	84	84	84	84	84	84	84	83	84	83	84	84	84	84	84	84	84	84	84	84	84	84	84	84	84	84	84	84	84	84	84	84	83	83	84	84	84	84	84	84	83	83	84	83	83	83	83	83	83	83	83	84	84	84	84	84	84	83	83	83	83	83	83	83	83	83	83	83	83	83	83	84	84	84	84	84	84	83	83	83	83	83	83	83	83	83	83	83	83	83	83	83	83	83	83	83	84	84	84	84	84	84	84	84	84	84	84	84	83	83	83	83	83	84	84	84	84	84	84	84	83	77	50	35	38	39	41	42	42	42	43	43	43	43	43	43	42	41	40	43	48	50	50	50	50	50	50	50	50	50	51	51	51	51	52	52	51	52	52	51	51	51	52	52	52	52	52	52	52	52	52	53	53	52	52	52	51	52	51	51	51	52	51	51	50	50	50	50	50	50	50	49	49	49	50	50	50	49	49	50	49	49	49	49	49	48	49	49	48	48	48	48	48	48	48	48	48	48	48	47	47	48	48	48	48	48	47	49	48	49	49	49	49	49	49	49	49	49	49	49	49	49	49	49	49	49	49	49	49	49	48	48	48	47	47	49	66	83	83	83	83	83	83	83	83	83	83	83	83	83	83	83	83	83	83	83	83	83	83	83	83	83	83	83	83	83	83	83	83	83	83	83	83	83	83	83	83	83	83	83	83	83	83	83	83	83	83	83	83	83	83	83	83	83	83	83	83	83	83	83	83	83	83	83	83	83	83	83	83	83	83	83	83	83	83	83	83	83	83	83	83	83	83	83	83	83	84	84	84	84	84	83	84	84	84	84	84	84	84	84	84	84	83	83	83	84	84	84	84	84	84	84	84	84	84	83	84	84	83	84	83	83	84	83	83	83	83	84	84	83	83	83	83	83	83	83	83	83	83	83	83	83	83	83	83	83	83	83	83	84	84
83	83	83	83	83	83	83	83	83	83	83	83	83	83	83	83	83	82	83	83	83	83	83	82	83	83	83	83	83	83	83	83	83	83	83	83	83	83	83	83	83	83	83	83	83	83	83	83	83	83	84	83	83	83	83	83	83	83	84	84	84	83	83	83	83	83	83	83	84	84	84	83	84	84	84	84	84	84	84	84	84	84	84	83	83	83	83	83	83	83	83	83	83	83	83	83	84	83	83	83	83	83	83	83	83	83	83	83	83	84	84	84	83	84	83	83	83	83	83	83	83	83	83	83	83	83	83	83	83	83	83	83	83	83	83	83	83	83	83	84	84	84	84	84	84	84	84	84	84	84	84	84	84	84	84	84	84	84	84	84	83	83	84	84	84	84	84	84	83	83	84	84	84	84	84	84	84	84	84	84	84	84	84	84	84	84	84	84	84	84	84	84	84	84	84	84	84	84	84	84	84	84	84	84	84	84	84	84	84	84	84	84	84	84	84	84	84	84	84	84	84	84	84	84	84	84	84	83	83	83	84	84	84	84	84	84	84	84	83	84	84	84	84	84	84	84	84	84	84	84	84	84	84	84	84	84	84	84	84	84	84	83	83	84	84	84	84	84	84	84	83	84	83	83	83	83	83	83	83	83	84	84	84	84	84	84	83	83	83	83	83	83	83	83	83	83	83	83	83	83	84	84	84	84	84	84	83	83	83	83	83	83	83	83	83	83	83	83	83	83	83	83	83	83	83	84	84	84	84	84	84	84	84	84	84	84	84	83	83	83	83	83	84	84	84	84	84	84	84	83	83	80	58	35	37	39	41	42	42	43	43	43	43	43	43	42	42	41	40	42	47	50	51	51	51	50	50	50	51	51	51	51	51	51	51	51	52	52	52	51	52	52	52	52	52	52	52	52	51	51	52	53	53	52	52	52	51	51	51	51	52	52	51	51	50	50	50	50	50	50	50	50	50	50	50	50	50	49	49	49	49	49	49	49	49	49	48	49	48	48	48	48	48	48	48	48	47	47	47	47	48	48	48	48	48	47	48	49	49	49	49	49	50	49	50	50	49	49	49	49	49	49	49	49	49	49	49	49	49	49	48	48	47	48	48	62	82	83	83	83	83	83	83	83	83	83	83	83	83	83	83	83	83	83	83	83	83	83	83	83	83	83	83	83	83	83	83	83	83	83	83	83	83	83	83	83	83	83	83	83	83	83	83	83	83	83	83	83	83	83	83	83	83	83	83	83	83	83	83	83	83	83	83	83	83	83	83	83	83	83	83	83	83	83	83	83	83	83	83	83	83	83	83	84	83	84	84	84	84	84	83	84	84	84	84	84	84	84	84	84	84	84	84	84	84	83	83	83	83	83	83	83	84	84	83	84	84	83	84	83	83	84	84	84	84	83	83	83	83	83	83	83	83	83	83	83	83	83	83	83	83	83	83	83	83	83	83	83	84	84
83	83	83	83	83	83	83	83	83	83	83	83	83	83	83	83	83	82	83	83	83	83	83	82	83	83	83	83	83	83	83	83	83	83	83	83	83	83	83	83	83	83	83	83	83	83	83	83	83	83	84	83	83	83	83	83	83	83	84	84	84	83	83	83	83	83	83	83	84	84	84	83	84	84	84	84	84	84	84	84	84	84	84	83	83	83	83	83	83	83	83	83	83	83	83	83	83	83	83	83	83	83	84	83	84	84	83	84	84	84	84	84	84	84	83	83	83	83	83	83	83	83	83	83	83	83	83	83	83	83	83	83	83	83	83	83	83	83	84	84	84	84	84	84	84	84	84	84	84	84	84	84	84	84	84	84	84	84	84	84	83	83	84	84	84	84	84	84	84	84	84	84	84	84	84	84	84	84	84	84	84	84	84	84	84	84	84	84	84	84	84	84	84	84	84	84	84	84	84	84	84	84	84	84	84	84	84	84	84	84	84	84	84	84	84	84	84	84	84	84	84	84	84	84	84	84	84	83	83	83	84	84	84	84	84	83	83	84	83	84	84	84	84	84	84	84	84	84	84	84	84	84	84	84	84	84	84	84	84	84	84	83	83	83	84	84	84	84	84	83	83	84	83	83	83	83	83	83	83	83	84	84	84	84	84	84	83	83	83	83	83	83	83	83	83	83	83	83	83	83	84	84	84	84	84	83	83	83	83	83	83	83	83	83	83	83	83	83	83	83	83	83	83	83	83	84	84	84	84	84	84	84	84	84	84	84	84	83	83	83	83	84	84	84	84	84	84	84	83	83	83	83	81	64	38	35	39	40	42	42	43	43	43	43	43	42	42	42	42	40	41	45	50	50	50	50	50	50	50	50	50	50	51	51	51	51	51	52	52	52	52	52	52	52	52	52	52	52	51	51	52	52	52	52	52	51	52	51	51	51	51	52	51	51	51	50	50	50	50	50	50	50	49	50	50	50	50	49	49	49	50	49	49	49	49	49	49	48	49	48	48	48	48	48	47	47	47	47	47	47	48	48	48	48	48	47	48	49	49	49	49	49	50	50	50	50	49	49	49	49	49	49	49	49	49	49	50	50	49	49	49	48	48	48	47	57	80	83	83	83	83	83	83	83	83	83	83	83	83	83	83	83	83	84	84	83	83	83	83	83	83	84	84	84	84	84	84	83	83	83	83	83	83	83	84	83	83	84	84	84	84	84	84	84	84	84	84	84	84	83	83	83	83	83	83	83	83	83	83	83	84	84	83	83	83	83	83	83	83	83	83	83	83	83	83	83	83	83	83	83	84	83	83	84	84	84	84	84	84	84	83	84	84	84	84	84	84	84	84	84	84	84	84	84	84	83	83	83	83	83	83	83	84	84	84	84	84	83	83	83	83	83	84	84	84	83	83	83	83	83	83	83	83	83	83	83	83	83	83	83	84	83	83	83	83	83	83	83	83	83
83	83	83	83	83	83	83	83	83	83	83	83	83	83	83	83	83	83	83	83	83	83	83	82	83	83	83	83	83	82	83	83	83	83	83	83	83	83	83	83	83	83	83	83	83	83	83	83	83	83	84	83	83	83	83	83	83	83	83	83	83	83	83	83	83	83	83	83	83	84	84	84	84	84	84	84	84	84	84	83	84	84	84	83	83	83	83	83	83	84	84	84	83	83	83	83	83	83	83	83	83	83	84	83	83	83	83	84	84	84	84	84	83	83	83	83	83	83	84	84	83	83	83	83	83	83	83	83	83	83	83	83	83	83	83	83	84	84	84	84	84	84	84	84	84	84	84	84	84	84	84	84	84	84	84	84	84	83	84	84	84	84	84	84	84	84	84	84	84	84	84	84	84	84	84	84	84	84	84	84	84	84	84	84	84	84	84	84	83	83	84	84	84	84	84	84	83	83	84	84	84	84	84	84	84	84	84	84	84	84	84	84	84	84	84	84	84	84	83	83	83	83	83	83	84	84	84	83	83	84	84	84	84	84	84	84	84	84	84	84	84	84	84	84	84	84	84	84	84	84	84	84	84	84	84	84	83	83	83	83	84	84	84	83	83	83	83	83	83	83	83	83	83	83	83	83	83	83	83	83	83	83	83	84	84	84	83	83	83	84	84	84	84	83	83	83	83	83	83	83	83	83	83	83	83	83	84	83	83	83	83	83	83	83	83	83	83	83	83	83	83	83	84	84	84	84	83	83	84	84	84	84	84	84	84	84	84	84	84	84	84	84	84	84	84	83	83	83	83	83	83	83	83	82	72	43	35	39	40	41	41	42	43	43	43	43	42	42	42	41	41	40	45	49	50	50	50	50	50	50	50	50	51	51	51	51	51	51	52	52	52	52	52	52	52	52	52	52	52	51	52	52	52	52	53	52	52	52	52	52	51	51	51	51	51	51	50	50	50	50	50	50	50	50	50	50	50	50	49	50	49	50	49	49	49	49	49	48	49	49	48	48	48	48	48	47	48	48	48	48	48	47	47	47	47	47	48	50	50	50	49	49	49	49	49	49	49	49	49	49	49	49	49	49	49	49	50	50	49	49	48	48	48	47	47	53	77	83	83	83	83	83	83	83	83	83	83	83	83	83	83	83	83	83	83	83	83	83	83	83	83	84	84	84	84	84	83	83	83	83	83	83	83	83	83	83	83	83	84	84	84	84	84	83	83	83	83	83	83	83	83	83	83	83	83	83	83	83	83	83	83	83	83	84	84	84	83	83	83	83	83	83	83	83	83	83	83	83	83	83	83	83	83	84	84	84	83	83	83	83	83	83	83	84	84	84	84	84	84	84	83	83	83	83	84	83	83	83	83	83	83	83	84	84	84	84	83	82	83	83	83	84	83	83	83	83	83	83	83	83	83	83	83	83	83	83	83	83	83	83	83	83	83	83	83	83	83	83	83	83
83	83	83	83	83	83	83	83	83	83	83	83	83	83	83	83	83	83	83	83	83	83	83	82	83	83	83	83	83	82	83	83	83	83	83	83	83	83	83	83	83	83	83	83	83	83	83	83	83	83	84	83	83	83	83	83	83	83	83	83	83	83	83	83	83	83	83	83	83	84	84	84	84	84	84	84	84	84	83	83	84	84	84	83	83	83	83	83	83	83	83	83	83	83	83	83	83	84	84	84	83	83	83	83	83	84	84	84	84	83	83	83	83	84	83	83	84	83	84	84	83	83	83	83	83	83	83	83	83	83	83	83	83	83	83	83	84	84	84	84	84	84	84	84	84	84	84	84	84	84	84	84	84	84	84	84	84	84	84	84	84	84	84	84	84	84	84	84	84	84	84	84	84	84	84	84	84	84	84	84	84	84	84	84	84	84	84	84	83	83	84	84	84	84	84	84	83	83	84	84	84	84	84	84	84	84	84	84	84	84	84	84	84	84	84	84	84	84	84	83	83	83	83	83	84	84	84	83	84	84	84	84	84	84	84	84	84	84	84	84	84	84	84	84	84	84	84	84	84	84	84	84	84	84	84	84	83	83	83	83	83	84	84	83	83	83	83	83	83	83	83	83	83	83	83	83	83	83	83	83	83	83	83	84	84	84	83	83	83	84	84	84	84	83	83	83	83	83	83	83	83	83	83	83	83	83	84	83	83	83	83	83	83	83	83	83	83	83	83	83	83	83	84	84	84	84	83	83	84	84	84	84	84	84	84	84	84	84	84	84	84	84	84	84	84	83	83	83	83	83	83	83	83	83	82	77	51	34	38	39	40	41	43	43	43	43	42	42	42	41	41	40	40	44	48	50	51	50	50	50	50	50	50	50	51	51	51	51	51	52	52	52	52	52	52	52	52	52	52	52	52	52	52	52	52	52	51	52	52	52	51	51	51	51	51	51	50	50	50	50	50	50	50	50	50	50	50	50	49	49	50	49	49	49	49	49	49	49	49	48	48	48	48	48	48	47	48	51	49	48	48	47	47	47	47	47	44	43	46	48	49	49	50	50	50	49	49	49	49	50	49	49	49	49	49	49	49	50	49	49	49	48	47	47	47	52	73	83	83	83	83	83	83	83	83	83	83	83	83	83	83	83	83	83	83	83	83	83	83	83	83	84	84	83	83	83	83	83	83	83	83	83	83	83	83	83	83	83	84	84	83	83	83	83	83	83	83	83	83	83	83	83	83	83	83	83	83	83	83	83	83	83	83	84	84	84	84	84	84	83	83	83	83	83	83	83	83	83	83	83	83	83	83	83	83	84	83	83	83	84	83	83	83	83	84	83	83	83	84	83	83	83	83	83	84	83	83	84	83	83	83	83	83	83	83	83	83	83	83	83	83	83	83	83	83	83	83	83	83	83	83	83	83	83	83	83	83	83	83	83	83	83	83	83	83	83	83	83	83	83
83	83	83	83	83	83	83	83	83	83	83	83	82	83	83	83	83	83	83	83	83	83	83	83	83	83	83	83	83	83	83	83	83	83	83	83	83	83	83	83	83	83	83	83	83	83	83	83	83	83	84	83	83	83	83	84	84	83	83	83	83	83	83	83	83	83	83	83	83	84	84	84	84	84	84	84	84	84	83	83	84	84	84	83	83	83	83	83	83	84	84	84	83	83	83	83	84	84	84	84	83	83	84	83	84	84	84	84	84	83	83	83	84	84	83	83	83	83	83	83	83	83	83	83	84	83	83	83	83	83	83	83	83	83	83	83	84	84	84	84	84	84	84	84	84	84	84	84	84	84	84	84	84	84	84	84	84	84	84	84	84	84	84	84	84	84	84	84	84	84	84	84	84	84	84	84	84	84	84	84	84	84	84	84	84	84	84	84	83	83	84	84	84	84	84	84	83	83	83	84	84	84	84	84	84	84	84	84	84	84	84	83	84	84	84	84	84	84	84	84	84	83	83	83	83	84	84	84	84	84	84	84	84	84	84	84	84	84	84	84	84	84	84	84	84	84	84	84	84	83	83	83	84	84	84	84	83	83	83	83	84	84	84	83	83	83	83	83	83	83	83	83	83	83	83	83	83	83	83	83	83	83	83	84	84	84	83	83	83	84	84	84	83	83	83	83	83	83	83	83	83	83	83	83	83	83	84	84	83	83	83	83	83	83	83	83	83	83	83	83	83	83	84	84	84	83	83	83	84	84	84	84	84	84	84	84	84	84	84	84	84	84	84	84	84	83	83	83	83	83	83	83	83	83	83	82	80	58	34	36	38	39	41	42	42	43	42	42	42	42	39	39	41	41	43	48	51	51	50	50	50	50	50	50	50	50	50	51	51	51	51	52	52	52	52	52	52	51	52	52	52	52	51	52	52	52	52	52	52	52	51	51	51	52	51	51	51	51	50	50	50	50	50	50	50	50	50	50	50	50	50	50	49	49	49	49	49	49	49	49	48	48	48	48	49	48	47	47	48	48	48	48	48	48	48	48	46	44	44	44	44	44	45	46	47	48	49	49	49	50	50	50	49	49	49	50	49	50	49	49	49	48	48	47	47	51	70	83	83	83	83	83	83	83	83	83	83	83	83	83	83	83	83	83	83	83	84	84	83	83	83	83	83	83	83	83	83	83	83	83	83	83	83	83	83	84	84	84	83	83	83	83	83	83	83	83	83	83	84	83	83	83	83	83	83	83	83	83	83	83	83	83	83	84	84	84	84	84	84	83	83	83	83	83	83	83	83	84	83	83	83	83	83	83	83	83	83	83	84	84	83	83	83	83	83	83	83	83	83	83	83	83	83	83	84	83	83	84	84	84	84	83	83	83	83	83	83	83	83	83	83	83	84	84	84	83	83	83	83	83	83	83	83	83	83	83	83	84	83	83	83	83	83	83	83	83	83	83	83	83
83	83	83	83	83	83	83	83	83	83	82	82	82	83	83	83	83	83	83	83	83	83	83	83	83	83	83	83	83	83	83	83	83	83	83	83	83	83	83	83	83	83	83	83	83	83	83	84	84	83	83	83	84	84	83	83	83	83	84	84	84	83	83	83	83	83	83	83	83	84	84	84	84	84	83	84	84	84	83	84	84	84	84	84	83	83	83	83	83	83	83	83	83	83	83	83	83	83	83	84	83	83	83	84	84	84	83	84	84	83	84	83	83	83	83	83	83	83	83	83	83	83	83	84	84	84	83	84	83	83	83	83	83	83	83	83	83	84	84	84	84	84	84	84	84	84	84	84	84	84	84	84	84	84	84	84	84	84	84	84	84	84	84	84	84	84	84	84	84	84	84	84	83	84	84	84	84	84	84	84	84	84	84	84	84	84	84	84	84	84	83	84	84	84	84	83	83	84	83	84	84	84	84	84	84	84	84	84	84	84	83	83	83	84	84	84	83	83	84	84	84	83	84	83	83	83	83	83	84	84	84	84	84	84	84	84	84	84	84	84	84	84	84	84	84	84	84	84	84	83	83	84	84	84	84	84	84	84	84	84	84	84	84	83	84	84	83	83	83	83	83	83	83	83	83	83	83	83	83	83	83	83	83	84	83	83	83	83	83	83	84	84	83	83	83	83	83	83	83	83	83	83	84	84	84	84	84	84	84	83	83	84	84	84	83	83	83	83	83	83	83	83	83	83	83	83	83	83	84	84	84	83	83	84	84	84	84	84	84	84	84	84	83	83	83	83	83	83	83	83	83	83	83	83	83	83	83	81	63	37	35	38	39	40	41	42	42	42	41	39	38	41	42	41	42	44	49	51	50	50	50	50	50	50	50	50	50	50	50	51	51	51	51	51	51	52	52	51	52	52	52	52	51	52	51	51	52	52	51	52	51	51	52	52	51	51	51	51	51	50	50	50	50	50	50	50	50	50	50	50	50	49	50	49	49	49	49	49	49	49	49	48	48	48	48	48	48	48	49	48	48	48	48	48	48	48	48	47	49	49	49	48	47	45	44	43	43	44	45	47	49	49	49	49	49	49	49	49	49	49	49	48	48	48	48	50	66	83	83	83	83	83	83	83	83	83	83	83	83	83	83	83	83	83	83	83	83	83	83	83	83	83	83	83	83	83	83	83	83	83	83	83	83	83	83	83	83	83	83	83	83	83	83	83	83	83	83	83	83	83	83	83	83	83	83	83	83	83	83	83	83	83	83	83	83	83	83	83	83	83	83	83	83	83	83	83	83	83	84	83	83	83	83	83	83	83	83	83	83	83	83	83	83	83	83	83	83	83	83	83	83	83	84	83	84	83	83	84	84	84	84	82	83	83	83	83	83	83	83	83	83	83	83	83	83	84	84	84	84	84	83	83	83	83	84	84	84	84	84	84	84	83	83	83	84	84	84	83	83	83
83	83	83	83	83	83	83	83	83	83	82	82	82	83	83	83	83	83	83	83	83	83	83	83	83	83	83	83	83	84	83	83	83	83	83	83	83	83	83	83	83	83	83	83	83	83	83	84	83	83	83	83	83	83	83	83	83	83	83	83	83	83	83	83	83	83	83	83	83	84	84	84	84	84	83	84	84	84	83	84	84	84	84	84	83	83	83	83	83	83	83	83	83	83	83	83	83	83	83	84	83	83	83	84	84	84	83	84	84	83	84	83	83	83	84	84	84	83	83	83	83	83	83	84	84	84	83	84	83	83	83	83	83	83	83	83	83	83	84	84	84	84	84	84	84	84	84	84	84	84	84	83	84	84	84	84	84	83	83	84	84	84	84	84	84	84	84	84	84	84	84	84	83	84	84	84	84	84	84	84	84	84	84	84	84	84	84	84	84	84	83	84	84	84	84	83	83	84	83	84	84	84	84	84	84	84	84	84	84	84	83	83	83	84	84	84	83	83	84	84	84	83	84	83	83	84	84	84	84	84	84	84	84	84	84	84	84	84	84	84	84	84	84	84	84	84	84	84	84	83	83	84	84	84	84	84	84	84	84	84	84	84	84	83	84	84	83	83	83	83	83	83	83	83	83	83	83	83	83	83	83	83	83	84	83	83	83	83	83	83	84	84	83	83	83	83	83	83	83	83	83	83	83	84	84	83	84	84	84	83	84	84	84	84	84	83	83	83	83	83	83	83	83	83	83	83	83	83	84	84	84	83	83	84	84	84	84	84	84	84	83	83	83	83	83	83	83	83	83	83	83	83	83	83	83	83	83	82	81	70	42	34	37	38	39	41	42	42	39	38	41	42	42	41	41	42	44	48	50	49	49	49	49	50	50	50	50	50	50	50	50	51	51	51	51	52	51	52	52	52	51	51	51	52	52	52	52	52	51	51	51	51	52	52	51	51	51	51	51	51	51	50	50	50	50	50	50	50	50	50	49	49	50	50	49	49	49	49	49	49	49	49	49	48	48	48	48	49	49	49	49	49	48	48	48	49	48	46	48	49	49	49	49	49	49	49	48	47	45	44	43	43	44	44	46	47	48	48	49	49	49	48	48	48	48	49	60	82	84	83	83	83	83	83	83	83	83	83	83	83	83	83	83	83	83	83	83	83	83	83	83	83	83	83	83	83	83	83	83	83	83	83	83	83	83	83	83	83	83	83	83	83	83	83	83	83	83	83	83	83	83	83	83	83	83	83	83	84	83	83	83	83	83	83	83	83	83	83	83	84	84	83	83	83	83	83	83	84	84	84	84	83	83	83	83	83	83	83	83	83	83	84	84	84	83	83	83	83	83	83	83	83	83	84	84	83	83	83	84	84	83	83	83	83	83	83	83	83	83	83	83	83	83	83	83	83	83	83	83	83	83	83	83	84	84	84	84	83	83	84	84	84	84	84	84	84	84	84	83	83
84	83	83	83	83	83	83	83	83	83	83	83	83	83	83	83	83	83	83	83	83	83	83	83	83	83	83	83	83	83	83	83	83	83	83	83	83	83	83	83	83	83	83	83	84	83	83	83	83	83	83	83	83	83	83	83	83	83	83	83	83	83	83	83	83	83	83	83	83	84	84	84	84	84	84	84	84	84	84	84	84	84	84	83	83	83	83	83	83	83	83	83	83	84	83	83	83	83	83	84	83	83	83	84	84	84	83	83	83	83	83	83	83	84	84	84	84	83	83	83	83	83	83	83	83	83	83	83	83	83	83	83	83	83	83	83	84	84	84	84	84	84	84	84	84	84	84	84	84	84	84	84	84	84	84	84	84	83	83	83	84	84	84	84	84	84	84	84	83	83	84	84	83	84	84	84	84	84	84	84	84	84	83	84	84	84	84	84	84	84	83	83	84	84	84	84	84	84	84	84	84	84	84	84	84	84	84	84	84	84	83	83	83	84	84	83	83	83	84	84	84	84	84	84	84	84	84	84	84	84	84	84	84	84	84	84	84	84	84	84	84	84	84	84	85	84	84	84	84	84	83	84	84	84	84	83	83	83	84	84	84	84	84	83	83	83	84	84	84	83	83	83	83	83	83	83	83	83	83	83	83	83	83	83	83	83	83	83	83	83	83	83	83	83	83	83	83	83	83	83	83	83	83	83	83	83	84	84	84	84	84	84	84	84	84	84	84	84	84	84	83	83	83	83	83	83	83	83	83	84	84	83	83	83	84	84	84	84	84	83	83	83	83	84	84	83	83	83	83	83	83	83	83	83	83	83	83	83	83	83	77	50	33	35	37	39	40	40	39	41	42	42	42	41	41	42	43	44	47	49	49	49	49	50	50	50	50	49	50	49	50	50	51	51	51	51	51	52	52	51	51	51	51	52	52	52	52	52	52	52	51	51	52	51	51	51	51	51	51	51	51	50	50	50	50	50	50	50	50	50	50	50	50	50	49	49	49	49	49	49	49	49	49	49	49	49	49	49	50	49	49	49	48	48	48	48	48	45	48	49	49	49	49	49	50	49	49	49	49	50	49	48	47	46	43	42	42	42	43	45	47	47	48	48	49	49	56	79	83	83	83	83	83	83	84	84	84	83	83	83	84	84	84	83	83	83	83	83	83	83	83	83	83	84	84	84	84	84	84	84	84	83	83	83	83	83	83	83	83	83	84	84	84	84	84	84	83	83	83	83	83	83	83	83	83	84	83	83	83	83	83	83	83	83	83	83	83	83	83	84	83	83	83	83	83	83	83	84	84	84	83	83	83	83	83	83	83	83	83	83	83	84	84	84	83	84	84	83	83	83	83	83	83	83	84	83	83	83	84	84	83	83	83	83	83	83	83	83	83	83	83	83	83	83	83	83	83	83	83	83	83	83	84	84	84	84	83	83	83	84	84	84	84	84	84	84	84	84	84	84
84	83	83	83	82	83	83	83	83	83	83	83	83	83	83	83	83	83	83	83	83	83	83	83	83	83	83	83	83	83	83	83	83	83	83	83	83	83	83	83	83	83	83	83	84	84	84	83	83	83	83	83	83	83	83	83	83	83	83	83	83	84	84	84	84	84	84	84	84	84	84	84	84	84	84	84	84	84	84	84	84	83	83	83	83	83	83	83	83	83	83	83	84	84	84	83	84	83	83	84	83	83	83	84	84	84	83	83	83	83	83	83	83	84	83	83	83	83	83	83	83	84	84	83	83	83	83	83	83	83	83	83	83	83	83	84	84	84	84	84	84	84	84	84	84	84	84	84	84	84	84	84	84	84	84	84	83	83	83	84	84	84	84	84	84	84	84	83	83	83	83	84	84	84	84	84	84	84	84	84	84	84	83	83	84	84	84	84	84	84	84	84	84	84	84	84	84	84	84	84	84	84	83	83	84	84	84	84	84	84	84	84	84	84	84	83	83	84	84	84	84	84	84	84	84	84	84	84	84	84	84	84	84	84	84	84	84	84	84	84	84	84	84	84	84	84	84	84	84	84	84	84	83	84	83	83	83	83	83	84	84	84	84	83	83	83	84	84	84	83	83	83	83	83	84	83	83	83	83	83	83	83	83	83	83	83	83	83	83	83	83	83	83	83	83	83	83	83	83	83	83	83	83	84	84	84	84	84	84	84	84	84	84	84	84	83	84	84	84	84	84	84	84	84	84	83	83	83	83	83	84	84	83	83	83	83	83	83	83	83	83	83	84	84	84	83	83	83	84	84	84	83	83	83	83	83	83	83	83	83	83	80	58	34	34	37	38	37	40	42	42	42	42	42	42	42	43	43	43	46	48	49	49	50	49	49	49	49	49	49	49	50	50	51	51	51	51	51	51	51	51	51	51	52	52	53	53	52	52	52	51	51	51	51	51	51	51	51	51	51	51	51	51	50	50	50	50	50	50	50	50	50	50	50	49	49	49	49	49	49	49	49	49	49	49	49	49	49	49	49	49	48	48	48	48	48	48	47	48	50	49	49	50	50	50	50	50	50	50	49	49	49	49	49	49	49	49	48	46	44	43	42	41	41	43	45	52	76	84	84	84	84	84	84	84	84	84	84	84	84	84	84	84	84	84	83	83	83	84	84	84	84	84	84	84	84	84	84	84	84	84	84	84	84	84	84	84	84	84	84	84	84	84	84	84	84	83	83	83	83	83	83	83	83	83	83	83	83	83	83	83	83	83	83	83	83	83	83	83	83	83	83	83	83	83	83	83	83	84	83	83	83	83	83	83	83	84	84	84	84	84	84	84	84	84	84	84	84	84	84	84	84	83	83	83	83	83	83	83	83	83	83	83	83	83	83	84	84	84	84	84	84	84	84	84	84	84	84	83	84	83	83	84	84	84	84	84	84	84	84	84	84	84	84	84	84	84	84	84	84
84	83	83	83	82	83	83	83	82	82	83	83	83	83	83	83	83	83	83	83	83	83	83	83	83	83	83	83	83	83	83	83	83	83	83	83	83	83	83	83	83	83	83	83	84	84	84	83	83	83	83	83	83	83	83	83	83	83	84	84	84	83	83	83	84	84	84	84	84	84	84	84	84	84	84	84	84	84	84	84	84	83	83	83	83	83	83	83	83	83	83	83	83	84	83	83	83	83	83	84	83	83	83	84	84	84	83	83	83	83	83	83	83	84	83	83	83	83	83	83	83	84	84	83	83	83	83	83	83	83	83	83	83	83	83	84	84	84	84	84	84	84	84	84	84	84	84	84	84	84	84	84	84	84	84	84	84	84	84	84	84	84	84	84	84	84	84	83	83	83	83	84	84	84	84	84	84	84	84	84	84	84	83	83	84	84	84	84	84	84	84	84	84	84	84	84	84	84	84	84	84	84	83	83	84	84	84	84	84	84	84	84	84	84	84	83	84	84	83	83	83	84	84	84	84	84	84	84	84	83	84	84	84	84	84	84	84	84	84	84	84	84	84	84	84	84	84	84	84	84	84	84	83	84	83	83	83	83	83	84	84	84	84	84	84	84	84	84	84	83	83	83	83	83	84	83	83	83	83	83	83	83	83	83	83	83	83	83	83	83	83	83	83	83	83	83	83	83	83	83	83	83	83	84	84	84	84	84	84	84	84	84	84	84	84	84	84	84	84	84	84	84	84	84	84	83	83	83	83	83	84	84	83	83	83	83	83	83	83	83	83	83	83	83	83	83	83	83	84	84	84	83	83	83	83	83	83	84	84	83	83	83	82	67	37	33	34	37	39	40	41	41	41	42	42	43	42	42	42	43	45	48	48	49	49	49	49	49	49	49	49	50	50	50	50	50	51	51	51	51	51	51	51	51	52	52	53	52	52	52	51	51	51	51	51	51	51	51	51	51	51	51	50	51	51	51	50	50	50	50	50	50	50	50	49	50	49	49	49	49	49	49	49	49	49	49	49	49	49	49	49	48	48	48	48	48	48	48	47	49	49	49	50	50	50	50	50	50	50	50	49	49	49	49	49	49	49	50	50	50	51	50	48	47	46	46	53	74	83	84	84	84	84	84	84	84	84	84	84	84	84	84	84	84	84	83	83	83	84	84	84	84	84	84	84	84	84	84	84	84	84	84	84	84	84	84	84	84	84	84	84	84	84	84	84	84	83	83	83	84	84	83	83	83	83	83	83	83	83	83	83	83	83	83	83	83	84	84	84	83	83	83	83	83	83	83	83	83	83	83	83	83	83	83	83	83	83	83	83	83	83	83	83	83	83	83	83	83	83	83	83	83	83	84	84	83	83	83	83	83	83	83	83	83	83	84	84	84	84	84	84	84	84	84	84	84	84	84	84	84	84	84	84	84	84	84	84	84	84	84	84	84	84	84	84	84	84	84	84	84
84	83	83	82	82	82	83	83	83	82	83	83	83	83	83	83	83	83	83	83	83	83	83	83	83	83	83	83	83	83	83	83	83	83	83	83	83	83	83	83	83	84	84	83	84	83	83	83	83	83	83	83	83	83	84	83	83	83	84	84	84	84	83	83	84	84	84	83	83	83	83	84	84	83	83	83	83	84	84	84	84	83	83	83	83	83	83	83	83	83	83	83	83	83	83	83	83	83	83	84	83	83	84	84	84	84	83	83	83	83	83	83	83	83	83	83	83	83	83	83	83	83	84	83	84	83	83	83	83	83	83	83	83	83	83	84	84	84	84	84	84	84	84	84	84	84	84	84	84	84	84	84	84	84	84	84	84	84	84	84	84	84	84	84	84	83	83	83	83	83	83	84	84	84	84	84	84	84	84	84	84	84	83	83	84	84	84	84	84	84	84	84	84	83	84	84	84	84	84	84	84	84	84	83	84	84	84	84	84	84	84	84	84	83	83	84	84	84	84	83	83	84	84	84	84	84	84	84	83	84	84	84	84	84	84	84	84	84	84	84	84	84	84	84	84	84	84	84	84	84	84	84	83	83	83	83	83	84	84	84	84	84	84	84	84	84	84	84	84	84	84	84	83	83	83	83	83	83	83	83	83	83	83	83	83	83	83	83	83	83	83	83	83	83	83	83	83	83	83	83	83	83	83	83	83	84	84	84	84	84	84	84	84	84	84	84	83	83	83	83	83	83	83	84	84	84	83	83	83	83	83	83	83	83	83	83	83	83	83	83	83	83	83	83	83	83	83	83	83	83	83	83	83	83	84	84	83	83	83	84	84	84	83	83	75	51	34	37	38	39	41	41	42	42	43	43	42	42	42	42	43	44	47	48	49	49	49	49	49	49	50	50	50	50	50	50	50	50	50	50	51	50	50	51	52	52	52	52	52	52	52	51	50	50	51	51	51	51	51	51	51	51	51	51	51	51	51	50	50	50	50	50	50	50	49	50	50	50	50	49	50	49	49	50	49	49	49	49	49	49	49	48	48	48	48	48	48	47	47	49	49	49	49	50	50	50	50	50	50	50	50	49	49	49	49	49	49	50	50	49	49	50	49	48	48	49	53	69	83	83	84	84	84	84	84	84	84	84	84	84	84	84	84	84	84	84	84	84	84	84	84	84	84	84	84	84	84	84	84	84	84	84	84	84	84	84	84	84	84	84	84	84	84	84	84	84	84	84	84	84	84	84	84	84	83	83	83	83	83	83	83	83	83	83	83	83	83	83	83	83	83	83	83	83	83	83	83	83	83	83	83	83	83	83	83	83	83	83	83	83	83	83	83	83	83	83	83	83	83	83	83	83	83	83	83	83	83	83	83	83	83	83	83	84	84	84	84	84	84	84	84	84	84	84	84	84	84	84	84	84	84	84	84	84	84	84	84	84	84	84	84	84	83	84	84	83	84	84	84	84
84	83	83	82	82	82	82	83	83	83	83	83	83	83	83	83	83	83	83	83	83	83	83	83	83	83	83	83	83	83	83	83	83	83	83	83	83	83	83	83	83	84	84	84	83	83	83	84	83	83	83	83	83	83	84	83	83	83	84	84	84	84	84	84	84	84	84	83	83	83	83	84	83	83	83	83	83	83	84	84	84	83	83	83	83	83	84	84	84	83	83	83	83	83	83	83	83	83	83	84	83	83	84	83	84	84	83	83	83	83	83	83	83	83	83	83	83	83	83	83	83	83	83	83	84	83	83	83	83	83	83	83	83	84	83	84	84	84	84	84	83	84	84	84	84	84	84	84	84	84	84	84	84	84	84	84	84	84	84	84	84	84	84	84	84	83	83	83	83	83	83	84	84	84	84	84	84	84	84	84	84	84	83	83	83	84	84	84	84	84	84	84	84	83	84	84	84	84	84	84	83	83	83	83	84	84	84	83	84	84	83	84	84	84	84	84	84	84	84	84	84	84	84	84	84	84	84	84	84	84	84	84	84	84	84	84	84	84	84	84	84	84	84	84	84	84	84	84	84	84	84	84	83	83	83	83	84	84	84	84	84	84	84	84	84	84	84	85	84	84	84	84	83	83	83	83	83	83	83	83	83	83	83	83	83	84	83	83	83	83	83	83	83	83	83	83	83	83	83	83	83	83	83	83	83	83	84	84	84	84	84	83	83	83	83	83	83	83	83	83	83	83	83	84	84	84	83	83	83	83	83	83	83	83	83	83	83	83	83	83	83	83	83	83	83	83	83	83	83	83	83	83	83	84	84	84	84	83	83	84	84	84	83	83	83	81	65	38	36	38	40	41	41	42	42	43	42	42	42	43	42	42	43	47	49	49	49	49	49	49	49	50	50	50	51	50	51	51	50	50	51	51	51	51	51	52	52	53	56	52	51	51	51	51	51	51	51	51	51	51	51	51	51	51	51	51	51	51	51	51	50	50	50	49	48	50	50	50	50	50	50	49	49	50	49	49	49	49	49	49	49	49	49	49	49	49	48	45	44	47	50	50	49	49	50	50	50	50	50	50	50	50	50	50	49	49	49	49	50	50	49	50	49	48	48	48	52	64	83	83	84	84	84	84	84	84	84	84	84	84	84	84	84	84	84	83	83	83	84	84	84	84	84	84	84	84	84	84	84	84	84	84	84	84	84	84	83	83	84	84	84	84	84	84	84	84	84	84	84	84	84	84	84	84	84	83	83	83	83	83	83	83	83	83	83	83	83	83	83	83	83	83	83	83	83	83	83	83	83	83	83	83	83	83	83	83	83	83	83	83	83	83	83	83	83	83	83	83	83	83	83	83	83	83	83	83	83	83	83	84	84	84	84	84	84	84	84	84	84	84	84	84	84	84	84	84	84	84	84	84	84	84	84	84	83	83	83	83	83	84	84	84	83	83	83	83	83	84	84	84
83	83	83	82	82	82	82	83	83	83	83	83	83	83	83	83	83	83	83	83	83	83	83	83	83	83	83	83	83	83	83	83	83	83	83	83	83	83	83	83	83	84	84	84	83	83	83	84	83	83	83	83	83	83	84	83	83	83	84	83	83	84	84	84	84	84	83	83	83	83	83	83	83	83	83	83	83	83	84	84	84	84	84	83	83	83	84	84	84	83	83	83	83	83	83	83	83	83	83	84	83	83	84	83	84	84	83	83	83	83	83	83	83	83	83	83	83	83	83	83	83	83	83	83	84	83	83	83	83	83	83	83	83	84	83	84	84	84	84	84	83	84	84	84	84	84	84	84	84	84	84	84	84	84	84	84	84	84	84	84	84	84	84	84	84	83	83	83	83	83	83	84	84	84	84	84	84	84	84	84	84	84	83	83	83	84	84	84	84	84	84	84	84	83	84	84	84	84	84	84	83	83	83	83	84	84	84	83	84	84	83	84	84	84	84	84	84	84	84	84	84	84	84	84	84	84	84	84	84	84	84	84	84	84	84	84	84	84	84	84	84	84	84	84	84	84	84	84	84	84	84	84	83	83	83	83	84	84	84	84	84	84	84	84	84	84	84	84	84	84	84	84	83	83	83	83	83	83	83	83	83	83	83	83	83	84	83	83	83	83	83	83	83	83	83	83	83	83	83	83	83	83	83	83	83	83	83	83	83	83	83	83	83	83	83	83	83	83	83	83	83	83	83	84	84	84	83	83	83	83	83	83	83	83	83	83	83	83	83	83	83	83	83	83	83	83	83	83	83	83	83	83	83	84	84	84	84	83	83	84	84	84	83	83	83	82	82	70	42	36	39	40	41	42	42	42	42	42	42	43	43	42	42	42	46	48	48	48	49	49	49	49	50	51	51	51	51	51	51	50	51	51	51	50	51	52	52	52	52	51	52	52	52	51	51	51	51	51	51	51	51	51	51	51	51	51	51	51	51	51	51	50	50	50	49	50	50	50	50	50	50	50	50	50	50	49	49	49	49	49	49	49	49	49	48	49	49	46	44	45	50	50	50	49	50	50	50	50	50	50	50	50	50	50	49	49	49	49	49	49	49	49	49	49	48	49	51	61	82	84	84	83	83	83	83	83	83	84	84	84	84	84	83	83	83	83	83	83	83	83	83	84	84	84	84	84	84	84	84	84	84	84	84	84	84	84	84	84	84	84	84	84	84	84	84	84	84	84	84	84	84	84	84	84	84	84	83	83	83	83	83	83	83	83	83	83	83	83	83	83	83	83	83	83	83	83	83	83	83	83	83	83	83	83	83	83	84	84	84	84	84	84	84	83	83	83	83	83	83	83	83	83	83	84	84	83	84	84	84	84	84	84	84	84	83	83	84	84	84	84	84	84	84	84	84	84	84	84	84	84	84	84	84	84	83	83	83	83	83	84	84	84	83	83	83	83	84	84	84	84
83	83	83	83	83	83	83	83	83	83	83	83	83	83	83	83	83	83	83	83	83	83	83	83	83	83	83	83	83	83	83	83	83	83	83	83	83	83	84	83	83	84	84	83	83	83	83	83	83	83	83	83	83	83	83	83	84	84	84	83	83	84	84	84	83	83	83	83	83	83	83	83	83	83	83	83	83	83	83	83	83	84	84	83	83	83	84	84	84	84	84	84	83	83	83	83	84	84	83	83	83	83	84	84	84	84	83	83	84	83	84	83	83	83	83	83	84	83	83	84	83	83	83	83	84	83	83	83	83	83	83	83	83	84	83	84	84	84	84	84	83	84	84	84	84	84	84	84	84	84	84	84	84	84	84	84	84	84	84	84	84	84	83	83	83	83	83	83	84	84	84	84	84	84	84	84	84	84	84	84	83	83	83	83	83	84	84	84	84	84	84	84	84	84	84	84	84	84	84	84	83	83	83	83	83	84	83	83	83	83	83	84	84	83	83	83	84	84	84	84	84	84	84	84	84	84	84	84	84	84	84	84	84	84	84	84	84	84	84	84	84	84	84	84	84	84	84	84	84	84	84	84	83	83	83	84	84	84	84	84	84	84	83	84	84	84	84	83	84	84	84	84	83	83	83	84	84	83	83	83	83	83	83	83	83	83	83	83	83	83	83	83	83	83	83	83	83	83	83	83	83	83	83	83	83	83	83	83	83	83	83	83	83	83	83	83	83	83	83	83	83	83	84	84	84	83	83	83	83	83	83	83	83	83	83	83	83	83	83	83	83	83	84	84	84	84	84	84	83	83	83	84	84	83	83	83	83	83	83	84	84	84	83	83	83	83	83	82	75	47	35	39	40	41	42	42	43	42	43	43	43	42	42	41	42	46	48	48	49	49	50	50	50	50	51	51	51	51	50	51	51	50	50	50	51	51	52	52	52	52	52	52	51	51	51	51	51	51	51	50	51	51	51	52	52	52	51	51	51	51	50	50	50	50	50	50	50	50	50	50	50	50	50	50	50	49	50	50	49	49	49	49	49	49	49	49	49	49	48	47	49	49	49	49	50	50	50	50	50	50	50	50	50	50	50	50	49	49	49	50	50	49	49	49	49	49	51	59	81	84	83	83	83	83	83	83	83	84	84	83	83	83	83	83	83	83	83	83	83	83	83	83	84	84	84	84	84	84	84	84	84	84	84	84	84	84	84	84	84	84	84	84	84	84	84	84	84	84	84	84	84	84	84	84	84	84	83	83	83	83	83	83	83	83	83	83	83	83	83	83	83	83	83	83	83	83	83	83	83	83	83	83	83	83	83	83	83	83	83	83	83	83	83	83	83	83	83	83	83	84	84	84	84	84	84	84	84	84	84	84	84	84	84	84	83	83	83	84	84	84	84	84	84	84	84	84	84	84	84	84	84	84	84	84	84	84	83	83	83	83	83	83	84	84	84	84	84	84	84	84
83	83	83	83	83	83	83	83	83	83	82	82	82	83	83	83	83	83	83	83	83	83	83	83	83	83	83	83	83	83	83	83	83	83	83	83	84	84	84	83	83	84	83	83	83	83	83	83	83	83	84	83	83	83	83	83	84	84	84	83	83	83	83	83	83	83	83	83	83	83	83	83	83	83	83	83	83	83	83	83	83	83	83	83	83	83	84	84	84	84	84	84	83	83	83	83	84	84	83	83	83	83	84	84	84	84	83	83	84	83	84	83	83	83	83	83	84	83	84	84	83	83	83	83	84	83	83	83	83	83	83	83	83	84	83	84	84	84	84	84	83	84	84	84	84	84	84	84	84	84	84	84	84	84	84	84	84	84	84	84	84	84	84	84	84	84	84	84	84	84	84	84	84	84	84	84	84	84	84	83	83	83	83	83	83	84	84	84	84	84	83	84	84	84	84	84	84	84	84	84	83	83	83	83	83	83	83	83	83	83	83	84	84	84	84	84	84	84	84	84	84	84	84	84	84	84	84	84	84	84	84	84	84	84	84	84	84	84	84	84	84	84	84	84	84	84	84	84	84	84	84	84	83	83	83	84	84	84	84	84	84	84	83	84	84	84	84	83	84	84	84	84	83	83	83	84	84	83	83	83	83	83	83	83	83	83	83	83	83	83	83	83	83	83	83	83	83	83	83	83	83	83	83	83	83	83	83	83	83	83	83	83	84	84	84	84	84	84	84	84	83	84	84	84	84	83	83	83	83	83	83	83	83	83	83	83	83	83	83	83	83	83	84	84	84	84	84	84	83	83	83	84	84	83	83	83	83	83	83	84	84	84	83	83	83	83	83	83	83	78	56	36	39	39	41	42	43	43	43	43	43	43	43	43	42	43	46	48	49	49	50	50	50	50	51	51	50	50	50	50	50	50	50	50	51	51	52	52	52	52	52	51	51	50	51	51	51	51	51	51	51	51	51	52	52	52	52	51	51	51	50	50	50	50	50	51	51	51	51	51	51	51	51	50	50	49	50	50	50	50	49	49	49	49	49	49	49	48	48	47	48	49	49	49	50	50	50	50	50	50	50	50	50	50	50	50	49	49	49	50	50	50	50	49	49	50	51	56	77	84	84	84	84	84	84	84	84	84	84	84	83	83	84	84	84	84	83	83	83	83	83	83	83	83	83	83	84	84	84	84	84	84	83	83	83	84	84	84	84	84	84	84	84	84	84	84	84	84	84	84	84	84	84	84	84	84	84	84	84	84	83	83	83	83	83	83	83	83	83	83	83	83	83	83	83	83	83	83	83	83	83	83	83	83	83	83	83	83	83	83	83	83	83	83	83	83	84	83	84	84	84	84	84	83	83	84	84	84	84	84	84	84	84	84	83	83	83	83	83	84	84	84	84	84	84	83	83	83	84	84	84	84	84	84	84	84	83	83	83	83	83	83	84	84	84	84	84	84	84	84
83	83	83	83	83	83	83	83	83	83	82	82	82	83	83	83	83	83	83	83	83	83	83	83	83	83	83	83	83	83	83	83	83	83	83	83	84	84	84	83	83	84	83	83	83	83	83	83	83	83	83	83	83	83	83	83	84	84	84	83	83	83	83	83	83	83	84	84	84	84	84	84	83	83	83	83	83	83	84	84	83	83	83	83	83	83	84	84	84	84	84	84	83	83	83	83	84	84	83	83	83	83	84	84	84	84	83	83	84	83	84	83	83	83	83	83	84	83	84	84	83	83	83	83	84	83	83	83	83	83	83	83	83	84	83	84	84	84	84	84	83	84	84	84	84	84	84	84	84	84	84	84	84	84	84	84	84	84	84	84	84	84	84	84	84	84	84	84	84	84	84	84	84	84	84	84	84	84	84	83	83	83	83	83	83	84	84	84	84	84	83	84	84	84	84	84	84	84	83	84	84	83	83	83	83	83	83	83	83	83	83	84	84	84	84	84	84	84	84	84	84	84	84	84	84	84	84	84	84	84	84	84	84	84	84	84	84	84	84	84	84	84	84	84	84	84	84	84	84	84	84	84	83	83	83	84	84	84	84	84	84	84	83	83	83	83	83	83	84	84	84	84	83	83	83	84	84	83	83	83	83	83	83	83	83	83	83	83	83	83	83	83	83	83	83	83	83	83	83	83	83	83	83	83	83	83	83	83	83	83	83	84	84	84	84	84	84	84	84	84	83	84	84	84	84	83	83	83	83	83	83	83	83	83	83	83	83	83	83	83	83	83	84	84	84	84	84	84	83	83	83	84	84	83	83	83	83	83	83	84	84	84	83	83	83	84	84	84	83	83	82	64	38	38	40	41	42	42	42	42	42	42	42	43	44	43	43	45	48	49	49	50	50	50	50	51	51	51	50	51	50	50	50	50	50	51	51	52	52	52	52	51	50	50	50	50	50	51	51	51	51	51	51	51	52	52	51	51	51	51	50	50	50	50	50	51	51	51	51	51	50	50	50	50	50	50	50	50	50	50	50	49	49	50	50	50	49	48	48	47	47	49	49	49	50	50	50	50	50	50	50	50	50	50	50	50	49	49	49	49	50	50	50	50	49	49	50	53	72	84	84	84	84	84	84	84	84	84	84	84	84	84	84	84	84	84	84	83	83	83	83	83	83	83	83	83	84	84	84	84	84	84	83	83	83	84	84	84	84	84	84	84	84	84	84	84	83	83	83	84	84	84	84	84	84	84	84	84	84	84	84	83	83	83	83	83	83	83	83	83	83	83	83	83	83	83	83	83	83	83	83	83	83	83	83	83	83	83	83	83	84	83	83	84	83	84	84	84	84	84	84	84	84	83	83	83	83	83	84	84	84	84	84	84	83	83	83	83	83	84	84	84	84	84	84	83	83	83	84	84	84	84	84	84	84	84	83	83	83	83	83	83	84	84	84	84	84	84	84	83
83	83	83	83	83	83	83	83	83	83	83	83	83	83	83	83	83	82	83	83	83	83	83	83	83	83	83	83	83	83	83	83	83	83	83	83	84	83	84	84	84	83	83	83	83	83	83	83	83	83	83	83	83	84	84	84	84	84	84	83	83	83	83	83	84	84	84	83	83	83	83	83	83	83	83	83	83	83	83	83	83	83	83	83	83	83	83	84	84	83	83	84	83	83	83	83	83	83	83	83	83	83	84	84	84	84	83	84	84	84	84	84	84	84	84	83	83	84	84	84	83	84	84	83	83	83	83	84	83	83	83	83	83	83	83	84	84	84	84	84	84	84	84	84	84	84	84	84	84	84	84	84	84	84	84	84	84	84	84	84	84	84	84	84	84	84	84	84	84	84	84	84	84	84	84	84	84	84	84	83	83	83	83	84	84	84	84	84	84	84	84	84	84	84	84	84	84	84	83	84	84	84	84	84	84	84	84	83	84	84	84	84	84	83	83	84	84	84	84	84	84	84	84	84	84	84	84	84	84	84	84	84	84	84	84	84	84	84	84	84	84	84	84	84	84	84	84	83	83	84	84	84	83	84	83	84	84	84	84	84	84	83	83	83	83	83	83	83	83	84	84	84	83	83	83	83	83	83	83	83	83	83	83	83	83	83	83	83	83	83	83	83	83	83	83	83	83	83	83	83	83	83	83	83	83	83	83	83	83	83	83	83	83	83	83	83	83	84	84	84	84	84	84	84	84	84	84	84	84	83	83	83	83	83	83	83	83	83	83	84	84	84	84	84	84	84	84	84	84	84	84	84	84	83	83	83	84	84	83	83	83	83	83	83	84	84	84	84	84	84	83	82	71	43	37	39	40	41	42	42	42	42	42	43	43	43	42	43	44	47	49	50	50	51	50	51	50	50	50	51	50	50	50	50	50	50	51	51	51	51	50	50	50	50	50	50	50	51	51	51	51	51	51	51	52	52	52	52	52	52	51	51	51	51	51	51	51	51	51	51	51	54	52	50	51	51	51	51	50	50	50	50	50	50	50	49	49	49	48	48	47	49	49	49	49	49	50	50	50	50	50	50	50	50	50	50	50	50	50	50	50	50	50	49	49	50	50	51	68	84	83	84	84	84	84	84	84	84	84	84	84	84	84	83	83	83	83	83	84	84	84	84	84	84	84	84	84	84	83	84	84	84	83	83	83	83	83	83	83	83	83	83	83	83	83	83	84	84	84	84	84	84	84	84	84	84	84	84	84	84	84	84	84	84	83	83	83	83	83	83	83	83	83	83	83	83	83	83	83	83	83	83	83	83	83	83	83	83	83	83	83	83	83	83	83	83	84	83	84	84	83	83	83	83	83	84	84	84	84	83	84	84	84	84	84	84	83	83	83	84	84	84	83	83	83	83	84	84	84	84	83	83	83	83	83	83	84	84	84	83	83	83	83	84	83	83	84	84	84	83
83	82	83	83	83	83	82	83	83	83	83	83	83	83	83	83	83	82	83	83	83	83	83	83	83	83	83	83	83	83	83	83	83	83	83	83	84	83	84	84	84	83	83	83	84	83	83	83	83	83	83	83	83	84	84	84	84	84	84	83	83	83	83	83	84	84	84	83	83	83	83	83	83	83	83	83	83	83	83	83	83	83	83	83	83	83	83	84	84	83	83	83	83	83	83	83	83	83	83	83	83	83	84	84	84	84	83	84	84	84	84	84	83	84	84	84	84	83	83	83	83	83	83	83	83	83	83	84	83	83	83	83	83	83	83	84	84	84	84	84	84	84	84	84	84	84	84	84	84	84	84	84	84	84	84	84	84	84	84	84	84	84	84	84	84	84	84	84	84	84	84	84	84	84	84	83	84	84	84	83	83	83	83	84	84	84	84	84	84	84	84	84	84	84	84	84	84	84	83	84	84	84	84	84	84	84	84	84	84	84	84	84	84	83	84	84	84	84	84	84	84	84	84	84	84	84	84	84	84	84	83	84	84	84	84	84	84	84	84	84	84	84	84	84	84	84	84	83	83	83	84	84	83	84	84	84	84	84	84	84	84	83	83	83	83	83	83	83	83	84	84	84	83	83	83	83	83	83	83	83	83	83	83	83	83	83	83	83	83	83	83	83	83	83	83	83	83	83	83	83	83	83	83	83	83	83	83	83	83	83	83	83	83	83	83	83	83	84	84	84	84	84	84	84	84	84	84	84	84	83	83	83	83	83	83	83	83	83	83	84	84	84	84	84	84	84	84	84	84	84	84	84	84	83	83	83	84	84	83	83	83	83	83	83	84	84	84	84	84	84	83	83	83	75	48	35	39	39	41	42	42	41	42	42	43	43	43	43	42	43	47	49	50	50	50	50	50	50	50	51	50	50	50	50	50	50	51	51	50	50	50	50	50	50	50	50	50	50	51	51	51	51	51	52	52	52	52	52	51	51	51	51	51	51	51	51	51	51	51	50	51	52	51	50	51	51	51	51	50	51	50	50	50	50	50	50	49	49	49	48	47	49	49	49	50	50	50	50	50	50	50	50	50	50	50	50	50	50	50	50	50	50	50	50	50	49	50	51	63	83	83	84	84	84	84	84	84	84	84	84	84	84	84	83	83	83	83	83	84	84	84	84	84	84	84	84	84	84	84	84	84	84	84	83	83	83	83	83	83	83	83	83	83	83	83	83	84	84	84	84	84	84	84	84	84	84	84	84	84	84	84	84	84	84	84	84	84	84	84	83	83	83	83	83	83	83	83	83	83	83	83	83	83	83	83	83	83	83	84	84	84	84	84	84	83	84	84	84	84	84	83	83	83	83	83	83	83	83	83	83	83	84	84	84	83	83	83	83	83	84	84	84	84	83	83	84	84	84	84	84	84	84	84	84	84	84	84	84	84	84	83	84	84	84	84	83	84	84	84	83
83	82	83	83	83	83	82	83	83	83	83	83	83	83	83	83	83	83	83	83	83	83	83	83	83	83	83	83	83	83	83	83	83	83	83	83	84	83	84	84	84	83	83	83	84	83	83	83	83	83	83	83	83	84	84	84	84	84	84	83	83	83	83	84	84	84	83	83	83	83	83	83	83	83	83	83	83	83	83	83	83	83	83	83	83	83	83	84	84	83	83	83	83	83	83	83	83	83	83	83	83	83	84	84	84	84	84	84	84	83	84	83	83	83	84	84	84	83	83	83	83	83	83	83	83	83	84	84	83	83	84	83	83	83	83	84	84	84	84	84	84	84	84	84	84	84	84	84	84	84	84	84	84	84	84	84	84	84	84	84	84	84	84	84	84	84	84	84	84	84	84	84	84	84	84	84	84	84	84	83	83	83	83	84	84	84	84	84	84	84	84	84	84	84	84	84	84	84	83	84	84	84	84	84	84	84	84	83	84	84	84	84	84	84	84	84	84	84	84	84	84	84	84	84	84	84	84	84	84	84	84	84	84	84	84	84	84	84	84	84	84	84	84	84	84	84	84	83	83	83	83	83	83	84	84	84	84	84	84	84	84	83	83	83	84	83	83	83	83	83	84	83	83	83	83	83	83	83	83	83	83	83	83	83	83	83	83	83	83	83	83	83	83	83	83	83	83	83	83	83	83	83	83	83	83	83	83	83	83	83	83	83	83	83	83	83	83	84	84	84	84	84	84	84	84	84	84	84	84	83	83	83	83	83	83	83	83	83	83	84	84	84	84	84	84	84	84	84	84	84	84	84	84	84	83	83	84	84	84	83	83	83	83	83	84	84	84	84	84	84	83	83	84	83	79	57	36	38	39	40	41	41	41	42	43	43	43	43	43	43	43	46	48	50	50	50	49	49	50	50	50	50	50	50	50	50	50	50	50	50	50	50	50	50	50	50	50	50	50	51	51	51	51	51	52	52	51	51	51	51	51	51	51	51	51	51	51	51	51	51	51	51	51	51	51	51	51	50	50	51	50	50	50	50	50	49	49	49	49	49	48	48	50	49	49	50	50	50	50	50	50	50	50	50	50	50	50	50	50	50	51	50	50	50	50	50	49	50	59	81	83	84	84	84	84	84	84	84	84	84	84	84	84	83	83	83	83	83	84	84	84	84	84	84	84	84	84	84	84	84	84	84	84	84	83	84	84	84	84	84	84	83	83	84	84	84	84	84	84	84	84	84	84	84	84	84	84	84	84	84	84	84	84	84	84	84	84	84	84	83	83	84	84	84	84	84	84	84	84	84	84	84	84	84	84	84	84	84	84	84	84	84	84	84	84	84	84	84	84	84	83	83	84	84	84	84	84	83	83	83	83	84	84	84	83	83	84	84	83	84	84	84	84	84	84	84	84	84	84	84	84	83	83	83	84	84	84	84	84	84	84	84	83	83	83	83	83	84	84	83
83	82	83	83	82	82	82	83	83	83	83	83	83	83	83	83	83	83	83	83	83	83	83	83	83	83	83	83	83	83	83	83	83	83	83	83	84	83	83	83	83	83	83	83	84	83	83	83	83	83	83	83	83	83	83	84	84	83	84	83	83	84	84	84	84	84	83	83	83	84	84	84	84	84	84	83	83	83	83	83	83	83	83	83	83	84	84	83	84	83	83	83	83	83	83	83	84	83	83	83	83	83	84	84	84	84	84	84	84	83	83	83	83	83	83	83	83	84	84	84	84	84	84	83	84	84	84	84	84	84	84	83	83	83	83	83	84	84	84	84	84	84	84	84	84	84	84	84	84	84	84	84	84	84	84	84	84	84	84	84	84	84	84	84	84	84	84	84	84	84	84	84	84	84	84	84	83	83	84	84	84	84	83	84	84	84	84	84	84	84	84	84	84	83	84	84	84	84	84	83	83	84	84	84	83	83	83	83	84	84	84	84	84	84	84	84	84	84	84	84	84	84	84	84	84	84	84	84	84	84	84	84	84	84	84	84	84	84	84	84	84	84	84	84	84	84	84	84	84	84	83	83	83	83	84	84	84	84	84	83	83	83	83	84	84	84	83	83	83	83	83	83	83	83	83	83	83	83	84	84	83	83	83	83	83	83	83	83	83	83	83	83	84	83	83	83	83	83	83	83	83	83	83	83	83	83	83	83	83	83	83	83	83	83	84	84	84	84	84	83	83	83	83	83	83	83	83	83	83	83	83	83	83	83	83	83	83	83	83	84	84	84	83	83	83	84	84	84	84	84	84	84	84	84	84	84	84	84	84	84	84	84	84	84	84	84	84	84	84	84	84	84	84	83	82	81	64	39	37	38	40	41	41	42	42	43	43	43	42	42	42	43	46	48	49	49	49	50	50	49	50	50	50	50	50	50	50	50	50	50	50	50	50	50	50	50	50	50	50	51	51	51	51	51	51	51	51	51	52	51	51	51	51	51	51	51	51	50	51	51	51	51	51	50	50	50	50	50	50	50	50	50	50	49	49	49	49	49	49	49	48	48	49	49	49	50	50	50	50	50	50	50	50	50	50	50	50	50	50	50	50	50	50	50	50	49	49	50	55	79	84	83	83	84	84	84	84	83	83	83	84	84	83	83	83	84	84	84	84	84	84	84	84	84	83	83	84	84	84	84	84	84	84	84	84	84	84	84	84	84	84	84	84	84	84	84	84	84	84	84	84	84	83	83	83	84	84	84	84	84	84	84	84	84	83	83	84	84	84	84	84	84	84	84	84	84	84	84	84	84	83	83	83	84	84	84	84	84	84	84	84	83	83	83	83	83	83	84	84	84	84	84	84	84	84	84	84	84	84	84	84	84	84	84	84	84	84	84	83	84	84	84	84	84	84	84	84	84	84	84	84	83	83	84	84	84	83	83	84	84	83	83	83	83	83	83	83	83	83	83
83	82	83	83	83	83	83	83	83	83	83	83	83	83	83	83	83	83	83	83	83	83	83	83	83	83	83	83	83	83	83	83	83	83	83	83	84	83	83	83	83	83	83	83	84	83	83	83	83	83	83	83	83	83	84	84	84	83	84	83	83	84	84	84	84	84	83	83	83	84	84	84	84	84	84	83	83	83	83	83	83	83	83	83	83	84	84	83	84	83	83	83	83	83	83	83	84	83	83	83	83	83	84	84	84	84	84	84	83	83	83	83	83	83	83	83	83	84	83	84	83	84	84	83	83	84	84	84	84	84	84	83	83	83	83	83	84	84	84	84	84	84	84	84	84	84	84	84	84	84	84	84	84	84	83	83	84	84	84	84	84	84	84	84	84	84	84	84	84	84	84	84	84	84	84	84	83	83	84	84	84	84	83	84	84	84	84	84	84	84	84	84	84	83	84	84	84	84	84	83	83	83	84	84	83	83	83	83	84	84	84	84	84	84	84	84	84	84	84	84	84	84	84	84	84	84	84	84	84	84	84	84	84	84	84	84	84	84	84	84	84	84	84	84	84	84	84	84	84	84	83	83	83	83	84	84	84	84	84	83	83	83	83	83	83	83	83	83	83	83	83	83	83	83	83	83	83	83	83	83	83	83	83	83	83	83	83	83	83	83	83	83	84	83	83	83	83	83	83	83	83	83	83	83	83	83	83	83	83	83	83	83	83	83	84	84	84	84	84	83	83	83	83	83	83	83	84	84	83	83	83	83	83	83	83	83	83	83	83	84	84	84	84	84	84	84	84	84	84	84	84	84	84	84	84	84	84	84	84	84	84	84	84	84	84	84	84	84	84	84	84	84	84	83	83	82	82	71	43	36	39	40	42	42	42	43	43	42	42	42	42	42	43	45	48	49	49	49	49	49	49	49	49	50	50	50	50	50	50	50	50	50	50	50	50	50	50	51	50	50	51	51	51	51	51	51	51	52	51	51	51	51	51	51	51	51	51	50	51	51	51	51	51	50	50	50	50	50	50	50	50	50	50	50	49	49	49	49	49	49	49	48	49	49	49	50	50	50	50	50	50	50	50	50	50	50	50	50	50	50	50	51	50	51	50	50	49	50	54	75	83	83	83	84	84	83	84	83	83	83	83	83	83	84	84	84	84	84	84	83	84	84	84	84	84	84	84	84	84	84	84	84	84	84	84	84	84	84	84	84	84	84	84	84	84	84	84	84	84	84	84	84	84	83	84	84	84	84	84	84	84	84	84	84	84	84	84	84	84	84	84	84	84	84	84	84	84	84	84	84	83	83	84	84	84	83	83	83	84	84	84	83	83	83	83	83	84	84	84	84	84	84	84	84	84	84	84	84	84	84	84	83	83	83	83	83	84	84	83	84	84	84	84	84	83	83	83	83	83	83	83	83	83	83	83	83	83	83	83	84	83	83	83	83	83	83	83	83	83	83
83	82	83	83	83	83	83	83	83	83	83	83	83	83	83	83	83	83	83	83	83	83	83	83	83	83	83	83	83	83	83	83	83	83	83	83	84	83	83	83	83	83	83	83	84	83	83	83	83	83	83	83	83	83	84	84	84	83	84	83	83	84	84	84	84	84	83	83	84	84	84	84	84	84	84	83	83	83	83	83	83	83	83	83	83	84	83	83	84	83	83	83	83	83	83	83	84	83	83	83	83	83	84	84	84	84	84	84	84	83	83	84	84	84	84	84	84	84	83	83	83	83	83	83	84	84	84	84	84	84	84	83	83	83	83	83	84	84	84	84	84	84	84	84	84	84	84	84	84	84	84	84	84	84	83	83	84	84	84	84	84	84	84	84	84	84	84	84	84	84	84	83	83	84	84	84	83	83	83	83	84	84	83	84	84	84	84	84	84	84	84	83	83	83	84	84	84	84	83	83	83	84	84	84	84	83	83	83	84	84	84	84	84	84	84	84	84	84	84	84	84	84	84	84	84	84	84	84	84	84	84	84	84	84	84	84	84	84	84	84	84	84	84	84	84	84	84	84	84	84	83	83	83	83	84	84	84	84	84	83	83	84	84	83	83	83	83	83	83	83	83	83	83	83	83	83	83	83	83	83	83	83	83	83	83	83	83	83	83	83	83	83	83	83	83	83	83	83	83	83	83	83	83	83	83	83	83	83	83	83	83	83	83	83	84	84	84	83	83	83	83	83	83	83	83	84	84	84	84	83	83	83	83	83	83	83	83	83	83	84	84	84	84	84	84	84	84	84	84	84	84	84	84	84	84	84	84	84	84	84	84	84	84	84	84	84	84	84	84	84	84	84	84	83	84	84	83	81	76	49	35	38	40	41	42	42	43	42	43	43	42	43	43	43	44	47	48	49	49	48	49	49	49	50	50	50	50	50	50	50	50	50	50	50	50	50	50	51	51	51	51	51	51	51	51	51	51	52	51	51	51	51	51	51	51	51	51	50	51	51	51	51	51	50	50	50	50	50	50	50	50	50	50	50	50	49	49	49	49	49	49	48	48	49	49	50	50	50	50	50	50	50	50	50	50	50	50	50	50	50	50	50	50	50	50	50	50	51	53	70	83	83	83	84	83	83	83	83	83	83	83	83	83	84	84	84	83	83	83	83	83	83	83	83	83	83	84	84	84	84	84	84	84	84	84	84	84	84	84	84	84	83	83	84	84	84	84	84	84	84	84	84	84	84	84	84	84	84	84	84	84	84	84	84	84	84	84	84	84	84	84	84	84	84	84	84	84	84	84	84	84	84	84	83	83	83	83	83	84	84	84	83	83	83	84	84	84	84	84	84	83	83	83	84	84	84	84	84	84	84	84	83	83	83	83	83	83	84	83	83	84	84	84	83	83	83	83	83	83	83	84	83	83	84	84	84	84	83	83	84	83	83	83	83	83	83	83	83	83	83
83	83	83	83	83	83	83	83	83	83	83	83	83	83	83	83	83	83	83	83	83	83	83	83	83	83	83	83	83	83	83	83	83	83	83	83	83	83	83	83	83	84	84	83	84	83	83	83	83	83	83	83	83	83	83	84	84	83	84	83	83	84	84	84	84	84	84	84	84	84	84	84	84	84	84	83	83	83	83	83	83	83	83	84	84	84	83	83	83	83	83	83	83	83	83	84	84	83	83	83	83	83	83	83	84	84	84	84	84	84	84	84	84	84	84	84	84	84	84	84	83	83	84	84	84	84	84	84	84	84	83	83	83	83	83	83	83	84	84	84	83	84	84	84	84	84	84	84	84	84	84	84	84	84	84	84	84	84	84	84	84	84	84	84	84	84	84	84	84	84	83	83	83	83	84	84	83	83	83	83	83	84	84	84	84	84	84	84	84	84	84	84	84	84	84	84	84	84	83	83	83	83	84	84	84	84	84	84	84	84	83	84	84	84	84	84	84	84	84	84	84	84	84	84	84	84	84	84	84	84	84	84	84	84	84	84	84	84	84	84	84	84	84	84	84	84	84	84	84	84	83	83	83	83	84	84	84	84	84	84	84	84	84	84	83	83	84	84	83	83	84	84	83	83	83	83	83	83	83	83	83	83	83	83	83	83	83	84	83	83	83	83	83	83	83	83	83	83	83	83	83	83	83	83	83	83	83	83	83	83	83	83	83	83	83	84	84	83	83	83	83	83	83	83	83	84	84	84	84	84	83	84	84	84	84	84	84	83	83	84	84	84	84	84	84	84	84	84	84	84	84	84	84	84	84	84	84	84	84	84	84	84	84	84	84	84	84	84	84	84	84	84	84	84	84	84	83	83	83	80	56	36	38	40	41	42	42	43	43	43	42	43	43	43	43	43	46	48	49	48	49	49	50	50	50	51	50	50	50	50	50	50	50	50	50	50	50	51	51	51	51	51	51	51	51	51	51	51	51	51	51	51	51	51	51	51	51	51	50	51	51	51	51	50	50	50	50	50	50	50	50	50	50	50	50	50	49	49	49	49	49	48	48	49	49	50	50	50	50	50	50	50	51	51	50	50	50	50	50	50	50	50	50	50	50	50	49	50	51	67	83	83	83	83	83	83	83	83	83	84	83	83	84	84	84	83	83	83	83	83	83	83	83	83	83	83	83	84	83	84	84	84	84	84	84	83	83	83	84	84	84	83	84	84	84	84	84	84	84	84	84	84	84	84	84	84	84	83	83	83	83	83	83	84	84	84	84	84	84	84	84	84	84	84	84	84	84	84	84	84	84	84	84	83	83	83	83	83	83	84	84	84	84	84	84	84	84	84	84	83	83	83	83	83	83	83	83	83	83	83	83	83	83	83	83	83	83	83	83	83	83	83	83	83	83	83	83	84	84	84	84	83	83	84	84	84	83	83	83	83	83	83	83	83	83	83	83	83	83	83
83	83	83	83	83	83	83	83	83	83	83	83	83	83	83	83	83	83	83	83	83	83	83	83	83	83	83	83	83	83	83	83	83	83	83	83	83	83	83	83	83	84	84	83	84	83	83	83	83	83	83	83	83	83	83	84	84	83	84	83	83	84	84	84	84	84	84	84	84	84	84	84	84	84	84	83	83	83	83	83	83	83	83	84	84	84	83	83	83	83	83	83	83	83	83	84	84	83	83	83	83	83	83	83	83	84	83	84	84	84	84	84	84	84	84	84	84	83	84	84	83	83	83	83	84	84	84	84	84	84	83	83	83	83	83	83	83	83	84	84	83	84	84	84	84	84	84	84	84	84	84	84	84	84	84	84	84	84	84	84	84	84	84	84	84	84	84	84	84	84	83	83	83	83	84	84	83	83	83	83	83	84	84	84	84	84	84	84	84	84	84	84	84	84	84	84	84	84	83	83	83	84	84	84	84	84	84	84	84	84	83	84	84	84	84	84	84	84	84	84	84	84	84	84	84	84	84	84	84	84	84	84	84	84	84	84	84	84	84	84	84	84	84	84	84	84	84	84	84	84	83	83	83	83	84	84	85	84	84	85	84	84	84	84	83	83	84	84	83	83	84	84	83	83	83	83	83	83	83	83	83	83	83	83	83	83	83	84	83	83	83	83	83	83	83	83	83	83	83	83	83	83	83	83	83	83	83	83	83	83	83	83	83	83	83	84	84	83	83	83	83	83	83	83	83	84	84	84	84	84	83	84	84	84	84	84	84	83	83	84	84	84	84	84	84	84	84	84	84	84	84	84	84	84	84	84	84	84	84	84	84	84	84	84	84	84	84	84	84	84	84	84	84	84	84	84	83	83	83	83	82	64	39	36	39	40	41	42	42	43	42	43	43	43	43	43	43	45	48	48	48	49	49	50	50	50	50	50	50	50	50	50	50	50	50	50	50	51	51	51	51	51	51	51	51	51	51	51	51	51	51	51	51	51	51	51	51	51	50	51	52	51	50	50	50	50	50	50	50	50	50	50	50	50	50	50	49	49	49	49	49	48	48	49	49	50	50	50	50	50	50	50	50	50	51	51	51	51	50	50	50	50	50	50	50	50	50	50	51	62	82	83	83	84	84	84	83	83	83	84	83	83	84	84	84	83	83	83	83	83	83	83	83	83	83	83	84	84	83	84	84	84	83	83	83	84	84	84	84	84	84	84	84	84	84	84	84	84	84	84	84	84	84	84	84	84	84	83	83	83	83	84	84	84	84	84	84	84	84	84	84	84	84	84	84	84	84	84	84	84	84	84	84	84	84	83	83	83	84	84	84	84	84	84	84	84	84	84	83	83	83	83	83	83	83	83	83	83	83	83	83	83	83	83	83	83	83	83	83	83	83	83	83	83	83	83	83	84	84	84	84	83	83	84	84	84	83	83	83	83	83	83	83	83	83	83	83	83	83	83
83	83	83	83	83	83	83	83	83	83	83	83	83	83	83	83	83	82	82	82	82	83	83	83	83	83	83	83	83	83	83	83	83	83	83	83	83	83	83	84	83	84	84	83	84	84	83	83	83	83	83	83	83	83	83	83	83	83	83	83	83	84	84	84	84	84	83	83	83	83	83	83	83	83	83	83	83	83	83	83	83	83	84	84	84	84	83	83	83	83	83	83	83	83	83	84	84	83	83	83	83	83	83	83	83	83	83	84	84	83	83	84	84	84	84	84	84	83	83	83	83	84	84	84	84	84	84	84	84	84	84	83	83	83	83	83	83	83	83	84	84	84	84	84	84	84	84	84	84	84	84	84	84	84	84	84	84	84	84	84	84	84	84	84	84	84	84	84	84	84	84	83	83	83	83	83	83	83	83	83	84	84	84	83	83	84	84	84	83	83	83	84	83	84	84	84	84	83	83	83	83	84	84	84	84	84	84	84	84	84	84	84	84	84	84	84	84	84	84	84	84	84	84	84	84	84	84	84	84	84	84	84	84	83	83	84	84	84	84	84	84	84	84	84	84	84	84	84	84	83	83	83	83	84	84	84	84	84	84	84	84	84	84	84	84	84	84	84	84	83	83	83	83	83	83	83	83	83	83	83	83	83	83	83	83	83	83	83	83	83	83	83	83	83	83	83	83	83	83	83	83	83	83	83	83	83	83	83	83	83	83	83	83	83	83	83	83	83	83	83	83	83	83	83	83	84	84	84	83	83	83	84	84	84	84	84	84	84	84	84	84	84	83	83	83	84	84	83	83	83	83	84	84	84	84	84	84	84	84	84	84	84	84	84	84	84	84	84	84	84	84	84	84	84	84	84	84	83	83	83	83	82	71	43	35	38	39	40	41	42	42	43	43	43	43	43	42	42	45	48	48	49	49	49	50	50	50	50	50	51	50	50	50	50	50	50	50	50	51	51	51	51	51	51	51	51	51	51	51	51	51	51	51	51	51	51	51	50	50	51	51	51	50	50	50	50	50	50	50	50	50	50	50	50	50	50	50	50	49	49	49	49	48	49	49	49	49	50	50	50	50	50	51	51	51	50	51	51	50	50	50	50	50	50	50	50	50	50	51	58	80	83	83	84	84	84	84	83	83	83	83	83	84	84	84	83	83	83	83	83	83	84	84	83	83	83	84	84	83	83	83	83	83	83	83	83	83	83	84	84	83	83	83	84	84	84	84	84	84	84	84	84	84	84	84	84	84	84	83	83	84	84	84	84	84	84	84	84	84	84	84	84	84	84	84	84	84	84	84	84	84	84	84	84	84	84	84	84	84	84	84	83	84	84	84	84	84	83	83	83	83	83	83	83	83	83	83	83	83	84	84	84	84	84	84	84	84	84	84	83	83	83	84	84	84	84	84	84	84	84	84	84	84	84	84	84	84	84	84	83	83	83	83	83	83	83	83	83	83	83
83	83	83	83	83	83	83	83	83	83	83	83	83	83	83	83	82	82	82	82	82	83	83	83	83	83	83	83	83	83	83	83	83	83	83	83	83	83	83	84	83	84	84	83	84	84	83	83	83	83	83	83	83	83	83	83	83	83	83	83	83	84	84	84	84	84	83	83	83	83	83	83	83	83	83	84	84	84	83	83	83	84	84	83	84	84	83	83	83	83	83	84	83	83	84	84	84	83	83	83	83	83	83	83	83	83	84	84	84	83	83	83	83	83	83	84	84	83	83	83	84	84	84	84	84	84	83	84	84	84	84	83	83	84	83	83	83	83	83	83	84	84	84	84	84	84	84	84	84	84	84	84	84	84	84	84	84	84	84	84	83	84	84	84	84	84	84	84	84	84	84	84	84	83	83	83	84	84	84	84	84	84	83	83	83	84	84	83	83	83	83	84	83	84	84	84	84	83	83	83	83	84	84	84	83	84	84	84	84	84	84	84	84	84	84	84	84	84	84	84	84	84	84	84	84	84	84	84	84	84	84	84	84	83	83	84	84	84	84	84	84	84	84	84	84	84	84	83	83	83	83	83	84	84	84	84	83	84	84	84	84	83	83	84	84	84	84	84	84	83	83	83	83	83	83	83	83	83	83	83	83	83	83	83	83	83	83	83	83	83	83	83	83	83	83	83	83	83	83	83	83	83	83	83	83	83	83	83	83	83	83	83	83	83	83	83	83	83	83	83	83	83	83	83	83	83	84	83	83	83	83	84	84	84	84	84	84	84	84	84	84	84	83	83	83	84	84	83	83	83	83	84	84	84	84	84	84	84	84	84	84	84	84	84	84	84	84	84	84	84	83	83	83	84	84	84	84	84	84	83	83	83	82	75	49	34	37	38	40	41	42	43	43	43	43	43	42	42	42	44	48	49	49	49	49	49	50	50	50	50	50	50	50	50	50	50	50	50	50	51	51	51	51	51	51	51	51	51	51	50	50	51	51	51	52	52	51	50	50	50	50	50	50	50	50	50	50	50	50	50	50	50	50	50	50	50	50	50	49	49	49	49	48	48	49	49	49	50	50	50	50	51	51	51	50	50	50	51	50	50	50	50	50	50	50	51	50	50	51	55	78	84	83	84	84	84	84	83	83	83	83	83	84	84	84	84	83	83	83	83	83	84	84	84	84	84	84	83	83	83	83	83	83	83	83	83	83	83	83	83	83	83	83	84	84	84	84	84	84	84	84	84	83	83	83	83	83	84	84	83	84	84	84	83	83	83	83	83	84	84	83	83	83	83	84	84	84	83	84	84	84	84	84	84	84	84	84	84	84	83	83	83	84	84	83	84	84	83	83	83	83	83	83	83	83	84	84	84	84	84	84	84	84	84	84	84	84	84	84	83	83	83	84	84	84	84	84	84	84	84	84	84	84	84	84	84	84	84	84	83	83	83	83	83	83	83	83	83	83	83
83	83	83	83	83	83	83	83	83	83	83	83	82	83	83	83	82	82	82	82	82	83	83	83	83	83	83	83	83	83	83	83	83	83	83	83	83	83	83	84	83	84	84	83	84	84	83	83	83	83	83	83	83	83	83	83	83	83	83	83	83	84	84	84	84	84	83	83	83	83	83	83	83	83	83	84	84	84	83	83	83	84	84	83	84	84	83	84	84	83	83	84	83	83	84	84	84	83	83	83	83	83	83	83	83	83	83	83	83	83	83	83	83	83	83	83	83	84	84	84	84	84	84	83	83	83	83	83	83	84	84	83	83	83	83	83	83	83	83	83	84	84	84	84	84	84	84	84	84	84	84	84	84	84	84	84	84	84	84	84	83	84	84	84	84	84	84	84	84	84	84	84	84	83	83	83	84	84	84	84	84	84	83	83	83	84	84	83	83	83	83	84	83	84	84	84	84	83	83	83	83	84	84	84	83	84	84	84	84	84	84	84	84	84	84	84	84	84	84	84	84	84	84	84	84	84	84	84	84	84	84	84	84	84	84	84	84	84	84	84	84	84	84	84	84	84	84	83	83	83	83	83	84	84	84	84	83	84	84	84	84	83	83	84	84	84	84	84	84	83	83	83	83	83	83	83	83	83	83	83	83	83	83	83	83	83	83	83	83	83	83	83	83	83	83	83	83	83	83	83	83	83	83	83	83	83	83	83	83	83	83	83	83	83	83	83	83	83	83	83	83	83	83	83	83	83	84	83	83	83	83	83	83	83	83	83	83	84	84	84	84	84	83	83	83	84	84	83	83	83	83	84	84	84	84	84	84	84	84	84	84	84	84	84	84	84	84	84	84	84	84	84	84	84	84	84	84	84	84	83	83	83	83	82	79	54	35	35	37	40	42	42	42	42	43	43	43	42	42	42	43	47	48	48	49	49	50	50	50	50	50	50	50	50	50	50	50	50	51	51	51	51	51	51	51	51	51	51	51	51	50	51	51	51	52	52	51	50	50	50	50	50	50	50	50	50	50	50	50	50	50	50	51	51	50	50	50	50	50	49	49	49	48	47	49	49	49	50	50	50	50	51	51	51	51	50	50	50	50	50	50	50	50	50	50	50	49	50	51	54	74	83	83	84	84	84	84	83	83	83	83	83	84	84	84	84	83	83	83	83	83	84	84	84	84	84	83	83	83	83	83	83	83	83	83	83	83	83	83	83	83	84	84	84	84	84	84	84	83	83	83	83	83	83	83	83	83	84	84	84	84	84	84	83	83	83	83	83	83	84	84	84	84	84	84	84	84	84	84	84	84	84	84	84	84	84	84	84	84	84	84	83	84	84	84	84	84	83	83	83	83	83	83	83	83	84	84	84	84	84	84	84	84	83	83	83	83	83	83	83	83	83	84	84	84	84	84	84	84	84	84	84	84	84	84	84	84	84	84	83	83	83	83	83	83	83	83	83	83	83
83	83	83	82	83	83	83	83	83	83	83	83	83	83	83	83	83	83	83	83	83	83	83	83	83	83	83	83	83	83	83	83	83	83	83	83	83	83	83	83	83	83	83	83	83	83	83	83	83	83	83	83	83	83	83	83	83	83	83	83	83	84	83	84	84	84	84	83	83	83	83	83	83	83	83	83	83	83	83	83	83	84	84	83	83	83	83	83	83	83	83	83	83	83	83	83	83	83	83	83	84	84	84	83	83	84	84	84	83	83	83	83	83	83	83	83	83	84	84	84	83	83	83	83	84	84	84	84	83	84	84	84	84	84	83	83	83	83	84	84	83	84	84	84	84	84	84	84	84	84	84	84	84	84	84	84	84	84	84	84	84	84	83	83	83	84	84	84	84	84	84	84	84	83	83	83	84	84	84	84	84	84	84	84	84	83	83	83	83	83	83	83	83	83	83	84	84	84	84	84	84	84	84	84	83	84	84	84	84	84	84	84	84	84	84	84	84	84	84	84	84	84	84	84	84	84	84	84	84	84	84	84	84	84	84	84	84	84	84	84	84	84	84	84	84	84	84	83	83	83	83	83	83	83	83	84	84	84	84	84	84	84	84	84	84	84	84	84	84	84	84	84	83	83	83	83	83	83	84	84	83	83	83	83	83	83	83	83	83	83	83	83	83	83	83	83	83	83	83	83	83	83	83	83	83	83	83	83	83	83	83	83	83	83	83	83	83	83	83	83	83	83	83	83	83	83	84	84	83	83	83	83	83	83	83	83	83	84	84	84	84	84	83	83	83	83	83	83	83	83	83	83	83	84	84	84	84	84	84	84	84	84	84	83	84	84	84	84	84	84	84	84	84	84	83	84	84	84	84	84	83	83	83	83	83	81	63	38	35	38	40	42	43	42	42	42	42	42	42	42	41	42	47	49	49	50	50	50	50	50	50	50	50	50	50	51	51	51	50	50	51	50	50	51	51	51	51	51	51	51	50	50	50	50	51	51	50	50	50	51	50	51	50	50	50	50	50	50	50	50	50	50	50	50	50	50	50	50	50	49	50	49	48	47	49	49	49	50	50	50	50	50	51	51	50	50	50	50	51	50	50	50	50	50	50	50	50	50	51	53	68	83	83	83	84	83	84	84	84	84	84	84	84	84	84	84	84	84	84	84	84	84	84	84	84	83	83	83	83	83	83	83	84	84	84	84	84	84	83	83	83	83	83	84	84	84	84	84	83	83	84	83	83	83	83	83	83	84	84	84	84	84	84	84	84	83	83	83	83	84	84	84	84	84	84	84	84	84	84	84	84	84	84	84	84	84	84	84	84	84	84	84	84	84	83	83	83	83	83	83	83	83	84	84	84	84	84	84	84	84	84	84	84	84	84	84	83	83	83	83	84	84	84	84	84	83	83	83	84	84	84	84	84	84	84	84	83	84	84	84	84	84	84	84	84	84	84	84	84	84
83	83	83	82	83	83	83	83	83	83	83	83	83	83	83	83	83	83	83	83	83	83	83	83	83	83	83	83	83	83	83	83	83	83	83	83	83	83	83	83	83	83	83	83	83	83	83	83	83	83	83	83	83	83	83	83	84	84	83	83	83	84	83	84	84	84	84	84	84	83	83	83	83	83	83	83	83	83	83	83	84	84	84	83	83	83	83	83	83	83	83	83	83	83	83	83	83	83	83	83	84	84	84	84	84	84	84	84	83	83	83	83	83	83	83	83	83	83	83	83	83	83	83	83	84	84	84	84	83	83	84	84	84	84	83	83	83	83	83	83	83	83	84	84	84	83	84	84	84	84	84	84	84	84	84	84	84	84	84	84	84	84	83	83	83	84	84	84	84	84	84	84	84	83	83	83	84	84	84	84	84	84	84	84	84	83	83	83	83	83	83	83	83	83	83	84	84	84	84	84	84	84	83	84	83	84	84	84	84	84	84	84	84	84	84	84	84	84	84	84	84	84	84	84	84	84	84	84	84	84	84	84	84	84	84	84	84	84	84	84	84	84	84	84	84	84	84	83	83	83	83	83	83	83	83	84	84	84	84	84	84	84	84	84	84	84	84	84	84	83	83	83	83	83	83	83	83	83	84	84	83	83	83	83	83	83	83	83	83	83	83	83	83	83	83	83	83	83	83	83	83	83	83	83	83	83	83	83	83	83	83	83	83	83	83	83	83	83	83	83	83	83	83	83	83	83	84	84	83	83	83	83	83	83	83	83	84	84	84	84	84	84	84	84	84	83	83	83	83	83	83	83	83	84	84	84	84	84	84	84	84	84	84	83	83	84	84	84	84	84	84	84	84	84	84	84	84	84	84	84	83	84	84	84	83	82	82	70	42	34	38	40	42	42	42	42	41	42	42	42	42	42	43	46	49	49	49	49	50	50	50	50	50	50	50	51	51	51	51	51	51	50	50	50	50	50	50	51	51	51	50	51	51	50	50	50	50	50	51	51	50	50	50	50	51	50	50	50	50	50	50	50	50	50	50	50	50	50	50	49	49	49	49	46	47	49	49	49	50	50	50	50	50	50	50	50	50	50	51	51	50	51	51	51	51	50	50	50	51	52	64	83	84	84	84	83	84	84	84	84	84	84	83	83	83	84	84	84	84	84	84	84	84	84	83	83	83	83	83	83	83	83	84	84	84	84	84	84	83	83	83	83	83	84	84	83	83	84	83	83	84	84	83	83	83	83	84	84	84	84	84	84	84	84	84	84	83	83	83	84	84	84	84	84	84	84	84	84	84	84	84	84	84	84	84	84	83	83	84	84	84	84	84	84	83	83	83	83	83	83	83	83	84	84	84	84	84	84	84	84	84	84	84	84	84	84	84	83	83	83	84	84	83	84	84	83	83	83	84	84	84	84	84	84	84	84	83	84	84	84	84	84	84	84	84	84	84	84	84	84
84	83	83	82	83	83	83	83	83	83	83	83	83	83	83	83	83	83	83	83	83	83	83	83	83	83	83	83	83	83	83	83	83	83	83	83	83	83	83	83	83	83	83	83	83	83	83	83	83	83	83	83	83	83	83	83	84	84	83	83	83	84	83	84	84	84	84	84	84	83	83	83	83	83	83	83	83	83	83	83	84	84	84	83	83	83	83	83	83	83	83	83	83	83	83	83	83	83	83	83	84	84	84	84	84	84	84	84	83	83	83	83	83	83	83	83	83	83	83	83	83	83	83	83	84	83	83	84	83	83	83	83	84	84	83	83	84	83	83	83	83	83	83	84	83	83	83	84	84	84	84	84	84	84	84	84	84	84	84	84	84	84	83	83	83	84	84	84	84	84	84	84	84	83	83	83	84	84	84	84	84	84	84	84	84	83	83	83	83	83	83	83	83	83	83	84	84	84	84	84	84	84	83	84	83	84	84	84	84	84	84	84	84	84	84	84	84	84	84	84	84	84	84	84	84	84	84	84	84	84	84	84	84	84	84	84	84	84	84	84	84	84	84	84	84	84	84	83	83	83	83	83	83	83	83	84	84	84	83	83	84	84	84	84	84	84	83	83	83	82	83	83	83	83	83	83	83	83	84	84	83	83	83	83	83	83	83	83	83	83	83	83	83	83	83	83	83	83	83	83	83	83	83	83	83	83	83	83	83	83	83	83	83	83	83	83	83	83	83	83	83	83	83	83	83	83	84	84	83	83	83	83	83	83	83	83	83	83	83	84	84	84	84	84	84	83	83	83	83	83	83	83	83	84	84	84	84	84	84	84	84	84	84	83	83	84	84	84	84	84	84	84	84	84	83	84	84	84	84	84	83	84	84	84	83	83	83	82	76	50	35	38	40	41	42	42	41	41	42	42	42	43	43	42	45	47	48	49	49	50	50	50	50	50	50	51	51	51	51	51	50	51	50	50	50	50	50	50	51	51	50	51	51	50	50	51	51	51	51	51	50	50	50	50	51	50	50	50	50	50	50	50	50	50	50	50	50	50	50	49	49	49	50	47	47	49	49	49	50	50	50	50	50	50	50	50	50	50	51	51	51	51	51	51	51	50	51	50	50	51	60	82	84	84	84	83	84	84	84	84	84	84	83	83	83	84	84	84	84	84	84	84	84	84	84	83	84	84	84	84	84	84	84	84	84	84	84	84	83	83	83	83	83	84	84	84	84	84	84	84	84	84	83	83	83	83	84	84	84	84	84	84	84	84	84	84	84	84	84	84	84	84	84	84	84	84	84	84	84	84	84	84	84	84	84	84	84	84	84	84	84	84	84	84	84	84	84	83	83	83	83	83	84	84	84	84	84	84	84	84	84	84	84	84	84	84	84	83	83	83	84	84	83	84	84	83	83	83	84	84	84	84	84	84	84	84	83	84	84	84	84	84	84	84	84	84	84	84	84	84
83	83	82	82	82	83	83	83	83	83	83	83	83	83	83	83	83	83	83	83	83	83	83	83	83	83	83	83	83	83	83	83	83	83	83	83	83	83	83	83	83	83	83	83	83	83	83	84	83	83	83	83	83	83	83	83	84	83	83	83	83	84	84	84	84	84	84	84	84	84	84	84	84	84	84	83	83	83	83	83	84	84	84	83	83	84	83	83	84	83	83	83	83	83	83	83	83	83	83	83	83	83	84	83	83	83	83	83	83	84	84	83	83	83	83	83	83	83	84	84	83	83	83	83	84	84	84	84	84	84	84	83	83	84	84	84	84	84	83	83	83	84	83	83	83	83	84	84	84	84	84	84	84	84	84	84	84	84	84	84	84	84	84	84	84	84	84	84	84	84	84	84	84	84	84	84	84	84	84	84	84	84	84	84	84	84	84	84	84	84	84	84	84	84	84	84	84	84	84	84	84	83	83	83	84	84	84	84	84	84	83	84	84	84	84	84	84	84	84	84	84	84	84	84	84	84	84	84	84	84	84	84	84	84	84	84	84	84	84	84	84	84	84	84	83	83	83	83	83	83	83	83	83	84	84	84	84	84	84	84	84	84	84	84	84	84	84	84	83	83	83	83	83	83	83	83	83	83	84	84	83	83	83	83	84	84	83	83	83	84	84	84	84	84	83	83	83	83	83	83	83	83	83	83	83	83	83	83	83	83	83	83	83	83	83	83	83	83	83	83	83	83	83	83	83	83	83	83	83	83	83	83	83	83	83	83	83	83	83	83	83	83	83	83	84	83	83	83	83	83	83	83	83	84	84	84	84	84	84	84	84	84	84	84	84	84	84	84	83	84	84	84	84	84	84	84	84	84	84	84	84	84	84	84	84	83	84	83	82	80	58	36	38	39	39	40	41	41	41	42	42	42	42	42	41	43	47	49	49	50	49	50	50	51	51	50	51	51	51	51	50	51	51	51	51	51	50	50	50	51	50	50	51	51	51	50	50	51	50	50	50	50	50	50	50	50	50	50	50	50	50	50	50	50	50	49	49	50	50	50	49	50	50	48	47	48	49	49	49	50	50	50	50	50	50	50	50	50	51	51	51	51	52	51	51	51	51	50	50	51	58	79	82	83	84	84	84	84	84	84	84	84	84	84	84	84	84	83	83	83	83	84	84	84	84	84	84	85	85	84	84	84	84	84	84	84	84	84	84	84	84	84	84	84	83	83	84	84	84	84	84	84	84	84	84	83	83	84	84	84	84	84	84	84	84	84	84	84	84	84	84	84	84	84	83	83	83	84	84	84	84	84	84	84	84	84	83	83	84	84	84	84	84	84	84	84	84	84	84	84	84	84	84	84	84	84	84	84	84	84	83	84	84	84	84	84	84	83	83	83	83	83	83	83	83	83	84	84	84	84	84	84	84	84	84	83	84	84	84	84	84	84	84	84	84	84	84	84	84	83
83	83	82	82	82	83	83	83	83	83	83	83	83	83	83	83	83	83	83	83	83	83	83	83	83	83	83	83	83	83	83	83	83	83	83	83	83	83	83	83	83	83	83	83	83	83	83	84	83	83	83	83	83	83	83	83	84	83	83	83	83	84	84	84	84	84	84	84	84	84	84	84	84	84	84	83	83	83	83	83	84	84	84	83	84	84	83	83	84	83	83	83	83	83	83	83	83	83	83	83	83	83	84	83	83	83	83	83	83	84	84	84	83	83	83	83	83	84	84	84	83	83	83	83	83	83	84	84	84	84	84	83	83	84	84	84	84	83	83	83	83	83	83	83	83	83	83	84	84	84	84	84	84	84	84	84	84	84	84	84	84	84	84	84	84	84	84	84	84	84	84	84	84	84	84	84	84	84	84	84	84	84	84	84	84	84	84	84	84	84	84	84	84	84	84	84	84	84	84	84	84	83	83	83	84	84	84	83	84	84	83	84	84	84	84	84	84	84	84	84	84	84	84	84	84	84	84	84	84	84	84	84	84	84	84	84	84	84	84	84	84	84	84	84	84	84	83	83	83	83	83	83	83	84	84	84	84	84	84	84	84	84	84	84	84	84	84	84	84	83	83	83	83	83	83	83	83	83	83	83	83	83	83	83	84	84	83	83	83	84	84	84	84	84	83	83	83	83	83	83	83	83	83	83	83	83	83	83	83	83	83	83	83	83	83	83	83	83	83	83	83	83	83	83	83	83	83	83	83	83	83	83	83	83	83	83	83	83	83	83	83	83	83	83	84	83	83	83	83	83	83	83	83	84	84	84	84	84	84	84	84	84	84	84	84	83	83	83	83	84	84	84	84	84	84	84	84	84	84	84	84	84	84	84	84	84	84	83	83	83	81	64	39	35	37	39	40	41	41	41	41	42	43	42	42	41	42	47	49	50	50	50	50	51	51	51	50	50	51	51	51	53	51	51	51	51	51	51	51	51	50	50	51	51	51	50	50	50	50	50	50	50	50	50	50	50	50	50	50	50	50	50	50	49	49	49	49	50	50	50	49	49	50	49	47	48	49	49	49	50	50	50	50	50	50	50	50	51	50	51	51	51	51	51	51	51	51	50	50	51	55	75	82	84	84	84	84	84	84	84	84	84	84	84	84	84	84	83	83	83	83	84	84	84	84	84	84	84	84	84	84	84	84	84	84	84	84	84	84	84	84	84	84	84	84	84	84	84	84	84	84	84	84	84	84	83	83	83	84	84	84	84	84	84	83	83	84	84	84	84	84	83	83	84	83	83	83	84	84	84	84	84	84	84	84	84	83	83	84	84	84	84	84	84	84	84	84	84	84	84	84	84	84	83	83	84	84	84	84	83	83	84	84	84	84	84	84	83	83	83	83	83	84	84	83	83	84	84	84	84	84	84	84	84	84	83	84	84	84	84	84	84	84	84	84	84	84	84	83	83
83	83	82	82	82	83	83	83	83	83	83	83	83	83	83	83	83	83	83	83	83	83	83	83	83	83	83	83	83	83	83	83	83	83	83	83	83	83	83	83	83	83	83	83	84	83	83	84	83	83	83	83	83	83	83	84	84	83	83	83	83	84	84	84	84	84	84	84	84	84	84	84	84	84	84	83	83	83	83	83	84	84	84	83	84	84	83	83	83	83	83	83	83	83	83	83	83	83	83	83	83	83	84	83	83	83	83	83	83	84	84	83	83	83	83	83	83	84	84	84	83	83	83	83	83	83	83	84	83	83	84	84	84	84	83	84	84	83	83	83	83	83	83	83	83	83	83	83	83	83	83	84	84	84	84	84	84	84	84	84	84	84	84	84	84	84	84	84	84	84	84	84	84	84	84	84	84	84	84	84	84	84	84	84	84	84	84	84	84	84	84	84	84	84	84	84	84	84	84	84	84	83	83	83	84	84	84	83	84	84	83	84	84	84	84	84	84	84	84	84	84	84	84	84	84	84	84	84	84	84	84	84	84	84	84	84	84	84	84	84	84	84	84	84	84	84	84	83	83	83	83	83	83	84	84	84	84	84	84	84	84	84	84	84	84	84	84	84	84	83	83	83	83	84	83	83	83	83	83	83	83	83	83	83	84	84	83	83	83	84	84	84	84	84	83	83	83	83	83	83	83	83	83	83	83	83	83	83	83	83	83	83	83	83	83	83	83	83	83	83	83	83	83	83	83	83	83	83	83	83	83	83	83	83	83	83	83	83	83	83	83	83	83	83	84	83	83	83	83	83	83	83	83	84	84	84	84	84	84	84	84	84	84	84	84	84	83	83	83	84	84	84	84	84	84	84	84	84	84	84	84	84	84	84	84	84	84	83	84	84	83	82	71	44	34	37	38	39	40	41	41	42	42	42	42	42	41	40	46	49	49	50	50	51	51	51	50	50	51	51	50	50	51	51	52	51	51	51	51	51	51	51	51	51	51	51	50	50	50	50	50	49	50	50	50	51	50	50	50	50	50	49	49	49	49	49	50	50	50	50	49	49	50	50	45	47	49	49	50	50	50	50	50	50	50	51	51	51	51	51	51	51	51	51	51	51	50	50	50	51	53	71	83	84	84	84	84	84	84	84	84	84	84	84	84	84	84	83	83	83	83	84	84	84	83	83	84	84	84	83	83	83	84	84	84	84	84	84	84	84	84	84	84	84	84	84	84	84	84	84	84	84	84	84	84	83	83	83	84	84	84	83	83	83	83	83	84	84	84	83	83	83	83	83	83	83	83	84	84	84	84	84	84	84	84	84	83	83	84	84	84	84	83	83	84	84	84	84	84	84	83	83	83	83	83	84	84	84	84	84	83	84	84	84	84	84	84	84	83	83	83	84	84	84	84	83	84	84	84	84	84	84	84	84	84	83	84	84	84	84	84	84	84	84	84	84	84	84	84	83
83	83	83	82	82	83	82	83	83	83	83	83	83	83	83	83	83	83	83	83	83	83	83	83	83	83	83	83	83	83	83	83	83	83	83	83	83	83	83	83	83	83	83	83	84	84	83	83	84	84	84	83	83	83	83	84	83	83	83	83	83	83	83	83	83	83	83	83	83	83	83	83	84	84	84	84	84	83	83	83	84	84	84	83	84	84	83	83	83	83	83	84	84	84	84	83	83	84	84	84	83	83	83	84	84	84	84	83	84	83	83	83	83	84	83	83	83	84	84	84	83	83	83	83	83	83	83	84	84	84	84	84	84	84	84	84	84	84	84	84	84	84	84	83	84	83	84	84	83	83	84	83	84	84	84	84	84	84	84	84	84	84	84	84	84	84	84	84	83	83	84	84	84	84	84	84	84	84	84	84	84	84	84	84	84	84	84	84	84	84	84	84	84	84	84	84	84	84	84	84	84	84	84	84	84	84	84	84	84	84	83	84	84	84	84	84	84	84	84	84	84	84	84	84	84	84	84	83	84	84	84	84	84	84	84	84	84	84	84	84	84	84	84	84	84	84	84	84	84	84	83	83	83	84	84	84	84	83	84	84	84	83	83	83	83	83	83	84	84	84	84	84	84	84	84	83	83	83	83	83	83	83	83	83	84	83	84	84	84	84	84	84	84	84	83	83	83	83	83	83	83	83	83	83	83	83	83	83	83	83	83	83	83	83	83	83	83	83	83	83	83	83	83	83	83	83	83	83	83	83	83	83	83	83	83	83	83	83	83	83	83	83	83	84	84	83	83	83	83	83	84	84	84	84	84	84	84	84	84	84	84	84	84	84	84	84	84	83	83	83	83	83	83	84	84	84	84	84	84	84	84	84	84	84	84	84	84	84	84	84	84	83	83	76	50	35	37	38	39	41	41	42	42	42	42	42	42	39	39	45	49	49	50	51	51	52	51	51	51	50	51	51	51	51	51	51	51	51	51	51	51	52	51	51	51	51	50	50	50	50	50	50	50	49	50	50	50	50	50	50	50	49	49	49	49	50	50	50	50	49	49	49	49	49	41	38	46	49	50	50	50	50	51	50	50	51	51	51	51	51	51	51	51	51	51	51	51	50	50	50	52	67	83	83	84	83	83	84	84	84	84	84	84	84	84	84	84	84	83	83	83	83	83	83	83	83	84	84	84	84	84	84	83	83	83	83	83	83	84	84	84	84	84	84	84	84	84	84	84	84	84	84	84	84	84	84	84	84	84	84	84	84	84	83	83	83	84	84	84	84	84	84	84	84	84	84	84	84	84	84	83	83	83	83	84	84	84	84	84	84	84	84	84	84	84	84	84	84	84	84	84	84	84	84	84	84	84	84	84	84	84	83	84	84	84	84	84	84	84	84	84	84	84	84	84	84	84	84	84	84	84	84	84	84	84	83	83	84	83	84	84	84	84	84	84	84	83	84	84	84
84	83	83	82	82	83	83	83	83	83	83	83	83	83	83	83	83	83	83	83	83	83	83	83	83	83	83	83	83	83	83	83	83	83	83	83	83	83	83	83	83	83	83	83	84	84	83	83	84	84	84	83	83	83	83	84	83	83	83	83	83	83	83	83	83	83	83	83	83	83	83	83	84	84	84	84	84	83	83	83	84	84	84	83	84	84	83	83	83	83	83	84	83	84	84	83	83	83	83	84	83	83	83	83	83	83	84	83	84	83	83	83	83	84	83	83	83	84	84	84	83	83	83	83	83	83	83	84	84	84	84	84	84	84	83	83	84	84	84	84	83	84	83	83	83	83	84	84	83	83	84	83	84	84	84	84	84	84	84	84	84	84	84	84	84	84	84	84	84	84	84	84	84	84	84	84	84	84	84	84	84	84	84	84	84	84	84	84	84	84	84	84	84	84	84	84	84	84	84	84	84	84	84	84	84	84	84	84	84	84	83	84	84	84	84	84	84	84	84	84	84	84	84	84	84	84	84	83	84	84	84	84	84	84	84	84	84	84	84	84	84	84	84	84	84	84	84	84	84	84	83	83	83	84	84	84	84	83	84	84	83	83	83	83	83	83	83	84	84	84	84	84	83	83	83	83	83	83	83	83	84	84	83	84	84	84	84	84	84	84	84	84	84	84	83	83	83	83	83	83	83	83	83	83	83	83	83	83	83	83	83	83	83	83	83	83	83	83	83	83	83	83	83	83	83	83	83	83	83	83	83	83	83	83	83	83	83	83	83	83	83	83	83	84	84	83	83	83	83	83	84	84	84	84	84	84	84	84	84	84	84	84	84	84	84	84	84	83	83	83	83	83	83	84	84	84	84	84	84	84	84	84	84	84	84	84	84	84	84	84	84	84	83	83	79	58	36	36	38	40	40	41	41	41	42	42	42	42	40	38	42	48	49	50	51	51	51	51	51	50	50	50	51	51	51	51	51	51	51	51	51	51	51	51	50	50	50	50	50	50	50	50	51	53	50	50	50	51	50	50	49	49	49	49	50	50	50	50	50	49	49	49	50	49	44	35	40	47	49	50	50	50	50	50	50	51	51	51	51	51	51	51	51	51	51	51	51	50	50	50	52	63	82	83	84	83	83	84	84	84	84	84	84	84	84	84	84	84	84	84	84	84	84	84	84	84	84	84	84	84	84	84	84	84	84	84	84	84	84	84	84	84	84	84	84	84	84	84	84	84	84	84	84	84	84	84	84	84	84	84	84	84	84	83	83	83	84	84	84	84	84	84	84	84	84	84	84	84	84	84	83	83	83	83	84	84	84	84	84	84	84	84	84	84	84	84	84	84	84	84	84	84	84	84	84	84	84	84	84	84	84	83	84	84	84	84	84	84	84	84	84	84	84	84	84	84	84	84	84	84	84	84	84	84	84	83	83	84	83	84	84	84	84	84	84	84	83	84	84	84
84	83	83	82	83	83	83	83	83	83	83	83	83	83	83	83	83	83	83	83	83	83	83	83	83	83	83	83	83	83	83	83	83	83	83	83	83	83	83	83	83	83	83	83	84	83	83	83	84	84	84	83	83	83	83	84	83	83	83	83	83	83	83	83	83	83	83	83	83	83	83	83	83	84	84	84	84	83	83	83	84	84	84	84	84	84	83	83	83	83	83	83	83	83	83	83	83	83	83	83	83	83	83	83	83	83	83	83	83	83	83	83	83	84	84	83	83	83	83	83	83	83	83	83	83	83	83	84	84	84	84	84	84	84	83	83	84	84	84	84	83	83	83	83	83	83	83	84	83	83	84	83	84	84	84	84	84	84	84	84	84	84	84	84	84	84	84	84	84	84	84	84	84	84	84	84	84	84	84	84	84	84	84	84	84	84	84	84	84	84	84	84	84	84	84	84	84	84	84	84	84	84	84	84	84	84	84	84	84	84	83	84	84	84	84	84	84	84	84	84	84	84	84	84	84	84	84	83	84	84	84	84	84	84	84	84	84	84	84	84	84	84	84	84	84	84	84	84	84	84	83	83	83	84	84	84	83	83	83	83	83	83	83	83	83	83	83	84	84	84	84	83	83	83	83	83	83	84	84	84	84	84	84	84	84	84	84	84	84	84	84	84	84	84	83	83	83	83	83	83	83	83	83	83	83	83	83	83	83	83	83	83	83	83	83	83	83	83	83	83	83	83	83	83	83	83	83	83	83	83	83	83	83	83	83	83	83	83	83	83	83	83	83	84	84	83	83	83	83	83	84	84	84	84	84	84	84	84	84	84	84	84	84	84	84	84	84	83	83	83	83	83	83	84	84	84	84	84	84	84	84	84	84	84	84	84	84	84	84	84	84	84	84	83	82	82	66	37	34	37	39	40	41	41	42	42	42	42	41	41	38	37	45	48	49	50	51	51	51	51	51	51	51	52	51	51	51	51	51	51	51	51	51	51	50	51	50	51	50	50	50	50	50	53	51	50	51	50	50	50	50	50	50	49	50	50	50	50	50	50	49	49	50	50	49	36	39	46	48	49	50	50	50	50	50	51	51	51	51	51	51	51	51	51	51	51	50	50	49	49	52	59	80	83	84	84	83	84	84	84	84	84	84	84	84	84	84	84	84	84	84	84	84	84	84	84	84	84	84	84	84	84	84	84	84	84	84	84	84	84	84	84	84	84	84	84	84	84	84	84	84	84	84	84	84	84	84	84	84	84	84	84	84	84	84	84	84	84	84	84	84	84	84	84	84	84	84	84	84	84	84	84	84	83	84	84	84	84	84	84	84	84	84	84	84	84	84	84	84	84	84	84	84	84	84	84	84	84	84	84	84	83	84	84	84	84	84	84	84	84	84	84	84	84	84	84	84	84	84	84	84	84	84	84	84	83	83	84	84	84	84	84	84	84	84	84	83	84	84	84
84	83	83	83	83	83	83	83	83	83	83	83	83	84	84	83	83	83	83	83	83	83	83	83	83	83	83	84	84	83	82	82	82	83	83	83	83	83	83	83	83	83	83	83	83	83	83	83	83	83	83	83	83	83	83	83	83	83	84	84	84	83	83	83	83	83	83	84	84	83	83	83	83	83	83	83	83	83	83	83	84	84	84	84	84	84	83	83	83	83	83	83	83	83	83	83	83	83	83	83	83	83	83	83	83	83	83	83	83	83	83	83	83	84	84	84	84	83	83	83	83	83	83	83	83	83	84	84	84	84	84	84	84	84	84	84	84	84	84	84	84	84	83	83	83	83	83	83	83	83	83	83	84	84	83	84	84	84	84	84	84	84	84	84	84	84	84	84	84	84	84	84	84	84	84	84	84	84	84	84	84	84	83	84	84	84	84	84	84	84	84	84	84	84	84	84	83	83	83	84	84	84	84	84	84	84	84	84	84	84	83	84	84	84	84	84	84	84	84	83	83	84	84	84	84	84	84	84	84	84	84	84	84	84	84	84	84	84	84	84	84	84	84	84	84	84	84	84	84	84	84	83	83	83	83	84	83	83	83	83	83	83	83	83	83	83	83	83	83	83	83	83	83	84	84	83	83	84	84	84	84	84	84	84	83	84	84	84	84	84	84	84	84	84	84	84	84	83	83	83	83	83	83	83	83	83	83	83	83	83	83	83	83	83	83	83	83	83	83	83	83	83	83	83	83	83	83	83	83	83	83	83	83	83	83	83	84	84	84	83	83	83	83	83	83	84	84	84	83	83	83	84	84	84	84	84	84	84	84	84	84	84	84	84	84	84	84	84	84	84	84	84	84	84	84	84	84	84	84	84	84	84	84	84	84	84	84	84	84	84	84	83	83	84	83	83	83	71	41	34	37	38	40	41	42	42	43	42	42	42	42	38	36	44	48	50	50	50	51	50	51	51	51	52	52	52	51	51	51	51	51	51	51	50	50	51	51	51	51	51	50	49	50	50	50	50	50	50	50	50	50	50	54	52	50	50	50	50	50	50	49	49	49	50	50	47	46	48	48	49	50	50	50	50	51	51	51	51	51	51	51	51	51	51	51	51	50	50	49	49	51	55	78	83	84	84	84	84	84	84	84	84	84	84	84	84	84	84	84	84	84	84	84	84	84	84	84	84	84	84	84	84	84	84	84	84	84	84	84	84	84	84	84	84	84	84	84	84	84	84	84	84	84	84	84	84	84	83	83	83	84	84	84	84	84	84	84	84	84	84	84	84	84	84	84	84	84	84	84	83	84	84	84	83	84	84	84	84	84	83	84	84	84	84	84	84	84	84	84	84	84	84	84	84	84	84	84	84	84	84	84	84	84	84	84	84	84	84	84	84	84	84	84	84	84	84	84	84	84	84	84	84	84	84	84	84	84	84	84	84	83	83	84	84	84	84	83	83	84	84
83	83	83	83	82	83	83	83	83	83	83	83	83	83	83	83	83	83	83	83	83	83	83	83	83	84	83	83	83	83	82	82	82	83	83	83	83	83	83	83	83	83	83	83	83	83	83	84	84	84	84	83	83	84	83	84	84	83	84	84	84	84	84	84	84	83	83	84	84	83	83	83	83	83	83	83	83	83	83	83	84	84	84	84	84	84	83	83	83	83	83	83	83	83	83	83	83	83	83	83	83	83	83	83	83	83	83	83	83	83	83	83	83	84	84	84	84	83	83	83	83	83	83	84	84	84	84	84	84	84	84	84	84	84	84	84	84	84	84	84	84	84	83	83	83	83	83	83	83	83	83	83	84	84	83	84	84	84	84	84	84	84	84	84	84	84	84	84	84	84	84	84	84	84	84	84	84	84	84	83	83	84	83	84	84	84	84	84	84	84	84	84	84	84	84	84	83	83	83	84	84	84	84	84	84	84	84	84	84	84	83	84	84	84	83	84	84	84	84	83	83	84	84	84	84	84	84	84	84	84	84	84	84	84	84	84	84	84	84	84	84	84	84	84	84	84	84	84	84	84	84	83	83	83	83	84	83	83	83	83	83	83	83	83	83	83	83	83	83	84	84	84	83	84	84	83	83	83	83	83	84	84	84	84	83	84	84	84	84	84	84	84	84	84	84	84	84	83	83	83	83	83	83	83	83	83	83	83	83	83	83	83	83	83	83	83	83	83	83	83	83	83	83	83	83	83	83	83	83	83	83	83	83	83	83	83	84	84	84	83	83	83	83	83	83	84	84	84	83	83	83	83	83	84	84	84	84	84	84	84	84	84	84	84	84	84	84	84	84	84	84	84	84	84	84	84	84	84	84	84	84	84	84	84	84	84	84	84	84	84	84	83	83	84	83	83	83	82	75	49	34	36	38	40	41	41	42	42	42	42	42	42	40	38	45	49	49	50	50	50	51	51	52	52	52	52	52	52	52	52	51	51	50	50	50	51	51	51	51	51	50	50	50	50	50	50	50	50	50	50	50	50	50	50	50	50	50	50	50	50	49	49	49	49	50	49	48	49	49	49	50	50	50	50	51	52	52	51	51	51	51	51	51	51	51	51	51	50	49	50	52	54	74	83	84	84	84	84	84	84	84	84	84	84	84	84	84	84	84	84	84	84	84	84	84	84	84	84	84	84	84	84	84	84	84	84	84	84	84	84	84	84	84	84	84	84	84	84	84	84	84	84	84	84	83	84	84	83	83	83	84	84	84	84	84	84	84	84	84	84	84	84	84	84	84	84	84	83	84	83	84	84	84	83	84	84	84	84	84	83	84	84	84	84	84	84	84	84	84	84	84	84	84	84	84	84	84	84	84	84	84	84	84	84	84	84	84	84	84	84	84	84	84	84	84	84	84	84	84	84	84	84	84	84	84	84	84	84	84	84	83	83	84	84	84	84	83	83	84	84
83	83	83	83	82	83	83	83	83	83	83	83	83	83	83	83	83	83	83	83	83	83	83	83	83	83	83	83	83	83	83	82	82	83	83	83	83	83	83	83	83	83	83	83	83	83	83	84	83	83	83	83	83	83	83	83	83	83	84	84	84	83	83	83	84	84	84	84	84	83	83	83	83	83	83	83	83	83	83	83	83	84	84	84	84	84	84	84	84	83	83	83	83	83	83	83	83	83	83	83	83	83	83	83	83	83	83	83	83	83	83	83	83	84	83	83	83	83	83	84	84	84	84	84	84	84	84	84	84	84	84	84	84	84	84	84	84	84	84	84	84	84	83	83	83	83	83	83	83	83	83	83	84	84	84	84	84	84	84	84	84	84	84	84	84	84	84	84	84	84	84	84	84	84	84	84	84	84	84	84	84	84	84	84	84	84	84	84	84	84	84	84	84	83	84	84	83	83	83	84	84	84	84	84	84	84	84	84	84	84	84	84	84	84	84	84	84	84	84	84	84	84	84	84	84	84	84	84	84	84	84	84	84	84	84	84	84	84	84	84	84	84	84	84	84	84	84	84	84	84	83	83	83	83	83	83	83	83	83	83	83	83	83	83	83	83	83	83	84	84	84	84	84	84	83	83	83	83	83	83	84	84	84	84	84	84	84	84	84	84	84	84	84	84	84	84	84	83	83	83	84	84	84	83	83	83	83	83	83	84	84	83	83	83	83	83	83	83	83	83	83	83	83	83	83	83	83	83	83	83	83	83	83	83	83	83	84	84	84	83	83	83	83	83	83	83	83	83	84	84	83	83	83	83	84	84	84	84	84	84	84	84	84	84	84	84	84	84	84	84	84	84	84	84	84	84	84	84	84	84	84	84	84	84	84	84	84	84	84	84	84	84	84	84	84	84	83	83	83	79	56	36	35	38	40	40	42	42	43	43	43	42	43	42	40	45	49	50	50	49	49	52	53	52	52	52	52	52	52	52	52	51	51	50	50	51	51	51	51	50	50	50	50	50	50	50	50	50	50	51	50	50	50	50	50	50	50	50	50	50	50	49	49	49	49	50	48	49	49	49	50	50	51	51	51	51	51	51	51	51	51	51	51	51	51	52	51	51	50	50	51	53	69	83	84	84	84	84	84	84	84	84	84	84	84	84	84	84	84	84	84	84	84	84	84	84	84	84	84	84	83	83	83	84	84	84	84	84	84	84	84	84	84	84	84	84	84	84	84	84	84	84	84	84	83	84	84	83	83	83	83	84	84	84	84	84	84	83	83	83	83	83	84	84	84	83	83	83	83	83	84	84	84	84	84	84	84	84	84	84	84	84	84	84	84	84	84	84	84	84	84	84	84	84	84	84	84	84	84	84	84	84	84	84	84	84	84	84	84	84	84	84	84	84	84	84	84	84	84	84	84	84	84	84	84	84	84	84	84	84	84	84	84	84	84	84	84	84	84	84
84	83	83	83	83	82	82	82	82	82	83	83	83	83	83	83	82	82	82	82	82	82	82	82	83	83	83	83	83	83	83	83	83	83	83	83	83	83	83	83	83	83	83	83	83	83	83	83	83	83	83	83	83	83	83	83	83	83	84	84	83	83	83	83	84	84	84	83	83	83	83	83	83	83	83	83	83	83	83	83	83	83	83	84	84	84	84	84	84	83	83	83	83	83	83	83	83	83	83	83	83	83	83	84	84	84	83	83	83	83	84	84	84	84	83	83	83	83	83	84	83	84	84	84	84	84	84	84	84	84	84	84	84	84	83	83	84	84	84	84	84	83	83	83	83	83	83	83	83	83	83	83	84	84	84	84	84	84	84	84	84	84	84	83	83	83	83	84	84	84	84	84	84	84	84	84	83	84	84	84	84	84	84	84	84	83	84	84	84	84	84	84	84	83	83	84	83	83	84	84	84	84	84	84	84	84	84	84	84	84	84	84	84	84	84	84	84	84	84	84	84	84	84	84	83	83	83	83	83	84	84	84	84	84	84	84	84	84	84	84	84	84	84	84	84	84	84	84	83	83	83	83	84	84	84	84	84	84	83	83	83	83	83	83	83	83	83	84	84	84	84	84	84	84	84	84	84	83	83	83	83	84	84	84	84	84	84	84	84	84	84	84	84	84	84	84	84	83	83	83	84	84	84	83	83	83	83	83	84	84	84	83	83	83	83	83	83	83	83	83	83	83	83	83	83	83	83	83	83	83	83	83	83	83	83	83	83	83	83	83	83	83	83	83	83	83	83	83	84	84	84	84	83	83	83	83	84	84	84	84	84	84	84	84	84	84	84	84	84	84	84	84	84	84	84	84	84	84	84	84	84	84	84	84	84	84	84	84	84	84	84	84	84	84	84	84	84	84	83	83	81	64	37	34	38	40	41	42	43	43	42	43	43	44	43	39	45	49	50	50	49	52	53	52	51	51	52	52	52	52	52	51	51	50	51	51	51	51	51	51	50	50	50	50	50	50	50	50	50	51	51	50	50	50	50	50	50	50	50	50	50	50	49	49	49	49	48	48	49	49	50	50	51	51	51	51	51	51	51	51	51	51	51	51	51	51	51	51	50	51	52	53	64	83	84	84	84	84	84	84	84	84	84	84	84	84	84	84	84	84	84	84	84	84	84	84	84	84	84	83	83	83	83	83	83	84	84	84	84	84	84	84	84	84	84	84	84	84	84	84	84	84	84	83	83	84	84	84	83	83	83	83	83	84	84	84	84	84	84	83	83	83	84	84	83	83	83	83	83	83	84	84	84	84	84	84	84	84	84	84	84	84	84	84	84	84	84	84	84	84	84	84	84	84	84	84	84	84	84	84	84	84	84	84	84	84	84	84	84	84	84	84	84	84	84	84	84	84	84	84	84	84	84	84	84	84	84	84	84	84	84	84	84	84	84	84	84	84	84	83
84	83	83	83	83	83	83	83	83	83	83	83	83	83	83	83	83	83	83	83	83	83	83	83	83	83	83	83	83	83	83	83	83	83	83	83	83	83	83	83	83	83	83	83	83	83	83	84	83	83	84	83	84	84	83	84	83	83	83	83	83	83	83	83	84	84	84	83	83	83	84	84	83	83	83	83	83	83	83	83	83	83	83	84	84	84	84	84	84	83	83	83	83	83	83	83	83	83	83	83	83	83	83	84	84	84	83	83	83	83	84	84	84	84	83	83	83	83	83	84	84	84	84	84	84	84	84	84	84	84	84	84	84	84	83	83	84	84	84	84	84	83	83	83	83	83	83	83	83	83	83	83	84	84	84	84	84	84	84	84	84	84	84	83	83	83	83	84	84	84	84	84	84	84	84	84	83	84	84	84	84	84	84	84	84	83	84	84	84	84	84	84	84	83	83	84	84	84	84	84	84	84	84	84	84	84	84	84	84	84	84	84	84	84	84	84	84	84	84	84	84	84	84	84	83	83	83	83	83	84	84	84	84	84	84	84	84	84	84	84	84	84	84	84	84	84	84	84	83	83	83	83	84	84	84	84	84	84	83	83	83	83	83	83	83	83	83	84	84	84	84	84	84	84	84	84	84	84	83	83	84	84	84	84	84	84	83	83	83	83	83	83	84	84	84	84	84	83	83	83	83	83	83	83	83	83	83	83	84	84	84	83	83	83	83	83	83	83	83	83	83	83	83	83	83	83	83	83	83	83	83	83	83	83	83	83	83	83	83	83	83	83	83	83	83	83	83	83	83	83	84	84	83	83	83	83	84	84	84	83	83	83	84	84	84	84	84	84	84	84	84	84	84	84	84	84	84	84	84	84	84	84	84	84	84	84	84	84	84	84	84	84	84	84	84	84	84	84	83	83	83	82	71	42	35	39	40	41	42	43	42	43	43	43	43	42	39	43	48	50	50	51	52	52	50	50	52	52	52	52	53	52	51	51	50	51	51	51	51	51	51	50	50	50	50	50	51	51	50	51	51	51	51	50	50	50	50	50	50	49	50	50	49	49	49	50	49	48	49	50	50	50	51	51	51	51	51	51	51	51	51	51	51	51	51	51	51	51	51	50	51	52	60	81	84	84	84	84	84	84	84	84	84	84	84	84	84	84	84	84	84	84	84	84	84	84	84	84	84	84	84	84	83	83	83	84	84	84	84	84	84	84	84	84	84	84	84	84	84	84	84	84	84	83	83	84	84	84	84	84	84	84	84	84	84	84	84	84	84	84	83	83	84	84	83	83	83	83	83	83	84	84	84	84	84	84	84	84	84	84	84	84	84	84	84	84	84	84	84	84	84	84	84	84	84	84	84	84	84	84	84	84	84	84	84	84	84	84	84	84	84	84	84	84	84	84	84	84	84	84	84	84	84	84	84	84	84	84	84	84	84	84	84	84	84	84	84	84	84	83
84	83	83	83	83	83	83	83	83	83	83	83	83	82	82	82	83	83	83	83	83	83	83	83	83	83	82	83	83	83	83	83	83	83	83	83	83	83	83	83	83	83	83	83	83	83	83	83	83	83	83	84	84	84	84	84	84	83	83	83	83	83	83	83	84	84	84	84	84	84	84	84	84	84	83	83	83	83	83	83	83	83	83	84	84	84	83	83	83	83	83	83	83	83	83	83	83	83	83	84	83	83	83	83	83	83	83	83	83	83	83	83	83	83	83	84	84	84	84	84	83	84	84	84	84	84	84	84	84	84	84	83	83	84	83	84	84	83	83	84	84	84	83	83	83	83	83	83	83	83	83	83	84	84	84	84	84	84	84	84	84	84	84	84	84	84	84	84	84	84	84	84	84	84	84	84	84	84	84	84	84	84	84	84	84	84	84	84	84	84	84	84	84	84	84	84	84	84	84	83	84	84	84	84	84	84	84	84	84	83	84	84	84	84	84	84	84	84	84	84	84	84	84	84	83	83	83	84	84	84	84	84	84	84	84	84	84	84	84	84	84	84	84	84	84	84	84	84	83	84	84	84	84	84	84	84	84	84	84	84	84	83	83	84	84	84	83	83	83	83	83	84	84	84	84	84	84	84	84	84	84	84	84	83	83	83	83	83	83	83	83	83	83	83	83	83	83	84	84	83	83	83	83	83	83	83	83	83	83	84	84	83	83	83	83	83	83	83	83	83	83	83	83	83	83	83	83	83	83	83	83	83	83	83	83	83	83	83	83	83	83	83	83	83	83	83	83	83	83	83	83	84	84	83	83	83	84	84	84	83	83	83	84	84	84	83	84	84	84	84	83	83	83	83	83	83	84	84	84	84	84	84	84	84	84	84	84	84	84	84	84	84	84	84	84	84	84	84	83	83	84	83	83	77	48	33	37	39	42	42	43	43	43	43	43	43	42	39	43	49	50	51	52	51	50	52	53	53	53	53	53	53	52	52	51	52	52	51	52	52	52	50	50	50	50	51	50	51	51	51	51	51	50	50	50	50	50	50	50	50	50	50	50	49	49	49	49	48	49	50	50	50	51	51	51	51	51	51	51	51	51	51	51	51	51	51	51	51	51	51	51	53	57	79	84	84	84	84	84	84	84	84	84	84	84	84	83	83	84	84	84	84	84	84	84	84	84	84	84	84	84	84	83	83	83	83	83	84	84	84	84	83	83	83	83	83	84	84	84	84	84	84	84	84	84	84	84	84	84	84	84	84	84	84	84	84	84	84	84	84	83	84	84	83	84	84	84	84	84	84	84	84	84	84	84	84	84	84	84	84	84	84	84	84	84	84	84	84	84	84	84	84	84	84	84	84	84	84	84	84	84	84	84	84	84	84	84	84	84	84	84	84	84	84	84	84	84	84	84	84	84	84	84	84	84	84	84	84	84	84	84	84	83	84	84	84	84	84	84	84
84	82	83	83	83	83	83	83	83	83	83	83	83	82	82	82	83	83	83	83	83	83	83	83	83	83	83	83	82	82	83	83	83	83	83	83	83	83	83	83	83	83	83	83	83	83	83	83	83	83	83	84	84	83	83	84	83	83	83	83	83	84	84	84	84	84	84	84	84	83	84	83	84	84	83	84	83	83	83	83	83	83	83	84	84	84	84	83	83	83	84	84	83	83	83	83	83	83	83	84	83	83	83	83	83	84	84	84	83	83	83	83	83	83	84	84	84	84	84	84	83	83	84	84	84	84	83	84	84	84	84	83	83	83	83	84	84	83	83	83	84	84	83	83	83	83	82	83	83	83	83	83	84	84	84	84	84	84	84	84	83	83	84	84	84	84	84	84	84	84	84	84	84	84	84	84	84	84	84	84	84	84	84	84	84	84	84	84	84	84	84	84	84	84	84	84	84	84	84	83	84	84	84	84	84	84	84	84	83	83	84	84	84	84	84	84	84	84	84	84	84	84	84	84	83	83	83	84	84	84	84	84	84	84	84	84	84	84	84	84	84	84	84	84	84	84	84	83	83	84	84	84	84	84	84	83	83	83	84	84	84	83	83	84	84	84	83	83	83	83	83	83	84	84	84	83	83	84	84	84	84	84	84	83	83	83	83	83	83	83	83	83	83	83	83	83	83	84	84	84	83	83	83	83	83	83	83	83	83	84	84	83	83	83	83	83	83	83	83	83	83	83	83	83	83	83	83	83	83	83	83	83	83	83	83	83	83	83	83	83	83	83	83	83	83	83	83	83	83	83	83	83	84	84	83	83	83	83	83	83	83	83	84	84	84	83	83	84	84	84	83	83	83	83	83	83	84	84	84	84	84	84	84	84	84	84	84	84	84	84	84	84	84	84	84	84	84	84	84	84	84	83	83	83	80	57	35	35	39	41	43	43	42	42	42	42	42	42	41	43	48	50	50	50	51	53	53	53	53	53	53	53	53	53	53	52	52	52	52	52	52	51	51	50	51	51	50	51	51	51	51	51	50	50	50	50	50	50	50	50	50	50	50	49	49	50	49	47	49	50	50	51	50	51	51	51	51	51	51	51	51	51	51	51	51	51	51	51	51	51	51	53	55	76	83	83	84	84	84	84	84	84	84	84	84	84	83	83	83	83	83	84	84	84	84	84	84	84	84	84	84	84	83	83	83	83	83	84	84	84	84	83	83	83	83	83	84	84	84	84	84	84	84	84	84	84	84	84	84	84	84	84	84	84	84	84	84	84	84	83	83	84	84	83	84	84	84	84	84	84	84	84	84	84	84	84	84	84	84	84	84	84	84	84	84	84	84	84	84	84	84	84	84	84	84	84	84	84	84	84	84	84	84	84	84	84	84	84	84	84	84	84	84	84	84	84	84	84	84	84	84	84	84	84	84	84	84	84	84	84	84	84	83	84	84	84	83	84	84	84
84	83	83	83	83	83	83	83	83	83	83	83	83	83	83	83	82	82	82	83	83	83	83	83	83	83	83	83	83	83	83	83	83	83	83	83	83	83	83	83	83	83	83	83	83	83	83	83	82	82	83	83	83	83	83	83	83	83	83	83	83	84	84	84	84	84	84	84	84	83	84	84	84	84	83	84	83	83	84	84	83	83	83	84	84	84	84	84	84	84	84	84	83	84	83	83	83	83	83	84	83	83	83	83	84	84	84	84	84	83	83	83	83	83	84	84	84	84	84	84	83	83	84	84	84	84	83	84	84	84	84	84	84	84	83	84	83	83	83	83	84	84	83	83	83	83	82	83	83	83	83	83	84	84	84	84	84	84	84	84	83	83	84	84	84	84	84	84	84	84	84	84	84	84	84	84	84	84	84	84	84	84	84	84	84	84	84	84	84	84	84	84	84	84	84	84	84	84	84	83	84	84	84	83	84	84	84	84	83	83	84	84	84	84	84	84	84	84	84	84	84	84	84	84	83	83	83	84	84	84	84	84	84	84	84	84	84	84	83	83	83	83	83	83	84	84	84	83	83	84	84	84	84	84	84	83	83	83	83	83	83	83	83	84	84	84	84	83	83	83	83	83	83	83	83	83	83	84	84	84	84	84	84	83	83	83	83	83	83	83	83	83	83	83	83	83	83	84	84	84	83	83	83	83	83	83	83	83	83	84	84	83	83	83	83	83	83	83	83	83	83	83	83	83	83	83	83	83	83	83	83	83	83	83	83	83	83	83	83	83	83	83	83	83	83	83	83	83	83	83	83	83	84	84	83	83	83	83	83	83	83	83	84	84	84	83	83	84	84	84	83	83	83	83	83	83	84	84	84	84	84	84	84	84	84	84	84	84	84	84	84	84	84	84	84	84	84	84	84	84	84	83	83	83	83	82	65	39	35	38	41	42	42	42	42	42	42	42	43	42	43	46	49	50	52	53	52	53	53	53	53	53	53	53	52	52	52	53	52	52	52	52	51	51	51	51	51	51	51	51	51	51	50	50	50	50	50	50	50	50	50	50	50	50	49	49	49	47	49	50	50	51	51	51	51	51	51	51	52	51	51	51	51	51	51	52	52	52	51	51	51	51	53	71	84	83	83	84	84	84	84	84	84	84	84	84	83	83	83	83	83	84	84	84	84	84	84	84	84	84	84	84	83	83	83	83	83	84	84	84	84	83	83	84	84	84	84	84	84	84	84	84	84	84	84	84	84	84	84	84	84	84	84	84	84	84	84	84	84	83	83	84	84	83	84	84	84	84	84	84	84	84	84	84	84	84	84	84	84	84	84	84	84	84	84	84	84	84	84	84	84	84	84	84	84	84	84	84	84	84	84	84	84	84	84	84	84	84	84	84	84	84	84	84	84	84	84	84	84	84	84	84	84	84	84	84	84	84	84	84	84	84	83	84	84	84	83	84	84	84
84	83	82	83	83	83	83	83	82	82	82	82	83	83	83	83	83	82	83	83	82	82	83	83	82	82	82	83	83	83	83	83	83	83	83	83	83	83	83	83	83	83	83	83	83	83	83	83	83	83	83	83	83	83	83	83	83	83	83	83	83	83	83	83	84	84	83	83	83	84	84	84	84	84	84	84	84	83	83	83	83	83	83	83	83	83	83	83	83	83	83	83	84	83	83	83	83	83	83	83	83	83	83	84	84	84	83	83	83	83	83	83	83	83	84	84	84	83	84	84	84	84	84	84	84	84	84	84	84	84	83	83	83	84	83	83	83	83	83	83	83	83	83	83	83	83	83	83	83	83	83	83	83	83	84	84	84	84	84	84	84	84	84	84	84	84	84	84	84	84	84	84	84	84	83	84	83	83	83	84	84	84	84	84	84	84	84	84	84	84	84	84	84	84	84	84	84	84	84	84	84	83	83	83	84	84	84	83	84	84	84	84	84	84	84	84	84	84	84	83	83	83	83	84	84	84	84	83	83	83	83	83	84	84	84	84	84	84	83	83	83	84	84	84	84	84	84	84	84	83	83	83	83	83	83	84	84	84	83	83	84	84	84	84	84	84	84	84	84	83	83	83	83	83	83	83	83	84	84	84	84	84	84	83	83	83	83	83	83	83	83	83	83	83	83	83	83	83	83	83	84	84	84	84	84	83	83	83	83	84	84	84	84	84	84	84	84	83	83	83	83	83	83	83	83	83	83	83	83	83	83	83	83	83	83	83	83	83	83	83	83	83	83	83	83	84	84	84	84	84	84	84	84	83	83	83	83	83	83	83	83	83	83	83	83	83	83	83	83	83	84	84	84	84	84	84	84	84	84	84	84	84	84	84	84	84	84	84	84	84	83	83	83	84	84	84	84	84	84	84	84	84	84	84	83	83	83	72	45	34	37	39	41	43	43	42	42	42	42	43	42	41	45	49	52	53	52	52	53	53	53	53	53	52	52	52	52	53	52	52	52	52	51	51	51	51	50	51	51	51	51	50	51	50	50	50	50	50	50	50	50	50	50	50	50	50	49	48	49	50	50	50	51	51	51	51	52	52	52	52	51	51	51	51	51	51	51	51	51	50	51	52	53	65	84	83	83	84	84	84	84	84	84	84	83	83	84	84	83	83	83	83	84	84	84	84	84	84	84	84	83	84	84	84	84	84	84	84	84	84	84	84	84	84	84	84	84	84	84	83	83	84	84	84	84	84	84	84	84	84	84	84	84	84	84	84	84	84	84	84	84	84	84	84	84	84	84	84	84	84	84	84	84	84	84	84	84	84	84	84	84	84	84	84	84	84	84	84	84	84	84	84	84	84	84	84	84	84	84	84	84	83	83	83	84	84	84	84	84	84	84	84	84	84	84	84	84	84	84	84	84	84	84	84	84	84	84	84	84	84	84	84	84	84	84	84	84	83	83	83
84	83	82	83	83	83	83	83	83	83	83	82	83	83	83	83	83	83	83	83	82	83	83	83	82	82	82	83	83	83	83	83	83	83	83	83	83	83	83	83	83	83	83	83	83	83	83	83	83	83	83	83	83	83	83	83	83	83	83	83	83	83	83	83	84	84	83	83	83	84	84	84	84	84	84	84	84	84	83	84	83	83	83	83	83	83	83	83	83	83	83	83	83	84	84	84	84	84	83	83	83	83	83	84	84	84	83	83	83	83	83	83	83	83	84	84	84	83	83	84	84	84	84	84	84	84	84	84	84	83	83	83	83	83	83	83	83	83	83	83	83	83	83	83	83	83	83	83	83	83	83	83	83	83	84	84	84	84	84	84	84	84	84	84	84	84	84	84	84	84	84	84	84	84	83	84	83	83	83	84	84	84	84	84	84	84	84	84	84	84	84	84	84	84	84	84	84	84	84	84	84	83	83	83	84	84	84	83	84	84	84	84	84	84	84	84	84	84	84	83	83	83	83	83	84	84	84	83	83	83	83	83	84	84	84	84	84	84	83	83	84	84	84	84	84	84	84	84	84	83	83	83	83	83	83	84	84	84	84	84	84	84	84	84	84	84	84	84	84	83	83	83	83	83	83	83	83	84	84	84	84	84	84	83	83	83	83	83	83	83	83	83	83	83	83	83	83	83	83	83	84	84	84	84	84	84	83	83	84	84	84	84	84	84	84	84	84	83	83	83	83	83	83	83	83	83	83	83	83	83	83	83	83	83	83	83	83	83	83	83	83	83	83	83	83	84	84	84	84	84	84	84	83	83	83	83	83	83	83	83	83	83	83	83	83	83	83	83	83	83	84	84	84	84	84	84	84	84	84	84	84	84	84	84	84	84	84	84	84	84	83	83	83	84	84	84	84	84	84	84	84	84	84	84	83	83	83	83	77	51	33	35	38	41	42	42	42	42	43	42	43	42	39	44	50	52	52	52	53	54	54	53	53	52	52	52	52	52	52	52	51	51	51	51	51	51	50	51	51	51	51	51	51	51	51	50	50	50	50	50	50	50	50	50	50	50	50	49	49	50	50	50	51	52	51	51	52	52	52	52	51	51	51	51	51	51	51	51	51	51	51	51	53	63	83	83	83	84	84	84	83	83	84	84	83	83	84	84	83	83	83	83	84	84	84	84	84	84	84	84	84	84	84	84	84	84	84	84	84	84	84	84	84	84	84	84	84	84	84	83	83	83	84	84	84	84	84	84	84	84	84	84	84	84	84	84	84	84	84	84	84	84	84	84	84	84	84	84	84	84	84	84	84	84	84	84	84	84	84	84	84	84	84	84	84	84	84	84	84	84	84	84	84	84	84	84	84	84	84	84	84	83	83	83	84	84	84	84	84	84	84	84	84	84	84	84	84	84	84	84	84	84	84	84	84	84	84	84	84	84	84	84	84	84	84	84	84	83	83	83
84	83	83	83	83	83	83	83	83	83	83	83	83	83	83	83	83	83	83	83	83	83	83	83	83	83	83	83	83	83	83	83	83	83	83	83	83	83	83	83	83	83	83	83	83	83	83	83	83	83	83	83	83	83	83	83	83	83	83	83	83	83	83	83	84	84	83	83	83	84	84	84	84	84	84	84	84	84	84	84	84	83	84	83	83	83	83	83	83	84	84	84	84	84	84	84	84	84	84	84	83	83	83	84	84	84	83	83	83	83	83	83	83	83	84	84	84	83	84	84	84	84	84	84	84	84	84	84	84	83	83	83	83	83	83	83	83	83	83	83	83	83	83	83	83	83	83	83	83	83	83	83	83	83	84	84	84	84	84	84	84	84	84	84	84	84	84	84	84	84	84	84	84	84	83	84	83	83	83	84	84	84	84	84	84	84	84	84	84	84	84	84	84	84	84	84	84	84	84	84	84	83	83	83	84	84	84	83	84	84	84	84	84	84	84	84	84	84	84	83	83	83	83	83	84	84	84	83	83	83	83	83	84	84	84	84	84	84	84	83	84	84	84	84	84	84	84	84	84	83	83	83	83	83	83	84	84	84	84	84	84	84	84	84	84	84	84	84	84	83	83	83	83	83	83	83	83	84	84	84	84	84	84	83	83	83	83	83	83	83	83	83	83	83	83	83	83	83	83	83	84	84	84	84	84	84	83	83	84	84	84	84	84	84	84	84	83	83	83	83	83	83	83	83	83	83	83	83	83	83	83	83	83	83	83	83	83	83	83	83	83	83	83	83	83	84	83	83	84	84	84	84	83	83	83	83	83	83	83	83	83	83	83	83	83	83	83	83	83	83	84	84	84	84	84	84	84	84	84	84	84	84	84	84	84	84	84	84	84	84	83	83	83	84	84	84	84	84	84	84	84	84	84	84	84	83	83	83	83	80	57	33	35	37	40	41	41	42	42	43	42	43	42	40	44	49	51	52	53	53	53	53	53	53	52	52	52	52	52	52	51	51	51	51	50	50	50	51	51	50	49	48	47	48	49	51	51	51	50	49	50	50	50	50	50	50	50	50	49	50	50	50	51	51	52	51	52	52	52	52	52	52	52	52	51	51	51	51	51	50	50	52	53	60	81	83	83	84	84	84	84	84	84	84	83	83	84	84	83	83	83	83	84	84	84	84	84	84	84	84	84	84	84	84	84	83	83	83	83	83	83	83	83	84	84	84	84	84	84	83	83	84	84	84	84	84	84	84	84	84	84	84	84	84	84	84	84	84	84	84	84	84	84	84	84	84	84	84	84	84	84	84	84	84	84	84	84	84	84	84	84	84	84	84	84	84	84	84	84	84	84	84	84	84	84	84	84	84	84	84	84	83	83	83	84	84	84	84	84	84	84	84	84	84	84	84	84	84	84	84	84	84	84	84	84	84	84	84	84	84	84	84	84	84	84	84	84	84	83	83
84	82	82	83	83	83	83	83	83	83	83	83	83	82	82	82	82	82	82	82	82	83	83	83	83	83	83	83	82	82	82	82	83	83	83	83	84	84	84	84	84	83	83	83	83	83	83	82	82	83	83	83	83	83	82	83	83	83	82	83	83	83	83	83	83	83	83	84	83	83	83	83	83	83	83	83	83	83	83	84	84	83	84	84	84	83	84	84	84	83	83	83	83	83	83	84	84	84	84	84	83	83	83	84	84	84	84	84	83	83	83	83	83	83	83	84	84	84	84	84	84	84	84	83	84	84	84	84	84	83	83	83	84	83	83	83	83	84	83	83	83	83	83	83	83	83	83	83	83	83	83	83	83	83	84	84	84	84	84	84	84	84	84	84	84	84	84	84	84	84	84	84	84	84	83	84	83	83	83	83	84	84	83	83	83	83	83	83	83	84	84	84	84	84	84	84	84	84	84	84	84	84	84	84	83	84	84	83	83	84	84	84	84	84	84	84	84	84	84	84	84	84	84	84	84	84	84	83	83	83	83	83	83	83	83	83	83	83	84	84	84	84	84	84	84	84	84	84	84	83	83	83	83	83	83	84	84	84	83	83	84	84	84	84	83	83	84	84	84	84	84	84	83	83	83	83	83	84	84	84	84	83	83	83	83	83	83	83	83	83	83	83	83	83	84	84	84	84	84	84	83	83	84	84	84	84	83	83	83	83	83	83	84	84	84	84	84	83	83	83	84	84	84	84	84	84	84	84	84	84	84	83	83	83	83	83	83	84	84	83	83	83	84	84	84	84	84	84	84	84	84	84	84	83	83	83	83	83	83	83	83	83	83	83	83	83	83	83	83	83	83	83	83	83	83	83	83	83	83	84	84	84	84	84	84	84	84	84	84	84	83	83	83	83	83	84	84	84	84	84	84	84	84	84	83	83	83	83	83	83	81	65	37	33	37	40	41	43	43	43	43	43	43	43	41	44	48	51	53	53	54	54	54	53	53	52	52	52	52	52	51	50	50	50	50	50	50	52	50	44	36	31	29	30	33	39	46	50	51	49	50	50	49	50	49	50	50	50	49	50	50	50	51	51	52	51	52	52	51	52	51	51	52	52	52	52	51	51	51	51	50	50	52	57	78	83	84	83	84	84	83	83	84	84	84	83	83	83	83	83	83	83	83	83	84	84	84	83	83	83	83	83	83	83	83	83	83	83	83	83	83	84	84	84	84	84	84	83	83	84	84	84	84	84	84	84	84	84	83	83	84	84	84	84	84	84	83	83	83	83	83	83	84	84	84	84	84	84	84	84	84	84	84	84	84	84	84	84	84	84	84	84	84	84	84	84	84	84	84	84	84	84	84	84	84	84	84	84	84	84	84	84	84	84	84	84	84	84	84	84	84	84	84	84	84	84	84	84	83	83	83	83	83	84	84	84	84	84	84	83	83	84	84	84	84	84	84	84	84	84
84	82	83	83	83	83	83	82	83	83	83	83	83	82	82	82	82	82	82	82	82	83	83	83	83	83	83	83	83	83	83	83	83	83	83	83	83	83	83	83	83	83	83	83	83	83	83	83	83	83	83	83	83	83	83	83	83	83	83	83	83	83	83	83	84	83	83	84	83	83	83	83	83	83	83	83	84	83	83	83	83	83	84	84	84	83	83	83	83	83	83	83	83	83	83	83	83	83	83	83	83	83	83	84	84	84	84	84	83	83	83	83	83	83	83	84	84	84	84	84	84	84	84	83	84	84	84	84	84	83	83	83	84	83	83	83	83	84	83	83	83	83	83	83	83	83	83	83	83	83	83	83	83	83	84	84	84	84	84	84	84	84	84	84	84	84	84	84	84	84	84	84	84	84	83	84	83	83	83	83	84	84	83	83	83	83	83	83	83	83	84	84	84	84	84	84	84	84	84	84	84	84	84	84	83	84	84	83	83	84	84	84	84	84	84	84	84	84	84	84	84	84	84	84	84	84	84	83	83	83	83	83	83	83	83	83	83	83	84	84	84	84	84	84	84	84	84	84	84	83	83	83	83	83	83	84	84	84	83	83	84	84	84	84	83	83	84	84	84	84	84	84	83	83	83	83	83	84	84	84	84	83	83	83	83	83	83	83	83	83	83	83	83	83	84	84	84	84	84	84	83	83	84	84	84	84	83	83	83	83	83	83	84	84	84	84	84	83	83	83	84	84	84	84	84	84	84	84	84	84	84	83	83	83	83	83	83	84	84	83	83	83	84	84	84	84	84	84	84	84	84	84	84	83	83	83	83	83	83	83	83	83	83	83	83	83	83	83	83	83	83	83	83	83	83	83	83	83	83	84	84	84	84	84	84	84	84	84	84	84	83	83	83	83	83	84	84	84	84	84	84	84	84	84	83	83	83	83	83	83	82	82	71	43	33	37	39	42	43	43	43	43	43	44	44	43	43	46	51	52	53	54	53	53	53	52	52	52	52	52	51	50	50	50	50	50	50	50	42	30	27	26	27	28	28	27	30	37	47	50	50	50	50	50	50	50	50	50	49	50	50	50	51	51	52	52	52	52	51	52	52	52	52	52	52	52	52	52	52	51	51	51	52	55	74	83	84	83	84	84	83	83	84	84	84	83	83	83	83	83	83	83	83	83	84	84	84	83	83	83	83	83	83	83	83	83	83	83	83	83	83	84	84	84	84	84	84	84	84	84	84	84	84	84	84	83	83	84	83	83	84	84	84	84	84	84	83	83	83	83	83	83	84	84	84	84	84	84	84	84	84	84	84	84	84	84	84	84	84	84	84	84	84	84	84	84	84	84	84	84	84	84	84	84	84	84	84	84	84	84	84	84	84	84	84	84	84	84	84	84	84	84	84	84	84	84	84	84	83	83	83	83	83	84	84	84	84	84	84	83	83	83	84	83	83	84	84	84	84	84
84	83	83	83	83	83	83	83	83	83	83	83	83	83	83	83	83	83	83	83	83	83	83	83	83	83	83	83	83	83	83	83	83	83	83	83	83	83	83	83	83	83	83	83	83	83	83	83	83	83	83	83	83	83	83	83	83	83	83	83	83	83	83	83	84	84	84	83	83	83	83	83	83	83	83	83	84	84	83	83	83	83	84	84	83	83	83	83	83	83	83	83	83	83	83	83	83	83	83	83	83	83	83	84	84	84	84	84	83	83	83	83	83	83	83	84	84	84	84	84	84	84	84	83	84	84	84	84	84	83	83	83	84	83	83	83	83	84	83	83	83	83	83	83	83	83	83	83	83	83	83	83	83	84	84	84	84	84	84	84	84	84	84	84	84	84	84	84	84	84	84	84	84	84	83	84	83	83	83	83	84	84	83	83	83	84	84	84	83	84	84	84	84	84	84	84	84	84	84	84	84	84	84	84	83	84	84	84	84	84	84	84	84	84	84	84	84	84	84	84	84	84	84	84	84	84	84	84	84	84	84	84	83	83	83	83	83	83	83	83	83	84	84	84	84	84	84	84	84	83	83	83	83	83	83	84	84	84	83	83	84	84	84	84	83	83	84	84	84	84	84	84	84	84	84	84	84	84	84	84	84	84	83	83	83	83	83	84	83	83	83	83	83	83	84	84	84	84	84	84	84	84	84	84	84	84	83	83	83	83	83	83	84	84	84	84	84	84	83	83	83	83	83	83	83	83	83	83	83	84	84	83	83	83	83	83	83	84	84	84	84	84	84	84	84	84	84	84	84	84	84	84	84	83	83	83	83	83	83	83	83	83	83	83	83	83	83	83	83	83	83	83	83	83	83	83	83	83	83	84	84	84	84	84	84	84	84	84	84	84	83	83	83	83	83	84	84	84	84	84	84	84	84	84	84	84	83	83	83	83	83	83	82	76	48	31	36	40	42	43	43	43	43	43	44	44	43	42	45	50	52	53	53	53	53	53	52	52	51	52	51	51	50	50	50	50	50	47	34	28	31	40	50	54	52	43	33	29	32	44	50	50	50	50	50	50	50	50	49	49	50	50	50	51	52	51	52	52	51	52	52	52	52	52	52	52	52	52	52	52	51	51	52	54	70	84	84	83	83	84	83	83	84	84	84	83	83	83	83	83	83	83	83	83	84	84	83	83	83	83	83	83	83	83	83	83	83	83	83	83	83	83	83	83	83	83	84	84	84	84	84	84	84	84	84	84	84	84	84	83	84	84	84	84	84	84	84	84	83	83	83	83	84	84	84	84	84	84	84	84	83	83	84	84	84	84	84	84	84	84	84	84	84	84	84	84	84	84	84	84	84	84	84	84	84	84	84	84	84	84	84	84	84	84	84	84	84	84	84	84	84	84	84	84	84	83	83	83	83	83	83	83	83	84	84	84	84	84	84	83	83	83	83	83	83	84	84	84	84	84
84	83	83	83	83	83	83	83	83	83	83	83	83	83	83	83	83	83	83	83	83	83	82	82	83	83	83	82	82	82	82	82	83	83	83	83	83	83	83	83	83	83	83	83	83	82	82	83	83	83	83	83	83	83	82	83	83	83	82	83	83	83	83	83	83	83	83	83	83	83	84	84	83	84	84	83	83	84	84	84	84	84	84	83	83	83	83	83	83	83	83	83	83	83	83	83	83	83	84	84	84	84	83	83	83	83	84	84	84	84	84	83	83	83	83	83	84	84	84	84	83	84	83	83	83	83	83	83	83	83	83	84	84	84	83	83	83	84	84	84	83	83	83	83	83	83	83	83	83	83	83	83	84	84	84	84	84	84	84	84	84	84	84	84	84	84	84	84	84	84	84	83	83	84	84	84	84	84	84	83	84	84	84	84	84	84	84	84	84	84	84	84	84	84	84	84	84	84	84	84	84	84	83	84	84	84	84	84	84	84	84	84	84	84	84	84	84	84	84	84	84	84	84	84	84	84	84	84	84	84	84	84	84	84	84	83	84	84	84	84	84	84	84	84	83	83	84	84	84	83	83	83	83	84	84	84	84	84	83	83	84	84	84	84	83	83	84	84	84	84	84	84	84	84	84	84	84	84	84	84	84	84	84	83	83	83	84	84	84	83	83	83	83	83	83	83	83	84	84	84	84	84	84	84	84	84	84	84	83	83	83	83	84	84	83	83	84	84	84	84	83	83	84	84	84	83	83	83	83	83	83	84	84	84	84	83	83	84	84	84	84	84	83	83	83	83	84	84	84	84	83	84	84	83	83	83	83	83	83	83	83	83	83	83	83	83	83	83	83	83	84	84	84	84	84	84	83	83	83	84	84	84	84	84	84	84	84	83	83	83	83	83	83	83	83	84	84	84	84	83	83	84	84	84	84	84	84	84	84	84	83	83	83	82	79	56	34	35	38	41	43	43	43	43	43	43	44	43	41	44	50	51	52	52	52	52	52	52	51	52	52	51	50	50	51	50	51	45	31	30	44	59	61	62	62	63	59	45	29	32	44	51	51	50	50	50	50	50	49	47	48	49	49	50	51	51	52	52	51	52	52	52	52	52	52	52	52	53	52	52	51	52	53	54	65	83	83	83	83	83	83	83	83	83	83	83	83	83	83	83	83	83	83	83	83	83	83	83	83	83	83	83	83	83	83	83	83	83	83	83	83	83	83	83	83	83	83	83	83	84	84	84	83	83	83	83	83	84	84	84	84	84	84	84	84	84	84	84	84	84	84	84	84	84	84	84	84	84	84	84	83	83	83	84	84	84	84	84	84	84	84	84	84	84	84	84	84	84	84	84	84	84	84	84	84	84	84	84	84	84	84	84	84	84	84	84	84	84	84	84	84	84	84	84	83	83	83	83	83	83	83	83	83	84	84	84	84	84	84	84	84	83	84	84	84	84	84	84	84	84
84	83	83	83	83	83	83	83	83	83	83	83	83	83	83	83	83	83	83	83	83	83	82	82	83	83	83	83	82	83	83	82	83	83	83	82	83	83	83	83	83	83	83	83	83	83	83	83	83	83	83	83	83	83	83	83	83	83	83	83	83	83	83	83	83	83	83	83	83	83	84	84	83	84	84	83	84	84	83	83	83	83	83	83	83	84	83	83	83	83	83	83	83	83	83	83	83	83	84	84	84	84	83	83	83	83	84	84	84	84	84	83	83	83	83	83	84	84	84	84	83	84	83	83	83	83	83	84	83	83	83	84	84	84	83	83	83	83	84	84	83	83	83	83	83	83	83	83	83	83	83	83	84	84	84	84	84	84	84	84	84	84	84	84	84	84	84	84	84	84	84	83	83	84	84	84	84	84	84	83	84	84	84	84	84	84	84	84	84	84	84	84	84	84	84	84	84	84	84	84	84	84	83	84	84	84	84	84	84	84	84	84	84	84	84	84	84	84	84	84	84	84	84	84	84	84	84	84	84	84	84	84	84	84	84	83	84	84	84	84	84	84	84	84	83	83	84	84	84	83	83	83	83	84	84	84	84	84	83	83	84	84	84	84	84	84	84	84	84	84	84	84	84	84	84	84	84	84	84	84	84	84	84	84	84	84	84	84	84	83	83	83	83	83	83	83	83	84	84	84	84	84	84	84	84	84	84	84	84	83	83	83	83	83	83	83	84	84	84	84	83	83	84	84	84	83	83	83	83	82	83	84	84	84	84	83	84	84	84	84	84	84	83	83	83	82	83	84	84	84	83	84	84	83	83	83	83	83	83	83	83	83	83	83	83	83	83	83	83	83	84	84	84	84	84	84	83	83	83	84	84	84	84	84	84	84	84	83	83	83	83	83	83	83	83	84	84	84	84	83	83	83	84	84	84	84	84	84	83	83	83	83	83	83	83	81	65	37	33	38	41	43	43	43	43	43	44	44	43	42	43	48	50	51	52	52	52	52	52	52	52	52	51	50	50	50	51	43	30	32	53	63	62	58	56	60	63	61	48	31	34	45	50	50	50	50	50	49	45	42	44	48	48	49	50	51	52	52	52	52	52	52	52	52	52	52	52	53	52	52	51	51	53	54	61	82	83	83	83	83	83	83	83	83	83	83	83	83	83	83	83	83	83	83	83	83	83	83	83	83	83	83	83	83	83	83	83	83	83	83	83	83	83	83	83	83	83	83	83	84	84	84	83	83	83	83	83	83	84	84	84	84	84	84	84	84	84	84	84	84	84	84	84	84	84	84	84	84	84	84	84	84	84	84	84	84	84	84	84	84	84	84	84	84	84	84	84	84	84	84	84	84	84	84	84	84	84	84	84	84	84	84	84	84	84	84	84	84	84	84	84	84	84	84	83	83	83	84	83	83	83	83	83	84	84	84	84	84	84	84	84	83	84	84	84	84	84	84	84	84
84	83	83	83	83	83	83	83	83	83	83	83	83	83	83	83	83	83	83	83	83	83	83	83	83	83	83	83	83	83	83	83	83	83	83	82	83	83	83	83	83	83	83	83	83	83	83	83	83	83	83	83	83	83	83	83	83	83	83	83	83	83	83	83	83	83	83	83	83	84	84	84	84	84	84	83	83	84	83	83	83	83	83	83	83	83	83	83	83	83	83	83	83	83	83	84	84	84	84	84	84	84	83	83	83	83	84	84	84	84	84	83	83	83	83	83	84	84	84	84	83	84	84	83	83	83	83	84	83	83	83	84	84	84	83	83	83	83	84	84	83	83	83	83	83	83	83	83	83	83	83	83	84	84	84	84	84	84	84	84	84	84	84	84	84	84	84	84	84	84	84	83	83	84	84	84	84	84	84	84	84	84	84	84	84	83	83	84	84	84	83	83	83	84	84	84	84	84	84	84	84	84	84	84	84	84	84	84	84	84	84	84	84	84	84	84	84	84	84	84	84	84	84	84	84	84	84	84	84	84	84	84	84	84	84	83	83	84	84	84	84	84	84	84	83	83	84	84	84	84	83	83	83	83	84	84	84	84	83	83	84	84	84	84	84	84	84	84	84	84	84	84	84	84	84	84	84	84	84	84	84	84	84	84	84	84	84	84	84	84	84	83	83	83	83	84	84	84	84	84	84	84	84	84	84	84	84	84	84	83	83	84	84	84	83	84	84	84	84	84	83	83	84	84	84	84	83	83	83	83	83	84	84	84	84	84	84	84	84	83	84	84	83	83	83	83	83	83	84	84	84	84	83	83	83	83	83	83	83	83	83	83	83	83	83	83	83	83	83	83	84	84	84	84	84	84	83	83	83	84	84	84	84	84	84	84	84	83	83	83	84	84	84	83	84	84	84	84	83	83	83	83	83	83	84	84	84	83	83	83	84	84	83	83	83	83	83	72	42	32	37	42	42	42	43	43	43	44	44	43	42	41	45	49	51	52	52	53	52	52	52	52	51	51	51	50	51	44	30	32	54	63	60	47	45	48	53	63	62	46	30	36	48	50	50	50	50	50	49	46	45	47	48	48	49	50	51	51	51	52	52	52	52	52	52	52	52	53	53	53	52	52	52	53	57	79	83	83	83	83	83	83	83	83	83	83	83	83	83	83	83	83	83	83	83	83	83	83	83	83	83	83	83	83	83	83	83	83	83	83	83	83	83	83	83	83	83	83	83	84	84	84	83	83	84	84	84	84	83	83	84	84	84	84	84	84	84	84	84	83	83	83	84	84	84	84	84	84	84	84	84	84	84	84	84	84	84	84	84	84	84	84	84	84	84	84	84	84	84	84	84	84	84	84	84	84	84	84	84	84	84	84	84	84	84	84	84	84	84	84	84	84	84	84	83	83	83	83	83	83	83	83	83	84	84	84	84	84	84	84	84	84	84	84	84	84	84	84	84	84
84	83	83	83	83	83	83	83	83	83	83	83	83	83	83	83	83	83	83	83	83	83	83	83	83	83	83	83	83	83	83	83	83	83	83	83	83	83	83	83	83	83	83	83	83	83	83	82	82	82	83	82	83	83	83	83	83	83	83	82	82	83	83	83	83	83	83	83	83	84	84	84	84	84	84	83	83	83	84	84	83	83	83	83	83	83	83	83	83	83	83	83	83	83	84	84	84	84	84	84	84	84	83	83	83	83	84	84	84	84	84	83	83	83	83	83	84	84	84	84	83	84	84	83	83	84	83	83	83	83	84	84	84	84	83	83	83	83	84	84	83	84	83	83	83	83	83	83	83	83	84	83	84	84	84	84	84	84	84	84	84	84	84	84	84	84	84	84	83	83	84	84	84	84	84	84	84	84	84	84	84	84	84	84	84	83	83	84	84	84	83	83	83	84	84	84	84	84	84	84	84	84	84	84	83	83	84	83	83	84	84	84	84	84	84	84	84	84	84	84	84	84	84	84	84	84	84	84	84	84	83	83	83	83	83	83	83	83	84	84	84	84	84	84	84	84	84	84	84	84	83	83	83	83	83	83	83	83	84	84	84	84	84	84	84	84	84	84	84	84	84	84	84	84	84	84	84	84	84	84	84	84	84	84	84	84	84	84	84	84	84	84	83	83	84	84	84	84	84	84	84	84	84	84	84	84	84	84	84	84	84	84	84	84	84	84	84	84	84	84	84	84	84	84	84	84	84	84	84	84	84	83	83	84	84	84	84	84	84	83	83	84	83	83	83	84	83	83	84	84	84	83	83	83	83	83	83	83	83	83	83	83	83	83	83	83	83	83	83	83	83	83	83	83	83	83	84	84	84	83	83	83	83	83	83	83	83	83	83	83	84	84	84	84	84	84	84	84	83	83	83	84	84	84	84	84	84	83	83	84	84	84	83	83	83	83	83	83	77	50	32	36	40	41	42	43	43	43	43	43	43	41	40	43	48	51	52	52	52	52	52	51	50	51	51	50	50	46	31	30	51	62	59	46	47	48	46	54	64	60	35	30	42	50	51	50	50	50	50	50	48	49	48	49	49	50	50	51	51	51	51	52	52	52	52	52	52	52	53	53	52	52	53	53	55	76	84	83	83	83	83	83	83	83	83	83	83	83	83	83	83	83	83	83	83	83	83	83	83	83	83	83	84	83	83	83	83	83	83	83	83	84	83	83	83	83	83	83	83	83	83	83	83	83	84	84	84	84	84	83	84	84	84	84	84	84	83	83	83	83	83	83	83	83	84	84	84	84	84	84	84	84	84	84	84	84	84	84	84	84	84	84	84	84	84	84	84	84	84	84	84	84	84	84	84	84	84	84	84	84	84	84	84	84	84	84	84	84	84	84	84	83	84	84	84	84	84	84	84	84	83	83	83	83	84	84	84	84	84	84	84	84	84	84	84	84	84	84	84	84
84	83	83	83	83	83	83	83	83	83	83	83	83	83	83	83	83	83	83	83	83	83	83	83	83	83	83	83	83	83	83	83	83	83	83	83	83	83	83	83	83	83	83	83	83	83	82	82	82	82	83	82	83	83	83	83	83	83	83	83	83	83	83	83	83	83	83	83	83	83	83	83	83	83	83	83	83	83	83	83	83	83	83	83	83	83	83	83	83	83	83	83	83	83	84	84	84	84	84	84	84	84	83	83	83	83	84	84	84	84	84	83	83	83	83	83	84	84	84	84	83	84	84	83	83	84	83	83	83	83	84	84	84	84	83	83	83	83	84	84	83	84	83	83	83	83	83	83	83	83	84	83	84	84	84	84	84	84	84	84	84	84	84	84	84	84	84	84	83	83	84	84	84	84	84	84	84	84	84	84	84	84	84	84	83	83	83	84	84	84	83	83	83	84	84	84	84	84	84	84	84	84	84	84	83	83	83	83	83	84	84	84	84	84	84	84	84	84	84	84	84	84	84	84	84	84	84	84	84	84	83	83	83	83	83	83	83	83	84	84	84	84	84	84	84	84	84	84	84	84	83	83	83	83	83	83	83	83	84	84	84	84	84	84	84	84	84	84	84	84	84	84	84	84	84	84	84	84	84	84	84	84	84	84	84	84	84	84	84	83	83	83	83	83	84	84	84	84	84	84	84	84	84	84	84	84	84	84	84	84	84	84	84	83	84	84	84	84	84	84	84	84	84	84	84	84	84	84	84	84	84	83	83	84	84	84	84	84	84	83	83	84	83	83	83	84	83	83	84	84	84	83	83	83	83	83	83	83	83	83	83	83	83	83	83	83	83	83	83	83	83	83	83	83	83	83	83	83	83	83	83	83	83	83	83	83	83	83	83	83	84	84	84	84	84	84	84	84	83	83	83	84	84	84	84	84	84	83	83	83	84	84	83	83	83	83	83	83	82	80	59	34	35	40	42	43	43	43	43	43	43	43	42	40	41	47	50	51	51	51	51	51	51	50	50	50	49	48	37	29	41	59	61	51	45	48	48	49	63	63	45	29	37	50	51	51	50	50	50	50	49	49	49	49	50	50	50	51	51	52	51	52	52	52	52	52	52	52	52	53	52	52	52	53	55	71	83	83	83	83	83	83	83	83	83	83	83	83	83	83	83	83	83	83	83	83	83	83	83	83	83	83	84	83	83	83	83	83	83	83	83	84	83	83	83	83	83	83	83	83	83	83	83	83	84	84	84	84	84	83	84	84	84	83	83	83	83	83	83	83	83	83	83	83	84	84	84	84	84	84	84	84	84	84	84	84	84	84	84	84	84	84	84	84	84	84	84	84	84	84	84	84	84	84	84	84	84	84	84	84	84	84	84	84	84	84	84	84	84	84	84	83	84	84	84	84	84	84	84	84	83	83	83	83	84	84	84	84	84	84	84	84	84	84	84	84	84	84	84	84
84	83	83	83	83	83	83	83	83	83	83	83	83	83	83	83	83	83	83	83	83	82	83	83	83	83	83	83	83	83	83	83	83	83	83	83	83	83	83	83	83	83	83	83	83	83	83	83	83	82	83	82	83	83	83	83	83	83	83	83	83	83	83	83	83	82	83	83	83	83	83	83	83	83	83	83	83	83	83	83	83	83	83	83	83	83	83	83	83	83	83	83	83	83	84	84	84	84	84	84	84	84	83	83	83	83	84	84	84	84	84	83	83	83	84	84	84	84	84	84	84	84	84	83	83	83	83	83	83	84	84	83	83	83	83	83	83	83	83	83	83	83	83	83	83	83	83	83	83	83	83	84	84	84	84	84	84	84	84	84	84	84	84	84	84	84	84	84	83	84	84	84	84	84	84	84	83	84	84	84	84	84	84	84	84	84	84	84	84	84	83	83	83	84	84	84	83	84	84	84	84	84	83	84	83	83	83	84	84	84	84	84	84	84	84	84	84	84	84	84	84	84	84	84	84	84	84	84	84	84	84	84	84	84	84	84	84	84	84	84	84	84	84	84	83	83	84	84	84	84	84	84	83	83	83	83	83	83	83	83	84	84	84	84	84	84	84	84	84	84	84	84	84	84	84	84	84	84	84	84	84	84	84	83	83	83	84	84	84	83	83	84	84	84	84	84	84	84	84	84	84	84	84	84	84	84	84	84	84	84	84	84	84	84	84	84	84	84	84	84	84	84	84	84	84	84	84	84	84	84	84	84	84	84	84	84	84	84	84	84	84	84	83	83	83	84	83	83	84	83	83	83	83	83	83	83	83	83	83	84	84	84	83	83	83	83	83	83	83	83	83	83	83	83	84	83	83	83	83	83	83	83	83	83	83	83	83	83	83	83	83	83	83	84	84	84	84	84	83	83	83	84	84	84	84	84	84	84	84	84	84	84	84	84	84	84	83	83	82	83	82	66	39	34	39	42	42	42	43	43	43	43	42	42	39	41	47	50	51	51	50	51	51	50	50	50	50	50	44	31	30	51	61	59	52	47	47	53	63	62	48	28	33	48	51	51	51	50	50	50	49	49	50	50	50	50	51	51	51	52	51	52	52	52	52	52	52	52	52	52	52	52	52	53	55	67	83	83	83	83	83	83	83	83	83	83	83	83	83	83	83	83	83	83	83	83	83	83	83	83	83	83	83	83	83	83	83	83	84	84	84	84	84	83	83	83	83	83	83	83	83	83	83	83	83	84	83	83	83	84	84	84	84	83	83	83	83	83	83	84	84	84	84	84	84	84	84	84	84	84	84	84	84	84	84	84	84	84	84	84	84	83	83	83	84	84	84	84	84	84	84	84	84	84	84	84	84	84	84	84	84	84	84	84	84	84	84	84	84	84	84	84	83	83	83	83	83	83	83	83	83	83	83	84	84	84	84	84	84	84	84	84	83	83	83	83	83	84	84	84
83	84	84	84	83	83	83	83	83	83	83	83	83	83	83	83	83	83	83	83	83	83	83	83	83	83	83	83	83	83	83	83	83	83	83	83	83	83	83	83	83	83	83	83	83	83	83	83	83	82	83	82	83	83	83	83	83	82	83	83	83	83	82	83	83	83	83	83	83	83	83	83	83	83	83	83	83	83	83	83	83	83	83	83	83	83	83	83	83	83	83	83	84	84	84	84	84	84	84	84	84	84	83	83	83	83	84	84	84	84	84	84	83	83	84	84	84	84	84	84	84	84	84	83	83	83	83	83	84	84	84	83	83	83	83	83	83	83	83	83	83	83	83	83	83	83	83	83	83	83	83	84	84	84	84	84	84	84	84	84	84	84	84	84	84	83	83	83	84	84	84	84	84	84	84	84	83	83	84	84	84	84	84	84	84	84	84	84	84	84	84	84	83	84	84	84	83	83	83	84	84	83	83	83	83	84	84	83	83	83	84	84	84	84	84	84	84	84	84	84	84	84	84	84	84	84	84	84	84	84	84	84	84	84	84	84	84	84	84	84	84	84	84	84	83	83	83	83	83	84	84	84	83	83	83	83	83	83	83	83	83	83	83	84	84	84	83	83	83	84	84	84	84	84	84	84	84	84	84	84	84	84	84	83	83	83	84	84	84	84	84	84	84	84	84	84	84	84	84	84	84	84	84	84	84	84	84	84	84	84	84	84	84	84	84	84	84	84	84	84	84	84	84	84	84	84	84	84	84	84	84	84	84	84	84	84	84	84	84	84	84	84	83	83	83	84	83	83	83	83	83	83	83	83	83	83	83	83	83	84	84	84	83	83	83	83	83	84	84	84	83	83	83	84	84	84	84	84	84	83	83	83	83	83	83	83	83	83	83	83	83	83	84	84	84	84	84	84	83	83	83	84	84	84	84	84	84	84	84	84	84	84	84	84	84	84	84	83	83	83	83	82	73	44	34	39	42	42	43	43	43	43	42	42	42	40	40	46	50	51	51	50	50	50	50	49	49	49	49	39	29	34	52	61	61	59	58	60	62	62	44	28	31	47	51	50	50	50	50	50	50	49	50	50	50	50	51	51	51	52	52	52	52	52	52	52	52	52	52	52	52	51	50	52	55	64	82	83	83	83	83	83	83	83	83	83	83	83	83	83	83	83	83	83	83	83	83	83	83	83	83	83	83	83	83	83	83	83	84	84	84	84	84	83	83	83	83	83	83	83	83	83	83	83	83	83	83	83	83	84	84	84	84	84	84	84	83	83	84	84	84	84	84	84	84	84	84	84	84	84	84	84	84	84	84	84	84	84	84	84	84	83	83	83	84	84	84	84	84	84	84	84	84	84	84	84	84	84	84	84	84	84	84	84	84	84	84	84	84	84	84	84	83	83	83	83	83	83	83	83	83	83	83	84	84	84	84	84	84	84	84	84	84	84	83	83	83	83	83	83
83	84	84	84	83	83	83	83	83	83	83	83	83	84	84	83	83	83	83	83	83	83	83	83	83	83	83	83	83	83	83	83	83	83	83	83	83	83	83	83	83	83	83	83	83	83	83	83	83	82	83	82	83	83	83	83	83	82	83	83	83	83	82	83	83	83	83	83	83	83	83	83	83	83	83	83	83	83	83	83	83	83	83	83	83	83	83	83	83	83	83	83	84	84	84	84	84	84	84	84	84	84	83	83	83	83	84	84	84	84	84	84	83	83	84	84	84	84	84	84	84	84	84	83	83	83	83	83	84	84	84	83	83	83	83	83	83	83	83	83	83	83	83	83	83	83	83	83	83	83	83	84	84	84	84	84	84	84	84	84	84	84	84	84	84	83	83	83	83	84	84	84	84	84	84	84	83	83	84	84	84	84	84	84	84	84	84	84	84	84	84	84	83	84	84	83	83	83	83	84	84	83	83	83	83	84	84	83	83	83	84	84	84	84	84	84	84	84	84	84	84	84	84	84	84	84	84	84	84	84	84	84	84	84	84	84	84	84	84	84	84	84	84	84	83	83	83	83	83	84	84	84	83	83	83	83	83	83	83	83	83	83	83	84	84	84	83	83	83	84	84	84	84	84	83	83	83	84	84	84	84	84	84	84	84	84	84	84	84	84	84	84	84	84	84	84	84	84	84	84	84	84	84	84	84	84	84	84	84	84	84	84	84	84	84	84	84	84	84	84	83	83	83	83	83	83	83	83	83	83	83	84	84	84	84	84	84	84	84	83	83	83	83	83	83	84	83	83	83	83	83	83	83	83	83	83	83	83	83	84	84	84	83	83	83	83	83	84	84	84	83	83	83	84	84	84	84	84	84	83	83	83	83	83	83	83	83	83	83	83	83	83	84	84	84	84	84	84	83	83	83	84	84	84	84	84	84	83	83	83	83	83	83	83	83	84	84	83	83	83	83	83	82	77	52	34	37	40	42	42	43	43	42	42	43	43	41	40	44	49	49	50	50	50	50	50	49	49	49	48	38	30	32	44	58	63	64	63	62	55	35	29	33	47	51	50	50	50	50	50	50	49	50	51	51	51	51	51	51	52	52	52	52	52	52	52	52	52	52	52	51	51	51	52	54	59	80	83	83	83	83	83	83	83	83	83	83	83	83	83	83	83	83	83	83	83	83	83	83	83	83	83	83	83	83	83	83	83	84	84	84	84	84	83	83	83	83	83	83	83	83	83	83	83	83	83	83	83	83	84	84	84	84	84	84	84	83	83	84	84	84	84	84	84	84	84	84	84	84	84	84	84	84	84	84	84	84	84	84	84	84	83	83	83	84	84	84	84	84	84	84	84	84	84	84	84	84	84	84	84	84	84	84	84	84	84	84	84	84	84	84	84	83	83	83	83	83	83	83	83	83	83	83	84	84	84	84	84	84	83	83	84	84	84	84	83	83	83	83	83
83	83	83	83	83	83	83	83	83	83	83	83	83	84	84	84	83	83	83	83	83	83	83	83	83	83	83	83	83	83	83	83	83	83	83	83	83	83	83	83	83	83	83	83	83	83	83	83	83	82	83	83	83	83	83	83	83	83	83	83	83	83	83	83	83	83	83	83	83	83	83	83	83	83	83	83	83	83	83	83	83	83	83	83	83	83	83	83	83	83	83	83	84	84	83	84	83	84	84	84	84	84	84	83	83	83	83	83	83	83	83	83	83	83	84	84	84	83	83	84	83	83	83	83	83	83	83	83	83	83	83	83	83	83	83	83	83	83	84	83	83	83	83	83	83	83	83	84	84	84	84	84	84	84	84	84	84	84	84	84	84	84	83	83	83	83	83	83	83	83	84	84	84	84	84	84	84	84	84	84	83	83	84	84	84	84	84	84	84	84	84	83	83	84	84	84	83	83	84	84	84	84	84	84	84	84	84	83	83	83	84	84	84	84	84	84	83	84	83	83	84	84	83	84	84	84	84	84	84	84	84	84	84	84	84	84	84	84	84	84	84	84	84	84	84	84	84	84	84	84	84	84	84	84	83	83	83	83	84	84	84	84	84	84	84	84	83	83	83	84	84	84	84	84	83	83	84	83	83	83	84	84	84	84	84	84	84	84	84	84	84	84	84	84	84	84	84	84	84	84	84	84	84	84	84	84	84	84	84	84	84	83	84	84	84	84	84	84	84	84	83	83	83	84	84	84	84	84	84	84	83	83	83	83	83	84	83	83	83	83	83	83	84	84	84	84	84	83	83	83	83	83	83	83	84	84	83	83	83	84	84	84	84	84	83	83	83	83	84	84	83	83	83	84	84	84	84	84	84	83	83	83	84	84	84	83	83	83	83	83	83	83	84	84	84	84	84	84	83	83	83	84	84	84	84	84	84	83	83	83	83	83	83	83	84	84	84	84	83	83	83	83	83	83	81	61	36	35	39	41	42	42	42	42	42	42	42	41	40	43	47	49	50	50	50	50	50	49	49	50	49	40	30	29	32	42	48	48	44	34	28	29	39	49	50	50	50	50	50	51	50	49	50	51	50	50	51	51	51	52	52	52	52	52	52	52	52	52	52	52	52	51	50	52	53	57	77	83	84	84	84	84	84	84	83	83	83	83	83	83	83	83	83	83	83	83	83	83	83	83	83	83	83	83	83	83	83	83	83	83	83	83	83	83	83	83	83	83	83	83	83	83	83	83	83	83	83	83	83	84	84	84	84	84	83	84	83	83	83	84	84	84	84	84	84	84	84	84	84	84	84	84	84	84	84	84	84	84	84	84	84	84	83	84	84	84	84	84	84	84	84	84	84	84	84	83	84	84	84	84	84	84	84	84	84	84	84	84	84	84	84	83	83	83	83	84	84	84	84	84	84	84	84	83	83	83	84	84	84	84	84	84	84	84	84	84	84	84	84	84
83	83	83	83	83	83	83	83	83	83	83	83	83	84	84	84	84	83	83	83	83	83	83	83	83	83	83	83	83	83	83	83	83	83	83	83	83	83	83	83	83	83	83	83	83	83	83	83	83	82	83	83	83	83	83	83	83	83	83	83	83	83	83	83	83	83	83	83	83	83	83	83	83	83	83	83	83	83	83	83	83	83	83	83	83	83	83	83	83	83	83	83	84	84	83	83	83	84	84	84	84	84	84	84	83	83	83	83	84	83	83	84	84	84	84	84	84	84	84	84	83	83	83	83	83	83	84	84	83	83	83	83	83	84	83	83	83	84	84	83	83	83	83	83	83	83	83	84	84	84	84	84	84	84	84	84	84	83	83	83	83	84	83	83	83	83	83	83	83	83	83	84	84	84	83	83	84	84	84	83	83	83	84	84	84	84	84	84	84	84	84	83	83	84	84	84	84	84	84	84	84	84	84	84	84	84	84	84	84	84	84	84	84	84	84	84	83	84	83	83	84	84	83	84	84	84	84	84	84	84	84	84	84	84	84	84	84	84	84	84	84	83	83	83	83	83	84	84	84	84	84	84	84	84	84	83	83	83	84	84	84	84	84	84	84	84	84	84	84	84	84	84	84	84	84	84	84	83	83	83	83	84	84	84	84	84	84	84	84	84	84	84	84	84	84	84	84	84	84	84	84	84	84	84	84	84	84	84	84	84	84	83	83	84	84	84	84	84	84	84	83	83	84	84	84	84	84	84	84	84	84	83	83	83	83	84	83	83	83	83	84	84	84	84	84	84	84	84	83	83	83	83	83	83	84	84	83	83	83	84	84	84	84	84	84	84	84	84	84	84	84	84	84	84	84	84	84	84	84	83	83	84	84	84	84	83	83	83	83	83	83	83	84	84	84	84	84	84	83	83	83	84	84	84	83	83	83	84	84	84	84	84	84	84	84	84	84	84	83	83	83	83	83	83	83	82	69	41	34	39	41	41	42	42	42	42	42	42	41	40	42	47	50	50	49	49	49	49	49	50	50	49	43	34	29	27	28	28	28	28	29	37	48	50	50	50	50	50	50	51	51	49	49	51	50	50	51	51	51	52	51	52	52	52	52	52	52	52	52	52	52	51	51	52	53	56	74	83	84	84	84	84	84	84	83	83	83	83	83	83	83	83	83	83	83	83	83	83	83	83	83	83	83	83	83	83	83	83	83	83	83	83	83	83	83	83	83	83	83	83	83	83	83	83	83	83	83	84	84	84	84	84	84	84	83	83	84	83	83	84	84	84	84	84	84	84	84	84	84	84	84	84	84	84	84	84	84	84	84	84	84	84	84	84	84	84	84	84	84	84	84	84	84	84	84	83	83	84	84	84	84	84	84	84	84	84	84	84	84	84	84	83	83	83	83	84	84	84	84	84	84	84	84	83	83	83	84	84	84	84	84	84	84	84	84	84	84	84	84	84
84	83	83	83	83	83	83	83	83	83	83	83	83	84	84	84	83	83	83	83	83	83	83	83	83	83	83	83	83	83	83	83	83	83	83	83	83	83	83	83	83	83	83	83	83	83	83	83	83	83	83	83	83	83	82	83	83	83	83	83	83	83	83	83	83	83	83	83	83	83	83	83	83	83	83	83	83	83	83	83	83	83	83	83	83	83	84	83	83	83	83	83	84	84	83	83	83	84	84	84	84	84	84	84	84	84	84	84	84	84	84	84	84	84	84	84	84	84	84	84	83	84	84	83	83	84	84	84	83	83	84	83	83	84	83	83	83	84	84	83	83	83	83	83	83	83	83	84	84	84	84	84	84	84	84	84	84	83	83	83	83	84	83	83	83	83	83	83	83	83	83	84	84	84	83	83	84	84	84	83	83	83	84	84	84	84	84	84	84	84	84	83	83	84	84	84	84	84	84	84	84	84	84	84	84	84	84	83	83	83	84	84	84	83	83	83	83	84	83	83	84	84	83	84	84	84	84	84	84	84	84	84	84	84	84	84	84	84	84	84	84	83	83	83	83	83	84	84	84	84	84	84	84	84	84	83	83	83	84	84	84	84	84	84	84	84	84	84	84	84	84	84	84	84	84	84	84	83	83	83	84	84	84	84	84	84	84	84	84	84	84	84	84	84	84	84	84	84	84	84	84	84	84	84	84	84	84	84	84	84	84	83	83	84	84	84	84	84	84	84	83	83	84	84	84	84	84	84	84	84	84	83	83	83	83	84	83	83	83	83	84	84	84	84	84	84	84	84	83	83	83	83	83	83	84	84	83	83	83	84	84	84	84	84	84	84	84	84	84	84	84	84	84	84	84	84	84	84	84	83	83	84	84	84	84	83	83	83	83	83	83	83	84	84	84	84	84	84	83	83	83	84	84	84	83	83	83	84	84	84	84	84	84	84	84	83	83	83	83	83	83	84	83	83	83	83	83	77	48	34	38	39	41	42	42	42	42	42	43	42	41	42	47	49	49	49	49	49	49	50	50	51	50	49	44	37	33	31	33	35	41	49	50	50	50	50	50	50	50	51	51	49	48	50	50	50	51	51	51	51	51	52	52	52	52	52	52	52	52	52	52	51	51	52	54	55	69	83	83	84	84	84	84	84	83	83	83	83	83	83	83	83	83	83	83	83	83	83	83	83	83	83	83	83	83	83	83	83	83	83	83	83	83	83	83	83	83	83	83	83	83	83	83	83	83	83	83	83	84	84	84	84	84	84	83	83	84	83	83	83	83	83	84	84	84	84	84	84	84	84	84	84	84	84	84	84	84	84	84	84	84	84	84	84	84	84	84	84	84	84	84	84	84	84	84	83	83	84	84	84	84	84	84	84	84	84	84	84	84	84	84	83	83	83	83	84	84	84	84	84	84	84	84	83	83	83	84	84	84	84	84	84	84	84	84	84	84	84	84	84
84	83	84	84	84	83	83	83	83	83	83	83	83	83	83	83	83	83	83	84	84	83	83	83	83	83	83	83	83	83	83	83	83	83	83	83	84	83	83	83	83	83	83	83	83	83	83	83	83	83	83	83	83	82	82	83	83	83	83	83	83	83	83	83	83	83	83	83	83	83	83	83	83	83	83	83	83	83	83	83	83	83	83	83	83	83	84	84	83	83	83	83	84	83	83	83	83	83	83	83	83	83	83	83	83	83	83	83	84	84	84	84	84	84	84	83	83	83	83	83	83	83	83	83	83	83	83	83	83	83	83	83	84	84	83	84	84	83	83	83	83	83	83	83	83	83	83	83	84	84	84	83	84	84	84	84	84	84	84	84	83	83	83	84	84	84	84	84	83	83	84	84	84	84	84	84	84	83	83	84	84	83	83	83	83	83	84	84	84	84	84	84	84	84	84	84	84	84	84	84	84	84	84	84	84	84	84	84	84	84	84	84	84	84	84	84	83	83	83	84	84	83	83	84	84	84	84	84	84	84	84	84	84	84	84	84	84	84	84	84	84	84	84	84	84	84	84	84	84	84	84	84	84	84	84	84	84	84	84	84	84	84	84	84	84	84	84	84	84	84	84	84	84	84	84	84	84	84	84	84	84	84	84	84	84	84	84	84	84	84	84	84	84	84	84	84	84	84	84	84	84	84	84	84	84	84	84	84	84	84	84	83	83	83	84	84	84	84	83	83	84	84	84	84	84	84	84	84	84	84	84	84	84	84	84	84	83	83	84	84	84	84	84	84	84	84	84	84	84	84	84	84	84	84	84	84	84	84	84	84	84	84	84	84	84	84	84	84	84	84	84	84	84	84	84	84	84	84	84	84	84	84	83	83	83	83	83	83	83	83	83	83	84	84	84	84	83	83	84	84	84	84	83	83	83	83	83	84	83	83	83	84	83	83	84	83	83	84	84	83	83	83	83	83	83	83	83	83	80	57	35	37	40	40	41	42	42	42	42	43	42	41	41	46	49	49	49	49	49	49	49	49	50	50	50	50	49	49	50	51	51	51	50	50	50	50	50	50	50	50	50	50	49	50	50	50	51	51	51	52	52	52	52	52	52	52	52	52	52	52	52	51	51	51	53	54	65	82	84	84	83	83	83	83	84	83	83	83	83	83	83	83	83	83	83	83	83	83	83	83	83	83	84	83	83	83	83	84	83	83	83	83	83	84	84	84	83	83	83	84	83	83	83	83	83	83	83	83	83	83	84	84	84	83	83	83	84	84	83	83	83	83	84	84	84	84	84	84	84	84	84	84	84	84	84	84	84	84	84	84	84	84	84	84	84	84	84	84	84	84	84	84	84	84	84	84	84	84	84	84	84	84	84	84	84	84	84	84	84	84	84	83	84	84	84	84	84	83	84	84	84	84	84	84	84	84	84	84	84	84	83	83	84	84	84	83	83	83	83	83
84	83	83	83	83	83	83	83	83	83	83	83	83	83	83	83	83	83	83	84	84	83	83	83	83	83	83	83	83	83	83	83	83	83	83	83	84	83	83	83	83	83	83	83	83	83	83	83	83	83	83	83	83	82	82	83	83	83	83	83	83	83	83	83	83	83	83	83	83	83	83	83	83	83	83	83	83	83	83	83	83	83	83	83	83	83	84	84	83	83	83	83	83	83	83	83	83	83	83	83	84	84	84	84	84	84	84	84	84	83	83	83	83	84	83	83	83	83	83	83	83	84	84	83	83	83	83	84	84	84	84	84	84	84	83	84	84	83	83	83	83	83	83	83	83	83	83	83	84	84	84	83	84	84	84	84	84	84	84	84	83	83	83	84	84	84	84	84	84	84	84	84	84	84	84	84	83	83	83	84	84	84	83	83	83	83	84	84	84	84	84	84	84	84	84	84	84	84	84	84	84	84	84	84	84	84	84	84	84	84	84	84	84	84	84	84	83	83	83	84	84	83	83	83	84	84	84	84	84	84	84	84	84	84	83	83	83	83	83	83	84	84	84	84	84	84	84	84	84	84	84	84	84	84	84	84	84	84	84	84	84	84	84	84	84	84	84	84	84	84	84	84	84	84	84	84	84	84	84	84	84	84	84	84	84	84	84	84	84	84	84	84	84	84	84	84	84	84	84	84	84	84	84	84	84	84	84	84	84	84	84	83	83	83	84	84	84	84	83	83	84	84	84	84	84	84	84	84	84	84	84	84	84	84	84	84	84	83	84	84	84	84	84	84	84	84	84	84	84	84	84	84	84	84	84	84	84	84	84	84	84	84	84	84	84	84	84	84	84	84	84	84	84	84	84	84	84	84	84	84	84	84	83	83	83	83	83	83	83	83	83	83	84	84	84	84	83	83	84	84	84	83	83	83	83	83	83	83	83	83	83	83	83	83	83	83	83	84	83	83	83	84	84	84	83	83	83	82	83	81	64	38	35	38	39	41	42	42	42	43	43	43	41	40	46	49	49	49	48	48	50	49	49	49	50	50	50	50	50	50	50	50	50	50	50	50	50	50	49	49	50	50	49	49	50	50	51	51	51	52	52	52	52	52	52	52	52	52	52	52	51	51	51	51	53	54	61	81	83	84	83	83	83	83	84	83	83	83	83	83	83	83	83	83	83	83	83	83	83	83	83	83	84	83	83	83	83	84	83	83	83	83	83	84	84	84	83	83	83	84	83	83	83	83	83	83	83	83	83	83	84	84	84	83	83	83	84	84	84	83	83	84	84	84	84	84	84	84	84	84	84	84	84	84	84	84	84	84	84	84	84	84	84	84	84	84	84	84	84	84	84	84	84	84	84	84	84	84	84	84	84	84	84	84	84	84	84	84	84	84	84	83	84	84	84	84	84	83	84	84	84	84	84	84	84	84	84	84	84	84	83	83	84	84	84	83	83	83	83	83
84	83	83	83	83	83	83	83	83	83	83	83	83	83	83	83	83	83	83	84	84	83	83	83	83	83	83	83	83	83	83	83	83	83	83	83	83	83	83	83	83	83	83	83	83	83	83	83	83	83	83	83	83	83	83	83	83	83	83	83	83	83	83	83	83	83	83	83	83	83	83	83	83	83	83	83	83	83	83	83	83	83	83	83	83	83	84	84	83	83	83	83	84	83	83	83	83	83	83	83	84	84	84	84	84	84	84	84	84	83	83	83	83	83	83	83	83	83	83	83	84	84	84	83	83	83	83	84	84	84	84	83	84	84	83	83	83	83	83	83	83	83	83	83	84	83	83	83	84	84	84	83	84	84	84	84	84	84	84	84	83	83	83	84	84	84	84	84	84	84	84	84	84	84	84	84	84	83	84	84	84	84	83	83	83	83	84	84	84	84	84	84	84	84	84	84	84	84	84	84	84	84	84	84	84	84	84	84	84	84	84	84	84	84	84	83	83	83	83	84	84	83	83	83	84	84	84	84	84	84	83	83	83	83	83	83	83	83	83	83	83	84	84	84	84	84	84	84	84	84	84	84	84	84	84	83	84	84	84	84	84	84	84	84	84	84	84	84	84	84	84	84	84	84	84	84	84	84	84	84	84	84	84	84	84	84	84	84	84	84	84	84	84	84	84	84	84	84	84	84	84	84	84	84	84	84	84	84	84	84	84	83	83	83	84	84	84	84	83	84	84	84	84	84	84	84	84	84	84	84	84	84	84	84	84	84	84	83	84	84	84	84	84	84	84	84	84	84	84	84	84	84	84	84	84	84	84	84	84	84	84	84	84	84	84	84	84	84	84	84	84	84	84	84	84	84	84	84	84	84	84	84	83	83	83	83	83	83	83	83	83	83	83	84	84	84	83	83	84	84	84	83	83	83	83	83	83	83	83	83	84	83	83	83	83	83	83	83	83	84	84	84	84	84	83	83	83	83	83	83	82	71	44	34	39	39	41	42	42	43	43	42	43	42	41	45	48	49	48	48	49	49	49	49	49	49	50	50	50	50	50	50	50	50	50	50	50	50	50	50	50	50	49	49	51	50	51	51	51	52	52	52	52	52	52	52	52	52	52	52	52	52	51	50	52	54	58	79	82	83	83	83	83	83	84	83	83	83	83	83	83	83	83	83	83	83	83	83	83	83	83	83	84	83	83	83	83	84	83	83	83	83	83	84	84	84	83	83	83	84	83	83	83	83	83	83	83	83	83	83	84	84	84	83	83	83	83	84	83	83	83	84	84	84	84	84	84	84	84	84	84	84	84	84	84	84	84	84	84	84	84	84	84	84	84	84	84	84	84	84	84	84	84	84	84	84	84	84	84	84	84	84	84	84	84	84	84	84	84	84	84	83	84	84	84	84	84	83	84	84	84	84	84	84	84	84	84	84	84	84	83	83	84	84	84	84	83	83	83	83
84	83	83	83	83	83	83	83	83	83	83	83	83	83	83	83	83	83	83	83	83	84	84	83	84	84	84	84	84	84	83	84	83	83	83	83	83	83	83	83	83	83	83	83	83	83	83	83	83	83	83	83	83	83	83	83	83	82	83	83	83	83	83	83	83	83	83	83	83	83	83	83	83	83	83	83	83	83	83	83	83	83	83	83	83	83	84	84	83	84	83	83	84	84	83	83	83	84	84	84	84	84	84	83	83	83	83	83	83	83	83	83	83	83	83	83	83	83	83	83	83	83	83	83	83	83	83	83	83	84	84	83	83	83	83	83	83	83	83	83	83	83	83	84	84	84	84	84	84	84	84	84	84	84	84	84	84	83	83	84	84	84	84	84	84	84	84	83	84	84	84	84	84	84	84	84	84	84	84	84	84	84	84	84	84	84	84	84	84	84	84	84	84	84	84	84	84	84	84	84	84	84	84	84	84	84	83	83	83	83	83	83	83	83	83	83	83	83	83	84	84	84	84	84	84	83	83	84	84	84	84	84	84	84	84	83	83	83	83	83	84	84	83	83	83	84	84	84	84	84	84	84	84	84	84	84	84	84	84	84	84	84	84	84	84	84	84	84	84	84	84	84	84	84	84	84	84	84	84	84	84	84	84	84	84	84	84	84	84	84	84	84	84	84	84	84	84	84	84	84	84	84	84	84	84	84	84	84	84	84	84	83	83	83	84	84	84	84	84	84	84	84	83	83	83	84	84	84	84	84	84	83	83	83	83	84	84	84	84	84	84	84	84	84	84	84	84	84	83	84	84	84	84	84	84	84	84	84	84	84	84	84	84	84	84	84	84	84	84	84	84	84	84	84	84	84	84	84	84	84	84	84	83	83	84	84	84	84	84	84	83	83	83	83	83	83	83	83	84	84	84	83	83	83	83	83	83	83	83	84	83	83	83	84	84	84	84	84	84	84	84	84	84	84	83	84	84	83	83	83	83	83	77	50	35	39	40	41	42	42	42	42	43	43	43	42	44	47	48	48	48	49	49	50	49	49	50	50	50	51	50	50	50	50	50	50	50	50	49	49	50	50	50	48	50	50	50	51	51	51	52	52	52	52	52	52	52	52	52	52	52	52	51	51	52	54	56	75	83	83	83	84	83	83	83	83	83	83	83	83	83	83	83	83	83	83	83	83	83	83	83	83	84	83	83	83	83	83	83	83	83	84	84	83	83	83	83	83	83	83	83	83	83	83	83	83	83	83	83	83	83	84	84	83	83	83	83	83	83	83	83	84	84	84	84	84	84	84	84	84	84	84	84	84	84	84	84	84	84	84	84	84	84	84	84	84	84	84	84	84	84	84	84	84	84	84	84	84	84	84	84	84	84	84	84	84	84	84	84	84	84	84	84	84	84	84	84	84	84	84	84	84	84	84	84	83	84	84	84	84	83	83	84	84	84	84	84	84	84	84
84	83	83	83	83	83	83	83	83	83	83	83	83	83	83	83	83	83	83	83	83	84	84	83	84	84	84	84	84	84	83	84	83	83	83	83	83	83	83	83	83	83	83	83	83	83	83	83	83	83	83	83	82	83	83	83	83	82	83	83	83	83	83	83	83	83	83	83	83	83	83	83	83	83	83	83	83	83	83	83	83	83	83	83	83	83	84	84	83	84	83	83	83	83	83	83	83	84	84	84	84	84	84	83	83	83	83	83	83	84	84	84	83	83	84	84	84	83	83	83	83	83	83	83	83	83	83	83	83	83	83	83	83	83	83	83	83	83	83	83	83	83	83	84	84	84	84	84	84	84	84	84	84	84	84	84	84	83	83	84	84	84	84	84	84	84	84	83	84	84	84	84	84	84	84	84	84	84	84	84	84	84	84	84	84	84	84	84	84	84	84	84	84	84	84	84	84	84	84	84	84	84	84	84	84	84	83	83	83	83	83	83	83	83	83	83	83	83	83	83	83	84	84	84	84	84	84	83	83	84	84	84	84	84	84	83	83	83	84	84	84	83	83	83	83	84	84	84	84	84	84	84	83	83	83	84	84	84	83	83	84	84	84	84	84	84	84	84	84	84	84	84	84	84	84	84	84	84	84	84	84	84	84	84	84	84	84	84	84	84	84	84	84	84	84	84	84	84	84	84	84	84	84	83	83	84	84	84	84	84	84	83	83	83	84	84	84	84	84	84	83	83	83	83	83	83	84	84	84	84	84	83	83	83	83	83	84	84	84	83	83	84	84	84	84	84	84	84	83	84	84	84	84	84	84	84	84	84	84	84	84	84	84	84	84	84	84	84	84	84	84	84	84	84	84	84	84	84	83	83	83	83	83	83	84	84	84	84	84	84	83	83	83	83	83	83	83	83	84	84	84	84	84	84	83	83	83	83	83	84	83	83	84	84	84	84	84	84	84	84	84	84	84	84	84	84	83	83	83	83	83	83	82	80	57	35	38	40	41	42	43	43	43	43	44	43	42	43	48	49	48	49	48	49	49	49	49	50	50	51	50	50	50	50	50	50	50	50	50	49	50	50	50	48	50	50	50	51	51	51	51	52	51	52	52	52	52	52	52	52	52	52	52	51	52	54	55	71	83	83	83	84	83	83	83	83	83	83	83	83	83	83	83	83	83	83	83	83	83	83	83	83	84	83	83	83	83	83	83	83	83	84	84	83	83	83	83	83	83	83	83	83	83	83	83	83	83	83	83	83	83	84	84	84	84	84	83	83	83	83	83	84	84	84	84	84	84	84	84	84	84	84	84	84	84	84	84	84	84	84	84	84	84	84	84	84	84	84	84	84	84	84	84	84	84	84	84	84	84	84	84	84	84	84	84	84	84	84	84	84	84	84	84	84	84	84	84	84	84	84	84	84	84	84	84	83	84	84	84	84	83	83	84	84	84	84	84	84	84	84
84	83	83	83	83	83	83	84	84	84	83	83	83	83	83	83	83	83	83	83	83	83	84	83	84	84	84	84	84	84	84	84	83	83	83	83	83	83	84	83	83	83	83	83	83	83	83	83	83	83	83	83	82	83	83	83	83	82	83	83	83	83	83	83	83	83	83	83	83	83	83	83	83	83	83	83	83	83	83	83	83	83	83	83	83	83	84	84	83	83	83	83	83	83	83	83	84	84	84	83	83	84	84	83	83	83	83	83	83	84	84	84	83	83	84	84	84	83	83	83	83	83	83	83	83	83	83	83	83	83	83	83	83	83	83	83	83	83	83	83	83	83	83	84	84	84	84	84	84	84	84	84	84	84	84	84	84	84	84	84	84	84	84	84	84	84	84	84	84	84	84	84	84	84	84	84	84	84	84	84	84	84	84	84	84	84	84	84	84	84	84	84	84	84	84	84	84	84	84	84	84	84	84	84	84	84	83	83	83	83	83	83	83	83	83	83	83	83	83	83	83	84	84	84	84	84	84	83	83	84	84	84	84	84	84	84	83	83	84	84	84	83	83	83	84	84	84	84	84	84	84	84	83	83	83	84	83	83	83	83	84	84	84	84	84	84	84	84	84	84	84	84	84	84	84	84	84	84	84	84	84	84	84	84	84	84	84	84	84	84	84	84	84	84	84	84	84	84	84	84	84	84	84	83	83	84	84	84	84	84	84	83	83	83	84	84	84	84	84	84	83	83	83	83	83	83	83	83	83	83	83	83	83	83	83	83	83	83	83	83	83	83	84	84	84	84	84	84	83	83	84	84	84	84	84	84	84	84	84	84	84	84	84	84	84	84	84	84	84	84	84	83	84	84	84	84	84	84	83	83	83	83	83	83	84	84	83	84	84	84	83	83	83	83	83	83	83	83	84	84	84	84	84	84	83	83	83	83	83	83	81	78	74	71	71	73	72	72	69	69	68	69	70	71	73	75	77	80	83	83	83	83	82	83	81	64	39	37	40	41	43	43	43	43	43	44	43	41	43	47	49	49	49	49	49	49	49	49	49	50	50	50	50	50	50	50	50	50	50	50	50	50	50	49	50	50	50	51	51	51	52	52	52	52	52	52	52	52	52	52	52	52	52	52	52	53	54	66	83	83	83	84	83	83	83	83	83	83	83	83	83	83	83	83	83	83	83	83	83	83	83	83	84	83	83	83	83	83	83	83	83	84	84	83	83	83	83	83	83	83	83	83	83	83	83	83	83	83	83	83	83	84	84	84	84	84	83	83	83	83	83	84	84	84	84	84	84	84	84	84	84	84	84	84	84	84	84	84	84	84	84	84	84	84	84	84	84	84	84	84	84	84	84	84	84	84	84	84	84	84	84	84	84	84	84	84	84	84	84	84	84	84	84	84	84	84	84	84	84	84	84	83	83	84	84	83	84	84	84	84	83	83	84	84	84	84	84	84	84	84
84	83	84	84	84	84	84	84	84	84	84	83	83	83	83	83	83	83	83	83	83	83	83	83	84	84	84	84	84	84	84	84	84	84	84	83	84	84	83	83	83	83	83	83	83	83	83	83	83	83	83	83	82	83	83	83	83	82	83	83	83	83	83	83	83	83	83	83	83	83	83	83	83	83	83	83	83	83	83	83	83	83	83	83	83	83	84	84	83	83	83	83	84	84	84	84	84	84	84	83	83	83	83	83	83	83	83	83	83	84	84	83	83	83	83	83	83	83	83	83	83	83	84	83	83	83	83	83	83	83	83	84	83	83	83	83	83	83	83	83	83	84	83	84	84	84	84	84	84	84	84	83	83	83	83	84	84	84	84	84	84	84	84	84	84	84	84	84	84	84	84	84	84	84	84	84	83	83	83	84	84	84	83	83	83	83	83	84	83	83	84	84	84	83	83	83	84	84	84	84	84	84	84	84	84	84	84	84	84	84	84	84	83	83	83	83	83	83	83	84	84	83	83	83	84	84	84	83	83	84	84	84	84	84	84	84	84	84	83	83	83	83	83	83	83	83	83	84	84	83	83	83	84	84	83	83	83	83	84	84	84	84	84	84	84	84	84	83	84	84	84	84	84	84	84	84	84	84	84	84	84	84	84	84	84	84	84	84	84	84	84	84	84	84	84	84	84	84	84	84	84	84	84	84	84	84	84	84	84	84	83	83	83	83	83	83	83	83	83	83	83	83	83	84	84	83	83	83	83	83	83	83	83	83	84	84	84	83	83	84	84	83	84	84	84	84	84	84	84	84	84	83	84	84	84	84	84	83	84	84	84	84	84	84	84	84	84	84	84	84	83	83	83	84	84	84	84	84	84	84	84	84	84	84	84	84	84	84	84	84	84	84	84	84	84	84	83	83	83	83	83	83	83	83	83	82	77	67	58	48	41	35	33	32	42	52	52	51	49	50	48	47	47	47	51	55	54	52	53	60	69	73	78	82	83	82	71	42	36	39	41	42	43	43	43	43	43	41	40	44	47	48	49	49	49	49	49	49	49	50	50	50	50	50	50	51	50	50	50	50	49	49	49	48	49	50	50	51	51	51	51	52	52	52	51	52	52	52	52	52	53	52	52	52	52	52	54	62	81	83	83	83	83	83	83	83	83	83	83	83	83	83	83	83	83	83	83	83	83	83	83	83	84	83	83	83	83	83	83	83	83	83	83	83	83	84	83	83	83	83	83	83	83	83	83	84	83	83	83	83	83	83	83	84	84	84	84	83	83	83	83	84	83	83	83	83	83	83	83	83	84	84	84	84	84	84	84	84	84	84	83	84	84	84	84	84	84	84	84	84	84	84	84	84	84	84	84	84	84	84	84	84	84	84	84	84	84	84	84	84	84	84	84	84	84	84	84	84	84	84	84	83	83	83	83	83	84	84	83	84	84	84	84	84	84	84	84	84	84	84
84	83	84	84	84	84	84	84	84	84	84	83	83	83	83	83	83	83	83	83	83	83	83	83	84	84	84	84	84	84	84	84	84	84	84	83	84	84	83	83	83	83	83	83	83	83	83	83	83	83	83	83	82	83	83	83	83	82	83	83	83	83	83	83	83	83	83	83	83	83	83	83	83	83	83	83	83	83	83	83	83	83	83	83	83	83	84	84	83	83	83	83	84	84	84	84	84	84	84	83	83	83	83	83	83	83	83	83	83	84	84	83	83	83	83	83	83	83	83	83	83	83	84	83	83	83	83	83	83	83	83	84	83	83	83	83	83	83	83	83	83	84	83	84	84	84	84	84	84	84	84	83	83	83	83	84	84	84	84	84	84	84	84	84	84	84	84	84	84	84	84	84	84	84	84	84	83	83	83	84	84	84	83	83	83	83	83	84	83	83	83	83	83	83	83	83	84	84	84	84	84	84	84	84	84	84	84	84	84	84	84	84	83	83	83	83	83	83	83	84	84	83	83	83	84	84	84	83	83	84	84	84	84	84	84	84	84	84	83	83	83	83	83	83	83	83	83	84	84	84	84	84	84	84	83	83	83	83	84	84	84	84	84	84	84	84	84	83	84	84	84	84	84	84	84	84	84	84	84	84	84	84	84	84	84	84	84	84	84	84	84	84	84	84	84	84	84	84	84	84	84	84	84	84	84	84	84	84	83	83	83	83	83	83	83	83	83	83	83	83	83	83	83	84	84	83	83	83	83	83	83	83	83	83	84	84	84	84	84	84	84	83	84	84	84	84	84	84	84	84	84	83	84	84	84	84	84	83	84	84	84	84	84	84	84	84	84	84	84	84	83	83	83	84	84	84	84	84	84	84	84	84	84	84	84	84	84	84	84	84	84	84	84	84	84	84	83	83	83	83	83	83	83	81	68	49	35	29	26	26	26	26	27	28	36	47	49	48	48	48	48	48	45	43	48	46	50	57	52	48	49	48	51	54	60	67	73	71	48	36	38	40	40	41	39	31	31	34	38	43	46	47	47	49	49	49	50	49	49	50	50	50	50	50	50	51	51	50	49	49	49	48	45	46	47	49	50	50	50	51	51	51	51	51	51	51	51	51	52	52	52	53	52	52	52	53	54	60	80	83	83	83	83	83	83	83	83	83	83	83	83	83	83	83	83	83	83	83	83	83	83	83	84	83	83	83	83	83	83	83	83	83	83	83	83	84	83	83	83	83	83	83	83	83	83	84	83	83	83	83	83	83	83	84	84	84	84	83	83	83	83	84	83	83	83	83	83	83	83	83	84	84	84	84	84	84	84	84	84	84	84	84	84	84	84	84	84	84	84	84	84	84	84	84	84	84	84	84	84	84	84	84	84	84	84	84	84	84	84	84	84	84	84	84	84	84	84	84	84	84	84	83	83	83	83	83	84	84	83	84	84	84	84	84	84	84	84	84	84	84
84	83	84	84	84	83	83	84	84	84	84	84	84	83	83	83	84	84	84	83	83	83	83	83	84	84	84	84	84	84	84	84	84	84	84	83	84	84	84	83	83	83	83	83	83	83	83	83	83	83	83	83	83	83	83	83	83	83	83	83	83	83	83	83	83	83	83	83	83	83	83	83	83	83	83	83	83	83	83	83	83	83	83	83	84	83	84	84	84	84	84	84	84	84	84	84	84	84	84	83	83	83	83	83	84	84	83	83	83	83	83	83	83	83	83	83	83	83	83	83	83	83	83	83	83	83	83	83	83	83	83	83	83	83	83	83	83	83	83	83	83	83	83	84	84	84	84	84	84	84	84	84	84	84	83	83	84	84	84	84	84	84	84	84	84	84	84	84	84	84	84	84	84	84	84	84	84	84	84	84	84	84	83	83	84	84	84	84	84	84	84	84	84	83	83	83	83	83	84	84	84	84	84	84	84	84	84	84	84	84	84	84	84	83	83	83	83	83	83	84	84	83	83	83	84	84	84	84	84	84	84	84	84	84	84	84	84	84	83	83	83	84	84	84	84	84	84	84	84	84	84	84	84	84	84	84	83	83	83	83	83	83	83	84	84	84	84	84	84	84	84	84	84	84	84	84	84	84	84	84	84	84	84	84	84	84	84	84	84	84	84	84	84	84	84	84	84	84	83	83	83	83	83	83	83	83	83	83	83	83	83	83	83	83	83	83	83	83	83	83	83	83	83	83	83	83	83	83	83	83	83	83	83	83	84	84	84	84	84	84	84	83	83	83	83	83	84	84	84	84	84	84	84	84	84	84	84	84	84	83	83	83	84	84	84	83	83	84	84	84	83	83	83	84	84	84	84	84	84	84	84	84	84	84	84	84	84	84	84	84	84	84	84	84	84	83	83	83	83	83	83	83	81	54	31	27	27	27	26	26	25	26	26	27	33	46	46	47	48	48	48	46	45	39	42	43	34	47	41	45	52	49	49	49	49	49	50	52	54	46	43	39	48	64	69	44	29	33	37	40	43	45	46	48	49	49	50	50	50	50	50	50	49	49	49	50	50	50	50	48	48	48	47	46	46	49	49	50	50	51	51	51	51	51	51	52	51	51	52	52	52	53	53	52	52	52	54	58	78	83	83	83	83	83	83	83	83	83	83	83	83	83	83	83	83	83	83	83	83	83	83	83	83	83	83	83	83	83	83	83	83	83	83	83	83	83	83	83	83	83	83	83	83	83	83	83	83	83	83	83	83	83	83	83	83	83	83	83	83	83	83	84	84	83	83	84	84	83	83	83	84	84	84	84	84	84	84	84	84	84	84	84	84	84	84	84	84	84	84	84	84	84	84	84	84	84	84	84	84	84	84	84	84	84	84	84	84	84	84	84	84	84	84	84	84	84	84	84	84	84	84	83	83	84	83	83	83	83	83	83	83	84	84	84	84	84	84	84	84	84
84	83	83	83	83	83	83	83	84	84	84	84	84	83	83	83	84	84	84	83	83	83	83	83	84	84	84	84	84	84	84	84	84	84	84	83	84	84	84	83	83	83	83	83	83	83	83	83	83	83	83	82	83	83	83	83	83	83	83	83	83	83	83	83	83	83	83	83	83	83	83	83	83	83	83	83	83	83	83	83	83	83	83	84	84	84	84	84	84	84	84	84	84	84	84	84	84	84	84	84	83	83	83	83	84	84	83	83	83	83	83	83	83	83	83	83	83	83	83	83	83	83	83	83	83	83	83	83	83	83	83	83	83	83	83	83	83	83	83	84	83	83	83	84	84	84	84	84	84	84	84	84	84	84	83	83	84	84	84	84	84	84	84	84	84	84	84	84	84	84	84	84	84	84	84	84	84	84	84	84	83	84	84	83	84	84	84	84	84	84	84	84	84	83	83	83	83	83	83	84	84	84	84	84	84	84	84	84	84	84	84	83	84	84	83	83	84	84	83	83	84	83	83	83	84	84	84	84	84	84	84	84	84	84	84	84	84	84	83	83	83	84	84	84	84	84	84	84	84	83	83	83	84	84	84	84	84	84	83	83	83	83	83	84	84	84	84	84	84	84	84	84	84	84	84	84	84	84	84	84	84	84	84	84	84	84	84	84	84	84	84	84	84	84	84	84	84	83	83	83	83	83	83	83	83	83	83	83	83	83	83	83	83	83	83	83	83	83	83	83	83	83	83	83	83	83	83	84	83	83	83	84	84	84	84	84	84	84	84	83	83	83	83	83	83	83	84	84	84	84	84	84	84	84	84	84	84	84	84	84	84	84	84	84	83	83	83	83	84	84	84	84	84	84	84	84	84	84	84	84	84	84	84	84	84	84	84	84	84	84	84	84	84	84	84	83	83	83	84	83	83	83	68	27	24	24	24	23	23	23	23	24	25	27	31	45	48	46	45	44	45	43	41	36	32	31	31	41	41	44	50	50	49	50	50	49	48	49	50	50	50	50	54	60	66	67	48	34	34	37	40	42	43	45	47	48	49	50	50	50	50	50	50	50	50	50	50	50	51	50	50	49	49	48	47	49	49	50	51	51	51	51	51	51	52	52	52	52	52	52	52	53	53	52	52	52	53	56	74	83	83	83	83	83	83	83	83	83	83	83	83	84	83	83	83	83	83	83	83	83	83	83	83	83	83	83	83	83	84	83	83	83	83	84	83	83	83	83	83	83	83	83	83	83	83	83	83	83	83	83	83	83	83	83	83	83	83	83	83	83	83	83	84	84	84	84	84	83	83	83	84	84	84	84	84	84	84	84	84	84	84	84	84	84	84	84	84	84	84	84	84	84	84	84	84	84	84	84	84	84	84	84	84	84	84	84	84	84	84	84	84	84	84	84	84	84	84	84	84	84	84	84	84	84	84	84	83	83	83	83	83	83	84	84	84	84	84	84	84	84
84	83	83	83	83	83	83	83	84	84	84	84	84	83	83	83	84	84	84	83	83	83	83	83	84	84	84	84	84	84	84	84	84	84	84	83	84	84	84	83	83	83	83	83	83	83	83	83	83	83	83	83	83	83	83	83	83	83	83	83	83	83	83	83	83	83	83	83	83	83	83	83	83	83	83	83	83	83	83	83	83	83	83	84	84	84	84	84	84	84	84	83	84	84	84	84	84	84	84	84	84	84	84	83	83	83	83	83	83	83	83	83	83	83	83	83	83	83	83	83	83	83	83	83	83	83	83	83	83	83	83	83	83	83	83	83	83	83	83	84	83	83	83	84	84	84	84	84	84	84	84	84	84	84	83	83	84	84	84	84	84	84	84	84	84	84	84	84	84	84	84	84	84	84	84	84	84	84	84	84	83	84	84	83	84	84	84	84	84	84	84	84	84	83	83	83	83	83	83	84	84	84	84	84	84	84	84	84	84	84	84	83	84	84	83	83	84	84	83	83	84	83	83	83	84	84	84	84	84	84	84	84	84	84	84	84	84	84	83	83	83	84	84	84	84	84	84	84	84	83	83	83	84	84	84	84	84	84	83	83	83	83	83	84	84	84	84	84	84	84	84	84	84	84	84	84	84	84	84	84	84	84	84	84	84	84	84	84	84	84	84	84	84	84	84	84	84	83	83	83	83	83	83	83	83	83	83	83	83	83	83	83	83	83	83	83	83	83	83	83	83	83	83	83	83	83	83	84	83	83	83	84	84	84	84	84	84	84	84	83	83	83	83	83	83	83	84	84	84	84	84	84	84	84	84	84	84	84	84	84	84	84	84	84	83	83	83	83	84	84	84	84	84	84	84	84	84	84	84	84	84	84	84	84	84	84	84	84	84	84	84	84	84	83	83	83	83	83	84	83	83	83	77	50	30	17	12	11	11	11	11	12	13	14	17	31	43	45	46	46	48	49	51	46	45	44	43	41	41	45	49	49	49	50	50	49	47	49	50	50	50	51	50	50	50	48	50	48	47	46	47	47	48	48	48	48	48	49	48	48	48	47	47	48	48	49	50	50	50	51	51	50	50	49	48	49	50	51	51	52	52	52	52	51	52	52	52	52	52	53	53	53	53	53	52	52	53	56	69	84	83	83	83	83	83	83	83	83	83	83	83	84	83	83	83	83	83	83	83	83	83	83	83	83	83	83	83	83	84	83	83	84	84	84	83	83	83	83	83	83	83	83	83	83	83	83	83	83	83	83	83	83	83	83	83	83	83	83	83	83	83	83	84	84	84	84	84	83	83	83	83	83	83	83	83	84	84	84	84	84	84	84	84	84	84	84	84	84	84	84	84	84	84	84	84	84	84	84	84	84	84	84	84	84	84	84	84	84	84	84	84	84	84	84	84	84	84	84	84	84	84	84	84	84	84	84	83	83	83	83	83	83	84	84	84	84	84	84	84	84
84	83	84	84	83	83	83	83	83	83	84	84	84	83	83	83	84	84	84	84	84	84	83	83	84	84	84	84	84	84	84	84	84	84	84	84	84	84	84	83	83	83	83	83	83	83	83	83	83	83	83	83	83	83	83	83	83	83	83	83	83	83	83	83	83	83	83	83	83	83	83	83	83	83	83	83	83	83	83	83	83	84	83	84	84	83	84	84	84	84	84	84	84	84	84	83	84	84	83	84	84	84	84	83	83	83	83	83	83	83	83	83	83	83	83	83	83	83	83	83	83	83	83	83	83	83	83	83	83	83	83	83	83	83	83	83	84	84	84	84	83	84	84	84	84	84	84	84	84	84	84	84	84	84	84	84	84	84	84	84	84	84	84	84	84	84	84	84	84	84	84	84	84	84	84	84	84	84	84	83	83	83	83	83	83	84	84	84	84	84	84	84	84	83	83	83	83	83	83	84	84	84	84	84	84	84	84	84	84	84	83	83	84	84	84	84	84	84	84	84	84	83	83	83	83	83	83	84	84	84	84	84	84	84	84	83	83	83	83	83	83	84	84	84	84	84	84	83	84	84	83	84	84	84	84	84	83	84	84	84	83	83	83	83	83	83	83	83	83	84	84	84	84	84	84	84	84	84	84	84	84	84	84	84	84	84	84	84	84	84	84	84	84	83	84	84	84	84	84	84	83	83	83	83	83	83	83	83	83	84	84	84	83	83	83	83	83	84	84	84	84	84	83	83	83	84	84	84	84	83	84	84	84	84	83	83	84	84	84	84	84	84	83	83	83	84	84	84	84	84	84	84	84	84	84	84	84	84	84	84	84	84	84	84	84	83	83	84	84	84	84	84	84	84	84	84	84	84	84	84	84	84	84	84	84	84	84	84	84	84	84	84	83	83	83	83	83	83	84	84	84	83	83	82	77	66	51	36	23	16	13	10	9	9	10	18	26	28	28	29	32	35	39	39	43	43	49	48	49	51	50	50	49	49	50	49	48	49	49	50	50	50	50	50	50	48	49	51	49	48	49	49	50	50	50	51	51	51	51	51	52	51	50	50	49	48	49	49	49	49	50	49	48	48	49	46	47	48	48	49	50	51	51	51	52	52	52	53	53	53	53	53	54	53	52	52	53	54	64	83	83	83	83	83	84	84	84	84	83	83	84	84	83	83	83	83	83	83	83	83	83	84	83	83	83	83	83	83	84	84	84	83	83	84	84	83	83	83	83	83	83	83	83	83	83	83	83	83	83	83	83	83	83	83	83	83	83	83	83	83	83	83	83	83	83	83	83	83	84	84	83	83	83	83	83	83	84	84	84	83	83	84	84	84	84	84	84	84	84	84	84	84	84	84	84	84	84	84	84	84	84	84	84	84	84	84	83	83	83	84	84	84	84	84	84	84	84	84	84	84	84	84	84	84	84	84	84	84	84	84	84	84	84	84	84	83	83	83	83	83
84	83	84	84	84	83	83	83	83	83	83	84	84	83	83	83	84	83	84	84	84	84	83	83	84	84	84	84	84	84	84	84	84	84	84	84	84	84	83	83	83	83	83	83	83	83	83	83	83	83	83	83	83	83	83	83	83	83	83	83	83	83	83	83	83	83	83	83	83	83	83	83	83	83	83	83	83	83	84	83	83	83	83	83	83	83	84	84	83	83	83	83	84	84	84	83	83	83	83	84	84	84	84	84	84	84	83	83	83	83	84	83	83	83	83	83	83	83	83	83	83	83	83	83	83	83	83	83	83	83	83	83	83	83	83	83	84	84	84	84	84	84	84	84	84	84	84	84	84	84	84	84	84	84	84	84	84	84	84	84	84	84	83	84	84	84	84	84	84	84	84	84	84	84	84	84	84	84	83	83	83	83	83	83	83	83	83	83	83	83	84	84	84	83	83	83	83	83	83	84	84	84	84	84	84	84	84	84	84	84	83	83	84	84	84	84	84	84	84	84	84	83	83	83	83	83	83	84	84	84	84	84	84	84	84	83	83	83	83	83	83	84	84	84	84	84	84	83	83	84	84	84	84	84	84	84	83	84	84	84	83	83	83	83	83	83	83	83	83	84	84	84	84	84	84	84	84	84	84	84	84	84	84	84	84	84	84	84	84	84	84	84	84	83	84	84	84	84	84	84	83	83	83	83	83	83	83	83	83	84	84	84	83	83	83	83	83	84	84	84	84	84	83	83	83	84	84	84	84	84	84	84	84	84	83	83	84	84	84	84	84	84	83	83	83	84	84	84	84	84	84	84	84	84	84	84	84	84	84	84	84	84	84	84	84	84	84	84	84	84	84	84	84	84	84	84	84	84	84	84	84	84	84	84	84	84	84	84	84	84	84	84	83	83	83	83	83	83	84	84	84	83	83	83	83	83	83	81	77	72	64	51	33	21	19	18	16	16	16	17	19	21	23	24	24	27	28	29	31	34	34	37	38	41	44	47	48	48	51	50	51	50	50	50	50	49	49	50	49	48	48	48	48	48	49	50	50	50	51	52	52	52	51	52	52	51	51	51	52	51	51	50	50	50	49	39	31	31	31	31	31	31	31	31	32	33	33	34	36	38	41	43	45	46	47	48	49	51	59	81	83	83	83	83	83	84	84	84	83	83	84	84	83	83	83	83	83	83	83	83	83	84	83	83	83	83	83	83	84	84	84	83	83	84	84	83	83	83	83	83	83	83	83	83	83	83	83	83	83	83	83	83	83	83	83	83	83	83	83	83	83	83	83	83	83	83	83	84	84	84	84	84	84	84	83	83	83	83	84	83	83	84	84	84	84	84	84	83	83	83	84	84	84	84	84	84	84	84	84	84	84	84	84	84	83	83	83	83	83	83	84	84	84	84	84	84	84	84	84	84	84	84	84	84	84	84	84	84	84	84	84	84	84	84	84	83	83	83	83	83
84	83	84	84	84	83	83	83	83	83	83	84	84	83	83	83	84	83	84	84	84	84	83	83	84	84	84	84	84	84	84	84	84	84	84	84	83	83	83	83	83	83	83	83	83	83	83	83	83	83	83	83	83	83	83	83	83	83	83	83	83	83	83	83	83	83	83	83	83	83	83	83	83	83	83	83	83	83	83	83	83	83	83	83	83	83	83	83	83	83	83	83	84	84	83	83	83	83	83	84	84	84	84	84	84	84	83	83	83	83	84	83	83	83	83	83	83	83	83	83	83	83	83	83	83	83	83	83	83	83	83	83	83	83	83	83	84	84	84	84	84	84	84	84	84	84	84	84	84	84	84	84	84	84	84	84	84	84	84	84	84	84	84	84	84	84	84	84	84	84	84	84	84	84	84	84	84	84	83	83	83	83	83	83	83	83	83	83	83	83	84	84	84	83	83	83	83	83	83	84	84	84	84	84	84	84	84	84	84	84	83	83	84	84	84	84	84	84	84	84	84	83	83	83	83	83	83	84	84	84	84	84	84	84	84	83	83	83	83	83	83	84	84	84	84	84	83	83	83	84	84	84	83	83	83	84	83	84	84	84	83	83	83	83	83	83	83	83	83	84	84	84	84	84	84	84	84	84	84	84	84	84	84	84	84	84	84	84	84	84	84	84	84	83	84	84	84	84	84	84	83	83	83	83	83	83	83	83	83	84	84	84	83	83	83	83	83	84	84	84	84	84	83	83	83	84	84	84	84	84	84	84	84	84	83	83	84	84	84	84	84	84	84	84	84	84	84	84	84	84	84	84	84	84	84	84	84	84	84	84	84	84	84	84	84	84	84	84	84	84	84	84	84	84	84	84	84	84	84	84	84	84	84	84	84	84	84	84	84	84	84	84	83	83	83	83	83	83	84	84	84	83	83	83	83	84	83	83	83	83	83	82	80	74	71	66	60	52	44	36	31	27	23	19	16	16	16	17	18	18	19	23	23	24	26	27	26	29	35	37	42	43	47	47	51	51	52	50	51	51	50	49	49	48	48	50	50	49	49	51	51	50	50	50	50	51	51	52	52	52	52	50	51	52	52	52	51	51	51	50	50	50	49	48	47	47	48	47	47	47	47	47	47	46	45	47	49	55	62	77	81	83	83	83	83	84	84	84	83	83	84	84	83	83	83	83	83	83	83	83	83	84	83	83	83	83	83	83	84	84	84	83	83	83	83	83	83	83	83	83	83	83	83	83	83	84	84	84	84	84	83	83	83	83	83	83	83	83	83	83	83	83	83	83	83	83	83	84	84	84	84	84	84	84	84	84	83	83	84	83	83	84	84	84	84	84	84	84	84	84	84	84	84	84	84	84	84	84	84	84	84	84	84	84	83	83	83	83	83	83	84	84	84	84	84	84	84	84	84	84	84	84	84	84	84	84	84	84	84	84	84	84	84	84	84	84	84	84	84	84
84	83	83	83	83	84	84	84	84	84	83	83	83	83	83	83	83	83	83	83	83	83	83	83	83	83	83	84	84	84	83	83	84	84	84	84	83	83	84	84	84	83	83	83	83	83	83	83	83	83	83	83	83	83	82	83	83	83	83	83	83	83	82	83	83	83	83	83	83	83	83	83	83	83	83	83	83	83	83	83	84	84	83	84	84	84	83	83	83	83	84	84	84	84	84	84	84	83	83	83	84	84	84	83	84	84	83	83	84	83	84	83	83	83	83	83	83	83	83	83	83	83	83	83	84	83	83	83	83	83	83	83	83	84	84	84	84	84	84	84	84	84	84	84	84	84	84	84	84	84	84	84	84	84	84	84	84	84	84	84	84	84	84	84	84	84	84	84	84	84	84	84	84	84	84	84	83	83	83	84	83	83	84	84	84	84	84	84	83	83	84	84	84	84	84	84	84	84	84	84	84	84	84	84	84	84	84	84	83	83	83	83	83	83	84	84	84	84	84	84	84	83	83	83	83	84	83	83	83	83	83	83	83	83	83	84	84	84	84	84	84	84	84	84	83	83	83	83	83	84	84	84	84	84	84	83	83	84	84	84	84	84	84	83	83	83	83	83	83	84	84	84	84	84	84	84	84	84	84	84	84	84	84	84	84	83	84	84	84	84	84	84	84	84	84	84	84	84	84	84	84	83	83	84	84	84	84	83	83	83	83	84	83	83	83	83	83	83	83	83	83	83	83	83	83	84	84	84	84	84	84	84	84	84	83	83	84	84	84	84	84	84	83	83	83	84	84	84	84	84	84	84	84	84	84	84	84	84	84	84	84	84	84	84	84	84	84	84	84	84	84	84	84	84	84	84	84	84	84	84	84	84	84	84	84	84	84	84	84	84	83	83	83	83	83	83	84	84	84	84	84	83	83	83	84	84	84	84	84	84	84	83	83	82	83	82	83	83	82	81	79	76	73	68	62	56	49	42	34	29	23	18	14	12	12	13	13	16	18	19	21	23	24	26	29	31	34	36	39	42	45	47	49	52	51	52	51	53	48	50	49	50	50	50	49	50	51	50	50	52	52	50	51	52	52	52	51	51	52	51	51	51	51	51	51	51	50	49	50	49	49	50	51	51	51	51	52	53	54	56	59	67	75	81	83	83	84	84	83	83	84	84	84	83	83	83	83	83	83	83	83	83	83	83	84	84	84	84	84	84	84	84	84	83	83	83	83	83	83	83	83	83	83	83	83	83	83	83	83	83	84	83	83	83	83	83	83	83	83	83	83	83	83	83	83	83	83	83	83	83	83	83	83	84	84	84	83	83	84	84	84	83	83	83	83	84	84	84	84	84	84	83	83	84	84	84	84	84	83	83	84	84	84	84	84	84	83	83	83	84	84	84	84	84	84	84	84	84	84	84	84	84	84	84	84	84	84	84	84	84	84	84	84	84	84	84	84	84	84	84
84	84	83	83	83	84	84	84	84	84	83	83	83	83	83	83	83	83	83	83	83	83	83	83	83	83	83	84	84	84	83	83	84	84	84	84	83	83	84	84	84	83	83	83	83	83	83	83	83	83	83	83	83	82	82	83	83	83	83	83	83	83	82	82	83	83	83	83	83	83	83	83	83	83	83	83	83	83	83	83	84	83	83	84	84	84	84	84	83	84	84	84	84	84	84	84	84	83	83	83	84	84	84	83	84	84	83	83	84	83	84	83	83	83	83	83	83	83	83	83	83	83	83	83	84	83	83	83	83	83	83	83	83	84	84	84	84	84	84	84	84	84	84	84	84	84	84	84	84	84	84	84	84	84	84	84	84	84	84	84	84	84	84	84	84	84	84	84	84	84	84	84	84	84	84	84	83	83	83	84	83	83	84	84	84	84	84	84	83	83	84	84	84	84	84	84	84	84	84	84	84	84	84	84	84	83	84	83	83	83	83	83	83	83	83	84	84	84	84	84	84	83	83	83	84	84	84	83	83	83	83	83	83	83	83	84	84	84	84	84	84	83	83	83	83	83	83	83	83	84	84	84	84	84	84	84	84	84	84	84	84	84	84	84	84	84	83	83	83	84	84	84	84	84	84	84	84	84	84	84	84	84	84	84	83	83	83	84	84	84	84	84	84	84	84	84	84	84	84	84	84	83	83	84	84	84	84	83	83	83	83	84	83	83	83	83	83	83	83	83	83	83	83	83	83	84	84	84	84	84	84	84	84	84	83	83	84	84	84	84	84	84	83	83	83	84	84	84	84	84	84	84	84	84	84	84	84	84	84	84	84	84	84	84	84	84	84	84	84	84	84	84	84	84	84	84	84	84	84	84	84	84	84	84	84	84	84	84	84	84	83	83	83	83	83	83	84	84	83	84	84	83	83	83	84	84	84	84	84	84	83	83	83	83	83	83	83	83	84	84	84	83	83	83	83	83	82	81	80	77	75	70	64	56	44	34	28	24	19	16	15	14	14	14	15	15	16	18	20	22	24	26	28	31	33	37	39	45	43	50	47	51	52	52	53	52	52	52	52	52	52	50	51	51	51	51	51	51	52	51	51	51	51	52	52	51	51	50	50	50	50	50	50	50	50	50	50	51	51	52	53	53	55	62	70	79	83	84	83	83	84	83	84	83	83	83	83	83	83	83	83	83	83	83	84	84	84	84	84	84	84	84	84	83	83	83	83	83	83	83	83	83	83	83	83	83	83	83	83	83	84	83	83	83	83	83	83	83	83	83	83	83	83	83	83	83	83	83	83	83	83	83	83	84	84	84	83	83	84	84	84	83	83	83	83	84	84	84	84	84	83	83	83	84	84	84	84	84	83	83	83	84	84	84	84	84	84	84	84	84	84	84	84	84	84	84	84	84	84	84	84	84	84	84	84	84	84	84	84	84	84	84	84	84	84	84	84	84	84	84
84	84	84	83	84	84	84	84	84	84	83	83	83	83	83	83	83	83	83	83	83	83	83	83	83	83	83	84	84	84	83	84	84	84	84	84	83	83	84	84	84	83	83	83	83	83	83	83	83	83	83	83	83	82	82	83	83	83	83	83	83	83	82	82	83	83	83	83	83	83	83	83	83	83	83	83	83	83	83	83	84	83	83	84	84	84	83	83	83	84	84	84	84	84	83	83	83	83	83	83	84	84	84	83	84	84	83	83	84	83	84	83	83	83	83	83	83	83	83	83	83	83	83	83	83	83	83	83	83	83	83	83	83	84	84	84	84	84	84	84	84	84	84	84	84	84	84	84	84	84	84	84	84	84	84	84	84	84	84	84	84	84	84	84	84	84	84	84	84	84	84	84	84	84	84	84	83	83	83	84	84	84	84	84	84	84	84	84	83	83	84	84	84	84	84	84	84	84	84	84	84	84	84	84	84	83	84	84	83	83	83	83	83	83	83	83	84	84	84	84	84	83	83	83	84	84	84	83	83	83	83	83	83	83	83	84	84	84	84	84	84	83	83	83	83	83	83	83	83	83	84	84	84	84	84	84	84	84	84	84	84	84	84	84	83	83	83	83	83	84	84	84	84	84	84	84	84	84	84	84	84	84	84	84	84	83	83	83	83	83	83	84	84	84	84	84	84	84	84	84	84	83	83	84	84	84	84	83	83	83	83	83	83	83	84	84	84	83	83	83	83	83	83	83	83	84	84	84	84	84	84	84	84	84	83	83	83	83	83	84	84	84	83	83	83	84	84	84	84	84	84	84	84	84	84	84	84	84	84	84	84	84	84	84	84	84	84	84	84	84	84	84	84	84	84	84	84	84	84	84	84	84	84	84	84	84	84	84	84	84	83	83	83	83	83	83	84	84	83	83	83	83	83	84	84	84	84	84	84	84	84	84	84	83	83	84	84	84	84	84	83	83	83	83	83	84	83	84	83	83	83	83	83	83	82	80	78	75	70	66	61	54	45	39	33	26	22	19	15	15	15	15	15	16	17	18	20	21	22	24	27	30	33	35	39	42	45	48	51	52	51	52	51	52	52	51	51	51	52	51	51	51	51	51	51	51	51	51	50	50	50	50	51	50	50	50	50	51	51	51	51	51	51	52	53	58	70	81	83	83	84	83	84	83	83	83	83	83	83	83	83	83	83	83	84	84	84	84	84	84	84	84	84	83	83	83	83	83	83	83	83	83	83	83	83	83	83	83	83	83	84	83	83	83	83	83	83	83	83	83	83	83	83	83	83	83	83	83	83	83	83	83	83	84	84	84	83	83	84	84	84	84	84	84	83	84	84	84	84	84	83	83	83	84	84	84	84	84	83	83	83	84	84	84	84	84	84	84	84	84	84	84	84	84	84	84	84	84	84	84	84	84	84	84	84	84	84	84	84	84	84	84	84	84	84	84	84	84	84	84
84	84	83	83	84	84	84	84	83	83	83	83	83	84	83	83	83	83	83	83	83	84	84	84	84	83	83	84	84	84	84	84	84	83	83	83	84	84	84	83	83	83	83	83	83	83	83	83	83	83	83	83	83	82	82	83	83	83	83	83	83	83	83	83	83	83	83	83	83	83	83	83	83	83	83	83	83	83	83	83	84	84	84	84	84	84	83	83	83	84	84	84	83	83	83	84	84	83	83	83	84	84	84	83	84	84	83	83	83	83	83	83	83	83	83	83	83	83	83	83	83	83	83	83	83	83	83	83	83	83	83	83	83	84	84	84	84	84	84	84	84	84	84	84	84	84	84	84	84	84	84	84	84	84	84	84	84	84	84	84	84	84	84	84	84	84	84	84	83	83	83	83	83	83	83	83	84	84	84	84	84	84	84	84	84	84	84	84	84	84	84	84	84	83	83	83	84	84	84	84	84	84	84	84	84	84	84	84	84	84	84	84	84	84	84	84	83	84	84	84	84	83	83	83	84	84	84	84	84	83	83	83	84	84	84	84	84	84	83	83	83	84	84	84	83	83	83	83	83	83	83	84	84	84	84	84	84	84	84	84	84	84	84	84	84	83	84	84	84	84	84	84	84	84	84	84	84	84	84	84	84	84	84	84	84	84	84	84	84	84	84	84	84	84	84	84	84	84	84	84	84	84	84	83	83	83	84	84	84	84	83	83	83	83	84	84	84	84	84	84	83	83	83	84	84	84	84	84	84	84	84	84	84	84	84	84	84	84	84	84	84	83	83	84	83	84	84	84	84	84	84	84	84	84	84	84	84	84	84	84	84	84	84	84	84	84	84	84	84	84	84	84	84	84	84	84	84	84	84	84	84	84	84	84	84	84	84	84	84	84	84	84	84	84	84	83	83	83	83	83	83	84	84	84	84	84	84	84	84	84	84	84	84	83	83	84	84	84	84	84	84	84	84	84	83	83	84	84	84	83	83	83	83	83	83	83	83	83	83	83	83	82	82	81	79	77	73	68	63	58	51	43	37	31	25	20	16	14	13	12	13	14	15	17	18	20	21	23	25	28	31	33	37	39	43	46	50	51	52	53	52	51	50	51	51	50	51	50	49	50	50	50	50	51	51	50	51	52	51	51	51	51	51	52	52	56	58	65	78	84	84	83	83	83	83	83	83	83	83	84	83	84	84	84	84	84	84	84	84	84	84	84	84	84	84	84	83	83	84	84	83	83	83	83	83	83	83	83	83	83	83	83	83	83	83	83	83	83	83	83	83	83	83	83	83	83	83	83	83	83	83	83	83	83	83	83	83	83	83	83	83	84	84	84	83	83	83	84	84	84	84	84	84	84	84	83	83	83	84	84	84	84	84	84	84	84	84	84	84	84	84	84	84	84	84	84	84	84	84	84	84	84	84	84	84	84	84	84	84	84	84	84	84	84	84	84	84	84	84	84
84	84	84	84	84	84	84	83	83	83	83	83	83	84	84	83	83	83	83	83	83	84	84	84	84	83	83	84	84	84	84	84	84	83	83	84	84	84	84	83	83	83	83	83	83	83	83	83	83	83	83	83	83	82	82	83	83	83	83	83	83	83	83	83	83	83	83	83	83	83	83	83	83	83	83	83	83	83	83	83	84	84	84	84	83	83	83	83	83	84	84	83	83	83	83	84	84	83	83	83	84	84	84	83	84	84	83	83	83	83	83	83	83	83	83	83	83	83	83	83	83	83	83	83	83	83	83	83	83	83	83	83	83	84	84	84	84	84	84	84	84	84	84	84	84	84	84	84	84	84	84	84	84	84	84	84	84	84	84	84	84	84	84	84	84	84	84	84	83	83	83	83	83	83	83	83	84	84	84	84	84	84	84	84	84	84	84	84	84	84	84	84	84	83	83	83	84	84	84	84	84	84	84	84	84	84	84	84	84	84	84	84	84	84	84	84	83	84	84	84	84	83	83	83	84	84	84	84	84	83	83	84	84	84	84	84	84	84	84	83	83	84	84	84	83	83	84	84	84	84	84	84	84	84	84	84	84	84	84	84	84	84	84	84	84	83	84	84	84	84	84	84	84	84	84	84	84	84	84	84	84	84	84	84	84	84	84	84	84	84	84	84	84	84	84	84	84	84	84	84	84	84	83	83	83	83	84	84	84	84	83	83	83	83	84	84	84	84	84	84	83	83	83	84	84	84	84	84	84	84	84	84	84	84	84	84	84	84	84	84	84	83	83	84	84	84	84	84	84	84	84	84	84	84	84	84	84	84	84	84	84	84	84	84	84	84	84	84	84	84	84	84	84	84	84	84	84	84	84	84	84	84	84	84	84	84	84	84	84	84	84	84	84	84	84	83	83	83	83	84	84	84	84	84	84	84	84	84	84	84	84	84	84	83	83	84	84	84	84	84	84	84	84	84	83	83	84	84	84	83	83	83	83	83	83	84	84	84	83	83	84	83	83	83	83	83	83	83	83	83	82	81	81	79	76	72	66	60	55	47	39	32	25	19	16	14	13	14	14	14	16	17	18	20	21	23	25	27	31	33	34	35	37	42	47	47	48	49	48	49	50	50	51	50	51	50	50	51	51	51	51	51	51	51	51	54	58	58	62	74	83	83	83	83	83	83	83	83	83	84	83	84	84	84	84	84	84	84	84	84	84	84	84	84	84	84	83	83	84	84	83	83	83	83	83	83	83	83	83	83	83	83	83	83	83	83	83	83	83	83	83	83	83	83	83	83	83	83	83	83	83	83	83	83	83	83	83	83	83	83	83	84	84	84	83	83	83	84	84	84	84	84	84	84	84	84	84	84	84	84	84	84	84	84	84	84	84	84	84	84	84	84	84	84	84	84	84	84	84	84	84	84	84	84	84	84	84	84	84	84	84	84	84	84	84	84	84	84	84	84
84	84	83	83	84	84	84	84	83	83	83	83	83	84	84	83	83	83	83	83	83	84	84	84	84	84	84	84	84	84	84	84	84	84	84	84	84	84	84	83	83	83	83	83	83	83	83	83	83	83	83	83	83	83	82	83	83	83	83	83	83	83	83	83	83	83	83	83	83	83	83	83	83	83	83	83	83	83	83	83	84	84	84	84	83	83	83	83	83	84	84	83	83	83	83	84	84	83	83	83	84	84	84	83	84	84	83	83	83	83	83	83	83	83	83	83	83	83	83	84	83	83	83	83	83	83	83	83	83	83	83	83	83	84	84	84	84	84	84	84	84	84	84	84	84	84	84	84	84	84	84	84	84	84	84	84	84	84	84	84	84	84	84	84	84	84	84	84	83	83	83	84	84	84	84	84	84	84	84	84	84	84	84	84	84	84	84	84	84	84	84	84	84	84	84	84	84	84	84	84	84	84	84	84	84	84	84	84	84	84	84	84	84	84	84	84	84	84	84	83	83	83	83	83	84	84	84	84	84	84	84	84	84	84	84	84	84	84	84	84	83	84	84	84	83	83	84	84	84	84	84	84	84	84	84	84	84	84	84	84	84	84	84	84	84	83	84	84	84	84	84	84	84	84	84	84	84	84	84	84	84	84	84	84	84	84	84	84	84	84	84	84	84	84	84	84	84	84	84	84	84	84	84	83	83	83	84	84	84	84	83	84	84	84	84	84	84	84	84	84	83	83	83	84	84	84	83	83	84	84	84	84	84	84	84	84	84	84	84	84	84	83	83	84	84	84	84	84	84	84	84	84	84	84	84	84	84	84	84	84	84	84	84	84	84	83	83	84	84	84	84	84	84	84	84	84	84	84	84	84	84	84	84	84	84	84	84	84	84	84	83	83	83	83	83	83	83	83	84	84	84	84	84	84	84	84	84	84	84	84	84	84	84	83	83	83	84	84	84	84	84	84	84	84	84	84	84	84	84	83	83	83	83	83	84	84	84	84	84	84	84	83	83	83	83	83	84	84	83	83	83	83	84	84	84	83	83	83	84	83	82	80	77	73	70	64	57	51	43	36	30	24	20	18	15	15	14	14	14	15	16	17	17	18	20	20	21	24	25	30	35	38	41	43	46	48	49	50	50	50	51	51	51	51	51	53	56	58	58	60	71	82	83	83	84	83	83	83	83	83	83	83	84	84	84	84	84	84	84	84	84	84	84	84	84	84	83	83	84	84	83	83	83	83	83	83	83	83	83	83	83	83	83	83	83	83	83	83	83	83	83	83	83	83	83	83	83	83	83	83	83	83	83	83	83	83	83	83	83	83	83	84	84	84	83	83	83	84	84	84	84	84	84	84	84	84	84	84	84	84	84	83	83	84	84	84	84	84	84	84	84	84	84	84	84	84	84	84	84	84	84	84	84	84	84	84	84	84	84	84	84	84	84	84	84	84	84	84	84	84
84	84	84	84	84	83	83	83	83	83	83	83	83	83	83	83	83	84	84	83	83	83	83	83	84	84	84	84	84	84	84	84	84	84	84	84	83	83	84	83	83	83	83	83	83	83	83	83	83	83	83	83	83	83	83	83	83	83	83	83	83	83	83	83	83	83	83	83	83	83	83	83	83	83	83	83	83	83	83	83	84	84	84	84	84	84	83	83	83	84	84	84	83	83	83	84	84	84	83	84	84	84	84	83	84	84	84	84	84	83	83	83	83	83	83	83	83	83	83	84	83	83	83	83	83	83	83	83	83	83	83	83	83	83	84	84	84	83	83	83	83	83	83	83	83	84	84	84	84	84	84	83	84	84	84	84	84	84	84	84	84	84	84	84	84	84	84	84	84	84	84	84	84	84	84	84	83	83	83	84	84	84	84	84	84	84	84	84	83	84	84	84	84	84	84	84	84	84	84	84	84	84	84	84	84	84	84	84	84	84	84	84	84	84	84	84	84	84	83	83	83	83	84	84	84	84	84	83	83	83	84	84	84	84	84	84	84	84	84	84	84	83	83	83	84	84	84	84	84	84	84	84	84	84	84	84	84	84	84	84	84	83	84	84	84	84	84	84	84	84	84	84	84	84	84	84	84	84	84	84	84	84	84	84	84	84	84	84	84	84	84	84	84	84	84	84	84	84	84	84	84	84	84	83	83	83	83	83	84	84	84	84	84	84	83	83	83	83	83	83	84	84	84	84	84	83	83	83	83	83	83	83	83	83	84	84	84	83	84	83	83	84	84	84	84	84	84	84	84	84	84	84	84	84	84	84	84	84	84	84	84	84	84	84	83	83	83	83	84	84	84	84	84	84	84	84	84	84	84	84	84	84	84	84	84	84	84	84	84	84	83	83	83	83	83	83	83	83	84	84	84	84	84	84	84	84	84	84	84	84	84	84	84	83	83	83	83	83	83	83	83	84	84	84	84	84	84	84	84	84	84	84	84	84	84	84	84	84	84	84	84	84	83	84	84	84	84	84	83	84	84	84	84	84	84	84	84	84	84	84	84	83	83	82	83	83	82	82	81	80	79	75	72	67	61	54	47	40	33	28	24	19	16	14	13	13	13	13	13	15	16	16	16	17	19	21	23	27	30	33	38	41	44	46	50	58	60	57	59	60	60	74	83	83	84	84	83	83	83	83	84	84	84	84	84	84	84	84	84	84	84	84	84	84	84	84	84	84	84	84	84	84	83	83	83	84	84	84	84	84	84	84	84	84	84	84	84	84	84	83	83	83	83	83	83	83	83	83	83	83	83	83	83	83	83	83	83	83	83	83	83	83	83	83	83	83	83	84	84	84	83	83	83	84	84	84	84	84	84	84	84	83	83	84	84	84	84	84	84	84	84	84	84	84	84	84	84	84	84	84	84	84	84	84	84	84	84	84	84	84	84	84	84	84	84	84	84	84	84	84
84	84	84	84	84	83	83	83	83	83	83	83	83	84	84	84	83	84	84	83	83	83	83	83	84	84	84	84	84	84	84	84	84	84	84	84	83	83	84	83	83	83	83	83	83	83	83	83	83	83	83	83	83	83	83	83	83	83	83	83	83	83	83	83	83	83	83	83	83	83	83	83	83	83	83	83	83	83	83	83	84	84	84	84	84	84	83	83	83	84	84	84	83	83	83	84	84	84	83	84	84	84	84	83	84	84	84	84	84	83	83	83	83	83	83	83	83	83	83	84	83	83	83	83	83	83	83	83	83	83	83	83	83	83	84	84	84	83	83	83	83	83	83	83	83	84	84	84	84	84	84	83	84	84	84	84	84	84	84	84	84	84	84	84	84	84	84	84	84	84	84	84	84	84	84	84	83	83	83	84	84	84	84	84	84	84	84	84	83	83	84	84	84	84	84	84	84	84	84	84	84	84	84	84	84	84	84	84	84	84	84	84	84	84	84	84	84	84	84	83	83	84	84	84	84	84	84	83	83	83	84	84	84	84	84	84	84	84	84	84	84	83	83	83	84	84	84	84	84	84	84	84	84	84	84	84	84	84	84	84	84	84	84	84	84	84	84	84	84	84	84	84	84	84	84	84	84	84	84	84	84	84	84	84	84	84	84	84	84	84	84	84	84	84	84	84	84	84	84	84	84	84	84	83	83	84	84	84	84	84	84	84	84	84	83	83	83	83	83	83	84	84	84	84	84	83	83	83	83	83	83	84	84	84	84	84	84	83	84	83	83	84	84	84	84	84	84	84	84	84	84	84	84	84	84	84	84	84	84	84	84	84	84	84	83	83	83	83	84	84	84	84	84	84	84	84	84	84	84	84	84	84	84	84	84	84	84	84	84	84	83	83	83	83	83	83	83	83	84	84	84	84	84	84	83	83	84	84	84	84	84	84	84	84	84	84	84	84	84	84	84	84	84	84	84	84	84	84	84	84	84	84	84	84	84	84	84	84	84	84	84	84	83	84	84	84	84	84	83	84	84	84	84	84	84	84	84	84	84	84	84	84	83	83	83	83	84	84	83	83	83	83	83	82	82	83	82	81	80	78	73	68	62	55	50	47	44	37	30	27	23	19	17	15	14	14	14	14	14	15	15	16	18	20	30	37	38	35	44	52	58	69	83	83	84	84	84	83	83	84	84	84	84	84	84	84	84	84	84	84	84	84	84	84	84	84	84	84	84	84	84	84	83	83	83	84	84	84	84	84	84	84	84	84	84	84	84	84	84	83	83	83	83	83	83	83	83	83	83	83	83	83	83	83	83	83	83	83	83	83	83	83	83	83	83	83	83	84	84	84	83	83	83	84	84	84	84	84	84	84	84	84	84	84	84	84	84	84	84	84	84	84	84	84	84	84	84	84	84	84	84	84	84	84	84	84	84	84	84	84	84	84	84	84	84	84	84	84	84	84
84	83	84	84	84	83	83	83	83	83	83	83	83	84	84	84	84	84	84	84	84	83	83	83	84	84	84	84	84	84	84	84	84	84	84	83	83	83	83	83	83	83	83	83	83	83	83	83	83	83	83	83	83	83	83	83	83	83	83	83	83	83	83	83	83	83	83	83	83	83	83	83	83	83	83	83	83	83	83	83	83	84	84	84	84	83	83	83	83	84	84	84	83	84	84	83	84	84	84	84	84	83	83	83	84	84	84	84	84	83	83	83	83	83	83	83	83	83	84	84	83	83	83	83	83	83	83	83	83	83	83	83	83	83	83	83	84	83	83	83	83	83	83	83	83	84	84	84	84	84	84	84	84	84	84	84	84	84	84	84	84	84	84	84	84	84	84	84	84	84	84	84	84	84	84	84	84	84	84	84	84	84	84	84	84	84	84	84	84	84	84	84	84	84	84	84	84	84	84	84	84	84	84	84	84	84	84	84	84	84	84	84	84	84	84	84	84	84	84	84	84	84	84	84	84	84	84	83	83	84	84	84	84	83	83	84	84	84	84	84	84	83	83	83	84	84	84	84	84	84	84	84	84	84	84	84	84	84	84	84	84	84	84	84	84	84	84	84	84	84	84	84	84	84	84	84	84	84	84	84	84	84	84	84	84	84	84	84	84	84	84	84	84	84	84	84	84	84	84	84	84	84	84	83	83	84	84	84	84	84	84	84	84	84	84	84	84	84	83	84	84	84	84	84	84	83	83	83	83	83	84	84	84	84	84	84	84	83	84	84	84	84	84	84	84	84	84	84	84	84	84	84	84	84	84	84	84	84	84	84	84	84	84	84	84	83	83	84	84	84	84	84	84	84	84	84	84	84	84	84	84	84	84	84	84	84	84	84	84	84	83	83	83	83	83	83	83	83	84	84	84	84	84	84	83	83	83	84	84	84	84	84	84	84	84	84	84	84	84	84	84	84	84	84	84	84	84	84	84	84	84	84	84	84	84	84	84	84	84	84	84	84	84	84	84	84	84	84	84	84	84	84	84	84	84	84	84	84	84	84	84	84	84	84	83	83	84	83	83	84	84	83	83	83	83	83	83	84	83	82	83	83	83	83	83	82	82	80	78	77	73	68	63	57	48	42	37	30	25	21	18	16	16	15	16	14	13	15	18	25	37	64	82	83	84	84	84	83	83	84	84	84	84	84	84	84	84	84	84	84	84	84	84	84	84	84	84	84	84	84	84	84	84	84	84	83	84	84	84	84	84	84	84	84	84	84	84	84	84	83	83	83	83	83	83	83	83	83	83	83	83	83	83	83	83	83	83	83	83	83	83	83	83	83	83	83	83	84	84	84	83	83	83	84	84	84	84	84	84	84	84	84	84	84	84	84	84	83	83	84	84	84	84	84	84	84	84	84	84	84	84	84	84	84	84	84	84	84	84	84	84	84	84	84	84	84	84	84	84	84
84	83	84	84	84	83	83	83	83	83	83	83	83	84	84	84	84	84	84	84	84	84	83	83	83	83	83	84	84	84	84	84	84	83	83	83	83	83	83	83	83	83	83	83	83	83	83	83	83	83	83	83	83	83	83	83	83	83	83	83	83	83	83	83	83	83	83	83	83	83	83	83	83	83	83	83	83	83	83	83	83	84	84	83	83	83	83	83	83	84	84	84	84	84	84	83	83	84	84	84	84	83	83	84	84	84	84	84	84	83	84	83	83	83	83	83	83	83	84	84	83	83	83	83	83	83	84	83	83	83	83	83	83	83	83	83	83	84	84	83	83	83	83	84	84	83	83	83	83	84	84	84	84	84	84	84	84	84	84	84	84	84	83	83	83	84	84	84	84	84	84	84	84	84	84	84	84	84	84	84	84	83	84	84	84	84	84	84	84	84	84	84	84	84	84	84	84	84	84	84	84	84	84	84	84	84	84	84	84	84	84	84	84	84	84	84	84	84	84	84	84	84	84	84	83	83	83	84	84	84	84	84	83	83	83	84	84	84	84	84	84	84	84	84	84	84	84	84	84	84	84	84	84	84	84	84	84	84	84	84	84	83	83	84	84	84	84	84	84	84	84	84	84	84	84	84	84	84	84	84	84	84	84	84	84	84	83	84	84	84	84	84	84	84	84	84	84	84	84	84	84	84	84	84	84	84	84	84	84	84	84	84	84	84	84	84	84	84	84	84	83	83	84	84	84	84	84	84	84	84	84	84	84	84	84	84	84	83	84	84	84	84	84	84	84	84	84	84	84	84	84	84	84	84	84	84	84	84	84	84	84	84	84	84	84	84	84	84	84	84	84	84	84	84	84	84	84	84	84	83	83	83	84	84	84	84	84	84	84	84	84	84	84	84	84	84	84	84	84	84	84	84	84	84	84	84	84	84	84	84	84	84	84	84	84	84	84	84	84	84	84	84	84	84	84	84	84	84	84	84	84	84	84	84	84	84	84	84	84	84	84	84	84	84	84	84	84	84	84	83	83	83	84	84	84	84	84	84	84	84	84	84	84	84	84	84	84	83	83	84	84	84	84	84	84	84	84	84	84	83	83	83	83	83	83	83	83	84	83	83	83	83	83	83	83	82	80	79	75	70	66	61	52	45	43	41	40	43	51	61	70	80	83	83	84	84	84	83	84	84	84	84	84	84	84	84	84	84	84	84	84	84	84	84	84	84	84	84	84	84	84	84	84	84	84	84	84	84	84	84	83	83	83	84	84	84	84	84	84	84	83	83	83	83	83	83	83	84	84	84	83	83	83	83	83	83	83	83	83	83	83	83	83	83	83	83	83	83	83	83	83	83	84	84	84	84	84	84	84	84	84	83	83	83	84	84	84	84	84	84	83	83	84	84	84	84	84	84	83	83	83	84	84	84	84	84	84	83	83	83	83	83	83	83	84	83	83	84	84	84
84	83	84	84	84	83	83	83	84	84	83	83	83	84	84	84	84	84	84	84	84	84	83	83	83	83	83	84	84	84	84	84	84	83	83	83	83	83	83	83	83	83	83	83	83	83	83	83	83	83	83	83	83	83	83	83	83	83	83	83	83	83	83	83	83	83	83	83	83	83	83	83	83	83	83	83	83	83	83	83	83	84	84	83	83	83	83	83	83	84	84	84	84	84	84	83	83	84	84	84	84	83	83	84	84	84	84	84	84	83	84	83	83	83	83	83	83	83	84	84	83	83	83	83	83	83	84	83	83	83	83	83	83	83	83	83	83	83	83	83	83	83	83	83	83	83	83	83	83	84	84	84	84	84	84	84	84	84	84	84	84	84	84	84	84	84	84	84	84	84	84	84	84	84	84	84	84	84	84	84	84	83	84	84	84	84	84	84	84	84	84	84	84	84	84	84	84	84	84	84	84	84	84	84	84	84	84	84	84	84	84	84	84	84	84	84	84	84	84	84	84	84	84	84	83	83	83	84	84	84	84	84	83	83	83	84	84	84	84	84	84	84	84	84	84	84	84	84	84	84	84	84	84	84	84	84	84	84	84	84	84	83	83	84	84	84	84	84	84	84	84	84	84	84	84	84	84	84	84	84	84	84	84	84	84	84	83	84	84	84	84	84	84	84	84	84	84	84	84	84	84	84	84	84	84	84	84	84	84	83	83	83	83	83	84	84	84	83	83	83	83	83	84	84	84	84	84	84	84	84	84	84	84	84	84	84	84	83	84	84	84	84	84	84	84	84	84	84	83	83	83	84	84	84	84	84	84	84	84	84	84	84	84	84	84	84	84	84	84	84	84	84	84	84	84	84	84	84	84	84	84	84	84	84	84	84	84	84	84	84	84	84	84	84	84	84	84	84	84	84	84	84	84	84	84	84	84	84	84	84	84	84	84	84	84	84	84	84	84	84	84	84	84	84	84	84	84	84	84	84	84	84	84	84	84	84	84	84	84	84	84	84	84	84	84	84	84	84	84	83	83	83	84	84	84	84	84	84	84	84	84	84	84	84	84	84	84	83	83	84	84	84	84	84	84	84	84	84	83	83	83	83	83	83	84	84	84	84	84	84	84	84	84	84	84	83	83	83	83	83	82	83	82	83	83	82	82	83	83	83	84	83	84	84	84	84	84	83	84	84	84	84	84	84	84	84	84	84	84	84	84	84	84	84	84	84	84	84	84	84	84	84	84	84	84	84	84	84	84	84	83	83	83	84	84	84	84	84	84	84	84	83	83	83	83	83	83	84	84	84	83	83	83	83	83	83	83	83	83	83	83	83	83	83	83	83	83	83	83	83	83	83	84	84	84	84	84	84	84	84	84	83	83	83	84	84	84	84	84	84	83	83	84	84	84	84	84	84	83	83	84	84	84	84	84	84	84	83	83	83	83	83	83	83	84	83	83	84	84	84
84	83	84	84	84	84	84	84	84	84	84	83	83	84	84	84	84	84	83	84	84	83	83	83	83	83	83	84	84	84	84	84	84	84	83	83	83	83	84	84	83	83	83	83	83	83	83	83	83	83	83	83	83	83	83	83	83	83	83	83	83	83	83	83	83	83	83	83	83	83	83	83	83	83	83	83	83	83	83	83	83	84	84	84	84	83	83	83	83	83	83	83	83	83	83	83	83	84	84	84	84	84	84	84	84	84	83	83	83	83	83	83	84	84	83	83	83	83	84	84	83	83	83	83	83	83	83	83	83	83	84	84	84	84	83	83	83	83	83	83	83	83	83	83	83	83	84	84	83	84	84	84	84	84	84	84	84	84	84	84	84	84	84	84	84	84	84	84	84	84	84	84	84	84	84	84	84	84	84	84	84	84	84	84	84	83	83	84	84	84	84	83	84	83	84	84	84	84	84	84	84	84	84	84	84	84	84	84	84	84	84	84	84	84	84	84	84	84	84	84	84	84	84	84	84	84	83	83	83	84	84	84	84	83	84	83	83	84	84	84	84	84	84	84	84	84	84	84	84	84	84	84	84	84	84	84	84	84	83	84	84	83	83	83	83	83	84	84	84	84	84	84	84	84	84	84	84	84	84	84	84	84	83	84	84	84	84	84	84	84	84	84	84	84	84	84	84	84	84	84	84	84	84	84	84	84	84	83	84	84	84	83	83	83	83	83	83	83	83	84	84	84	84	84	84	84	84	84	84	84	84	84	84	84	84	84	84	84	84	84	84	84	84	84	84	84	84	84	84	84	84	84	84	84	84	83	83	83	83	84	84	84	84	84	84	84	84	84	84	84	84	84	84	84	84	83	84	84	84	84	84	84	84	84	84	84	84	84	84	84	84	84	84	84	84	83	83	83	84	84	84	84	84	84	84	84	84	84	84	84	84	84	84	84	84	84	84	84	84	84	84	84	84	84	84	84	84	84	84	84	84	83	84	84	84	84	84	84	84	84	84	84	84	84	84	84	84	84	84	84	83	84	84	84	84	84	84	84	84	84	84	84	84	84	84	84	83	83	83	84	84	84	84	84	84	84	84	84	84	84	83	84	83	83	84	84	84	84	84	84	84	84	84	84	84	83	83	83	83	83	83	83	83	83	83	83	83	83	84	83	83	83	84	84	84	84	83	83	84	84	84	84	84	84	84	84	84	84	84	84	84	84	84	84	84	84	84	84	84	84	84	84	84	84	84	84	83	84	84	84	84	84	84	84	84	84	84	84	84	84	84	84	84	84	84	84	84	84	84	84	83	83	83	83	83	83	83	83	83	83	83	83	83	83	83	83	83	83	83	83	84	84	84	84	84	84	84	84	84	84	84	84	84	84	84	84	84	84	84	84	84	83	83	84	84	84	84	84	84	84	84	84	84	84	84	84	84	84	83	84	84	84	83	84	84	84	84	84	84	84
84	84	84	84	84	84	84	84	84	84	84	83	83	83	83	83	84	84	83	83	83	83	83	83	83	83	83	84	84	84	84	84	84	84	84	83	83	83	84	84	83	83	83	83	83	83	83	83	83	83	83	83	83	83	83	83	83	83	83	83	83	83	83	83	83	83	83	83	83	83	83	83	83	83	83	83	83	83	83	83	83	84	84	84	84	84	83	83	83	83	83	83	83	83	83	83	83	84	84	84	84	84	84	84	84	84	83	83	83	83	83	84	84	84	83	84	84	83	84	84	83	83	83	83	84	83	83	83	83	84	84	84	84	84	83	83	83	83	83	83	83	83	83	83	83	83	83	84	83	83	84	84	84	84	84	84	84	84	84	84	84	84	84	84	84	84	84	84	84	84	84	84	84	84	84	84	84	84	84	84	84	84	84	84	84	84	84	84	84	84	84	83	84	83	84	84	84	84	84	84	84	84	84	84	84	84	84	84	84	84	84	84	84	84	84	84	84	84	84	84	84	84	84	84	84	84	84	83	84	84	84	84	84	83	84	83	83	83	84	84	84	84	84	84	84	84	84	84	84	84	84	84	84	84	84	83	83	83	83	83	84	83	83	83	83	83	84	84	84	84	84	84	84	84	84	84	84	84	84	84	84	84	84	84	84	84	84	84	84	84	84	84	84	84	84	84	84	84	84	84	84	84	84	84	84	84	84	83	84	84	84	83	83	83	84	84	84	84	84	84	84	84	84	84	84	84	84	84	84	84	84	84	84	84	84	84	84	84	84	84	84	84	84	84	84	84	84	84	84	84	84	84	84	84	84	83	83	83	83	84	84	84	84	84	84	84	84	84	84	84	84	84	84	84	83	83	84	84	84	84	84	84	83	83	84	84	84	84	84	84	84	84	84	84	84	84	83	83	84	84	84	84	84	84	84	84	84	84	84	84	84	84	84	84	84	84	84	84	84	84	84	84	84	84	84	84	84	84	84	84	84	83	84	84	84	84	83	84	84	84	84	84	84	84	84	84	84	84	84	84	84	84	84	84	84	84	84	84	84	84	84	84	84	84	84	84	84	84	84	84	84	84	84	84	84	83	83	84	84	84	83	84	84	83	84	84	84	84	84	84	84	84	84	84	84	84	84	83	84	84	83	83	83	83	83	83	83	83	83	83	83	83	84	84	84	84	83	84	84	84	84	84	84	84	84	84	84	84	84	84	84	84	84	84	84	84	84	84	84	84	84	84	84	84	84	84	84	84	84	84	84	84	84	84	84	83	84	84	84	84	84	84	84	84	84	84	83	84	84	84	83	83	83	83	83	83	83	83	83	83	83	83	83	83	83	83	83	83	83	83	84	84	84	84	84	84	84	84	84	84	84	84	84	84	84	84	84	84	84	84	84	83	83	83	83	83	84	84	84	84	84	84	84	84	84	84	84	84	84	84	84	84	84	84	84	84	84	84	84	84
84	84	84	84	84	84	84	84	84	84	84	83	83	83	83	83	84	84	83	83	83	83	83	83	83	83	83	84	84	84	84	84	84	84	84	83	83	83	84	84	83	84	84	84	83	83	83	83	83	83	83	83	83	83	83	83	83	83	83	83	83	83	83	83	83	83	83	83	83	83	83	83	83	83	83	83	83	83	83	83	83	84	84	84	84	84	83	83	83	83	83	83	83	83	83	83	83	84	84	84	84	84	84	84	84	84	84	84	83	83	83	83	84	84	83	83	84	83	84	84	83	83	83	83	84	83	83	83	83	83	84	84	84	84	83	83	83	83	83	83	83	83	83	83	83	83	83	83	83	83	84	84	84	84	83	83	83	83	83	84	84	84	84	83	83	84	84	84	84	84	84	83	83	84	84	84	84	84	84	84	84	84	84	84	84	84	84	84	84	84	84	83	84	83	84	84	84	84	84	84	84	84	84	84	84	84	84	84	84	84	84	84	84	84	84	84	84	84	84	84	84	84	84	84	84	84	84	84	84	84	84	84	84	83	84	84	84	84	84	84	84	84	84	84	84	84	84	84	84	84	84	84	84	84	84	83	83	83	83	83	84	83	83	83	84	84	84	84	84	84	84	84	84	84	84	84	84	84	84	84	84	84	84	84	84	84	84	84	84	84	84	84	84	84	84	84	84	84	84	84	84	84	84	84	84	84	84	83	84	84	84	83	83	83	84	84	84	84	84	84	84	84	84	84	84	83	83	83	84	84	84	84	84	84	84	84	84	84	84	84	84	84	84	84	84	84	84	84	84	84	84	84	84	84	84	83	83	83	83	83	83	83	83	83	83	84	84	84	84	84	84	84	84	84	83	83	84	84	84	84	84	84	84	84	84	84	84	84	84	84	84	84	84	84	84	84	84	84	84	84	84	84	84	84	84	84	84	84	84	84	84	84	84	84	84	84	84	84	84	84	84	84	84	84	84	84	84	84	84	84	84	83	84	84	84	84	83	84	83	83	84	84	84	84	84	84	84	84	84	84	84	84	84	84	84	84	84	84	84	84	84	84	84	84	84	84	84	84	84	84	84	84	84	84	84	84	84	84	84	84	83	84	84	83	84	84	84	84	84	84	84	84	84	84	84	84	84	83	84	84	83	83	83	83	83	83	84	84	83	83	83	83	84	84	84	84	83	84	84	84	84	84	84	84	84	84	84	84	84	84	84	84	84	84	84	84	84	84	84	84	84	84	84	84	84	84	84	84	84	84	84	84	84	84	84	83	84	84	84	84	84	84	84	84	84	84	84	84	84	84	83	83	83	83	83	83	83	83	83	83	83	83	83	83	83	83	83	83	83	83	84	84	84	84	84	84	84	84	84	84	84	84	84	84	84	84	84	84	84	84	84	83	83	83	83	83	84	84	84	84	84	84	84	84	84	84	84	84	84	84	84	84	84	84	84	84	84	84	84	84
84	84	83	83	83	83	83	84	84	84	84	83	83	84	84	84	83	83	83	83	83	83	83	83	84	84	84	84	84	84	84	84	84	84	84	83	83	83	83	83	83	83	83	83	83	83	84	83	83	83	83	83	83	83	82	83	83	83	83	83	83	83	83	83	83	83	83	83	83	83	83	83	83	83	83	83	83	83	83	83	84	84	84	84	84	84	84	83	83	83	83	83	83	83	83	83	84	84	84	84	83	83	84	84	84	84	83	83	83	83	83	83	83	83	83	83	83	83	83	84	83	83	83	84	84	83	83	83	83	83	83	83	83	83	83	83	83	83	83	83	83	83	83	83	83	83	83	83	83	83	83	83	83	83	83	83	83	83	83	84	84	84	84	84	84	83	83	84	84	84	84	84	84	84	84	84	84	84	84	84	84	84	83	84	84	84	84	84	84	84	84	84	84	83	84	84	84	84	84	84	84	84	83	84	84	84	84	84	84	84	84	84	84	84	84	84	84	84	84	84	84	84	84	84	84	84	84	83	83	84	84	84	84	84	84	84	84	84	84	84	84	84	84	84	84	84	84	83	83	84	84	84	84	84	83	84	84	83	83	84	84	84	84	83	83	83	84	84	84	84	84	84	83	83	84	84	84	84	84	84	84	84	84	84	84	84	84	84	84	84	84	84	84	84	84	84	84	84	84	84	84	84	84	84	84	84	84	84	84	84	84	83	83	83	84	84	84	84	84	84	84	84	84	84	84	83	83	83	83	83	83	84	84	84	84	84	83	83	84	84	84	84	84	84	84	84	84	84	83	84	84	84	84	84	84	84	84	84	84	84	84	84	83	84	84	83	84	84	83	84	84	83	84	84	84	84	84	84	84	84	84	84	84	84	84	84	84	84	84	84	84	84	84	84	84	84	84	84	84	84	84	84	84	84	84	84	84	84	84	84	84	84	84	84	84	84	84	84	84	84	84	84	84	84	84	84	84	84	84	84	84	84	84	84	84	83	83	83	84	84	84	84	84	84	84	84	84	84	84	83	83	83	84	84	84	84	84	84	84	84	84	84	84	84	84	84	84	84	84	84	84	84	84	84	84	84	84	84	84	84	84	84	84	84	84	84	84	84	84	84	84	84	84	84	84	84	84	84	84	84	83	83	83	83	83	83	83	83	83	83	83	83	83	84	84	84	83	84	84	84	84	84	84	84	84	84	84	84	84	84	84	84	84	84	84	84	84	84	84	84	84	84	84	84	84	84	84	84	84	84	84	84	84	84	84	84	84	84	84	84	84	84	84	84	84	84	84	84	84	83	83	83	83	83	83	83	83	83	83	83	83	83	83	83	84	84	84	83	83	83	83	84	84	84	83	84	84	84	84	84	84	84	84	84	84	84	84	84	84	84	84	84	84	84	84	84	84	84	84	84	84	84	84	84	84	84	84	84	84	84	84	84	84	84	84	84	84	84	84	84
84	84	83	83	83	83	83	84	84	84	84	83	83	83	83	83	83	83	83	83	83	83	83	83	84	84	84	84	84	84	84	84	84	84	84	83	83	83	83	83	83	83	83	83	83	83	84	83	83	83	83	83	83	82	82	83	83	83	83	83	83	83	83	83	83	83	83	83	83	83	83	83	83	83	83	83	83	83	83	83	84	84	84	84	84	84	84	84	83	83	83	83	83	83	83	83	84	84	84	84	83	83	84	84	84	84	83	83	83	83	83	83	83	83	83	83	83	83	83	84	83	83	83	84	84	83	83	83	83	83	83	83	83	83	83	83	83	83	83	83	83	83	83	83	83	83	83	83	83	83	83	83	83	83	83	83	83	83	83	83	83	83	83	83	83	83	83	83	84	84	84	84	84	84	84	84	84	84	84	84	84	84	84	84	84	84	84	84	84	84	84	84	84	83	84	84	83	84	84	84	84	84	83	84	84	84	84	84	84	84	83	84	84	84	84	84	84	84	84	84	84	84	84	84	84	84	84	83	84	84	84	84	84	84	84	84	84	84	84	84	84	84	84	84	84	84	84	84	84	84	84	84	84	84	83	84	84	84	83	84	84	84	84	83	83	83	84	84	84	84	84	84	83	83	84	84	84	84	84	84	84	84	84	84	84	84	84	84	84	84	84	84	84	84	84	84	84	84	84	84	84	84	84	84	84	84	84	84	84	84	84	83	83	83	84	84	84	84	84	84	84	84	84	84	84	83	83	83	83	83	83	84	84	84	84	84	83	83	83	84	84	84	84	84	84	84	84	84	83	84	84	84	84	84	84	84	84	84	84	84	84	84	84	84	83	83	84	83	83	84	84	83	84	84	84	84	84	84	84	83	83	83	84	84	84	84	84	84	84	84	84	84	84	84	84	84	84	84	84	84	84	84	84	84	84	84	84	84	84	84	84	84	84	84	84	84	84	84	84	84	84	84	84	84	84	84	84	84	84	84	84	84	84	84	84	83	83	83	84	84	84	84	84	84	84	84	84	84	84	83	83	84	84	84	84	84	84	84	84	84	84	84	84	84	84	84	84	84	84	84	84	84	84	84	84	84	84	84	84	84	84	84	84	84	84	84	84	84	84	84	84	84	84	84	84	84	84	84	84	84	83	83	83	83	83	83	83	83	83	83	83	84	83	84	84	84	84	84	84	84	84	84	84	84	84	84	84	84	84	84	84	84	84	84	84	84	84	84	84	84	84	84	84	84	84	84	84	84	84	84	84	84	84	84	84	84	84	84	84	84	84	84	84	84	84	84	84	84	84	83	83	83	83	83	83	83	83	83	83	83	83	83	83	83	84	84	84	83	83	83	83	83	84	84	84	84	84	84	84	83	84	84	84	84	84	84	84	84	84	83	84	84	84	84	84	83	83	83	84	84	84	84	84	84	84	84	84	84	84	84	84	84	84	84	84	84	84	84	84	84
84	84	83	83	83	83	83	84	84	84	84	83	83	83	83	83	83	83	83	83	83	83	83	83	84	84	84	84	84	84	84	84	84	84	84	83	83	83	83	83	83	83	83	83	83	83	84	83	83	83	83	83	83	83	82	83	83	83	83	83	83	83	83	83	83	83	83	83	83	83	83	83	83	83	83	83	83	83	83	83	84	84	84	84	84	84	84	84	83	83	83	83	83	83	83	83	84	84	84	84	83	83	84	84	84	84	83	83	83	83	83	83	83	83	83	83	83	83	83	84	83	83	83	84	84	83	83	83	83	83	83	83	83	83	83	83	83	83	83	83	83	83	83	83	83	83	83	83	83	83	83	84	84	84	83	83	83	83	83	83	83	83	83	83	83	83	83	83	84	84	84	84	84	84	84	84	84	84	84	84	84	84	84	84	84	84	84	84	84	84	84	84	84	83	84	84	83	84	84	84	84	84	83	84	84	84	84	84	84	84	83	84	84	84	84	84	84	84	84	84	84	84	84	84	84	84	84	84	84	84	84	84	84	84	84	84	84	84	84	84	84	84	84	84	84	84	84	84	84	84	84	84	84	84	83	84	84	84	83	84	84	84	84	83	83	83	84	84	84	84	84	84	83	83	84	84	84	84	84	84	84	84	84	84	84	84	84	84	84	84	84	84	84	84	84	84	84	84	84	84	84	84	84	84	84	84	84	84	84	84	84	84	84	84	84	84	84	84	84	84	84	84	84	84	84	84	83	83	83	83	83	84	84	84	84	84	83	83	84	84	84	84	84	84	84	84	84	84	83	84	84	84	84	83	83	83	84	84	84	84	84	84	84	84	84	83	84	84	83	84	84	83	84	84	84	84	84	84	83	83	83	83	84	84	84	84	84	84	84	84	84	84	84	84	84	84	84	84	84	84	84	84	84	84	84	84	84	84	84	84	84	84	84	84	84	84	84	84	84	84	84	84	84	84	84	84	84	83	83	84	84	84	84	84	84	83	83	83	84	84	84	84	84	84	84	84	84	84	84	84	84	84	84	84	84	84	84	84	84	84	84	84	84	84	84	84	84	84	84	84	84	84	84	84	84	84	84	84	84	84	84	84	84	84	84	84	84	84	84	84	84	84	84	84	84	84	84	84	84	84	83	83	83	83	83	83	83	83	83	83	83	84	83	84	84	84	84	84	84	84	84	84	84	84	84	84	84	84	84	84	84	84	84	84	84	84	84	84	84	84	84	84	84	84	84	84	84	84	84	84	84	84	84	84	84	84	84	84	84	84	84	84	84	84	84	84	84	84	84	83	83	83	83	83	83	83	83	83	83	83	83	83	83	83	84	84	84	83	83	83	83	83	84	84	84	84	84	84	84	83	84	84	84	84	84	84	84	84	83	83	84	84	84	84	84	83	83	83	84	84	84	84	84	84	84	84	84	84	84	84	84	84	84	84	84	84	84	84	84	84
84	84	84	84	83	83	83	83	83	83	84	83	84	83	83	83	83	83	83	83	83	83	83	83	83	83	83	84	84	84	84	84	84	84	84	84	83	83	83	83	83	83	83	83	83	83	83	83	83	83	83	83	83	83	83	83	83	83	83	83	83	83	83	83	83	83	83	83	83	83	83	83	83	83	83	83	83	83	83	83	83	84	84	84	84	84	83	83	83	83	83	83	83	83	83	83	83	84	84	84	83	83	84	84	84	84	83	83	83	83	83	83	84	83	83	83	84	83	83	83	83	83	83	83	84	83	83	83	83	83	83	83	84	84	84	84	84	84	84	84	83	83	83	83	83	83	83	84	83	83	83	83	83	83	83	83	83	83	83	83	83	83	83	83	83	83	83	83	83	83	84	84	84	84	84	84	84	84	84	84	84	84	84	84	84	84	84	84	84	84	84	84	84	84	84	84	84	84	84	84	84	84	84	84	84	84	84	84	84	84	84	84	84	84	84	84	84	84	84	84	84	84	83	83	84	84	84	84	84	84	84	84	84	84	84	84	84	84	84	83	84	84	84	84	83	83	84	84	84	84	84	84	83	83	83	83	83	83	83	83	83	83	83	83	83	83	84	84	84	84	84	84	84	84	84	84	83	84	84	84	84	84	84	84	84	84	83	83	84	84	84	84	83	83	84	84	84	84	84	84	84	83	83	84	84	84	84	84	84	84	84	84	84	84	84	84	84	84	84	84	84	84	84	84	84	84	84	84	84	84	84	84	84	84	83	83	84	84	84	84	84	84	84	84	84	84	84	84	84	84	84	84	84	83	83	83	84	84	84	84	84	84	84	84	83	83	84	84	84	84	84	84	84	84	84	83	83	83	83	84	84	84	84	84	83	83	84	84	84	84	84	84	84	84	84	84	83	83	84	84	84	84	84	84	84	84	84	84	84	84	84	84	84	84	84	83	84	83	84	84	84	83	83	83	83	83	84	84	84	84	84	83	84	84	84	84	84	84	83	83	84	84	83	84	84	83	84	84	84	84	84	84	84	84	84	84	84	84	84	84	84	84	84	83	83	83	84	84	84	83	83	83	83	83	84	84	84	84	84	84	84	84	84	84	84	84	84	84	84	84	84	84	84	84	83	83	83	83	83	83	83	83	83	83	83	83	83	83	84	84	84	83	84	84	84	84	84	84	84	84	84	84	84	84	84	84	84	84	84	84	84	84	84	84	84	84	84	84	84	84	84	84	84	84	84	84	84	84	84	84	84	84	84	84	84	84	84	84	84	84	84	84	84	84	84	84	84	84	84	84	84	84	84	84	83	83	83	83	83	83	83	83	83	83	84	84	84	84	84	84	83	83	84	84	84	84	84	84	84	84	84	84	84	84	84	84	84	83	83	83	84	84	84	83	83	83	83	83	84	84	84	84	84	84	84	84	84	84	84	84	84	84	84	84	84	83	83	84	84	84
84	83	84	84	83	83	83	83	83	83	84	83	84	83	83	83	83	83	83	83	83	83	83	83	83	83	83	84	84	84	84	84	84	84	84	84	83	83	83	83	83	83	83	83	83	83	83	83	83	83	83	83	83	83	83	83	83	83	83	83	83	83	83	83	83	83	83	83	83	83	83	83	83	83	83	83	83	83	83	83	83	84	84	84	84	84	83	83	83	83	83	83	83	83	83	83	83	84	84	84	83	83	84	84	84	84	83	83	84	83	83	83	84	83	83	83	84	83	83	83	83	83	83	83	84	83	83	83	83	83	83	83	83	83	83	83	83	83	84	83	83	83	83	83	83	83	83	83	83	83	83	83	83	83	83	83	83	83	83	83	83	83	83	83	83	83	84	83	83	83	83	84	84	83	84	84	84	84	84	83	84	84	84	84	84	84	83	84	84	84	84	84	84	84	84	84	84	84	84	84	84	84	84	84	84	84	84	84	84	84	84	84	84	84	84	84	83	84	84	84	84	84	83	84	84	84	84	84	84	84	84	84	84	84	84	84	84	84	84	84	84	84	84	84	83	83	84	84	84	84	84	84	83	83	83	83	83	83	83	83	83	83	83	83	83	83	84	84	84	84	84	84	84	84	84	83	83	84	84	84	84	84	84	84	84	84	83	83	84	84	84	84	83	83	84	84	84	84	84	84	84	83	83	84	84	84	84	84	84	84	84	84	84	84	84	84	84	84	84	83	84	84	83	84	84	84	84	84	84	84	84	84	84	84	83	83	84	84	84	83	83	83	83	83	83	84	84	84	84	84	84	84	84	83	83	83	84	84	84	84	84	84	84	84	83	83	84	84	84	84	84	84	84	84	83	83	83	83	83	84	84	84	84	84	83	83	84	84	84	84	84	84	84	84	84	84	83	83	84	84	84	84	84	84	84	84	84	84	84	84	84	84	84	84	84	83	84	83	83	83	83	83	83	83	84	84	84	84	84	84	84	83	84	84	84	84	84	84	83	83	83	83	83	84	84	84	84	84	84	84	84	83	84	84	84	84	84	84	84	84	84	84	84	83	83	83	84	84	84	84	84	83	83	83	83	84	84	84	84	84	84	84	84	84	84	84	84	84	84	84	84	84	84	84	83	83	83	83	83	83	83	83	83	83	83	83	83	83	84	84	84	83	84	84	84	84	84	84	84	84	84	84	84	84	84	84	84	84	84	84	84	84	84	84	84	84	84	84	84	84	84	84	84	84	84	84	84	84	84	84	84	84	84	84	84	84	84	84	84	84	84	84	84	84	84	84	84	84	84	84	84	84	84	84	83	83	83	83	83	83	83	83	83	83	84	84	84	84	84	84	83	83	83	84	84	84	84	84	84	84	84	84	84	84	84	84	84	84	84	84	84	84	84	83	83	83	83	83	84	84	84	84	84	84	84	84	84	84	84	83	84	84	84	84	84	83	83	84	84	84
84	83	84	84	83	83	83	83	83	83	84	83	84	83	83	83	83	83	83	83	83	83	84	84	83	83	83	84	84	84	84	84	84	84	84	84	83	83	83	83	83	83	83	83	83	83	83	83	83	83	83	83	83	83	83	83	83	83	83	83	83	83	83	83	83	83	83	83	83	83	83	83	83	83	83	83	83	83	83	83	83	84	84	84	84	84	83	83	83	83	83	83	83	83	83	83	84	84	84	84	83	83	84	84	84	84	83	83	83	83	83	84	84	83	83	83	83	83	83	83	83	83	83	83	84	83	83	83	83	83	83	83	83	83	83	83	83	83	83	83	83	83	83	83	83	83	83	83	83	83	83	83	83	83	84	84	84	84	84	84	84	83	83	83	83	84	84	84	83	83	83	84	84	83	84	84	84	84	84	83	83	84	84	84	84	84	84	84	84	84	84	84	84	84	84	84	84	84	84	84	84	84	84	84	84	84	84	84	84	84	84	84	84	84	84	84	83	84	84	84	84	84	84	84	84	84	84	84	84	84	84	84	84	84	84	84	84	84	84	84	84	84	84	84	83	83	84	84	84	84	84	84	83	83	83	83	83	83	83	83	83	83	83	83	83	83	84	84	84	84	84	84	84	84	84	83	83	84	84	84	84	84	84	84	84	84	83	83	84	84	84	84	84	84	84	84	84	84	84	84	84	84	84	84	84	84	84	84	84	84	84	84	84	84	84	84	84	84	84	84	84	84	83	84	84	84	84	84	84	84	84	84	84	84	83	83	84	84	84	84	84	84	83	83	83	83	83	83	84	84	84	84	84	84	83	83	84	84	83	84	84	84	84	84	83	83	84	84	84	84	84	84	84	84	83	83	83	83	83	84	84	84	84	84	83	83	84	84	84	84	84	84	84	84	84	84	83	83	83	84	84	84	84	84	84	84	84	84	84	84	84	84	84	84	84	83	84	83	83	83	83	83	84	84	84	84	84	84	84	84	84	84	84	84	84	84	84	84	84	83	83	83	83	83	84	84	84	84	84	84	84	83	83	83	84	84	84	84	84	84	84	84	84	83	83	84	84	84	84	84	84	83	83	83	84	84	84	84	84	84	84	84	84	84	84	84	84	84	84	84	84	84	84	84	83	83	83	83	83	83	83	83	83	83	83	83	83	83	84	84	84	83	84	84	84	84	84	84	84	84	84	84	84	84	84	84	84	84	85	85	84	84	84	84	84	84	84	84	84	84	84	84	84	84	84	84	84	84	84	84	84	84	84	84	84	84	84	84	84	84	84	84	84	84	84	84	84	84	84	84	84	84	84	84	83	83	83	83	83	83	83	83	83	83	84	84	84	84	84	84	83	83	83	83	83	84	84	84	84	84	84	84	84	84	84	84	84	84	84	84	84	84	84	83	83	83	83	83	83	83	83	84	84	84	84	84	84	84	84	84	84	84	84	84	84	83	83	84	84	84
84	83	83	83	83	83	83	83	83	83	83	83	83	84	83	83	83	83	83	83	83	84	84	84	84	84	84	83	83	83	84	84	84	83	83	83	83	83	83	83	83	83	83	83	83	83	83	83	83	83	83	83	83	83	83	83	83	83	83	83	83	83	83	83	83	83	83	83	83	83	83	83	83	84	83	83	83	83	84	84	84	84	84	84	84	83	84	84	84	83	83	83	83	83	83	84	84	84	84	84	83	83	84	83	84	84	83	83	83	83	83	83	84	83	83	83	83	83	83	83	83	83	83	83	83	83	84	84	83	83	83	83	83	83	83	83	83	83	83	83	83	83	83	83	83	84	84	84	83	83	83	83	83	83	83	83	83	83	83	83	83	83	83	83	83	83	84	84	84	84	83	83	83	83	84	84	84	84	84	84	84	84	84	84	84	84	84	84	84	84	84	84	84	84	84	84	84	84	84	84	84	84	84	84	84	84	84	84	84	84	84	84	84	83	83	83	83	84	84	84	84	84	84	84	84	84	84	84	84	84	83	83	83	83	84	84	84	84	83	83	83	83	83	83	83	83	84	84	83	83	83	83	83	83	83	83	83	83	83	83	83	83	83	83	83	83	84	84	84	84	84	84	83	83	84	84	84	84	84	84	83	83	83	83	83	83	83	84	84	84	84	84	84	84	84	84	84	84	83	83	83	83	83	83	83	83	84	84	84	84	84	84	84	84	84	84	84	84	84	84	84	83	84	84	83	84	84	84	84	84	84	83	84	84	84	84	84	83	83	83	83	83	83	83	83	83	84	83	84	84	84	84	84	84	83	83	84	84	84	84	84	84	84	84	83	83	83	84	84	84	84	84	84	83	83	83	83	83	83	83	83	83	84	84	83	83	83	84	84	84	84	84	84	84	84	84	83	83	83	83	83	83	83	83	84	84	84	84	84	84	83	84	83	83	83	84	83	83	84	84	84	84	84	84	84	84	84	84	84	84	84	84	84	84	84	84	84	84	84	84	83	83	83	83	84	83	84	84	84	84	84	84	84	84	84	83	83	83	83	83	83	84	84	84	84	84	84	84	84	84	84	83	83	83	84	84	84	84	84	84	83	83	83	84	84	84	84	84	84	84	84	84	84	83	83	83	83	83	83	83	83	84	83	83	83	83	83	83	83	83	83	83	84	83	84	84	84	84	84	84	84	84	84	84	84	84	84	84	84	84	84	84	84	84	84	84	84	84	84	84	84	84	84	84	84	84	84	84	84	84	84	84	84	84	84	84	84	84	84	84	84	84	84	84	84	84	84	84	84	84	84	84	84	83	83	83	83	83	83	83	83	83	83	83	83	83	83	83	83	83	83	83	83	83	83	84	84	84	84	84	84	83	83	83	83	83	83	83	83	83	84	84	83	83	83	83	83	83	83	83	83	83	83	84	84	84	84	84	84	84	84	84	84	84	84	84	84	84	84	84
83	83	83	83	83	83	83	83	83	83	83	83	83	84	83	83	83	83	83	83	83	84	84	84	84	84	84	83	83	83	84	84	84	83	83	83	83	83	83	83	83	83	83	83	83	83	83	83	83	82	82	82	83	83	83	83	83	83	83	83	83	83	83	83	83	83	83	83	83	83	83	83	83	83	83	83	83	83	84	84	84	84	84	84	84	83	84	84	84	83	83	83	83	83	83	84	84	84	84	84	83	83	84	83	84	84	83	83	83	83	83	84	84	83	83	83	83	83	83	83	83	83	83	83	83	83	84	84	83	83	83	83	83	83	83	83	83	83	83	83	83	83	83	83	83	83	83	83	83	83	83	83	83	83	83	83	83	83	83	83	83	83	83	83	83	83	83	83	83	83	83	83	83	83	83	83	84	84	84	84	84	84	84	84	84	84	84	84	84	84	84	84	84	84	84	84	84	84	84	84	84	84	84	84	84	84	84	84	84	84	84	84	84	83	83	83	83	84	84	84	84	84	84	84	84	84	84	84	84	84	83	83	83	84	84	84	84	84	83	83	83	83	83	83	83	83	84	84	83	83	83	83	83	83	83	83	83	83	83	83	83	83	83	83	83	83	84	84	84	84	84	84	84	84	84	84	84	84	84	84	83	83	83	83	83	83	83	84	84	84	84	84	84	84	84	84	84	83	83	83	83	83	83	83	83	83	84	84	84	84	84	84	84	84	84	84	84	84	84	84	84	83	84	84	83	84	84	84	84	84	84	83	84	84	84	84	84	83	83	83	83	83	83	83	83	83	84	83	84	84	84	84	84	84	84	84	84	84	84	84	84	84	84	84	84	84	84	84	84	84	84	84	84	83	83	83	83	83	83	83	83	83	84	84	83	83	83	84	84	84	84	84	84	84	84	84	83	83	83	83	83	83	83	83	84	84	84	83	83	83	83	84	83	83	83	83	83	83	84	84	84	84	84	84	84	84	84	84	84	84	84	84	84	84	84	84	84	84	84	84	83	83	83	83	84	83	84	84	84	84	84	84	84	84	84	83	83	83	83	83	83	84	84	84	84	84	84	84	84	84	84	84	83	83	84	84	84	83	84	84	84	84	84	84	84	84	84	84	84	84	84	84	84	83	83	83	83	83	83	83	83	84	83	83	83	83	83	83	83	83	83	83	84	83	84	84	84	84	84	84	84	84	84	84	84	84	84	84	84	84	84	84	84	84	84	84	84	84	84	84	84	84	84	84	84	84	84	84	84	84	84	84	84	84	84	84	84	84	84	84	84	84	84	84	84	84	84	84	84	84	84	84	84	83	83	83	83	83	83	83	83	83	83	83	83	83	83	83	83	83	83	83	84	84	84	84	84	84	84	84	84	83	83	83	83	83	83	83	83	83	84	84	83	83	83	83	83	83	83	83	84	83	83	84	84	84	84	84	84	83	84	84	84	84	84	84	84	84	84	84
83	83	84	84	84	84	84	84	84	84	83	83	83	84	84	84	83	83	83	83	83	84	84	84	84	84	84	83	83	83	84	84	84	83	83	83	83	83	83	83	83	83	83	83	83	83	83	83	83	83	83	82	83	83	83	83	83	83	83	83	83	83	83	83	83	83	83	83	83	83	83	83	83	83	83	83	83	83	84	84	84	84	83	84	84	83	84	84	84	84	83	84	83	83	84	84	84	84	84	84	84	84	84	84	84	84	83	83	83	83	83	83	84	83	83	83	83	83	83	83	83	83	83	83	83	83	84	84	83	83	83	83	83	83	83	83	83	83	83	83	83	83	84	84	84	83	83	83	83	83	83	83	83	83	83	83	83	83	83	83	83	83	83	83	83	83	83	83	83	83	83	83	83	83	83	83	83	83	84	84	84	84	84	84	84	84	84	84	84	84	84	84	84	84	84	84	84	84	84	84	84	84	84	84	84	84	84	84	84	84	84	84	84	83	83	83	84	84	84	84	84	84	84	84	84	84	84	84	84	84	83	84	84	84	84	84	84	84	83	83	83	83	83	83	83	83	84	84	83	83	83	83	83	83	83	83	83	83	83	83	83	83	83	83	83	83	84	84	84	84	84	84	84	84	84	84	84	84	84	84	83	83	83	84	84	84	83	83	84	84	84	84	84	84	84	84	84	83	83	83	84	84	84	84	83	83	84	84	84	84	84	84	84	84	84	84	84	84	84	84	84	83	84	84	83	84	84	84	84	84	84	84	84	84	84	84	84	84	84	84	84	84	84	84	84	84	84	84	84	84	84	84	84	84	84	84	84	84	84	84	84	84	84	84	84	84	84	84	84	84	84	84	84	83	83	83	83	83	83	83	83	83	84	84	83	83	83	84	84	84	84	84	84	84	84	83	83	83	83	83	83	83	83	83	83	84	84	83	83	83	83	84	83	83	83	83	83	83	84	84	84	84	84	84	84	84	84	84	84	84	84	84	84	84	84	84	84	84	84	84	83	83	83	83	84	83	84	84	84	84	84	84	84	84	83	83	83	83	83	83	83	84	84	84	84	84	84	84	84	84	84	83	83	83	83	83	83	83	84	84	84	84	84	84	84	84	84	84	84	84	84	84	83	83	83	83	83	83	83	83	83	83	83	83	83	83	83	83	83	83	83	84	84	84	84	84	84	84	84	84	84	84	84	84	84	84	84	84	84	84	84	84	84	84	84	84	84	84	84	84	84	84	84	84	84	85	85	84	84	84	84	84	84	84	84	84	84	84	84	84	84	84	84	84	84	84	84	84	84	84	84	84	84	83	83	83	83	83	83	83	83	83	83	83	83	83	83	83	83	83	83	83	84	84	84	84	84	84	84	84	84	83	84	84	84	84	84	83	83	83	84	84	83	83	83	83	83	83	83	84	84	83	83	83	84	84	84	84	84	83	83	84	84	84	84	84	84	84	84	84
84	83	84	84	84	84	84	84	84	84	84	83	83	84	84	84	83	83	83	84	84	84	84	84	84	84	84	84	84	84	84	84	83	83	83	83	82	82	83	83	83	83	83	83	83	83	83	83	83	83	83	83	83	83	83	83	83	83	83	83	83	83	83	83	84	83	83	83	83	83	83	83	83	83	84	84	84	83	83	83	83	83	83	83	84	84	84	84	84	84	84	84	84	84	84	84	84	84	84	84	84	84	84	84	84	84	83	83	83	83	83	83	83	84	83	83	83	83	83	83	84	84	84	83	83	83	83	83	83	83	83	84	84	84	83	83	83	83	83	83	83	84	84	84	84	83	83	83	83	83	84	84	84	84	84	84	84	83	83	83	83	83	83	83	83	84	84	84	84	84	84	83	83	83	83	83	83	84	84	84	84	84	84	84	84	84	84	84	84	84	84	84	84	84	84	84	84	84	84	84	84	84	84	84	84	84	84	84	84	83	84	84	84	84	84	84	84	84	84	84	84	84	84	84	83	83	83	83	83	84	84	84	84	84	84	84	84	83	84	84	84	83	83	83	84	84	84	84	84	83	83	83	83	83	83	83	83	83	83	83	84	83	83	83	83	83	83	83	83	83	83	83	83	83	83	83	83	83	83	83	83	83	83	84	84	84	83	83	83	83	83	83	83	83	83	83	83	83	83	83	83	83	83	84	84	83	83	83	84	84	84	84	84	84	84	84	84	84	84	84	84	84	84	84	84	84	84	84	84	84	84	84	84	84	84	84	84	84	84	84	84	84	84	84	84	84	84	84	84	84	84	84	84	84	84	84	84	84	84	84	84	84	83	83	83	83	83	84	84	84	84	84	84	83	83	83	83	83	83	83	83	83	84	84	83	83	83	84	84	84	83	83	83	83	83	83	83	83	83	83	83	83	83	83	83	83	83	84	84	84	83	83	83	83	83	83	84	84	83	83	83	84	84	84	83	83	84	84	84	84	84	84	83	83	83	84	84	84	83	83	83	83	83	83	84	84	84	84	84	84	84	83	83	83	83	83	83	84	84	84	83	84	84	84	84	84	84	84	84	84	84	83	83	83	83	83	83	84	84	84	83	83	84	84	84	83	83	83	84	84	84	83	83	83	83	83	83	83	83	83	83	83	83	83	83	83	83	84	83	83	83	84	84	84	84	84	84	84	84	84	84	84	84	84	84	84	84	84	84	84	84	84	84	84	84	84	84	84	84	84	84	84	84	84	84	85	85	84	84	84	84	84	84	84	84	84	84	84	84	84	84	84	84	84	84	84	84	84	84	83	84	84	84	83	83	83	83	83	83	83	83	83	83	83	83	83	83	83	83	83	83	83	83	83	83	84	84	84	83	83	83	83	84	84	84	84	84	84	83	84	84	84	83	83	83	84	83	83	84	84	84	84	83	83	83	83	84	84	84	84	84	84	84	84	84	84	84	84	84	84
84	83	84	84	84	84	84	84	84	84	84	83	83	84	84	84	83	83	83	84	84	84	83	83	83	83	83	83	83	83	83	83	83	83	83	83	83	83	83	83	83	83	83	83	83	83	83	83	83	83	83	83	83	83	83	83	82	82	83	83	83	83	83	83	84	83	83	83	83	83	83	83	83	83	83	84	84	83	83	83	83	83	83	83	84	84	84	84	84	84	84	84	84	84	84	84	84	84	84	84	84	84	84	84	84	84	83	83	83	83	83	83	83	84	83	83	83	83	83	83	84	84	84	83	83	83	83	83	83	83	83	84	84	84	83	83	83	83	83	83	83	84	84	84	84	83	83	83	83	83	83	84	84	84	84	84	84	84	84	83	83	83	84	84	84	84	84	83	83	83	83	83	83	83	83	83	83	83	83	84	84	84	84	84	84	84	84	84	84	84	84	84	84	84	84	84	84	84	84	84	84	84	85	85	84	84	84	84	84	83	84	84	84	84	84	84	84	84	84	84	84	84	84	84	83	83	83	84	84	84	84	84	84	84	84	84	84	83	84	84	84	83	83	83	84	84	84	84	84	83	83	83	84	84	84	83	83	83	83	83	84	83	83	83	83	83	83	83	83	83	83	83	83	83	83	83	83	83	83	83	83	83	83	84	84	84	83	83	83	83	83	83	83	83	83	83	83	83	83	83	83	83	83	84	84	83	83	83	84	84	84	84	84	84	84	84	84	84	84	84	84	84	84	84	84	84	84	84	84	84	84	84	84	84	84	84	84	84	84	84	84	84	84	84	84	84	84	84	84	84	84	84	84	84	84	84	84	84	84	84	84	84	83	83	83	83	83	84	84	84	84	84	84	83	83	83	83	83	83	84	84	84	84	84	83	83	83	84	84	84	83	83	83	83	83	83	83	83	83	83	83	83	84	84	84	84	84	84	84	84	83	83	83	83	83	83	84	84	83	83	83	84	84	84	83	83	84	84	84	84	84	84	83	83	83	84	84	84	83	83	83	83	83	83	84	84	84	84	84	84	84	83	83	83	83	83	83	84	84	84	83	84	84	84	84	84	84	84	84	84	84	83	83	83	83	83	83	84	84	84	83	83	83	84	84	83	83	83	84	84	84	83	83	83	83	83	83	83	83	83	83	83	83	83	83	83	83	84	83	83	83	84	84	84	84	84	84	84	84	84	84	84	84	84	84	84	84	84	84	84	84	84	84	84	84	84	84	84	84	84	84	84	84	84	84	85	85	84	84	84	84	84	84	84	84	84	84	84	84	84	84	84	84	84	84	84	84	84	84	83	84	84	84	83	83	83	83	83	83	83	83	83	83	83	83	83	83	83	83	83	83	83	83	83	83	83	83	83	83	83	83	83	84	84	84	84	84	84	83	84	84	84	83	83	83	84	83	83	84	84	84	84	83	83	83	83	84	84	84	84	84	84	84	84	84	84	84	84	84	84
84	84	84	84	84	84	84	84	84	84	84	84	84	84	84	84	83	83	83	84	84	83	83	83	83	83	83	83	83	83	83	83	83	83	83	83	83	83	83	83	83	83	83	83	83	83	83	83	83	83	83	83	83	82	82	83	83	83	83	83	83	84	83	83	83	83	83	83	83	83	83	83	83	83	83	84	83	83	83	83	83	83	83	83	84	84	83	83	83	84	84	84	84	84	84	83	84	84	84	84	84	84	84	84	84	84	83	83	83	83	83	83	83	83	83	83	83	83	83	83	83	83	83	84	84	84	84	84	83	83	83	84	84	84	83	83	83	83	83	83	83	83	83	83	83	83	83	83	83	83	83	84	84	84	83	83	84	84	84	83	83	83	84	84	84	84	84	84	83	84	83	83	83	83	83	83	83	83	83	84	84	84	84	84	84	84	84	84	84	84	84	84	84	84	84	84	84	84	84	84	84	84	84	84	84	84	84	84	84	84	84	84	84	84	84	84	84	84	84	84	84	84	84	84	84	84	84	84	84	84	84	84	84	84	84	84	84	83	83	83	83	83	83	84	84	84	84	84	84	84	84	84	83	83	83	83	83	83	83	83	83	84	84	83	83	83	83	83	84	84	83	83	83	83	83	83	83	83	83	83	83	83	83	83	83	83	83	83	83	83	83	83	83	83	83	83	83	83	83	83	83	83	83	83	83	83	84	84	84	84	84	84	84	84	84	84	84	84	84	84	84	84	84	84	84	84	84	84	84	84	84	84	84	84	83	83	84	84	84	84	84	84	84	84	84	84	84	84	84	84	84	84	84	84	84	84	84	84	84	84	84	83	83	83	83	84	84	84	84	84	84	84	83	83	83	83	84	84	84	84	84	84	84	84	83	83	83	83	83	83	83	83	83	83	83	83	83	83	83	83	83	84	84	84	84	84	84	84	84	84	84	84	83	83	84	84	84	84	83	83	83	84	84	84	84	84	84	84	84	84	84	84	84	84	84	83	83	83	83	83	83	83	83	83	83	83	84	84	84	84	84	83	84	83	83	84	84	84	84	84	84	84	84	83	83	83	84	84	83	83	84	83	83	84	84	84	84	84	84	84	83	84	84	84	84	84	84	84	84	84	84	83	83	83	83	83	83	83	83	83	83	83	83	83	83	83	83	83	83	83	84	84	84	84	84	84	84	84	84	84	84	84	84	84	84	84	84	84	84	84	84	84	84	84	84	84	84	84	84	84	84	84	84	84	84	84	84	84	84	84	84	84	84	84	84	84	85	85	84	84	84	84	84	84	84	84	84	84	84	84	84	84	84	83	83	83	83	83	83	83	83	83	83	83	83	83	83	83	83	83	83	83	83	83	83	83	83	83	83	83	83	84	84	84	84	84	84	84	84	84	84	84	83	83	83	83	83	83	84	84	84	84	84	84	84	84	84	84	84	84	84	84	84	84	84	84	84	84	84	84
84	84	84	84	84	84	84	84	84	84	84	84	84	84	83	83	83	83	84	84	84	83	83	83	83	83	83	83	83	83	83	83	83	83	83	83	83	83	83	83	83	83	83	83	83	83	83	83	83	83	83	83	83	83	83	83	83	83	83	83	83	84	83	83	83	83	83	83	83	83	83	83	84	84	83	83	83	83	83	83	83	83	83	84	84	84	83	83	83	84	84	84	84	84	84	83	84	84	84	84	84	84	84	83	84	84	83	83	83	83	83	83	83	83	83	83	83	83	83	83	83	83	83	84	84	84	84	84	83	83	83	84	84	84	83	83	83	84	83	83	83	83	83	83	83	83	83	83	83	83	83	84	84	84	84	83	84	84	84	83	83	83	83	84	84	84	84	84	83	84	83	83	83	83	83	83	83	83	83	83	83	84	84	84	84	84	84	84	84	84	84	84	84	84	84	84	84	84	84	83	84	84	84	84	84	84	84	84	84	84	84	84	84	83	84	84	84	84	84	84	84	84	84	84	84	84	84	84	84	84	84	84	84	83	84	83	83	83	83	83	83	83	84	84	84	84	84	84	84	84	84	84	83	83	83	83	83	83	83	83	83	84	84	83	83	83	83	83	84	84	83	83	83	83	83	83	83	83	83	83	83	83	83	83	83	83	83	83	84	83	83	83	83	83	83	83	83	83	83	83	83	83	83	83	83	83	84	84	84	84	83	84	83	83	84	84	84	84	84	84	84	84	84	84	84	84	84	84	84	84	84	84	84	84	83	83	84	84	84	84	84	84	83	83	83	83	83	84	84	84	84	83	83	84	84	84	84	84	84	83	83	83	83	83	84	84	84	84	84	84	84	84	83	84	84	84	84	84	84	84	84	84	84	83	83	83	83	83	83	83	83	83	83	83	83	83	83	83	83	84	84	84	84	84	84	84	84	83	84	84	84	84	83	84	84	84	84	84	83	83	83	83	83	84	84	84	84	83	83	83	83	83	84	84	84	83	83	83	83	83	83	84	83	83	83	83	84	84	84	84	84	84	84	84	83	84	84	84	84	84	84	84	84	83	83	83	83	83	83	83	83	83	84	84	84	84	84	84	84	84	83	84	84	84	84	84	84	84	84	84	84	83	83	83	83	83	83	83	83	84	83	83	84	83	83	83	83	83	83	83	84	84	84	84	84	84	84	84	84	84	84	84	84	84	84	84	84	84	84	84	84	84	84	84	84	84	84	84	85	84	84	84	84	84	84	84	84	84	84	84	84	84	84	84	84	84	84	84	84	84	84	84	84	84	84	84	84	84	84	84	84	84	84	84	83	83	83	83	83	83	83	83	83	83	83	83	83	83	83	83	83	83	83	83	83	83	83	83	83	83	83	84	84	84	84	84	84	84	84	84	84	84	83	83	83	83	83	84	84	84	84	84	84	84	84	84	84	84	84	84	84	84	84	84	84	84	84	84	84	84
84	84	84	84	84	84	84	84	83	83	84	84	84	83	83	83	83	83	83	84	84	83	83	83	83	83	83	83	83	83	83	83	83	83	83	83	83	83	83	83	83	83	83	83	83	83	83	83	83	83	83	83	83	83	83	83	83	83	83	83	83	83	83	83	83	83	83	83	83	83	83	83	84	84	83	83	83	83	83	83	83	83	83	84	84	84	83	83	83	84	84	84	84	84	84	83	84	84	84	84	84	84	84	83	84	84	83	83	83	83	83	83	83	83	83	83	83	83	83	83	83	83	83	84	84	84	84	84	83	83	83	84	84	84	83	83	83	84	83	83	83	83	83	83	83	84	84	83	83	83	83	83	83	84	84	84	83	84	84	84	84	84	84	84	84	83	83	83	83	83	83	83	83	83	83	83	83	83	83	83	83	83	84	84	84	84	84	84	84	84	84	84	84	84	84	84	84	84	84	83	84	84	84	84	84	84	84	84	84	84	84	84	84	83	84	84	84	84	84	84	84	84	84	84	84	84	84	85	85	84	84	84	84	83	84	83	83	83	83	83	83	84	84	84	84	84	84	84	84	84	84	84	83	83	83	83	83	83	84	84	84	84	84	83	83	83	83	83	84	84	83	83	83	83	83	83	83	83	83	83	83	83	83	83	83	83	83	83	84	83	83	83	83	83	83	83	83	83	83	83	83	83	83	83	83	83	83	83	83	84	83	84	83	83	84	84	84	84	84	84	84	84	84	84	84	84	84	84	84	84	84	84	84	84	83	83	84	84	84	84	84	84	83	83	83	83	83	84	84	84	84	83	83	84	84	84	84	84	84	83	83	83	84	84	84	84	84	84	84	84	84	84	83	84	84	84	84	84	84	84	84	84	84	83	83	83	83	83	83	83	83	83	83	83	83	83	83	83	83	84	84	84	84	84	84	84	84	83	84	84	84	84	83	84	84	84	84	84	83	83	83	83	83	84	84	84	84	83	83	83	83	83	84	84	84	83	83	83	83	83	83	84	83	83	83	83	84	84	84	84	84	84	84	84	83	84	84	84	84	84	84	84	84	83	83	83	83	83	83	83	83	84	84	84	84	84	84	84	84	84	83	84	84	84	84	84	84	84	84	83	83	83	83	83	83	83	83	83	83	84	83	83	84	83	83	83	83	83	83	83	84	84	84	84	84	84	84	84	84	84	84	84	84	84	84	84	84	84	84	84	84	84	84	84	84	84	84	84	85	84	84	84	84	84	84	84	84	84	84	84	84	84	84	84	84	84	84	84	84	84	84	84	84	84	84	84	84	84	84	84	84	84	84	84	83	83	83	83	83	83	83	83	83	83	83	83	83	83	83	83	83	83	83	83	83	84	84	84	83	83	83	84	84	84	84	84	84	84	84	84	84	84	83	83	83	83	83	84	84	84	84	84	84	84	84	84	84	84	84	84	84	84	84	84	84	84	84	84	84	84
84	84	84	84	84	84	84	83	83	83	84	83	83	83	83	83	83	83	83	83	83	83	83	83	83	83	83	83	83	83	83	83	83	83	83	83	83	83	83	83	83	83	83	83	82	82	82	83	83	83	83	83	83	83	83	83	83	83	83	83	83	83	83	83	83	83	83	83	83	83	84	83	83	83	84	84	84	84	84	84	84	83	83	83	83	83	83	83	83	84	84	84	84	84	84	83	84	83	83	83	83	84	84	83	84	84	83	83	83	83	83	83	83	83	83	83	83	83	83	83	83	83	83	83	83	83	84	84	84	84	84	83	83	83	84	84	83	83	83	84	84	84	84	84	83	84	84	84	83	83	83	83	83	83	83	83	84	84	84	84	84	84	83	84	84	83	83	84	84	84	84	83	84	84	83	84	83	83	83	83	83	83	84	84	84	83	83	83	83	83	84	84	84	84	84	84	84	84	84	84	84	84	84	84	84	84	84	84	84	84	83	84	84	84	84	84	84	84	84	84	84	84	84	84	84	84	84	84	84	84	84	84	84	83	83	83	83	83	83	84	84	84	84	84	84	84	84	84	84	84	84	84	83	83	84	83	83	84	84	84	84	84	84	84	84	83	83	83	83	83	83	83	83	83	83	83	83	83	83	83	83	83	83	83	83	83	83	83	83	83	83	83	83	83	83	83	83	83	83	83	83	83	83	83	83	83	83	83	83	84	84	84	84	83	83	83	83	84	84	84	84	84	84	84	84	84	84	83	84	84	84	84	84	83	83	83	84	84	84	84	84	84	84	84	84	84	84	84	84	84	84	84	84	84	84	84	84	84	84	83	83	83	83	84	83	84	84	84	84	84	84	84	84	84	84	84	84	84	84	84	84	84	84	84	83	83	83	83	83	83	84	84	84	83	84	84	84	84	84	84	84	83	83	83	83	83	83	84	84	84	84	84	84	84	84	84	84	84	83	83	84	84	84	84	84	84	84	83	83	83	83	83	84	84	84	83	83	83	84	84	84	84	84	84	84	84	84	84	84	84	84	84	84	83	84	84	84	84	84	84	83	83	83	83	84	83	83	83	83	83	83	84	84	84	84	84	84	84	84	84	84	84	84	84	84	83	83	84	83	83	83	83	83	83	83	83	83	83	83	83	83	83	84	83	83	83	83	83	83	83	83	83	84	84	84	84	84	84	84	84	84	84	84	84	84	84	84	84	84	84	84	84	84	84	84	84	84	84	84	84	84	84	84	84	84	84	84	84	84	84	84	84	84	85	84	84	84	84	84	84	84	84	84	84	84	84	84	84	84	84	84	84	84	84	83	83	83	83	83	83	83	83	83	83	83	83	83	83	83	83	83	83	83	83	83	84	84	84	84	84	84	84	84	84	84	84	84	84	84	84	83	83	84	84	84	84	84	84	84	84	84	84	84	84	84	84	84	84	84	84	84	84	84	84	84	84	84	84	84	84
84	83	83	83	83	83	83	83	83	83	83	83	83	83	83	83	83	83	83	83	83	83	83	83	83	83	82	83	83	83	83	83	83	83	83	83	83	83	83	83	83	83	83	83	83	83	83	83	83	83	83	83	83	83	83	83	83	83	83	83	83	83	83	83	83	83	83	83	83	83	83	83	83	83	84	84	84	84	84	84	84	83	83	83	83	83	83	83	83	84	84	84	84	84	84	84	84	83	83	83	83	84	84	83	83	83	83	83	83	83	83	83	83	83	83	83	83	83	83	83	83	83	83	83	83	83	84	84	84	84	84	83	83	83	84	83	83	83	83	84	84	84	84	83	83	84	84	84	84	83	83	83	83	83	84	84	84	84	84	84	84	84	84	84	84	83	83	84	84	84	84	83	84	83	83	84	83	83	83	83	83	83	83	83	83	83	83	83	83	83	84	84	84	84	84	84	84	84	84	84	84	84	84	84	84	84	84	84	84	84	83	83	84	84	84	83	84	84	84	84	84	84	84	84	84	84	84	84	84	83	83	84	83	83	83	83	83	83	83	84	84	84	84	84	84	84	84	84	84	84	84	84	83	83	84	83	83	84	84	84	84	84	84	84	84	83	83	83	83	83	83	83	83	83	83	83	83	83	83	83	83	83	83	83	83	83	83	83	83	83	83	83	83	83	83	83	83	83	83	83	83	83	83	83	83	83	83	83	83	83	83	84	84	84	84	83	83	84	84	84	84	84	84	84	84	84	84	83	84	84	84	84	83	83	83	83	84	84	84	84	84	84	84	84	84	84	84	84	84	84	84	84	84	84	84	84	84	84	84	83	83	83	83	83	83	84	84	84	84	84	84	84	84	84	84	84	84	84	84	84	84	84	84	84	83	83	83	83	83	83	84	84	84	83	84	84	84	84	84	84	84	83	83	83	83	83	83	84	84	84	84	84	84	84	84	83	83	83	83	83	84	84	84	84	84	84	84	83	83	83	83	83	84	84	84	84	83	84	84	84	84	84	84	84	84	84	84	84	84	84	84	84	84	84	84	84	84	84	84	84	84	83	83	84	84	84	83	83	83	83	83	84	84	84	84	84	84	84	84	84	84	84	84	84	84	83	83	83	83	83	83	83	83	83	83	83	83	83	83	83	83	83	84	83	83	83	83	83	83	83	83	83	83	84	84	84	84	84	84	84	84	84	84	84	84	84	84	84	84	84	84	84	84	84	84	84	84	84	84	84	84	84	84	84	84	84	84	84	84	84	84	84	84	85	84	84	84	84	84	84	84	84	84	84	84	84	84	84	84	84	84	84	84	84	83	83	83	83	83	83	83	83	83	83	83	83	83	83	83	83	83	83	83	83	83	84	84	84	84	84	84	84	84	84	84	83	84	84	84	84	83	83	84	84	84	84	84	84	84	84	84	84	84	84	84	84	84	84	84	84	84	84	84	84	84	84	84	84	84	84
84	83	83	83	83	83	83	83	83	83	83	83	83	83	83	83	83	83	83	83	83	83	83	83	83	82	82	83	83	83	82	82	83	83	83	83	83	83	83	83	83	83	83	83	83	83	83	82	82	83	83	83	83	83	83	83	83	83	83	83	83	83	83	83	83	83	83	83	83	83	83	83	83	83	84	84	84	84	84	84	84	83	83	83	83	83	83	83	83	84	84	84	84	84	84	84	84	84	84	84	84	84	84	83	83	83	83	84	83	83	83	83	83	83	83	83	83	83	83	83	83	83	83	83	83	83	84	84	84	84	84	83	83	83	83	83	83	83	83	83	83	83	83	83	83	84	84	84	84	84	83	84	84	84	84	84	84	84	84	84	84	84	84	84	84	84	84	84	83	84	83	83	83	83	83	83	83	83	83	83	83	83	83	83	83	83	83	83	83	83	84	84	84	84	84	84	84	84	84	84	84	84	84	84	84	84	84	84	84	84	83	83	84	84	84	84	84	84	84	84	84	84	84	84	83	83	83	84	84	83	83	84	83	83	83	83	83	83	83	84	84	84	84	84	84	84	84	84	84	84	84	84	83	83	84	83	83	84	84	84	84	84	84	84	84	84	83	83	83	83	83	83	83	83	83	83	83	83	84	84	83	83	83	83	83	83	83	83	83	83	83	83	83	83	83	83	83	83	83	83	83	83	83	83	83	83	83	83	84	84	83	84	84	84	84	84	84	84	84	84	84	84	84	84	84	84	84	83	84	84	84	84	84	83	83	83	84	84	84	84	84	84	84	84	84	84	84	84	84	84	84	84	84	84	84	84	84	84	84	83	83	83	83	84	83	84	84	84	84	84	84	84	84	84	84	84	84	84	84	84	84	84	84	84	83	83	83	83	83	83	84	84	84	83	84	84	84	84	84	84	84	83	83	83	83	83	83	84	84	84	84	84	84	84	84	83	83	83	83	83	84	84	84	84	84	84	84	83	83	83	83	83	84	84	84	84	83	84	84	84	84	84	84	84	84	84	84	84	84	84	84	84	84	84	84	84	84	84	84	84	84	84	84	84	84	84	83	83	83	83	83	84	84	84	84	84	84	84	84	84	84	84	84	84	84	83	83	83	83	83	83	83	83	83	83	83	83	83	83	83	83	83	84	83	83	83	83	83	83	83	83	83	83	84	84	84	84	84	84	84	84	84	84	84	84	84	84	84	84	84	84	84	84	84	84	84	84	84	84	84	84	84	84	84	84	84	84	84	84	84	84	84	84	85	84	84	84	84	84	84	84	84	84	84	84	84	84	84	84	84	84	84	84	84	83	83	83	83	83	83	83	83	83	83	83	83	83	83	83	83	83	83	83	83	83	84	84	84	84	84	84	84	84	84	84	83	84	84	84	84	83	83	84	84	84	84	84	84	84	84	84	84	84	84	84	84	84	84	84	84	84	84	84	84	84	84	84	84	84	84
84	83	83	83	83	83	83	83	83	83	83	83	83	83	83	83	83	83	83	83	83	83	84	83	83	83	83	83	83	83	83	83	83	83	83	83	83	83	83	83	83	83	83	83	83	83	83	83	83	83	83	83	83	83	83	83	83	83	83	83	83	83	83	84	84	83	83	84	83	84	84	84	84	83	84	84	84	84	84	84	84	84	84	84	84	84	84	84	84	84	84	84	83	83	83	83	84	83	83	83	83	83	84	83	83	83	83	83	83	83	83	83	83	83	83	83	83	83	83	83	83	83	83	83	83	83	83	83	83	83	83	83	83	83	83	83	83	83	83	83	83	83	84	84	84	84	84	84	83	83	83	84	84	84	84	83	83	83	83	84	84	84	83	83	84	84	84	84	84	84	84	84	84	84	84	83	83	83	84	83	83	83	83	83	83	83	83	83	83	83	83	84	84	84	84	84	84	84	84	84	84	84	84	84	84	84	84	84	84	84	84	84	84	83	84	84	84	84	84	84	84	84	84	84	83	83	83	83	83	83	83	83	83	83	83	84	84	84	84	84	84	84	84	84	84	84	84	84	84	84	84	84	84	84	84	84	84	84	84	84	84	84	84	84	84	84	84	84	83	83	83	83	83	83	83	83	83	83	83	84	84	84	84	83	83	83	84	84	84	84	84	84	84	84	83	83	83	83	83	83	83	83	83	84	83	83	83	83	83	83	83	84	84	84	83	83	83	83	83	83	84	84	84	84	84	84	84	83	84	84	83	84	84	84	83	83	84	84	84	84	84	84	84	83	83	84	84	84	84	84	84	84	84	84	84	84	84	84	84	84	84	84	84	84	84	84	84	84	84	83	84	84	84	84	84	84	84	84	84	84	84	84	84	83	83	83	83	84	84	84	84	84	84	84	84	84	84	84	83	83	83	84	84	84	83	83	83	83	83	83	84	84	84	84	84	84	84	84	84	84	84	84	83	84	84	84	84	84	84	84	84	84	84	84	84	84	84	84	84	84	84	84	84	84	83	83	83	83	83	84	84	84	84	84	84	84	84	84	83	83	83	83	83	84	84	84	84	84	84	84	83	83	83	83	83	83	83	83	84	84	83	83	83	84	84	84	83	83	83	83	83	83	83	83	83	83	84	83	83	83	83	83	83	83	83	83	83	83	83	83	83	83	83	84	84	84	84	84	84	84	84	84	84	84	84	84	84	84	84	84	84	84	84	84	84	84	84	84	84	84	84	84	84	84	84	84	84	84	84	84	84	84	84	85	84	84	84	84	84	84	84	84	84	84	84	84	84	84	84	84	84	84	84	84	84	83	83	83	83	83	83	84	83	83	83	83	84	83	83	84	84	84	84	84	84	84	83	83	84	84	84	84	84	84	83	83	84	84	84	84	84	84	84	84	84	84	84	84	83	84	84	84	84	84	84	84	84	84	84	84	84	84	84	84	84	84	84	84	84	84
84	83	83	83	83	83	83	83	83	83	83	83	83	83	83	83	83	82	82	83	83	83	83	83	83	83	83	83	83	83	83	83	83	83	83	83	83	83	83	82	82	83	83	83	83	83	83	83	83	83	83	83	83	83	83	83	83	83	83	83	83	83	83	83	83	83	83	83	83	84	84	84	84	84	83	84	84	84	84	84	84	84	84	84	84	84	84	84	84	83	83	83	84	84	83	83	83	83	83	83	83	83	84	83	83	83	83	83	83	83	83	83	83	83	83	83	83	83	83	83	83	83	83	83	83	83	83	83	83	83	83	83	83	83	83	83	83	83	83	83	83	83	84	84	84	84	84	84	84	83	83	84	83	83	83	83	83	83	83	83	84	84	83	83	83	83	84	84	84	84	84	84	84	84	84	83	83	83	84	83	83	83	83	83	83	83	83	83	83	83	83	84	84	84	84	84	84	84	84	84	84	84	84	84	84	83	84	84	84	84	84	84	84	83	84	84	84	84	84	84	84	84	84	84	83	83	83	83	83	83	83	83	83	83	83	84	84	84	84	84	84	84	84	84	84	84	84	84	84	84	84	84	84	84	84	84	84	84	84	84	84	84	84	84	84	84	84	84	83	83	83	83	83	83	83	83	83	83	83	84	84	84	84	83	83	83	84	84	84	83	83	83	84	84	83	83	83	83	83	83	83	83	83	84	83	83	83	83	83	83	83	84	84	84	83	83	83	83	83	83	84	84	84	84	84	84	84	83	83	83	83	84	84	84	83	83	84	84	84	84	84	84	84	83	83	84	84	84	84	84	83	84	84	84	84	84	84	84	84	84	84	84	84	84	84	84	84	84	84	83	84	84	84	84	84	84	84	84	84	84	84	84	84	83	83	83	83	84	84	84	84	84	84	84	84	84	84	84	83	83	83	84	84	84	83	83	83	83	83	83	84	84	84	84	84	84	84	84	84	84	84	83	83	84	84	84	84	84	84	84	84	84	83	83	84	84	84	84	84	84	84	84	84	83	83	83	83	84	84	84	84	84	84	84	84	84	84	84	83	83	83	83	83	84	84	84	84	84	84	84	83	83	83	83	83	83	83	83	83	84	83	83	83	84	84	84	83	83	83	83	83	83	83	83	83	83	84	83	83	83	83	83	83	83	83	83	83	83	83	83	83	83	83	84	84	84	84	84	84	84	84	84	84	84	84	84	84	84	84	84	84	84	84	83	84	84	84	84	84	84	84	84	85	84	84	84	84	84	84	84	84	84	84	85	84	84	84	84	84	84	84	84	84	84	84	84	84	84	84	84	84	84	84	84	84	83	83	83	83	83	83	84	83	83	83	83	84	83	83	84	84	84	84	84	84	84	83	83	84	84	84	84	84	84	84	84	84	84	84	84	84	84	84	84	84	84	84	84	83	84	84	84	84	84	84	84	84	84	84	84	84	84	84	84	84	84	84	84	84	84
84	83	83	83	83	83	83	83	83	83	83	83	82	83	83	83	83	82	82	83	83	83	83	83	83	83	83	83	83	83	84	84	83	83	83	83	83	83	83	82	82	83	83	83	83	83	83	83	83	83	83	83	83	83	83	83	83	83	83	83	83	83	83	83	83	83	83	83	83	84	84	84	84	84	83	84	84	84	84	84	84	84	84	84	84	84	84	84	84	83	83	83	84	84	84	83	83	83	83	83	83	83	83	83	83	83	83	84	83	83	83	83	83	83	83	83	83	83	83	83	83	83	83	83	83	83	83	83	83	83	83	83	83	83	83	83	83	83	83	83	83	83	84	84	84	84	84	84	84	84	84	83	83	83	83	83	83	83	83	83	83	83	83	83	83	83	84	84	83	84	84	84	84	84	84	83	83	83	84	83	83	83	83	83	83	83	83	83	83	83	84	84	84	84	84	84	84	84	84	84	84	84	84	84	84	84	84	84	84	84	83	84	84	83	84	84	84	84	84	84	84	84	84	84	83	83	83	83	83	83	83	83	83	83	83	84	84	84	84	84	84	84	84	84	84	84	84	84	84	84	84	84	84	84	84	84	84	84	84	84	84	84	84	84	84	84	84	84	83	83	83	83	83	83	83	83	83	83	83	84	84	84	84	83	83	83	84	84	83	83	83	83	84	84	84	83	83	83	83	83	83	83	83	84	83	83	83	83	83	83	83	83	83	83	84	84	84	83	83	83	84	84	84	84	84	84	84	83	83	83	83	83	83	83	83	83	84	84	84	84	84	84	84	83	83	84	84	84	84	84	84	84	84	84	84	84	84	84	84	84	84	84	84	84	84	84	84	84	84	83	84	84	84	84	84	84	84	84	84	84	84	84	84	83	83	83	83	84	84	84	84	84	84	84	84	84	84	84	83	83	83	84	84	84	83	83	83	83	83	83	84	84	84	84	84	84	84	84	84	84	84	84	84	84	84	84	84	84	84	84	84	84	83	83	83	84	84	84	84	84	84	84	84	84	83	83	84	84	84	84	84	84	84	84	84	84	84	84	83	83	83	83	83	84	84	84	84	84	84	84	83	83	83	83	83	83	83	83	84	84	83	83	83	83	83	83	83	83	84	84	84	83	83	83	83	83	84	83	83	83	83	83	83	83	83	83	83	83	83	83	83	83	83	84	83	84	84	84	84	84	84	84	84	84	84	84	84	84	84	84	84	84	84	84	84	84	84	84	84	84	84	84	85	84	84	84	84	84	84	84	84	84	84	85	84	84	84	84	84	84	84	84	84	84	84	84	84	84	84	84	84	84	84	84	84	83	83	83	83	83	83	84	83	83	83	83	84	83	83	84	84	84	84	84	84	84	83	84	84	84	84	84	84	84	84	84	84	84	84	84	84	84	84	84	84	84	84	84	83	84	84	84	84	84	84	84	84	84	84	84	84	84	84	84	84	84	84	84	84	84
84	83	83	83	83	83	83	83	83	83	83	83	83	83	83	83	83	83	83	83	83	83	83	83	83	83	83	83	83	83	83	83	83	83	83	83	83	83	83	83	83	83	83	83	83	83	83	83	83	83	83	83	83	83	83	83	83	83	84	84	84	84	84	84	84	84	84	84	84	84	84	84	84	84	83	83	83	83	83	83	84	83	83	84	84	84	83	83	83	83	83	83	83	83	83	83	84	83	83	83	83	83	83	83	83	83	83	83	83	83	83	83	84	84	83	83	83	83	83	83	83	83	83	83	83	83	83	83	83	83	83	83	83	83	83	83	83	83	83	83	84	84	84	84	84	84	84	84	83	83	83	84	84	84	83	83	83	83	83	83	83	83	84	83	84	83	84	84	83	84	84	84	84	84	84	83	83	83	84	83	83	83	83	83	83	83	83	83	84	84	84	84	84	84	84	84	83	83	84	84	84	84	83	83	84	84	84	84	84	84	83	84	84	84	84	84	84	84	84	84	84	84	83	83	83	84	84	83	83	83	83	83	83	83	83	83	84	84	84	84	84	84	84	84	84	84	84	84	84	84	84	84	84	84	84	84	84	84	84	84	84	84	84	84	84	84	84	84	84	83	83	83	83	83	83	83	83	83	83	83	84	83	83	83	84	84	84	84	84	84	84	84	84	84	84	84	83	84	84	84	83	83	83	83	83	83	83	83	83	83	83	83	83	83	83	83	83	83	83	83	84	84	84	84	84	84	84	83	84	84	84	84	84	84	83	83	83	83	83	83	83	84	84	84	84	83	83	84	84	84	84	84	84	84	84	84	84	84	83	83	83	83	83	83	84	84	84	84	84	84	83	83	83	84	84	84	84	83	84	84	84	84	84	84	83	83	83	83	83	83	83	84	84	83	83	83	83	83	83	83	83	83	83	83	83	83	83	84	84	84	83	84	84	84	84	84	84	84	84	84	84	84	84	84	84	84	84	84	84	84	84	84	83	83	83	84	84	84	83	84	84	84	84	84	84	84	84	84	84	83	83	83	84	84	84	84	84	83	83	83	83	83	83	83	83	83	84	84	84	84	83	83	84	84	84	84	84	84	84	84	83	83	83	83	83	84	84	84	83	83	83	83	83	83	83	83	83	83	83	83	83	83	83	83	83	83	83	83	83	83	83	83	83	83	83	83	83	84	84	84	84	84	84	84	84	84	84	84	84	84	84	84	84	84	84	84	84	84	85	84	84	84	85	84	84	84	84	85	84	84	84	84	84	84	84	84	84	84	84	84	84	84	84	84	84	84	84	84	84	84	84	84	84	84	84	84	84	83	84	83	83	83	83	83	83	83	84	84	83	83	83	83	84	84	84	84	84	84	84	84	84	84	84	84	84	84	84	84	84	84	84	84	84	84	84	84	84	84	84	84	84	84	84	84	84	84	84	84	84	84	84	84	84	84	84	84	84	84	84	84
84	83	83	83	83	83	83	83	83	83	83	83	83	83	83	83	83	83	83	83	83	83	83	83	83	83	83	83	83	83	83	83	83	83	83	83	83	83	83	83	83	83	83	83	83	83	83	83	83	83	83	83	83	83	83	83	83	83	83	83	83	83	83	83	84	84	84	84	84	84	84	84	83	83	83	83	83	83	83	84	84	84	84	84	84	84	84	84	84	83	83	83	83	83	83	83	83	83	83	84	83	83	83	83	83	83	83	83	83	83	83	83	84	84	83	83	83	83	83	83	83	83	83	83	83	83	83	83	83	83	83	83	83	83	83	83	83	83	83	83	83	84	84	84	84	84	83	83	83	83	83	84	84	84	83	83	83	83	83	83	83	83	84	83	84	83	84	84	83	84	84	84	84	84	84	83	83	83	84	83	83	83	83	83	83	83	83	83	84	84	84	84	84	84	84	84	83	83	84	84	84	84	83	84	84	84	84	84	84	84	83	84	84	84	84	84	84	84	84	84	84	83	83	83	83	84	84	83	83	83	83	83	83	83	83	83	84	84	84	84	84	84	84	84	84	84	84	84	84	84	84	84	84	84	83	84	84	84	84	84	84	84	84	84	84	84	84	84	83	83	83	83	83	83	83	83	83	83	83	83	84	83	83	83	84	84	84	84	84	84	84	84	84	84	84	84	83	84	84	84	83	83	83	83	83	83	83	83	83	83	83	83	83	83	83	83	83	83	83	83	84	84	84	84	84	84	84	83	84	84	84	84	84	84	83	83	83	83	83	83	83	84	84	84	84	83	83	84	84	84	84	84	83	84	84	84	84	84	83	83	83	84	84	84	84	84	84	84	84	84	83	83	83	84	84	84	84	83	84	84	84	84	84	84	83	83	83	83	83	83	83	84	84	83	83	83	83	83	83	83	83	83	83	83	83	83	83	84	84	84	83	84	84	84	84	84	84	84	84	84	84	84	84	84	84	84	84	84	84	84	84	84	83	83	83	84	84	83	83	84	84	84	84	84	84	84	84	84	84	83	83	83	84	84	84	84	84	83	83	83	83	83	83	83	83	83	84	84	84	84	83	84	84	84	84	84	84	84	84	84	83	83	83	83	83	84	84	84	84	84	84	83	83	83	83	83	83	83	83	83	83	83	83	83	83	83	83	83	83	83	83	83	83	83	83	83	83	84	84	84	84	84	84	84	84	84	84	84	84	84	84	84	84	84	84	84	84	84	85	84	84	84	85	84	84	84	84	84	84	84	84	84	84	84	84	84	84	84	84	84	84	84	84	84	84	84	84	84	84	84	84	84	84	84	84	84	84	83	84	83	83	83	83	83	83	83	84	84	83	83	83	83	84	84	84	84	84	84	84	84	84	84	84	84	84	84	84	84	84	84	84	84	84	84	84	84	84	84	84	84	84	84	84	84	84	84	84	84	84	84	84	84	84	84	84	84	84	84	84	84
84	83	83	82	83	83	83	83	83	83	82	82	82	83	83	83	83	83	83	83	83	83	83	83	83	83	83	83	83	83	84	84	83	83	83	83	83	83	83	83	83	83	83	83	83	83	83	83	83	83	83	83	84	84	83	84	84	84	83	83	83	83	83	83	84	84	84	83	83	84	84	84	83	83	83	83	83	83	84	84	84	84	84	84	84	84	84	84	84	83	83	83	83	84	83	83	83	83	84	84	83	83	83	83	83	83	83	83	83	83	83	83	83	83	83	83	83	83	83	83	83	83	83	83	83	83	83	83	83	83	83	83	83	83	83	83	83	83	83	83	83	83	84	84	84	83	83	83	83	83	83	84	84	84	83	83	83	83	83	83	83	83	84	83	84	83	83	83	83	84	84	84	84	84	84	83	83	84	84	83	83	83	83	83	83	83	83	83	84	84	84	84	84	83	84	84	83	84	84	84	84	84	84	84	84	84	84	84	84	84	83	84	84	84	84	84	84	84	84	84	84	83	83	83	83	84	84	83	84	83	83	83	83	83	83	83	84	84	84	84	84	84	84	84	84	84	84	84	84	84	84	84	84	84	83	84	84	84	84	84	84	84	84	84	84	84	84	84	83	83	83	83	83	83	83	83	83	83	83	83	84	84	83	84	84	84	84	84	84	84	84	84	84	84	84	84	84	84	84	84	83	83	83	83	83	83	83	83	83	83	83	83	83	83	83	83	83	84	84	84	84	84	84	84	84	84	84	83	84	84	84	84	84	84	83	83	83	83	83	83	83	83	84	84	84	83	83	84	84	84	84	83	83	83	84	84	84	84	83	83	83	84	84	84	84	84	84	84	84	84	84	83	83	84	84	84	84	83	84	84	84	84	84	84	84	83	83	84	84	84	83	84	84	83	83	83	83	83	83	83	83	83	83	83	84	84	84	84	84	84	84	84	84	84	84	84	84	84	84	84	84	84	84	84	84	84	84	84	84	84	84	84	83	83	83	83	83	83	83	84	84	84	84	84	84	84	84	84	84	84	84	84	83	83	84	84	84	83	83	83	83	83	83	83	83	83	84	84	84	84	83	84	84	84	84	84	84	84	84	84	83	83	83	83	83	84	84	84	84	84	84	84	83	83	83	83	83	83	83	83	83	83	83	83	83	83	83	83	83	83	83	83	83	83	83	83	83	84	84	84	83	83	84	84	84	84	84	84	84	84	84	84	84	84	84	84	84	84	85	84	84	84	85	84	84	84	84	84	84	84	84	84	84	84	84	84	84	84	84	84	84	84	84	84	84	84	84	84	84	84	84	84	84	84	84	84	84	83	83	83	83	83	83	83	83	83	84	84	83	83	84	83	84	84	84	84	83	83	84	84	84	84	84	84	84	84	84	84	84	84	84	84	84	84	84	84	84	84	84	84	84	84	84	84	84	84	84	84	84	84	84	84	84	84	84	84	84	84	84	84
84	83	83	83	83	83	83	83	83	83	82	82	82	83	83	83	83	83	83	83	83	83	83	83	83	83	83	83	83	83	83	83	83	83	83	83	84	84	83	83	83	83	83	83	83	83	83	83	83	83	83	83	84	83	83	83	83	83	84	83	84	84	84	84	84	84	83	83	83	84	84	83	84	84	84	84	84	84	83	84	83	83	83	83	83	83	83	83	83	83	83	83	83	83	83	83	83	83	83	83	83	83	83	83	83	83	83	83	83	83	83	83	83	83	83	83	83	83	83	83	83	83	83	83	83	83	83	83	83	83	83	83	83	83	83	84	84	83	83	83	83	83	83	84	84	83	83	83	84	83	83	84	84	84	84	84	84	83	83	84	83	84	84	84	83	83	83	83	84	84	84	83	84	83	84	84	83	84	84	83	83	83	83	83	83	83	83	83	83	84	83	84	84	83	83	83	83	84	84	84	84	84	83	83	83	83	83	83	83	83	84	84	84	84	84	84	84	84	84	84	84	83	83	83	84	84	84	84	84	84	83	84	83	83	83	83	84	84	83	84	84	84	84	84	84	84	84	84	84	84	84	84	84	84	84	84	84	84	84	84	84	84	84	84	84	84	84	84	83	83	83	83	83	83	83	84	84	83	83	83	84	84	84	84	84	84	84	84	84	84	84	84	84	84	84	84	84	83	83	83	83	83	83	83	83	83	83	83	83	83	83	84	84	84	83	83	84	84	84	84	84	84	84	84	84	84	84	84	84	84	83	84	84	84	84	84	84	83	83	83	83	83	84	84	84	84	84	84	84	84	84	83	83	83	84	84	84	84	84	84	84	84	83	83	84	84	84	84	84	84	84	84	84	84	83	83	84	84	84	84	84	84	84	84	84	84	84	84	84	84	84	84	84	84	84	84	84	83	83	83	83	84	84	84	84	84	84	84	84	84	84	84	84	84	83	84	84	83	84	84	84	84	84	84	84	84	84	84	84	84	84	84	83	83	83	83	83	83	83	83	83	84	84	84	84	84	84	84	84	84	84	84	83	83	83	84	84	84	83	83	83	83	83	84	84	84	84	84	84	83	83	84	84	84	84	84	84	84	84	84	83	83	84	84	84	84	84	84	84	84	84	83	83	83	83	83	83	83	83	83	83	83	83	83	84	84	83	83	83	83	83	83	83	83	83	83	83	84	84	84	84	83	83	84	84	84	84	84	84	84	84	84	84	84	84	84	84	84	84	84	84	84	84	84	84	84	84	84	84	84	84	84	84	84	84	84	84	84	84	84	84	84	84	84	84	84	84	84	84	84	84	84	84	84	84	84	84	84	83	83	83	84	83	83	83	83	83	83	83	84	84	84	84	84	84	84	84	84	84	84	84	84	84	84	84	84	84	84	84	84	84	84	84	84	84	84	84	84	84	84	84	84	84	84	84	84	84	84	84	84	84	84	84	84	84	84	84	84	84	84
84	82	83	82	83	83	83	83	83	83	83	83	83	83	83	83	83	83	83	83	82	82	82	82	83	83	83	83	83	83	83	83	83	83	83	83	84	84	83	83	83	83	84	84	83	83	83	83	83	84	84	84	84	84	83	83	83	83	83	83	84	84	84	84	84	84	84	84	84	84	84	84	83	83	83	84	84	84	83	83	83	83	83	83	83	83	83	83	83	83	83	83	83	84	84	83	83	83	83	83	83	83	83	83	83	83	83	83	83	83	83	83	83	83	83	83	83	83	83	83	83	83	83	84	84	84	83	83	83	84	84	83	83	83	83	84	84	83	83	83	83	83	83	84	83	83	83	83	84	83	83	83	83	83	84	84	84	83	83	84	83	84	84	84	84	84	84	84	84	84	84	83	84	83	84	84	83	84	84	83	83	83	83	83	83	83	83	83	83	84	83	84	84	83	83	83	83	84	84	84	84	84	83	83	83	83	83	83	83	83	84	84	84	84	84	84	84	84	84	84	84	83	83	83	84	84	84	84	84	84	83	84	83	83	83	83	84	84	83	84	84	84	84	84	84	84	84	84	84	84	84	84	84	84	84	84	84	84	84	84	84	84	84	84	84	84	84	84	83	83	83	83	83	83	83	84	84	83	83	83	84	84	84	84	84	84	84	84	84	84	84	84	84	84	84	84	84	83	83	83	83	83	83	83	83	83	83	83	83	83	83	84	84	84	83	83	84	84	84	84	84	84	84	84	84	84	84	84	84	84	83	84	84	84	84	84	84	83	83	83	83	83	84	84	84	84	84	84	84	84	84	83	83	83	84	84	84	84	84	84	84	84	84	84	84	84	84	84	84	84	84	84	84	84	83	83	84	84	84	84	84	84	84	84	84	84	84	84	84	84	84	84	84	84	84	84	84	83	83	83	83	84	84	84	84	84	84	84	84	84	84	84	84	84	83	84	84	83	84	84	84	84	84	84	84	84	84	84	84	84	84	84	83	83	83	83	83	83	83	83	83	83	83	83	83	83	84	84	84	84	84	84	83	83	83	84	84	84	83	83	83	83	83	84	84	84	84	84	84	83	83	84	84	84	84	84	84	84	84	84	83	83	84	84	84	84	84	84	84	84	84	83	83	83	83	83	83	83	83	83	83	83	83	83	84	84	83	83	83	83	83	83	83	83	83	83	83	84	84	84	84	83	83	84	84	84	84	84	84	84	84	84	84	84	84	84	84	84	84	84	84	84	84	84	84	84	84	84	84	84	84	84	84	84	84	84	84	84	84	84	84	84	84	84	84	84	84	84	84	84	84	84	84	84	84	84	84	84	83	83	83	84	83	83	83	83	83	83	83	84	84	84	84	84	84	84	84	84	84	84	84	84	84	84	84	84	84	84	84	84	84	84	84	84	84	84	84	84	84	84	84	84	84	84	84	84	84	84	84	84	84	84	84	84	84	84	84	84	84	84
84	83	83	83	83	83	83	83	83	83	83	83	83	83	83	83	83	83	83	83	83	83	83	83	83	83	83	83	83	83	83	83	83	84	84	83	83	83	83	83	83	84	84	84	84	84	84	84	84	84	84	84	84	84	84	83	83	83	83	83	83	84	84	84	84	84	84	84	84	84	84	84	83	83	83	84	84	84	83	83	83	83	83	83	83	83	83	83	83	83	83	83	83	83	83	83	83	83	82	83	83	83	83	83	83	83	83	83	83	83	83	83	83	83	83	83	83	83	83	83	83	83	83	83	83	83	83	83	83	83	83	83	83	83	83	83	83	84	83	83	84	83	83	83	83	83	84	84	84	83	83	83	83	83	84	84	84	83	83	83	83	83	84	84	84	84	84	84	84	84	84	83	83	83	83	84	83	84	84	83	83	83	83	83	83	83	83	83	83	84	84	84	84	83	83	83	83	84	84	84	84	84	84	84	83	83	83	83	83	83	84	84	84	84	84	84	84	84	84	84	84	83	83	83	83	83	83	84	84	84	83	84	84	84	84	84	84	84	84	84	84	84	84	84	84	84	84	84	84	84	84	84	84	84	84	84	84	83	84	84	84	84	84	84	84	84	84	84	83	83	84	83	83	83	84	83	83	83	84	84	84	84	84	84	84	84	84	84	84	84	84	84	84	84	84	84	84	83	83	83	83	83	83	83	83	83	83	83	83	83	83	84	83	84	84	84	84	84	84	84	84	84	84	84	84	84	84	84	84	84	83	84	84	84	84	84	84	84	84	84	83	83	84	84	84	84	84	84	84	84	84	84	83	83	84	84	84	84	84	84	84	84	84	84	84	84	84	84	84	84	84	84	84	84	84	84	84	84	84	84	84	84	84	84	84	84	84	84	84	84	84	83	83	84	84	84	84	84	83	83	83	83	83	84	84	84	84	84	84	84	84	84	84	83	83	84	84	83	84	84	84	84	84	84	84	84	84	84	84	84	84	84	83	83	83	83	83	83	83	83	83	83	83	83	83	83	83	83	83	83	84	83	83	83	84	84	84	84	84	84	83	83	83	84	84	84	84	84	84	83	83	83	84	84	84	84	84	83	84	84	84	84	84	84	84	84	84	84	84	84	84	83	83	83	83	83	83	83	83	83	83	83	83	83	83	84	83	83	83	83	83	83	83	83	83	83	83	84	84	84	84	84	84	84	84	84	84	84	84	84	84	84	84	84	84	84	84	84	84	84	84	84	84	84	84	84	84	84	84	84	84	84	84	84	84	84	84	84	84	84	84	84	84	84	84	84	84	84	84	84	84	84	84	84	84	84	84	84	83	83	83	83	83	83	84	84	84	84	84	84	84	84	84	84	84	84	83	84	84	84	84	84	84	84	84	84	84	84	84	84	84	84	84	84	84	84	84	84	84	84	84	84	84	83	83	83	84	84	84	84	84	84	84	84	84	84	84	84	84	84
84	83	83	83	83	83	83	83	83	83	83	84	83	83	83	83	83	83	83	83	83	83	84	84	83	83	83	83	83	83	84	84	84	83	83	83	83	83	83	84	83	83	84	84	84	84	83	83	83	83	83	83	83	83	83	83	84	84	83	83	83	84	84	84	83	84	83	83	83	83	83	83	83	83	83	83	83	84	84	84	84	84	84	83	83	83	83	83	84	83	83	83	83	82	83	83	83	83	83	83	83	83	83	83	83	83	83	83	83	83	83	83	82	83	83	83	83	83	83	83	83	83	83	83	83	83	83	83	83	83	83	83	83	83	84	83	83	84	84	84	84	84	83	83	83	83	84	84	84	83	83	84	84	84	84	84	84	83	84	83	83	83	83	84	84	83	84	84	84	84	83	83	83	83	83	83	83	83	84	83	83	83	83	83	83	83	83	83	83	84	84	84	84	83	83	83	83	84	84	84	83	83	84	84	84	84	84	83	84	83	84	84	84	84	84	84	84	84	84	84	84	83	83	83	83	83	83	84	84	84	83	84	84	84	84	84	84	84	84	84	84	84	84	84	84	84	84	84	84	84	84	83	84	84	84	84	84	84	84	84	84	84	84	84	84	83	83	83	83	84	84	84	83	83	84	83	83	83	84	84	84	84	84	84	84	84	84	84	84	84	84	84	84	84	84	84	84	83	83	83	83	83	83	84	83	83	83	83	83	83	83	83	83	83	84	84	84	84	84	84	84	84	84	84	84	84	84	84	84	83	83	84	84	83	84	84	84	84	84	84	84	83	84	84	84	84	84	84	84	84	84	84	84	84	83	83	84	84	84	84	84	84	84	84	84	84	84	83	83	84	84	84	84	84	84	84	84	84	84	84	84	84	84	84	84	84	84	84	83	83	83	83	83	83	84	84	84	84	83	83	83	83	83	83	84	84	84	84	84	84	84	84	83	83	83	84	84	83	84	84	84	84	84	84	84	84	84	84	84	84	84	84	83	83	83	83	83	83	83	83	83	83	83	83	83	83	83	83	83	83	84	83	83	83	84	84	84	84	84	84	83	83	83	83	83	84	84	84	84	83	84	84	83	84	84	84	84	83	83	84	84	84	84	84	84	84	84	84	83	84	84	83	83	83	83	83	83	83	83	83	83	83	83	83	83	84	83	83	83	83	83	83	83	83	83	83	83	84	84	84	84	84	84	84	84	83	84	84	84	84	84	84	84	84	84	84	84	84	84	84	84	84	84	84	84	84	84	84	84	84	84	84	84	84	84	84	84	84	84	84	84	84	84	84	84	84	84	83	84	84	84	84	84	84	84	84	84	84	83	83	83	83	83	83	84	84	84	84	84	84	84	84	84	84	84	84	84	84	84	84	84	84	84	84	84	84	84	84	84	84	84	84	84	84	84	84	84	84	84	84	84	84	84	83	83	83	84	84	84	84	84	84	84	84	84	84	84	84	84	84
84	83	83	83	83	83	83	83	83	83	83	83	83	83	83	83	83	83	83	83	83	83	83	83	83	83	83	84	84	84	83	83	83	83	83	83	84	84	84	84	83	83	83	83	83	83	83	83	83	83	83	83	83	83	83	83	84	84	83	83	83	84	84	84	83	83	83	83	83	83	84	83	83	83	83	83	83	83	83	83	83	83	83	83	83	83	83	83	83	83	83	83	83	83	83	83	83	83	83	83	83	83	83	83	83	83	83	83	83	83	84	83	83	83	83	83	83	83	83	83	83	83	83	83	83	83	83	83	83	83	83	83	83	83	84	83	83	84	84	84	84	84	83	83	83	83	84	84	84	83	83	84	84	84	84	84	83	83	84	83	83	83	84	84	84	83	83	83	83	84	83	83	83	83	83	83	83	83	84	83	83	83	83	83	83	83	83	83	83	84	84	84	84	83	83	83	83	84	84	84	83	83	84	84	84	84	84	83	84	83	84	84	84	84	84	84	84	84	84	84	84	83	83	83	83	83	83	84	84	84	83	84	84	84	84	84	84	84	84	84	84	84	84	84	84	84	84	84	84	84	84	84	84	84	84	84	84	84	84	84	84	84	84	84	84	83	83	83	83	84	84	84	83	83	84	83	83	83	84	84	84	84	84	84	84	84	84	84	84	84	84	84	84	84	84	84	84	83	83	83	83	83	83	84	83	83	83	83	83	83	83	83	83	83	84	84	84	84	84	84	84	84	84	84	84	84	84	84	84	83	83	84	84	83	84	84	84	84	84	84	84	83	84	84	84	84	84	84	84	84	84	84	84	84	84	84	84	84	84	84	84	84	84	84	84	84	84	83	83	84	84	84	84	84	84	84	84	84	84	84	84	84	84	84	84	84	84	84	84	84	84	84	84	83	84	84	84	84	83	83	83	83	83	83	84	84	84	84	84	84	84	84	83	83	83	84	84	83	84	84	84	84	84	84	84	84	84	84	84	84	84	84	83	83	83	83	83	83	83	83	83	83	83	83	83	83	83	84	84	83	84	83	83	83	84	84	84	83	83	83	83	83	83	83	83	84	84	84	84	84	84	84	83	84	84	84	84	83	83	84	84	84	84	84	84	84	84	84	84	84	84	83	83	83	83	83	83	83	83	83	83	83	83	83	83	84	83	83	83	83	83	83	83	83	83	83	83	84	84	84	84	84	84	84	84	84	84	84	84	84	84	84	84	84	84	84	84	84	84	84	84	84	84	84	84	84	84	84	84	84	84	84	84	84	84	84	84	84	84	84	84	84	84	84	83	83	83	83	84	84	84	84	84	84	84	84	84	84	83	83	83	83	83	83	84	84	84	84	83	83	84	84	84	84	84	84	84	84	84	84	84	84	84	84	84	84	84	84	84	84	84	84	84	84	84	84	84	84	84	84	84	84	84	84	84	84	84	84	84	84	84	84	84	84	84	84	84	84	84	84
84	83	83	83	83	83	83	83	83	83	83	83	83	83	83	83	83	83	84	84	83	83	83	83	84	84	84	84	84	83	83	83	83	83	83	84	83	83	84	83	83	83	83	83	83	83	83	83	83	83	83	83	83	83	83	83	84	84	84	84	83	83	84	84	83	83	83	83	83	83	83	83	83	83	83	83	83	83	83	83	83	83	84	83	83	83	83	83	83	83	83	83	83	83	83	83	83	83	83	83	83	83	83	83	83	83	83	83	83	83	83	83	83	83	83	83	83	83	83	83	83	83	83	83	83	83	83	83	83	83	83	83	83	83	83	83	83	84	84	84	84	84	83	83	83	83	83	83	83	83	83	84	84	84	83	83	83	83	84	84	83	83	83	84	84	83	83	83	83	83	83	83	83	83	83	84	83	83	83	83	83	83	83	83	83	83	83	83	84	84	84	84	84	83	83	84	84	84	84	84	84	83	83	84	84	84	84	84	84	84	84	84	84	84	84	84	84	84	84	84	84	84	84	83	83	83	83	84	84	84	83	83	83	83	83	83	83	83	84	84	84	84	84	84	84	84	84	84	84	84	84	84	84	84	84	84	84	84	84	84	84	84	84	84	84	84	84	84	84	84	84	84	83	84	84	84	84	84	84	84	84	84	84	84	84	84	84	84	84	84	84	84	84	84	84	84	84	84	84	84	83	83	83	83	83	83	83	83	83	83	83	83	83	83	83	83	84	84	84	84	84	84	84	84	84	84	84	84	84	84	84	84	83	83	84	84	84	84	84	84	84	84	83	84	84	84	84	84	84	83	84	84	84	84	84	84	83	83	83	83	83	83	83	83	83	83	83	83	84	84	84	84	84	84	84	84	84	84	84	84	84	84	84	84	84	84	84	84	84	84	84	84	84	83	83	84	84	84	83	84	83	83	83	83	84	84	84	84	84	84	83	84	84	84	84	83	83	83	84	84	84	84	84	84	84	84	84	84	84	84	84	84	83	83	83	83	83	83	83	83	83	83	83	83	83	83	84	84	84	84	84	84	84	84	84	84	84	84	84	84	83	83	83	83	83	83	83	84	84	84	84	83	83	83	84	84	84	84	84	84	84	84	84	84	84	84	84	84	84	84	84	83	83	83	83	83	83	83	83	83	83	83	83	83	83	83	83	83	84	83	83	83	83	83	83	83	84	84	84	84	84	84	84	84	84	84	84	84	84	84	84	84	84	84	84	84	84	84	84	84	84	84	84	84	84	84	84	84	84	84	84	84	84	84	84	84	84	84	83	83	83	83	83	83	83	83	83	83	83	83	83	83	83	83	83	83	83	83	83	83	83	84	83	83	84	84	84	84	83	83	84	84	84	84	84	84	84	84	84	84	84	84	84	84	84	84	84	84	84	84	84	84	84	84	84	84	84	84	84	84	84	84	84	84	84	84	84	84	84	84	84	84	84	84	84	84	84	84	84	84
84	83	83	83	83	83	83	83	83	83	83	83	83	83	83	83	83	83	84	84	84	84	84	84	83	83	83	83	83	83	84	84	84	83	83	83	83	83	83	83	83	83	83	83	83	83	83	84	84	83	83	83	83	83	83	83	83	83	84	83	83	83	83	83	83	83	83	83	83	83	83	83	83	83	83	83	83	83	83	83	83	83	83	83	83	83	83	83	83	83	83	83	83	83	83	83	83	83	83	83	82	83	83	83	83	83	83	83	83	83	83	83	83	83	83	83	83	83	83	83	83	83	83	83	83	83	83	83	82	83	83	83	83	83	83	84	84	84	84	84	84	84	83	83	83	83	83	83	83	83	83	84	84	84	83	83	83	83	84	84	84	83	83	84	84	83	83	84	83	83	83	83	83	83	83	84	83	83	83	83	83	83	83	83	83	83	83	83	84	84	84	84	84	83	83	84	84	84	84	84	84	84	83	83	84	84	84	84	84	84	84	84	84	84	84	84	84	84	83	83	84	84	84	84	83	83	83	84	84	84	83	83	83	83	83	83	83	83	83	84	84	84	84	84	84	84	84	84	84	84	84	84	84	84	84	84	84	84	84	84	84	84	84	84	84	84	84	84	84	84	84	84	84	84	84	84	84	84	84	84	84	84	84	84	84	84	84	84	84	84	84	84	84	84	84	84	83	83	83	83	83	83	83	83	83	83	83	83	84	84	83	83	83	83	83	83	83	84	84	84	84	84	84	84	84	84	84	84	84	84	84	84	83	83	84	84	84	84	84	84	84	84	83	84	84	84	84	84	84	83	83	84	84	83	84	83	83	83	83	83	83	83	83	83	83	83	83	83	84	84	84	84	84	84	84	84	84	84	84	84	84	84	84	84	84	84	84	84	84	84	84	84	84	83	84	84	84	84	83	84	83	83	83	83	84	84	84	84	84	84	83	84	84	84	84	83	83	83	84	84	84	83	83	83	83	83	84	84	84	84	84	84	83	83	83	83	83	83	83	83	83	83	83	83	83	83	84	84	84	84	84	84	84	84	84	84	84	84	84	83	83	83	84	83	83	83	83	84	84	84	84	83	83	83	84	84	84	84	84	84	83	83	83	83	83	83	84	84	83	84	84	83	83	83	83	83	83	83	83	83	83	83	83	83	83	83	83	83	84	83	83	83	83	83	83	83	84	84	84	84	84	84	84	84	84	84	84	84	84	84	84	84	84	84	84	84	84	84	84	84	84	84	84	84	84	84	84	84	84	84	84	84	84	84	84	84	84	84	83	83	83	83	83	83	83	83	83	83	83	83	83	83	83	83	83	83	83	83	83	83	83	84	83	83	84	84	84	84	84	84	84	84	84	84	84	84	84	84	84	84	84	84	84	84	84	84	84	84	84	84	84	84	84	84	84	84	84	84	84	84	84	84	84	84	84	84	84	84	84	84	84	84	84	84	84	84	84	84	84	84
84	83	83	83	83	83	83	83	83	83	83	83	82	83	83	83	83	83	83	84	83	83	83	83	83	83	83	83	83	83	84	84	84	83	83	83	83	83	83	83	83	83	83	83	83	83	83	84	84	84	83	83	83	84	84	83	83	83	83	83	83	83	84	83	83	83	83	83	83	84	84	83	82	82	83	83	83	83	83	83	83	83	83	83	83	83	83	83	83	83	82	83	83	83	83	83	83	83	83	83	83	83	83	83	83	83	83	83	83	83	83	83	83	83	83	83	83	83	83	83	83	83	83	83	83	83	83	83	82	83	83	83	83	83	83	84	84	84	84	84	84	84	83	83	83	83	83	83	83	83	83	84	84	84	83	83	83	83	84	84	84	84	83	84	84	83	83	83	83	84	83	83	83	83	83	84	83	83	83	83	83	83	83	83	83	83	83	83	84	84	84	84	84	83	83	84	84	84	84	84	84	84	83	84	84	84	84	84	84	84	84	84	84	84	84	84	84	84	83	83	83	84	84	84	84	84	84	84	84	84	83	83	83	83	83	83	83	83	83	84	84	84	84	84	84	84	84	84	84	84	84	84	84	84	84	84	84	84	84	84	84	84	84	84	84	84	84	84	84	84	84	84	84	84	84	84	84	84	84	84	84	84	84	84	84	84	84	84	84	84	84	84	84	84	84	84	83	83	83	83	83	83	83	83	83	83	83	83	84	84	83	83	83	83	83	83	84	84	84	84	84	84	84	84	84	84	84	84	84	84	84	84	83	83	84	84	84	84	84	84	84	84	83	84	84	84	84	84	84	83	83	84	84	83	84	83	83	83	83	83	83	83	83	83	83	84	83	84	84	84	84	84	84	84	84	84	84	84	84	84	84	84	84	84	84	84	84	84	84	84	84	84	84	84	84	84	84	84	83	84	84	84	84	84	84	84	84	84	84	84	83	84	84	84	84	83	83	83	84	84	84	83	83	83	83	83	84	84	84	84	84	84	83	83	83	83	83	83	83	83	83	83	84	83	83	83	84	84	84	84	84	84	84	84	84	84	84	84	83	83	83	83	84	83	83	83	83	84	84	84	84	83	83	83	84	84	84	83	83	83	83	83	83	83	83	83	84	84	83	84	84	83	83	83	83	83	83	83	83	83	83	83	83	83	83	83	83	83	84	83	83	83	83	83	83	83	84	84	84	84	84	84	84	84	84	84	84	84	84	84	84	84	84	84	84	84	84	84	84	84	84	84	84	84	84	84	84	84	84	84	84	84	84	84	84	84	84	84	83	83	83	83	84	84	83	83	83	83	83	83	83	83	83	83	83	83	83	83	83	83	83	84	83	83	84	84	84	84	84	84	84	84	84	84	84	84	84	84	84	84	84	84	84	84	84	84	84	84	84	84	84	84	84	84	84	84	84	84	84	84	84	84	84	83	83	83	84	84	84	84	84	84	84	84	84	84	84	84	84	84
84	83	83	83	83	83	83	83	83	83	83	83	83	83	83	83	84	84	84	84	83	83	84	84	83	83	83	83	83	83	83	83	83	83	83	83	83	83	83	83	83	83	83	84	83	83	83	83	84	83	83	84	84	84	84	84	83	83	83	83	83	83	83	83	83	83	83	82	83	83	83	83	83	83	83	83	83	83	83	83	83	83	83	83	83	83	83	82	83	83	82	83	83	83	83	83	83	83	83	83	83	83	83	83	83	83	83	83	83	83	83	83	83	83	83	83	83	83	83	83	83	83	83	83	83	83	83	83	83	83	83	83	83	83	84	84	83	83	83	84	84	83	84	84	83	83	83	83	83	83	83	84	84	83	84	84	84	83	83	84	84	83	83	83	83	83	83	83	83	83	83	83	83	83	83	83	83	83	83	83	83	84	83	83	83	83	84	83	84	84	84	84	84	84	84	84	84	84	84	84	84	84	84	84	84	84	84	83	84	84	84	84	84	84	84	84	84	84	83	83	83	84	84	84	84	84	84	84	84	84	83	83	83	83	84	83	83	83	83	84	84	84	84	84	84	84	84	84	84	84	84	84	84	84	84	84	84	84	84	84	84	84	84	84	84	84	84	84	84	84	84	84	84	84	84	84	84	84	84	84	84	84	84	84	84	84	84	84	84	84	84	84	84	84	84	84	83	83	83	83	83	83	83	83	83	83	84	83	84	84	84	83	83	83	83	83	84	84	84	84	84	84	84	84	84	83	83	83	84	84	84	84	84	84	84	84	84	84	84	84	84	84	83	83	83	84	84	84	83	83	84	84	84	84	84	83	84	84	84	83	83	83	83	83	83	84	84	84	84	84	84	84	84	84	84	84	84	84	84	84	84	84	84	84	84	84	84	84	84	84	84	84	84	84	84	84	84	84	84	84	84	84	84	84	84	84	84	84	84	84	84	84	84	84	83	84	84	84	84	84	84	84	84	84	84	84	84	84	84	84	84	84	84	84	84	84	84	84	83	83	83	84	84	83	83	83	84	84	84	84	84	84	84	84	84	84	84	84	84	84	84	84	84	83	83	83	83	84	83	83	83	83	83	83	83	84	84	84	83	83	83	83	83	83	84	84	84	83	84	84	84	84	84	84	83	84	84	83	83	83	83	83	83	83	83	83	83	83	83	83	83	83	83	83	83	83	83	83	84	84	84	84	84	84	84	84	84	84	83	83	83	84	84	84	84	84	84	84	84	84	83	83	84	84	84	84	84	84	84	84	84	84	84	84	84	84	83	83	84	83	83	84	84	83	83	83	83	83	83	83	83	83	83	83	83	83	83	83	83	83	83	84	84	84	84	84	84	84	84	84	84	84	84	84	83	84	84	84	84	84	84	84	84	84	84	84	84	84	84	84	84	84	84	84	84	84	84	84	84	84	84	84	84	84	84	84	84	84	84	84	84	84	83	83	83	84	84	84	84	84
84	83	83	83	83	83	83	83	83	83	83	83	83	83	83	83	84	83	83	83	83	83	84	84	83	83	83	83	83	83	83	83	83	83	83	83	84	83	83	83	84	83	84	84	84	84	83	83	83	83	83	83	83	83	83	84	83	83	83	83	83	83	83	83	83	83	83	82	83	83	83	83	83	83	83	83	83	83	83	83	83	83	83	83	83	83	83	83	83	83	83	83	83	83	83	83	83	83	83	83	83	83	83	83	83	83	83	83	83	83	83	83	83	83	83	83	83	83	83	83	83	83	83	83	83	83	83	83	83	83	83	83	83	83	84	84	83	83	83	84	84	83	84	84	84	84	83	83	83	83	83	83	83	83	84	84	84	84	84	84	84	83	83	83	83	83	83	83	83	83	83	83	83	83	83	83	83	83	83	83	83	83	83	83	83	83	84	83	84	84	84	84	84	84	84	84	84	84	84	84	84	84	84	84	84	84	84	83	83	84	84	84	84	84	84	84	84	84	83	83	83	84	84	84	84	84	84	83	84	84	83	83	83	83	84	83	83	83	83	84	84	84	84	84	84	84	84	84	84	84	84	84	84	84	84	84	84	84	84	84	84	84	84	84	84	84	84	84	84	84	84	84	84	84	84	84	84	84	84	84	84	84	84	84	84	84	84	84	84	84	84	84	84	84	84	84	83	83	83	83	83	83	83	83	83	83	84	83	84	84	84	83	83	83	83	84	84	84	84	84	84	84	84	84	84	83	83	83	84	84	84	84	84	84	84	84	84	84	84	84	84	84	84	83	84	84	84	84	83	84	84	84	84	84	84	83	84	84	84	83	83	83	83	83	84	84	84	84	84	84	84	84	84	84	84	84	84	84	84	84	84	84	84	84	84	84	84	84	84	84	84	84	84	84	84	84	84	84	84	84	84	84	84	84	84	84	84	84	84	84	84	84	84	84	83	84	84	84	84	84	84	84	84	84	84	84	84	84	84	84	84	84	84	84	84	83	83	84	83	83	83	84	84	83	83	83	84	83	84	84	84	84	84	84	84	84	84	84	84	84	84	84	84	83	83	83	83	84	83	83	83	83	83	83	83	84	84	84	84	84	83	83	83	83	84	84	84	83	84	84	84	84	84	84	83	84	84	83	83	83	83	83	83	83	83	83	83	83	83	83	83	83	83	83	83	83	83	83	84	83	84	84	84	84	84	84	84	84	83	83	84	84	84	84	84	84	84	84	84	84	84	84	84	84	84	84	84	84	84	84	84	84	84	84	83	84	83	83	84	83	83	84	84	83	83	83	83	83	83	83	83	83	83	83	83	83	83	83	84	84	84	84	84	84	84	84	84	84	84	84	84	84	84	84	83	84	84	84	84	84	84	84	84	84	84	84	84	84	84	84	84	84	84	84	84	84	84	84	84	84	84	84	84	84	84	84	84	84	84	84	84	84	83	83	83	84	84	84	84	84
84	83	83	83	83	83	83	83	83	83	83	84	83	83	83	83	83	83	83	83	83	83	84	84	83	83	83	83	83	83	83	83	83	83	83	83	84	84	83	84	84	83	83	83	83	83	83	83	83	83	83	83	83	83	83	83	83	83	83	83	83	83	84	84	83	83	83	83	83	83	83	83	83	83	83	83	83	83	83	83	83	82	82	83	83	83	83	83	83	83	83	83	83	83	83	83	83	83	83	83	83	83	83	83	83	84	83	83	83	83	83	83	83	83	83	83	83	83	83	83	83	83	83	83	83	83	83	83	83	83	83	83	83	83	84	83	83	83	83	84	84	83	84	84	83	84	83	83	83	83	83	84	84	83	84	84	84	84	84	84	84	84	83	83	83	83	84	84	83	83	83	83	83	83	83	83	83	83	83	82	83	83	83	83	83	83	84	83	84	84	84	84	84	84	84	84	84	84	84	84	84	84	84	84	84	84	84	83	84	84	84	84	84	84	84	84	84	84	83	83	83	84	84	84	84	84	84	83	84	84	83	83	83	83	84	83	83	83	83	84	84	84	84	84	84	84	84	84	84	84	84	84	84	84	84	84	84	84	84	84	84	84	84	84	84	84	84	84	84	84	84	84	83	84	84	84	84	84	84	84	84	84	84	84	84	84	84	84	84	84	84	84	84	84	84	84	83	83	83	83	83	83	83	83	83	83	84	84	83	83	83	83	83	83	83	84	84	84	84	84	84	84	84	84	84	83	83	83	84	84	84	84	84	84	84	84	84	84	84	84	84	84	84	84	84	84	84	84	84	84	84	84	84	84	84	83	84	84	84	84	84	83	83	83	84	84	84	84	84	84	84	84	84	84	84	84	84	84	84	84	84	84	84	84	84	84	84	84	84	84	84	84	84	84	84	84	84	84	84	84	84	84	84	84	84	84	84	84	84	84	84	84	84	84	83	84	84	84	84	84	84	84	84	84	84	84	84	84	84	84	84	84	84	84	84	83	83	83	83	83	83	84	84	84	83	83	84	83	84	84	84	84	84	84	84	84	84	84	84	84	84	84	84	83	83	83	83	84	83	83	83	83	83	83	83	84	84	84	84	84	83	83	83	83	84	84	84	83	84	84	84	84	84	84	83	84	83	83	83	83	83	83	83	83	83	83	83	83	83	83	83	83	83	83	83	83	83	83	84	83	84	84	84	84	84	84	83	84	84	84	84	84	84	84	84	84	84	84	84	84	84	84	84	84	84	84	84	84	84	84	84	84	84	84	83	83	83	83	84	83	83	83	83	83	83	83	83	83	83	83	83	83	83	83	83	83	83	83	84	84	84	84	84	84	84	84	84	84	84	84	84	84	84	84	83	84	84	84	84	84	84	84	84	84	84	84	84	84	84	84	84	84	84	84	84	84	84	84	83	83	84	84	84	84	84	84	84	84	84	84	84	84	83	83	83	84	84	84	84	84
84	83	84	84	83	83	83	83	83	83	83	83	83	84	84	83	83	83	83	83	83	83	83	83	83	83	83	83	83	84	84	84	84	84	84	84	84	84	83	83	83	83	83	83	83	84	83	83	83	83	83	83	83	82	83	83	83	83	83	83	83	83	83	83	83	83	83	82	82	82	82	83	83	83	83	83	83	83	83	83	83	83	83	83	83	83	83	83	83	83	83	83	83	83	83	83	83	83	83	83	83	83	83	83	83	83	83	83	83	83	83	83	83	83	83	83	83	83	83	83	83	83	83	83	83	83	83	83	83	83	83	83	83	83	83	83	83	83	83	84	84	84	83	83	83	84	84	83	83	83	83	83	83	83	84	84	84	84	83	84	84	83	83	83	83	83	83	83	83	83	83	83	83	83	83	83	83	83	82	83	83	83	83	83	83	83	83	83	84	84	84	84	84	84	84	84	84	84	84	84	84	84	83	83	84	84	84	84	84	84	84	84	84	84	84	84	84	84	84	84	84	84	84	84	84	84	84	83	84	84	84	84	84	83	83	83	83	83	84	84	84	83	83	83	83	83	84	84	84	84	84	84	84	84	84	84	84	84	84	84	84	84	84	84	84	84	83	84	84	84	84	84	83	84	84	84	84	84	84	84	84	84	84	84	84	84	84	84	84	84	84	84	84	84	83	83	83	84	83	83	83	83	83	83	83	83	84	84	84	84	84	83	83	83	84	84	84	84	84	84	84	84	84	84	84	84	84	84	84	84	84	84	84	84	84	84	84	84	84	84	84	84	83	83	83	84	84	84	84	84	84	84	84	84	84	83	84	84	84	84	84	84	84	84	84	84	84	84	84	84	84	84	84	84	84	84	84	84	84	84	84	84	84	84	84	84	84	84	84	84	84	84	84	84	84	84	84	84	84	84	84	84	84	84	84	84	84	84	84	84	84	84	84	84	83	83	83	83	84	84	84	84	84	84	84	84	84	84	84	84	84	84	84	84	84	84	84	84	83	83	84	84	84	84	84	84	83	83	83	84	84	83	84	84	84	84	84	84	83	83	83	83	83	83	83	84	83	84	83	83	83	83	83	83	83	83	83	83	83	83	83	83	84	83	83	83	83	83	83	84	84	84	84	84	83	83	83	83	83	83	83	83	83	83	83	83	83	83	83	83	83	83	83	83	83	83	83	83	83	83	83	83	83	84	84	84	84	83	84	84	84	84	84	84	84	84	84	84	84	84	84	84	84	84	84	84	84	84	84	84	84	84	84	83	83	83	83	83	83	83	83	83	83	83	83	83	83	83	83	83	83	83	83	83	83	84	84	84	84	84	84	84	84	84	84	84	84	84	84	84	84	84	84	84	84	84	84	84	84	84	84	84	84	84	83	83	84	84	84	84	84	84	84	84	84	84	84	84	84	84	84	84	84	84	84	84	84	84	84	84	84	84	84	84	84	84	84	84	84	84
84	83	83	83	83	83	83	83	84	84	83	83	83	84	83	83	83	83	83	83	83	83	83	83	83	83	84	83	83	83	83	83	83	83	83	83	83	83	83	83	83	83	83	83	83	83	83	83	83	83	83	83	83	83	83	83	83	83	83	83	83	83	83	83	83	83	83	83	83	83	83	83	83	83	83	83	83	83	83	83	83	83	83	83	83	83	83	83	83	83	83	83	83	83	84	83	83	83	83	84	83	83	83	83	83	83	83	83	83	83	83	83	84	83	83	83	83	83	83	83	83	83	83	83	83	83	83	83	83	83	83	83	83	83	83	83	83	83	83	84	84	84	83	83	83	84	84	83	83	83	83	83	83	83	84	84	84	83	83	83	83	83	83	83	84	83	83	83	83	83	83	83	83	83	83	83	83	83	83	83	83	83	83	83	83	83	83	83	84	84	84	84	84	84	84	84	84	84	84	84	84	84	83	83	84	84	84	84	84	84	84	84	84	84	84	84	84	84	84	84	84	83	83	84	84	84	84	83	84	84	84	84	84	83	83	83	83	83	83	83	83	83	83	83	83	83	84	84	84	83	84	84	84	84	84	84	84	84	84	84	84	84	84	84	84	84	83	84	84	84	84	84	84	84	84	84	84	84	84	84	84	84	84	84	84	84	84	84	84	84	84	84	84	84	83	83	83	84	83	83	83	83	83	83	83	83	83	83	83	84	84	83	83	83	84	84	84	84	84	84	84	84	84	84	84	84	84	84	84	84	84	84	84	84	84	84	84	84	84	84	84	84	83	83	83	84	84	84	84	84	84	84	84	84	84	83	84	84	84	84	84	84	84	84	84	84	84	84	84	84	84	84	84	84	84	84	84	84	84	84	84	84	84	84	84	84	84	84	84	84	84	84	84	84	84	84	84	84	84	84	84	84	84	84	84	84	84	84	84	84	84	84	84	84	83	83	83	83	84	84	84	84	84	84	84	84	84	84	84	84	84	84	84	84	84	84	84	84	84	84	84	84	84	84	84	84	83	83	83	84	84	83	84	84	84	84	84	83	83	83	83	83	83	83	84	84	83	84	83	83	83	83	83	83	83	83	83	83	83	83	83	83	84	83	83	83	83	83	83	84	84	84	84	84	84	84	84	83	83	83	83	83	83	83	83	83	83	83	83	83	83	83	83	83	83	83	83	83	83	83	83	83	83	84	84	84	84	83	84	84	84	84	84	84	84	84	84	84	84	84	84	84	84	84	83	84	84	84	84	84	84	84	84	83	83	83	83	83	83	83	83	83	83	83	83	83	83	83	83	83	83	83	83	83	83	84	84	84	84	84	84	84	84	84	84	84	84	84	84	84	84	84	84	84	84	84	84	84	84	84	84	84	84	84	83	83	84	84	84	84	84	84	84	84	84	84	84	84	84	84	84	84	84	84	84	84	84	84	84	84	84	84	84	84	84	84	84	84	84	84
84	83	83	83	83	83	83	84	84	84	83	83	83	83	83	83	83	83	83	83	83	83	83	84	84	84	84	83	83	83	83	83	83	83	83	83	83	83	83	83	83	83	83	83	83	83	83	83	83	83	82	83	83	83	83	83	83	83	83	83	83	83	83	82	82	83	83	83	83	83	83	83	83	83	83	83	83	83	83	83	83	83	83	83	83	83	83	83	83	83	83	83	83	83	84	83	83	83	84	84	84	83	83	83	83	83	83	83	83	83	83	84	84	84	83	83	83	83	83	83	83	83	83	83	83	83	83	83	83	83	83	83	83	83	83	83	83	83	83	84	84	84	83	83	83	84	83	83	83	83	83	83	83	83	83	84	83	83	83	83	83	83	83	83	84	83	83	83	83	83	83	83	83	83	83	83	83	83	83	83	83	83	83	83	83	83	83	83	84	84	84	84	84	83	84	84	84	84	84	84	84	84	83	83	84	84	84	84	84	84	84	84	84	84	84	84	84	84	84	84	84	83	83	83	84	84	84	83	84	84	84	84	84	83	83	83	83	83	83	83	83	83	83	83	83	83	83	84	84	84	84	84	84	84	84	84	84	84	84	84	84	84	84	84	84	84	84	84	84	84	84	84	84	84	84	84	84	84	84	84	84	84	84	84	84	84	84	84	84	84	84	84	84	83	83	83	83	84	83	83	83	83	83	83	83	83	83	83	83	84	84	83	83	83	84	84	84	84	84	84	84	84	84	84	84	84	84	84	84	84	84	84	84	84	84	84	84	84	84	84	84	84	83	83	83	84	84	84	84	84	84	84	84	84	84	83	84	84	84	84	84	84	84	84	84	84	84	84	84	84	84	84	84	84	84	84	84	84	84	84	84	83	83	83	84	84	84	84	84	84	84	84	84	84	84	84	84	84	84	84	84	84	84	84	84	84	84	84	84	84	84	84	84	84	83	83	83	83	84	84	84	84	84	84	84	84	84	84	84	84	84	84	84	84	84	84	84	84	84	84	84	84	84	84	84	84	84	84	84	84	84	83	84	84	84	84	84	83	83	83	83	83	83	83	84	84	83	84	84	83	83	83	83	83	83	83	83	83	83	83	83	83	84	83	83	83	83	83	83	84	84	84	84	84	84	84	84	83	83	83	83	83	83	83	83	83	83	83	83	83	83	83	83	83	84	84	83	83	83	83	83	83	83	84	84	84	84	83	84	84	83	84	84	84	84	84	84	84	84	84	84	84	84	84	83	84	84	84	84	84	83	83	83	83	83	83	83	83	83	83	83	83	83	83	83	83	83	83	84	84	84	84	83	83	83	84	84	84	84	84	84	84	84	84	84	84	84	84	84	84	84	84	84	84	84	84	84	84	84	84	84	84	84	83	83	83	84	84	84	84	84	84	84	84	84	84	84	84	84	84	84	84	84	84	84	84	84	84	84	84	84	84	84	84	84	84	84	84	84	84
84	84	84	84	84	83	83	83	83	83	83	83	83	83	83	83	83	83	83	83	83	83	84	84	84	84	84	83	83	83	83	83	84	83	83	83	83	83	83	83	83	84	83	83	83	83	83	83	83	83	82	82	83	84	84	83	83	83	83	83	83	83	83	83	83	83	83	83	83	83	83	83	83	83	83	83	83	83	83	83	83	83	83	84	84	84	83	84	84	84	83	83	83	84	84	84	84	84	83	83	84	84	84	83	83	83	84	84	84	84	84	84	84	84	83	83	83	83	83	83	83	83	83	83	83	83	83	83	83	83	83	83	83	83	84	84	83	83	83	84	84	84	83	83	83	83	83	83	83	83	83	83	83	83	83	83	83	83	83	83	83	84	83	83	83	83	83	83	83	83	83	83	83	83	83	83	83	83	83	83	83	83	83	83	84	84	84	84	84	84	84	84	84	83	83	84	84	84	84	84	84	84	83	83	84	84	83	84	84	84	84	84	84	83	84	84	84	84	84	84	84	83	83	83	83	83	83	84	84	84	83	84	83	83	83	83	83	83	83	83	83	83	83	84	83	83	83	84	84	84	84	84	84	84	84	83	84	84	84	84	84	84	84	84	84	84	84	84	84	84	84	84	84	84	84	84	84	84	84	84	84	84	84	84	84	84	84	84	84	84	84	83	83	83	83	83	83	84	83	84	83	83	83	84	84	83	83	83	83	83	83	83	83	83	83	83	83	84	84	84	84	84	84	84	84	84	84	84	84	84	84	84	84	84	84	84	84	84	84	84	84	84	84	84	84	84	84	84	84	84	84	84	84	84	84	84	84	84	84	84	83	83	84	84	84	84	84	84	84	84	84	84	84	84	84	84	84	84	83	83	83	83	83	83	83	84	84	84	84	84	84	84	84	84	84	84	84	84	84	84	84	84	84	84	84	84	84	84	84	84	84	84	84	84	84	84	84	84	84	84	84	84	84	84	84	84	84	84	84	84	84	84	84	84	84	84	84	84	84	84	84	84	84	84	84	83	84	84	84	84	84	83	84	84	84	83	83	84	84	84	84	84	84	84	84	84	84	84	84	84	84	84	84	84	84	84	84	84	84	84	84	84	83	83	83	83	83	83	83	83	83	83	83	83	84	84	83	83	83	83	83	83	83	83	83	83	83	84	83	83	83	83	83	83	83	83	83	83	83	84	84	84	83	83	83	84	83	83	83	83	83	83	83	84	84	84	84	84	84	84	84	84	84	84	83	84	84	83	83	83	83	83	83	84	84	84	83	83	83	83	83	83	83	83	83	83	83	84	84	84	84	84	84	84	84	83	83	83	84	84	84	84	84	84	84	84	84	84	84	84	84	84	84	84	84	84	84	84	83	83	83	83	83	83	83	83	83	83	83	84	84	84	84	84	84	83	83	84	83	83	84	84	84	84	84	84	84	84	84	84	84	84	84	84	84	84	84	84	84	84
84	83	83	83	83	83	83	83	83	83	83	83	83	83	83	83	83	83	83	83	83	83	83	83	83	83	83	83	83	83	83	83	84	83	83	83	83	83	83	83	83	83	83	82	83	83	83	83	83	83	82	82	83	83	83	83	83	83	83	83	83	83	83	83	83	83	83	83	83	83	83	83	83	83	83	83	83	83	83	83	83	84	84	84	84	84	83	84	84	84	83	84	84	84	84	84	84	84	84	84	84	84	84	83	83	83	84	84	84	84	84	84	84	84	83	83	83	84	84	83	83	83	83	83	83	83	83	83	83	83	83	83	83	83	84	84	83	83	83	84	84	84	84	84	84	84	83	83	83	83	83	83	83	83	83	83	84	84	83	83	84	84	83	83	83	83	83	83	83	83	83	83	83	83	83	83	83	83	83	83	83	83	83	83	84	84	84	84	84	84	84	84	84	83	83	84	84	84	84	84	84	84	83	83	84	84	83	84	83	83	83	83	83	83	83	84	84	84	84	84	84	83	83	83	83	83	83	84	84	84	83	84	83	83	83	83	83	83	83	83	83	83	83	84	83	83	83	84	84	84	84	84	84	84	84	83	84	84	84	84	84	84	84	84	84	84	84	84	84	84	84	84	84	84	84	84	84	84	84	84	84	84	84	84	84	84	84	84	84	84	83	83	83	83	83	83	83	84	83	84	83	83	83	84	84	83	83	83	83	83	83	84	84	84	83	83	83	84	84	84	84	84	84	84	84	84	84	84	84	84	84	84	84	84	84	84	84	84	84	84	84	84	84	84	84	84	84	84	84	84	84	84	84	84	84	84	84	84	84	84	83	83	84	84	84	84	84	84	84	84	84	84	84	84	84	84	84	84	83	83	83	83	83	83	83	83	83	84	84	84	84	84	84	84	84	84	84	84	84	84	84	84	84	84	84	84	84	84	84	84	84	84	84	84	84	84	84	84	84	84	84	84	84	84	84	84	84	84	83	84	84	84	84	84	84	84	84	84	84	84	84	84	84	84	84	83	84	84	84	84	84	83	84	84	84	83	83	84	84	84	84	84	84	84	84	84	84	84	84	84	84	84	84	84	84	84	84	84	84	84	84	84	84	84	84	84	83	83	83	83	83	83	83	83	84	84	83	83	83	83	83	83	83	83	83	83	83	84	83	83	83	83	83	83	83	83	83	83	83	84	84	84	83	83	83	84	83	83	83	83	83	83	83	84	84	84	83	84	84	84	84	84	84	84	83	83	83	83	83	83	83	83	83	83	83	83	83	83	83	83	83	83	84	84	84	83	83	83	83	83	83	83	84	84	84	84	84	84	84	84	84	84	84	84	84	84	84	84	84	84	84	84	84	84	84	84	84	84	83	83	83	83	83	83	83	83	83	83	83	84	84	84	84	84	84	83	83	84	83	83	84	84	84	84	84	84	84	84	84	84	84	84	84	84	84	84	84	84	84	84
84	83	83	83	83	83	83	83	83	83	83	83	83	83	83	83	83	83	83	83	84	83	83	83	83	83	83	83	83	83	83	83	83	83	83	83	83	83	83	83	83	83	83	82	82	83	83	83	83	83	83	83	83	83	83	83	83	83	83	83	83	83	83	83	83	83	83	83	83	83	83	83	83	83	83	83	83	83	83	83	83	84	84	84	84	84	84	84	84	84	84	84	84	84	84	84	84	84	84	84	84	84	84	84	84	84	84	83	83	84	84	84	84	84	84	83	83	83	83	83	83	83	83	83	83	83	83	83	83	83	83	83	83	83	83	83	83	83	83	83	84	84	84	84	84	84	84	83	83	83	83	83	83	83	83	84	84	84	83	83	84	84	83	83	83	83	83	83	83	83	83	83	83	83	83	83	83	83	83	83	83	83	83	83	84	84	84	84	84	84	84	84	84	83	83	84	84	84	84	84	84	83	83	83	84	83	83	84	84	84	84	84	83	83	83	84	84	84	84	84	84	84	83	83	84	84	84	83	83	83	83	84	84	83	83	83	83	83	83	83	83	83	83	83	83	83	83	84	84	84	84	84	84	84	84	84	84	84	84	84	84	84	84	84	84	84	84	84	84	84	84	84	84	84	84	84	84	84	84	84	84	84	84	84	83	83	84	84	84	83	83	83	83	83	83	83	83	83	83	83	83	83	83	84	83	83	83	83	83	83	84	84	84	84	83	83	83	84	84	84	84	84	84	84	84	84	84	84	84	84	84	84	84	84	84	84	84	84	84	84	84	84	83	83	83	84	84	84	84	84	84	84	84	84	84	84	84	84	84	84	84	84	84	84	84	84	84	84	84	84	84	84	84	84	84	84	84	84	84	83	83	83	83	83	83	83	83	84	84	84	84	84	84	84	84	84	84	84	84	84	84	84	84	84	84	84	84	83	83	83	84	84	84	84	84	84	84	84	84	84	84	84	84	84	84	84	84	83	83	83	84	84	84	84	84	84	84	84	84	84	84	84	84	84	84	84	84	84	84	84	84	83	84	84	84	83	83	83	83	84	84	84	84	83	84	84	84	84	84	84	84	84	84	84	84	84	84	84	84	84	84	84	84	84	84	84	84	84	84	84	84	84	84	84	84	84	83	83	83	83	83	83	83	83	83	83	83	83	83	83	83	83	83	83	83	83	83	83	83	83	84	84	83	83	83	84	83	83	83	83	83	83	83	83	83	83	83	84	84	84	84	84	84	83	83	83	83	83	83	83	84	84	84	84	84	84	83	83	83	83	83	84	84	84	84	84	84	84	84	84	84	84	84	84	84	84	84	84	84	84	84	84	84	84	84	84	84	84	84	84	84	84	84	84	84	84	84	84	83	83	83	83	83	83	84	84	83	83	83	84	84	84	84	84	84	84	84	84	84	84	84	84	84	84	84	84	83	84	84	84	84	84	84	84	84	84	84	84	84	84
84	83	83	83	83	83	83	83	83	83	84	83	83	83	83	83	83	83	83	84	84	83	83	83	83	83	83	83	83	83	83	83	83	83	83	83	82	83	83	83	83	83	83	83	83	83	83	83	83	83	83	83	83	83	83	83	83	83	83	83	83	83	83	83	83	83	83	83	83	83	83	83	83	83	83	83	83	83	84	84	84	83	83	83	83	83	84	84	84	84	84	84	83	83	84	84	84	84	83	83	84	84	84	84	84	84	84	83	83	84	84	84	84	84	84	83	83	83	83	83	83	83	83	83	83	83	83	83	83	83	83	83	83	83	83	83	83	83	83	83	83	83	83	83	83	83	84	84	84	83	83	84	84	84	83	84	84	83	83	83	83	84	83	83	83	83	83	83	83	83	83	83	83	83	83	83	83	83	83	83	83	83	83	83	84	83	83	84	84	84	84	84	84	83	83	83	84	84	84	84	83	83	83	83	83	83	83	84	84	84	84	84	84	83	84	84	84	84	84	83	84	84	84	84	84	84	84	83	83	83	83	84	84	84	84	84	84	84	83	83	83	83	83	83	83	83	83	84	84	84	84	84	84	84	83	84	84	84	84	84	83	84	84	84	84	84	84	84	84	84	84	84	83	83	84	84	84	84	84	84	84	84	84	84	84	83	84	84	83	83	83	84	84	83	83	83	83	83	83	83	83	83	83	83	83	83	84	84	84	84	84	84	83	83	84	84	84	84	84	84	84	84	83	83	83	83	83	83	83	83	83	84	84	83	83	84	84	84	84	84	84	84	83	83	83	84	84	84	84	84	84	84	84	84	84	84	84	84	84	84	84	84	84	84	84	83	83	84	84	84	84	84	84	84	84	84	84	84	84	84	84	83	83	83	83	83	83	84	84	84	83	83	83	84	84	84	84	84	84	84	84	84	84	84	84	84	83	83	83	83	84	84	84	84	84	84	84	84	84	84	84	84	84	84	84	84	84	83	83	83	83	83	84	84	84	84	84	84	84	84	84	84	84	84	84	84	84	84	84	84	84	84	83	83	83	84	84	83	83	83	84	84	84	83	84	84	84	84	84	84	84	84	84	84	84	84	84	84	84	84	84	84	84	84	84	84	84	84	84	84	84	84	84	84	84	84	83	84	84	84	83	83	83	83	83	83	83	83	83	83	83	83	83	83	83	83	83	83	83	83	83	83	83	83	83	84	83	83	83	83	83	83	84	83	83	83	83	84	84	83	83	83	83	83	83	83	83	83	83	83	84	84	84	84	84	84	84	83	83	84	84	84	84	84	84	84	84	84	84	84	84	84	84	84	84	84	84	84	84	84	84	84	84	84	84	84	84	84	84	84	84	84	84	84	84	84	84	84	83	83	83	83	83	84	84	84	84	83	83	83	83	83	83	83	83	84	84	84	84	84	84	84	84	84	83	83	83	83	84	84	84	84	84	84	84	84	84	84	84	84
84	83	83	83	83	83	83	83	83	83	84	83	83	83	83	83	83	83	83	83	83	83	83	83	83	83	83	83	83	83	83	83	83	82	83	83	82	83	83	83	83	83	83	83	83	83	83	83	83	83	83	83	83	83	83	83	83	83	83	84	83	83	83	83	84	84	84	84	84	83	83	83	83	83	83	83	83	83	84	84	84	84	84	84	84	84	84	84	84	84	84	84	84	84	84	84	84	84	83	83	84	84	84	84	84	84	84	84	84	84	84	84	84	84	84	83	83	83	83	83	83	83	83	83	83	83	83	83	83	83	83	83	83	83	83	83	83	84	83	83	83	83	83	83	83	83	84	84	84	83	83	84	84	84	84	84	84	83	83	83	83	84	83	83	83	83	83	83	83	83	83	83	83	83	83	83	83	83	83	83	83	83	83	83	84	83	83	84	84	84	84	84	84	83	83	83	84	84	84	84	83	83	83	83	83	83	83	84	84	84	84	84	84	83	84	84	84	84	84	83	84	84	84	84	84	84	84	84	84	84	83	84	84	84	84	84	84	84	83	83	83	83	83	83	83	83	83	84	84	84	84	84	84	84	83	84	84	84	84	84	83	84	84	84	84	84	84	84	84	84	84	84	83	83	84	84	84	84	84	84	84	84	84	84	84	83	84	84	83	83	83	84	84	83	83	83	83	83	83	83	83	83	83	83	83	83	83	83	83	84	84	84	83	83	84	84	84	84	84	84	84	84	83	83	83	83	83	83	83	83	83	83	83	83	83	83	83	84	84	84	84	84	83	83	83	84	84	84	84	84	84	84	84	84	84	84	84	84	84	84	84	84	84	84	84	84	84	84	84	84	84	84	84	84	84	84	84	84	84	84	84	83	83	83	84	84	84	84	84	84	83	83	83	84	84	84	84	84	84	84	84	84	84	84	84	84	84	84	84	84	84	84	84	84	84	84	84	84	84	84	84	84	84	84	84	84	84	84	84	84	84	84	84	84	84	84	84	84	84	84	84	84	84	84	84	84	84	84	84	84	84	84	83	83	83	84	84	83	83	83	84	84	84	84	83	83	84	84	84	84	84	84	84	84	84	84	84	83	83	83	84	84	84	84	84	84	84	84	84	84	84	84	84	84	84	84	83	84	84	84	83	83	83	83	83	83	83	83	83	83	83	83	83	83	83	83	83	83	83	83	83	83	83	83	83	84	83	83	83	83	83	83	84	83	83	83	83	83	83	83	83	83	83	83	83	83	83	83	83	83	84	84	84	84	84	84	83	83	83	84	84	84	84	84	84	84	84	84	84	84	84	84	84	84	84	84	84	84	84	84	84	84	84	84	84	84	84	84	84	84	84	84	84	84	84	84	84	84	83	83	83	83	83	84	84	84	84	83	83	83	83	83	83	83	83	84	84	84	84	84	84	84	84	84	83	83	83	83	84	84	84	84	84	84	84	84	84	84	84	84
84	83	83	83	83	83	83	83	84	84	84	84	83	83	83	83	83	83	83	83	83	83	83	84	83	83	83	83	82	83	83	83	83	83	83	83	83	83	83	83	83	83	83	83	83	83	83	83	83	83	83	83	83	83	83	83	83	83	84	84	84	83	83	83	84	84	84	84	84	83	83	83	83	83	83	83	83	83	83	83	83	84	84	84	84	84	84	84	84	84	84	84	84	84	84	84	84	84	83	83	84	84	84	84	84	84	84	84	84	84	84	84	84	84	84	84	83	84	83	83	83	83	83	83	83	83	83	83	83	83	83	83	83	83	83	83	83	83	83	83	83	83	83	83	83	83	84	83	84	84	83	83	83	84	84	83	83	83	83	83	83	84	83	83	83	83	83	83	83	83	83	83	83	83	83	83	82	83	83	83	83	83	83	83	84	84	84	83	84	84	84	84	84	83	83	84	84	84	84	84	84	84	84	84	84	83	83	84	84	84	84	84	84	84	84	84	84	84	84	84	84	84	84	84	84	84	84	84	84	84	84	84	83	83	84	84	84	84	83	83	83	83	83	83	83	83	84	84	84	84	84	84	84	84	84	84	84	84	84	84	84	84	84	84	84	84	84	84	84	84	84	84	84	84	84	84	84	84	84	84	84	84	84	84	84	84	84	84	84	84	84	84	83	83	83	83	83	83	83	83	83	83	83	83	83	83	83	83	83	83	83	84	84	83	84	84	83	83	83	83	83	84	84	83	83	84	84	84	84	84	84	83	83	83	83	83	83	84	84	84	84	84	84	84	84	83	83	83	84	84	84	84	84	84	84	84	84	84	84	84	84	84	83	83	83	83	83	83	83	83	84	84	84	83	83	83	83	83	84	84	84	84	84	84	84	84	84	84	84	84	83	83	84	84	84	84	84	84	84	84	84	84	84	84	84	84	84	84	84	84	84	84	84	84	84	84	84	84	84	84	84	84	84	84	84	84	84	84	84	84	84	84	84	84	84	84	84	84	84	84	84	84	84	84	84	84	84	84	84	84	84	84	84	84	84	84	84	84	84	84	84	84	84	84	84	84	84	84	84	84	84	84	84	84	84	84	84	83	83	83	84	84	84	84	84	84	84	84	84	84	84	84	84	84	84	83	83	84	84	84	84	84	83	83	83	83	83	83	83	83	83	83	83	83	83	83	83	83	83	83	83	83	84	84	84	84	83	83	83	83	83	83	83	83	83	83	83	83	83	83	84	83	83	83	83	84	84	84	84	84	84	84	84	84	84	84	83	83	83	84	84	84	84	84	84	84	84	84	84	84	84	84	84	84	84	84	84	84	84	84	84	84	84	84	84	84	84	83	83	84	84	84	84	83	83	84	84	84	84	84	84	84	84	84	84	84	84	84	84	83	83	83	83	83	83	84	84	84	84	84	84	84	84	83	83	83	84	84	84	84	83	83	83	83	83	83	83	84	84	84
84	84	83	83	83	83	83	83	83	83	83	83	83	83	83	83	83	83	83	83	83	83	83	84	83	83	83	82	82	83	83	83	83	83	83	83	83	83	83	83	83	83	83	83	83	83	83	83	83	83	84	84	84	84	84	84	84	84	84	84	84	83	83	83	84	84	84	84	84	83	83	83	83	83	83	84	84	84	83	83	83	83	83	84	84	84	83	83	83	83	83	83	84	84	84	84	84	84	83	83	83	83	83	84	84	84	84	84	84	84	84	84	84	84	84	84	83	84	83	83	83	83	83	83	83	83	83	83	83	83	83	83	83	83	83	83	83	83	83	83	83	83	83	83	83	83	84	83	84	84	84	84	84	84	84	83	83	83	83	83	83	84	83	83	83	84	83	83	83	83	83	83	83	83	83	83	82	83	83	83	83	83	83	83	84	84	84	83	84	84	83	83	84	83	83	84	83	84	84	84	84	84	84	84	83	83	83	84	84	84	84	84	84	84	84	84	84	84	84	84	84	84	84	84	84	84	84	84	84	84	84	84	83	83	83	84	84	84	83	83	83	83	83	83	83	84	84	84	84	84	84	84	84	84	84	84	84	84	84	84	84	84	84	84	84	84	84	84	84	84	83	84	84	84	84	84	84	84	84	84	83	84	84	84	84	84	84	84	84	84	84	84	83	83	83	83	83	83	83	83	83	83	83	83	83	83	83	83	83	83	83	84	84	84	83	83	83	83	83	83	83	84	84	83	83	84	84	84	84	84	84	84	84	84	83	83	84	84	84	84	84	84	84	84	84	83	83	83	84	84	84	84	84	84	84	84	84	84	84	84	84	84	83	83	83	83	83	83	83	83	83	84	84	83	83	83	83	83	84	84	84	84	84	84	84	84	84	84	84	84	83	83	84	84	84	84	84	84	84	84	84	84	84	84	84	84	84	84	84	84	84	84	84	84	84	84	84	84	84	84	84	84	84	84	84	84	84	84	84	84	84	84	84	84	84	84	84	84	84	84	84	84	84	84	84	84	84	84	84	84	84	84	84	84	84	84	84	84	84	84	84	84	84	84	84	84	84	84	84	84	84	84	84	84	84	84	84	83	83	83	84	84	84	84	84	84	84	84	84	84	84	84	84	84	83	83	84	84	84	84	84	84	83	83	83	83	83	83	83	83	83	83	83	83	83	83	83	83	83	83	83	83	83	83	84	84	83	83	83	83	83	83	83	83	83	83	83	83	83	83	83	83	83	83	84	84	84	84	84	84	84	84	83	84	84	84	84	84	84	84	84	84	84	84	84	84	84	84	84	84	84	84	84	84	84	84	84	84	84	84	84	84	84	84	84	84	84	83	83	83	83	83	83	83	83	83	83	83	84	84	84	84	84	84	83	83	84	84	84	84	83	83	83	83	83	84	84	84	84	84	84	83	83	83	83	83	84	84	84	84	83	83	83	83	83	83	83	83	83	83
84	84	84	84	84	83	83	83	83	83	83	83	83	83	83	83	83	83	83	82	83	83	83	83	83	83	83	83	83	83	83	83	83	83	83	83	83	83	83	83	83	83	83	83	83	84	83	83	83	83	84	84	84	84	84	84	84	84	84	84	84	83	83	83	84	84	84	84	84	83	83	83	83	83	83	84	84	84	83	83	83	83	83	84	84	84	84	83	83	83	83	83	84	84	84	84	84	84	83	83	83	83	83	84	84	84	84	84	84	84	84	84	84	84	84	84	83	84	83	83	83	83	83	83	83	83	83	83	83	83	83	83	83	83	83	83	83	83	83	83	83	82	83	83	83	84	84	84	84	84	84	84	84	84	84	84	83	83	84	83	83	84	83	83	83	83	83	83	83	83	83	82	83	83	83	83	82	83	83	83	83	83	83	83	84	84	84	83	84	84	83	83	84	83	83	84	83	84	84	84	84	84	83	84	83	83	83	84	84	84	84	84	84	84	84	84	83	83	84	84	84	84	84	84	84	84	84	84	84	84	84	84	83	83	83	84	84	84	83	83	83	83	83	83	83	84	84	84	84	84	84	84	84	84	84	84	84	84	84	84	84	84	84	84	84	84	84	84	84	84	83	84	84	84	84	84	84	84	84	84	83	84	84	84	84	84	84	84	84	84	84	84	83	83	83	83	83	83	83	83	83	83	83	83	83	83	83	83	83	83	83	83	84	84	83	83	83	83	83	83	83	84	83	83	83	84	84	84	84	84	84	84	84	84	84	84	84	84	84	84	84	84	84	84	84	83	83	83	84	84	84	84	84	84	84	84	84	84	84	84	84	84	83	83	83	83	83	83	83	83	83	84	84	83	83	83	83	83	84	84	84	84	84	84	84	84	84	84	84	84	83	83	84	84	84	84	84	84	84	84	84	84	84	84	84	84	84	84	84	84	84	84	84	84	84	84	84	84	84	84	84	84	84	84	84	84	84	84	84	84	84	84	84	84	84	84	84	84	84	84	84	84	84	84	84	84	84	84	84	84	84	84	84	84	84	84	84	84	84	84	84	84	84	84	84	84	84	84	84	84	84	84	84	84	84	84	84	84	84	84	84	84	84	84	84	84	84	84	84	84	84	84	84	84	83	83	84	84	84	84	84	84	83	83	83	83	83	83	83	83	83	83	83	83	83	83	83	83	83	83	83	83	83	83	83	84	83	83	83	83	83	83	83	84	84	84	84	84	84	83	83	83	83	83	84	84	84	84	84	84	84	84	83	84	84	84	84	84	84	84	84	84	84	84	84	84	84	84	84	84	84	84	84	84	84	84	84	83	83	83	83	83	83	83	83	83	83	83	83	83	83	83	83	83	83	83	83	83	84	84	84	84	84	84	83	83	84	84	84	84	83	83	83	83	83	84	84	84	84	84	84	83	83	83	83	83	84	84	84	84	83	83	83	83	83	83	83	83	83	83
84	84	84	84	83	83	83	83	83	83	83	83	83	83	83	83	83	83	83	82	83	83	83	83	83	83	83	83	83	83	83	83	83	82	82	83	83	83	83	83	83	83	83	83	83	83	83	83	83	83	83	83	83	83	83	83	83	84	84	84	84	83	83	83	83	83	83	83	83	83	83	83	83	84	83	84	84	83	83	83	83	84	84	84	83	83	83	83	83	83	83	83	83	83	84	84	83	83	83	83	83	83	83	83	83	83	83	83	84	84	84	84	84	84	84	84	84	84	84	83	83	83	83	83	83	83	83	83	83	83	82	83	83	83	83	83	83	83	83	83	82	82	83	83	83	83	83	83	84	84	84	83	84	84	83	83	83	83	83	83	83	84	83	83	83	83	83	83	83	83	83	83	83	83	83	83	83	83	83	83	83	84	84	84	84	83	84	84	84	84	84	84	84	83	83	83	83	83	83	83	83	84	84	84	83	83	83	83	83	83	83	84	84	84	84	83	83	83	84	84	84	84	84	84	84	84	84	84	84	84	84	84	84	83	83	84	84	84	83	83	83	83	83	83	83	84	84	83	83	83	83	83	83	83	83	84	84	84	84	84	84	83	83	84	84	84	84	84	84	84	84	84	84	84	84	84	84	84	84	84	84	84	84	84	84	84	84	84	83	83	83	84	83	83	83	83	83	84	83	83	84	84	84	83	83	83	83	83	83	83	83	83	83	83	83	83	83	83	83	83	83	83	83	83	83	83	83	84	84	84	84	84	84	84	84	84	84	84	84	84	84	84	84	84	84	83	83	83	83	83	83	84	84	84	84	84	84	84	84	84	84	84	83	83	83	83	83	83	83	83	83	83	83	83	83	83	83	84	84	84	84	84	83	83	84	84	84	84	84	84	84	84	84	84	84	84	84	84	83	83	83	84	84	84	84	84	84	84	84	84	84	84	84	84	84	84	83	84	84	84	84	84	84	84	84	84	84	84	84	84	84	84	84	84	84	84	84	84	84	84	84	84	84	84	84	84	84	84	84	84	84	84	83	83	83	83	83	83	83	83	83	83	83	83	83	83	84	84	84	84	84	84	84	84	84	83	84	84	84	84	84	84	84	84	84	84	84	84	84	84	84	84	84	84	84	83	83	83	83	83	83	83	83	83	84	83	83	83	83	84	83	83	83	83	84	84	83	83	83	83	83	83	83	83	83	83	83	83	84	84	84	84	84	84	84	84	84	84	84	84	84	84	83	83	83	84	84	84	84	84	84	84	84	84	84	84	84	84	84	84	84	84	84	84	84	84	84	84	84	84	84	83	84	84	84	84	84	84	84	84	84	84	84	84	84	84	84	84	84	83	84	83	84	83	84	84	84	84	84	84	84	84	84	84	84	84	84	83	83	83	83	83	83	83	83	83	83	84	84	84	84	83	83	83	83	83	84	84	84	83	83	83	83	83	84	84	84	84	83	83
84	83	83	83	83	83	83	83	83	83	83	83	83	83	83	83	83	83	83	82	83	83	83	83	83	83	83	83	83	83	83	83	83	83	83	83	84	84	84	84	84	84	84	84	83	83	83	83	83	83	83	83	83	83	83	83	83	83	84	84	84	83	83	83	83	83	83	83	83	83	83	83	83	84	83	84	84	83	83	83	83	84	84	84	83	83	84	84	84	83	83	83	83	83	83	83	83	83	83	83	83	83	83	83	83	83	83	83	84	84	84	84	84	84	84	84	84	84	84	83	83	83	83	83	83	83	83	83	83	83	83	83	83	83	83	83	83	83	83	83	82	82	83	84	83	84	83	83	83	83	83	83	83	83	83	83	83	83	83	83	83	84	83	83	83	83	83	83	83	83	83	83	83	83	83	83	83	83	83	83	83	84	84	84	84	83	84	84	84	84	84	84	84	83	83	83	83	83	83	83	83	84	84	84	83	83	83	83	83	83	83	83	84	84	84	83	83	83	84	84	84	84	84	84	84	84	84	84	84	84	84	84	84	83	83	83	84	84	83	83	83	83	83	83	83	84	84	83	83	83	83	83	83	83	83	83	84	84	84	84	84	84	84	84	84	84	84	84	84	84	84	84	84	84	84	84	84	84	84	84	84	84	84	84	84	84	84	84	83	83	83	84	84	83	83	83	83	84	83	83	84	84	84	83	83	83	83	83	83	83	83	83	83	83	83	83	83	83	83	83	83	83	83	83	83	83	83	83	84	84	84	84	84	84	84	84	84	84	84	84	84	84	84	84	84	83	83	83	83	83	83	84	84	84	84	84	84	84	84	84	84	84	83	83	83	83	83	83	83	83	83	83	83	83	83	83	84	84	84	84	84	84	83	83	84	84	84	83	83	83	84	84	84	84	84	83	83	83	83	83	83	84	84	84	84	84	84	84	84	84	84	84	84	84	84	84	83	84	84	84	84	84	84	84	84	84	84	84	84	84	84	84	84	84	84	84	84	84	84	84	84	84	84	84	84	84	84	84	84	84	84	84	83	83	83	83	83	83	83	83	83	83	83	83	83	83	84	84	84	84	84	84	84	84	84	83	84	84	84	84	84	84	84	84	84	84	84	84	84	84	84	84	84	84	84	83	83	83	83	83	83	83	83	84	84	84	84	84	84	84	84	83	83	83	84	84	84	83	83	83	83	83	83	83	83	84	83	83	84	84	84	84	84	84	84	84	84	84	84	84	84	83	83	83	83	84	84	84	83	83	84	84	84	84	84	84	84	84	84	84	84	84	84	83	84	84	84	84	84	84	84	84	84	84	84	84	84	84	84	84	84	84	84	84	84	84	84	84	84	83	84	84	84	84	84	84	84	84	84	84	84	84	84	84	84	84	84	83	83	83	83	83	83	83	83	83	83	84	84	84	84	83	83	83	83	83	84	84	84	83	83	83	83	83	84	84	84	84	83	83
84	83	83	83	83	83	83	83	83	83	83	83	83	83	82	83	83	83	83	82	83	83	83	83	83	83	83	83	83	83	82	83	83	83	83	83	84	84	84	84	84	84	84	84	83	83	83	83	83	84	83	83	83	83	83	83	83	83	84	84	84	83	83	83	83	83	83	83	83	83	84	84	83	84	84	84	84	84	83	83	83	84	84	84	84	84	84	84	84	83	83	83	83	83	83	83	83	83	83	83	83	83	83	83	83	83	83	83	84	84	84	84	84	84	84	84	84	84	84	83	83	83	83	83	83	83	83	83	83	83	83	83	83	83	83	83	83	83	83	83	83	83	83	84	84	84	84	83	83	83	83	83	83	83	83	83	83	83	83	83	83	84	83	83	83	83	83	83	83	83	83	83	83	83	83	83	83	83	83	83	83	84	84	84	84	83	84	84	84	84	84	84	84	83	83	83	83	83	83	84	84	84	84	84	83	83	83	83	83	83	83	83	84	84	84	83	83	83	84	84	84	84	84	84	84	84	84	84	84	84	83	84	84	83	83	83	83	83	83	83	83	83	83	83	83	83	83	83	83	83	83	83	83	83	83	83	84	84	84	84	84	84	84	84	84	84	84	84	84	84	84	84	84	84	84	84	84	84	84	84	84	84	84	84	84	84	84	84	83	83	83	83	83	83	83	83	83	84	83	83	83	83	83	83	83	83	83	83	83	83	83	83	83	83	83	83	83	83	83	83	83	83	83	83	83	83	83	83	84	84	84	84	84	84	83	83	83	84	84	84	84	84	84	84	84	83	83	83	83	83	83	84	84	84	84	84	84	84	84	84	84	84	84	84	84	84	84	84	84	84	84	84	84	84	84	84	84	84	84	84	84	84	83	83	84	84	84	84	84	84	84	84	84	84	84	84	84	84	83	83	83	84	84	84	83	83	83	84	84	84	84	84	84	84	84	84	83	84	84	84	84	84	84	84	84	84	84	84	84	84	84	84	84	84	84	84	84	84	84	84	84	84	84	84	84	84	84	84	84	84	84	84	83	83	83	83	83	83	83	83	83	83	83	83	83	83	84	84	84	84	84	84	84	84	84	83	84	84	84	84	84	84	84	84	84	84	84	84	84	84	84	84	84	84	84	83	83	84	84	83	83	83	83	84	84	84	84	84	84	84	84	83	83	83	84	84	83	83	83	83	83	83	83	83	83	84	84	84	83	83	84	84	84	84	84	84	84	84	84	83	83	83	83	83	83	84	84	83	83	83	84	84	84	84	84	84	84	84	84	84	84	84	84	83	84	84	83	84	84	84	84	84	84	84	84	84	84	84	84	84	84	83	84	84	84	84	84	84	84	83	84	84	84	83	84	84	84	84	84	84	84	84	84	84	84	84	84	83	83	83	83	83	83	83	83	83	83	83	84	84	84	83	83	83	83	83	84	84	84	83	83	83	83	83	84	84	84	84	83	83
84	83	82	83	83	83	83	83	83	83	83	83	83	83	83	83	83	83	83	83	83	83	83	83	83	82	82	83	83	83	83	83	83	84	84	84	84	84	84	84	84	84	84	84	83	83	83	84	84	84	84	84	83	83	83	83	83	83	83	84	84	83	83	83	84	84	83	83	83	83	83	83	83	83	83	84	84	84	84	83	83	83	83	83	84	84	84	83	83	83	83	83	84	84	84	84	83	83	83	83	83	83	83	83	83	83	83	83	84	84	84	84	83	83	83	84	84	83	83	83	84	83	83	83	83	83	83	83	83	83	83	83	83	83	83	83	83	83	82	82	83	83	83	83	83	83	83	83	83	83	83	83	83	83	83	83	83	83	83	83	83	84	83	83	83	83	83	83	83	83	83	83	83	82	82	82	83	83	83	83	83	84	83	83	84	83	84	84	84	84	84	83	83	84	84	84	84	84	84	84	84	84	84	84	84	84	84	83	83	83	83	83	83	84	84	84	84	84	83	83	83	84	84	84	84	84	84	83	83	83	84	84	84	84	84	83	83	83	83	83	83	83	83	83	83	83	83	83	83	83	83	83	83	83	83	83	84	84	84	84	84	84	84	84	84	84	84	84	84	84	84	84	84	84	84	84	84	84	84	84	84	84	84	84	84	83	83	83	83	84	83	83	83	83	83	83	83	83	83	83	83	83	83	83	83	83	83	83	83	83	83	83	83	83	83	83	83	83	83	83	83	83	83	83	83	83	84	84	84	83	83	83	83	84	83	83	83	84	84	84	84	84	84	84	84	83	83	83	84	84	84	83	83	84	84	84	84	84	84	84	84	84	83	83	84	84	84	84	83	83	83	83	83	84	84	84	84	84	84	84	83	83	83	83	84	84	84	84	84	84	84	84	84	83	83	83	83	83	83	83	83	83	83	83	84	84	84	84	84	84	84	84	84	84	84	84	84	84	84	84	84	84	84	84	84	84	84	84	84	84	84	84	84	84	84	84	84	84	84	84	84	84	84	84	84	84	84	84	84	84	84	84	84	84	84	83	84	83	83	83	84	84	84	84	84	84	83	83	83	84	84	84	84	84	83	83	83	84	84	84	84	84	84	84	84	84	84	84	84	84	84	84	84	84	83	84	84	84	84	84	84	84	84	84	84	84	84	84	84	84	84	83	83	83	84	84	83	83	83	83	83	83	83	83	83	84	83	83	84	84	84	84	84	84	84	84	84	84	84	84	84	84	84	84	84	84	84	84	84	84	84	84	84	84	84	84	84	84	84	84	84	84	84	84	84	84	84	84	84	84	84	84	84	84	84	84	84	84	84	84	84	84	84	84	84	84	84	84	84	84	84	84	83	83	84	84	84	84	84	84	84	83	83	83	83	83	83	83	83	83	83	83	83	83	83	83	83	83	83	83	83	83	83	84	84	84	84	83	83	83	83	83	83	83	83	83	83	84	84	84
84	83	83	83	83	82	83	83	83	83	83	83	83	83	83	83	83	83	83	83	83	83	83	83	83	83	83	83	84	84	83	83	83	84	84	84	83	83	83	83	83	83	84	83	84	84	84	84	84	84	84	84	83	83	83	83	83	83	83	84	84	83	83	83	84	84	84	83	83	83	83	83	83	83	83	84	84	84	84	84	83	83	83	83	84	84	83	83	83	83	83	83	84	84	84	84	84	83	83	83	83	83	83	83	83	83	83	83	84	84	84	84	83	83	83	84	84	84	83	83	84	83	83	83	83	83	83	83	83	83	83	83	83	83	83	83	83	83	83	83	83	83	83	84	83	83	83	83	83	83	83	83	83	83	84	84	83	83	83	83	83	84	83	83	83	83	83	83	83	83	83	83	83	83	82	83	83	83	83	83	83	83	83	83	84	83	84	84	84	84	84	83	83	84	84	84	84	84	84	84	84	84	84	84	84	84	84	83	83	83	83	83	83	83	83	83	84	84	83	83	83	84	84	84	84	84	84	83	83	83	84	84	84	84	84	84	84	84	83	83	83	83	83	83	83	83	83	83	83	83	83	83	83	83	83	83	84	84	84	84	84	84	84	84	84	84	84	84	84	84	84	84	84	84	84	84	84	84	84	84	84	84	84	84	84	83	83	83	83	84	83	83	83	83	83	83	83	83	83	83	83	83	83	83	83	83	83	83	83	83	83	83	83	83	83	83	83	83	83	83	83	83	83	83	83	83	84	84	84	83	83	83	83	84	83	83	83	84	84	84	84	84	84	84	84	83	83	84	84	84	84	83	83	84	84	84	84	84	84	84	84	84	83	83	84	84	84	84	83	83	83	83	83	84	84	84	84	84	84	84	83	83	83	84	84	84	84	84	84	84	84	84	84	83	83	83	83	83	83	83	83	83	83	83	84	84	84	84	84	84	84	84	84	84	84	84	84	84	84	84	84	84	84	84	84	84	84	84	84	84	84	84	84	84	84	84	84	84	84	84	84	84	84	84	84	84	84	84	84	84	84	84	84	84	84	83	84	83	83	83	84	84	84	84	84	84	83	83	83	84	84	84	84	84	83	83	83	84	84	84	84	84	84	84	84	84	83	83	84	84	84	84	83	83	83	84	84	84	84	84	84	84	84	84	84	84	84	84	84	84	84	83	83	83	83	83	83	83	83	83	83	83	83	83	83	83	83	83	84	84	84	84	84	84	84	84	84	84	84	84	84	84	84	84	84	84	84	84	84	84	84	84	84	84	84	84	84	84	84	84	84	83	83	83	84	84	84	84	84	84	84	84	84	84	84	84	84	84	84	84	84	84	84	84	84	83	83	84	84	83	84	84	84	84	84	83	83	83	83	83	83	83	83	83	83	83	83	83	83	83	83	83	83	83	83	83	83	83	83	83	83	83	83	84	84	84	83	83	83	83	83	83	83	83	83	83	83	84	84	84
84	83	83	83	83	82	82	82	82	83	82	83	83	83	83	83	83	83	83	83	83	83	82	83	83	83	83	84	84	84	83	83	83	84	84	83	83	83	83	83	83	83	83	83	84	84	84	84	84	84	84	84	83	83	83	83	83	83	84	84	84	83	83	83	84	84	83	83	83	83	83	83	83	83	83	84	84	84	84	83	83	83	83	83	84	84	83	83	83	83	83	83	83	84	84	84	84	83	83	83	83	83	83	83	83	83	83	83	84	84	84	84	83	83	83	84	84	84	84	83	84	83	83	83	83	83	83	83	83	83	83	83	83	83	83	82	82	83	83	83	83	83	83	84	83	83	83	83	83	83	83	83	83	83	84	84	83	83	83	83	83	83	83	83	83	83	83	83	83	83	83	83	83	83	83	83	83	83	83	83	83	84	83	83	84	83	84	84	84	84	84	83	83	83	84	84	84	84	84	84	84	84	84	84	84	84	84	83	83	83	83	83	83	83	83	83	84	84	83	83	83	84	84	84	84	84	84	83	83	83	84	84	84	84	84	84	84	84	83	83	83	84	84	83	83	83	83	83	83	83	83	83	83	83	83	83	83	84	84	84	84	84	84	84	84	84	84	84	84	84	84	84	84	84	84	84	84	84	84	84	84	84	84	84	84	83	83	83	83	84	84	83	83	83	83	83	83	83	83	83	83	83	83	83	83	83	83	83	83	83	83	83	83	83	83	83	83	83	83	83	83	83	83	83	83	83	83	83	83	83	83	83	83	84	83	83	83	84	84	84	84	84	84	84	84	83	83	83	84	84	84	83	83	84	84	84	84	84	84	84	84	83	83	83	83	84	84	84	83	83	83	84	83	84	84	84	84	84	84	84	83	83	83	83	84	84	84	84	84	84	84	84	84	83	83	83	84	84	83	83	83	83	83	83	84	84	84	84	84	84	84	84	84	84	84	84	84	84	84	84	84	84	84	84	84	84	84	84	84	84	84	84	84	84	84	84	84	84	84	84	84	84	84	84	84	84	84	84	84	84	84	84	84	84	84	84	84	84	83	83	84	84	84	84	84	84	84	83	84	84	84	84	84	84	83	83	83	84	84	84	84	84	84	84	84	84	84	84	84	84	84	83	83	83	83	83	84	84	84	84	84	84	84	84	84	84	84	84	84	84	84	83	83	83	83	83	83	83	83	83	83	83	83	83	83	84	83	83	84	84	84	84	84	84	84	84	84	84	84	84	84	84	84	84	84	84	84	84	84	84	84	84	84	84	84	84	84	84	84	84	84	83	83	83	84	84	84	84	84	84	84	84	84	84	84	84	84	84	84	84	84	84	84	84	84	83	83	84	84	83	83	83	84	84	83	84	84	84	84	84	84	83	83	83	83	83	83	83	83	83	83	83	83	83	83	83	83	83	83	83	83	83	83	84	84	84	83	83	83	83	83	83	83	83	83	83	83	84	84	84
84	82	82	83	83	82	82	82	83	83	83	83	83	83	83	83	83	83	83	83	83	83	83	83	83	83	83	83	83	83	83	83	83	84	84	84	84	84	84	84	84	83	83	83	83	83	83	83	83	83	83	83	84	84	84	83	83	83	84	83	83	83	83	83	83	83	83	83	83	83	83	83	84	84	84	83	84	83	83	83	83	83	83	83	84	84	83	83	83	83	83	83	83	83	83	83	83	84	84	84	83	83	83	83	83	83	83	83	84	83	83	83	83	83	84	84	84	84	84	84	83	83	83	83	83	83	83	83	83	83	83	83	83	83	83	83	83	82	82	82	83	83	83	83	83	83	83	83	83	83	83	83	83	83	83	83	83	83	83	83	83	83	83	83	83	83	83	83	82	83	83	83	83	83	83	83	83	83	83	83	83	84	83	84	83	83	83	84	84	84	84	83	83	83	83	83	84	84	84	83	83	83	83	83	84	84	84	84	84	84	83	83	83	83	83	83	84	84	83	83	83	83	83	83	83	83	83	83	83	83	83	83	83	83	84	84	84	84	83	83	83	84	84	84	83	83	83	83	83	83	83	83	83	83	83	83	83	83	84	84	84	84	84	84	84	84	84	84	84	84	84	84	84	84	84	84	84	84	84	84	84	84	84	83	83	83	83	83	84	84	84	83	83	83	83	83	83	83	83	83	83	83	83	83	83	83	83	83	83	83	83	83	83	83	83	83	83	83	83	83	83	83	83	83	83	83	83	83	83	83	83	83	83	83	83	83	83	84	84	84	84	84	84	83	83	83	83	83	83	83	83	83	83	84	84	84	84	84	84	83	83	83	83	83	83	83	83	83	83	83	84	84	84	84	84	84	84	84	84	83	83	83	83	83	83	83	83	84	84	84	84	84	83	83	83	84	84	84	83	83	83	83	83	84	84	84	84	84	84	84	84	84	84	84	84	84	84	84	83	83	83	84	84	84	84	84	84	84	84	84	84	84	84	84	84	84	84	84	84	84	84	84	84	84	84	84	84	84	84	84	84	84	83	83	84	84	84	84	83	83	84	84	84	83	83	83	84	84	84	84	84	84	84	84	84	84	84	84	84	84	84	84	84	84	84	84	84	84	84	83	83	83	83	83	83	84	84	83	83	83	84	84	84	83	84	84	84	84	84	84	84	84	84	84	84	84	83	83	83	84	84	84	84	84	84	84	84	84	84	84	84	84	84	84	84	84	84	84	84	84	84	84	84	84	84	84	84	84	84	84	84	84	84	84	84	84	84	84	84	84	84	84	84	84	84	84	83	84	84	84	84	84	84	84	84	84	84	84	84	84	84	84	84	84	84	84	84	84	84	84	83	83	83	83	83	84	84	84	83	84	84	83	83	83	83	84	83	83	83	83	83	83	84	84	84	84	83	83	83	83	84	84	84	84	84	84	83	83	83	83	83	83	84	84	84	83	83	84	84	84
84	83	82	83	83	82	83	83	83	83	83	83	83	83	83	83	83	83	84	84	84	84	83	83	83	83	83	83	83	83	83	83	84	84	84	84	84	84	84	84	84	83	83	84	84	84	84	84	84	84	84	84	84	84	84	84	84	84	84	84	83	83	83	83	83	83	83	83	83	83	83	83	84	84	84	83	84	83	83	83	83	83	83	83	84	84	84	83	84	84	84	84	83	83	83	83	83	84	84	84	83	83	83	83	83	83	84	83	84	83	83	83	83	83	84	84	84	84	84	84	83	83	83	83	83	83	83	83	83	83	83	83	83	83	83	83	83	83	82	83	83	83	83	83	83	83	83	83	83	83	83	83	83	83	83	83	83	83	83	83	83	83	83	83	83	83	83	83	82	83	83	83	83	83	83	83	83	83	83	83	83	84	83	84	83	83	83	84	84	84	84	83	83	83	83	83	84	84	84	83	83	83	84	84	84	84	84	84	84	84	83	83	83	83	83	83	83	83	83	83	83	83	83	83	84	84	84	84	84	83	83	83	83	83	84	84	84	84	83	83	83	83	83	83	83	83	83	83	83	83	83	83	83	83	83	84	84	84	84	84	84	84	84	84	84	84	84	84	84	84	84	84	84	84	84	84	84	84	84	84	84	84	84	83	83	83	83	83	83	83	83	83	83	83	83	83	83	83	83	83	83	83	83	83	83	83	83	83	83	83	83	83	83	83	83	83	83	83	83	83	83	83	83	83	83	83	83	83	83	83	83	83	83	83	83	83	84	84	84	84	84	84	84	83	83	83	83	83	83	83	83	83	83	84	84	84	84	84	84	83	83	83	83	83	83	83	83	83	83	83	84	83	83	83	83	84	84	84	84	83	83	84	84	84	83	83	83	84	84	84	84	84	83	83	83	84	84	84	83	83	83	83	83	84	84	84	84	84	84	84	84	84	84	84	84	84	84	84	83	83	83	84	84	84	84	84	84	84	84	84	84	84	84	84	84	84	84	84	84	84	84	84	84	84	84	84	84	84	84	84	84	84	83	83	83	84	84	83	83	83	83	84	84	83	83	83	84	84	84	84	84	84	84	84	83	83	83	84	84	84	84	84	84	84	84	84	84	84	84	83	83	84	84	84	84	84	84	84	84	84	83	84	84	83	84	84	84	84	84	84	84	84	84	84	84	84	84	83	83	84	84	84	84	84	84	84	84	84	84	84	84	84	84	84	84	84	83	83	83	84	84	84	84	84	84	84	84	84	84	84	84	84	84	84	84	84	84	84	84	84	84	84	83	83	84	84	84	84	84	84	84	84	84	84	84	84	84	84	84	84	84	84	84	84	84	84	84	84	84	84	83	83	83	83	83	83	83	83	83	84	84	83	83	83	83	84	83	83	83	83	83	83	84	84	84	84	83	83	83	83	84	84	84	84	84	84	83	83	83	83	83	83	84	84	84	83	83	84	84	84
84	83	82	83	83	83	83	83	83	83	83	83	83	82	82	83	83	83	83	83	83	83	83	83	83	83	83	83	83	84	83	83	84	84	84	84	84	84	84	84	84	84	83	84	84	84	84	83	83	83	83	83	84	84	84	84	83	83	84	84	83	83	83	83	83	83	83	83	83	83	83	83	84	84	84	83	84	83	83	83	83	83	83	83	84	84	83	83	84	84	84	84	84	84	84	83	83	84	84	84	83	83	83	84	83	83	84	83	83	83	83	83	83	83	84	84	84	84	84	84	83	83	83	84	84	83	83	83	83	83	83	83	83	83	83	83	83	83	83	83	83	83	83	83	83	83	83	83	83	83	83	83	83	83	83	83	83	83	83	83	83	83	83	83	83	83	83	83	83	83	83	83	83	83	83	83	83	83	83	83	83	84	83	84	84	83	84	84	84	84	84	83	83	83	83	83	84	84	84	84	84	84	84	84	84	84	84	84	84	84	83	83	83	83	83	83	83	83	83	83	83	84	84	84	83	83	84	84	84	84	83	83	83	83	84	84	84	84	84	84	83	83	83	83	83	83	83	83	83	83	83	83	83	83	83	84	84	84	84	84	84	84	84	84	84	84	84	84	84	84	84	84	84	84	84	84	84	84	84	84	84	84	84	83	83	83	83	83	83	83	83	83	83	83	83	83	83	83	83	83	83	83	83	83	83	83	83	83	83	83	83	83	83	83	83	83	83	83	83	83	83	83	83	83	83	83	83	83	84	84	84	84	84	83	83	83	83	84	84	84	84	84	84	83	83	83	83	83	84	84	83	83	83	84	84	84	84	84	84	83	83	83	83	83	83	83	83	83	83	83	83	83	83	83	83	83	84	84	84	84	84	84	84	84	84	83	83	84	84	84	84	84	83	83	84	83	83	83	83	83	83	83	84	84	84	84	84	84	84	84	84	84	84	84	84	84	84	84	83	83	83	84	84	84	84	84	84	84	84	84	84	84	84	84	84	84	84	84	84	84	84	84	84	84	84	84	84	84	84	84	84	84	83	83	83	83	83	83	83	83	83	83	83	83	83	83	84	84	84	84	84	84	83	83	83	83	83	84	84	84	84	84	84	84	84	84	84	84	84	83	83	84	84	84	84	84	84	84	84	84	83	83	84	84	84	84	84	84	84	84	84	84	84	84	84	84	84	84	84	84	84	84	84	84	84	84	84	84	84	84	84	84	84	84	84	84	83	83	83	84	84	84	84	84	84	84	84	84	84	84	84	83	83	84	84	84	84	84	84	84	84	84	84	84	84	84	84	84	84	84	84	84	84	84	84	84	84	84	84	84	84	84	84	84	84	84	84	84	84	84	83	83	83	83	83	84	84	84	84	83	83	83	83	83	84	84	83	83	83	83	83	83	84	84	84	83	83	83	83	83	84	84	84	84	84	84	84	83	83	84	84	84	84	84	84	83	83	84	84	84
84	83	83	83	83	83	83	83	83	83	83	83	83	83	83	83	83	83	83	83	83	83	84	84	84	84	84	83	84	84	83	83	83	83	83	83	84	84	84	84	84	84	84	84	84	84	84	83	83	83	83	83	83	84	84	83	83	83	84	84	84	84	84	84	84	84	84	84	84	83	83	83	84	84	84	84	84	84	84	84	84	84	84	83	83	83	84	84	84	84	84	84	84	84	84	84	84	83	83	83	83	83	83	83	83	84	84	83	83	83	83	83	83	83	84	84	84	84	84	84	84	84	84	84	84	84	83	83	83	84	83	83	83	83	83	83	83	83	83	83	83	83	83	83	83	83	83	82	83	83	83	83	83	83	83	83	83	83	83	83	83	83	83	83	83	83	83	83	83	83	83	82	83	83	83	83	83	83	83	83	83	84	83	84	84	84	84	84	84	84	84	83	83	83	83	83	84	84	84	84	84	84	84	84	84	84	84	84	84	84	84	84	84	84	84	84	84	84	84	84	84	83	83	83	83	83	83	84	84	84	83	84	84	83	84	84	84	84	84	84	84	83	83	83	83	83	83	83	83	83	83	83	83	83	83	83	83	83	84	84	84	84	84	84	84	84	83	84	84	84	84	83	83	84	84	84	84	83	83	83	83	83	83	84	83	83	83	83	83	83	83	83	83	83	83	83	83	83	83	83	83	83	83	83	83	83	83	83	83	83	83	83	83	83	83	83	83	83	83	83	83	83	83	83	83	83	83	83	84	84	84	84	84	83	83	83	83	83	83	84	84	84	83	83	83	84	84	84	84	84	84	83	83	83	83	83	84	84	84	83	83	83	83	83	83	83	83	83	83	83	83	83	83	83	83	83	83	83	84	84	84	84	84	84	84	83	83	84	84	84	84	84	83	84	84	84	83	83	84	84	84	84	84	84	84	84	84	84	84	84	84	84	84	84	84	84	84	84	83	83	83	84	84	84	84	84	84	84	84	84	84	84	84	84	84	84	84	84	84	84	84	84	84	84	84	84	84	84	83	84	84	84	84	84	84	84	84	83	83	83	84	84	84	83	83	83	83	83	83	84	84	83	83	83	83	83	83	84	84	84	84	84	84	84	84	84	84	84	84	84	84	84	84	84	84	84	84	84	84	84	83	83	84	84	84	84	84	84	84	84	84	84	84	84	84	84	84	84	84	84	84	84	84	84	84	84	84	84	84	84	84	84	84	83	83	83	84	84	84	83	83	83	84	84	84	84	83	84	84	84	84	84	83	84	84	84	84	84	84	84	84	84	85	84	84	85	85	84	84	85	84	84	84	84	84	84	84	84	84	84	84	84	84	84	84	84	84	84	84	84	83	83	83	84	84	84	84	84	84	83	83	83	83	83	84	84	83	83	83	83	83	83	83	83	83	83	83	83	83	83	83	83	83	83	83	83	84	84	84	84	84	84	83	83	83	83	83	83	83	83
83	83	83	83	83	83	84	83	83	83	83	83	84	83	83	83	83	83	83	83	83	83	84	84	84	84	84	83	84	84	83	83	84	84	84	84	84	84	84	84	84	84	84	84	84	84	84	83	83	83	83	83	83	84	84	83	83	83	84	84	84	84	84	84	84	84	84	84	84	83	83	83	84	84	84	84	84	84	84	84	84	84	84	84	84	84	84	84	84	84	84	84	84	84	84	84	84	84	83	83	83	83	83	83	83	83	84	84	84	83	83	83	83	83	84	84	84	84	84	84	84	84	84	84	84	84	83	83	83	84	83	83	83	83	83	83	83	83	83	83	83	83	83	83	83	83	83	82	83	83	83	83	83	83	83	83	83	83	83	83	83	83	83	83	83	83	83	83	83	83	83	83	83	83	83	83	83	83	83	83	83	84	83	84	84	84	84	84	84	84	84	83	83	83	83	83	84	84	84	84	84	84	84	84	84	84	84	84	84	84	84	84	84	84	84	84	84	84	84	84	84	83	83	83	83	83	83	84	84	84	83	84	84	83	84	84	84	84	84	84	84	84	84	84	83	83	83	83	83	83	83	83	83	83	83	83	83	83	84	84	84	84	84	84	84	84	83	84	84	84	84	83	83	84	84	84	84	83	83	83	83	83	83	84	83	83	83	83	83	83	83	83	83	83	83	83	83	83	83	83	83	83	83	83	83	83	83	83	83	83	83	83	83	83	83	83	83	83	83	83	83	83	84	84	84	83	83	83	83	84	83	83	83	83	83	83	83	83	83	83	83	83	83	83	83	84	84	84	84	84	84	84	84	84	83	83	83	83	83	83	83	83	83	83	83	83	83	83	83	83	84	84	84	83	83	83	83	83	83	83	83	83	83	83	83	83	83	83	83	83	84	84	83	84	84	84	83	83	84	84	84	84	84	84	84	84	84	84	84	84	84	84	84	84	84	84	84	84	84	84	84	84	84	84	84	84	84	84	84	84	84	84	84	84	84	84	84	84	84	84	84	84	84	84	84	84	84	84	83	84	84	84	84	84	84	84	84	83	83	83	84	84	84	83	83	83	83	83	83	84	84	84	84	84	84	84	84	83	83	84	84	84	84	84	84	84	84	84	84	84	84	84	84	83	84	83	84	84	84	84	84	84	84	84	84	84	84	84	83	83	84	83	83	83	83	83	84	84	84	84	84	84	84	84	84	84	84	84	84	84	84	84	84	83	83	83	84	84	84	84	84	84	84	84	84	83	83	84	84	84	84	84	84	84	84	84	84	84	84	84	84	84	84	84	84	84	84	84	84	85	84	84	84	84	84	84	84	84	84	84	84	84	84	84	84	84	84	84	84	84	84	84	84	84	84	84	84	84	84	83	83	83	83	83	84	84	83	83	83	83	83	83	83	83	83	83	83	83	83	83	83	83	83	83	83	83	84	84	84	84	84	84	83	83	83	83	83	83	83	83
83	83	83	83	83	83	83	83	83	83	83	83	83	83	83	83	83	83	83	83	83	83	84	84	84	83	83	83	83	83	84	84	84	84	84	84	83	83	83	83	84	84	84	84	83	83	83	83	83	83	83	83	83	83	83	83	83	83	83	83	83	84	84	83	83	83	83	83	83	83	83	83	83	83	83	84	84	84	84	84	84	83	83	83	83	83	84	84	84	84	84	84	83	83	83	84	84	84	84	84	84	84	83	83	83	83	84	84	83	83	83	83	84	84	84	84	84	84	84	84	84	84	84	83	83	83	84	84	84	84	83	83	83	83	83	83	83	84	83	83	83	83	83	83	83	83	83	83	83	83	83	83	83	83	83	83	83	83	83	83	83	83	83	83	83	83	83	83	83	83	83	83	83	83	83	83	83	83	83	83	83	83	84	84	84	84	84	84	84	84	84	83	83	83	83	83	84	84	84	84	84	84	84	84	84	83	83	84	84	84	84	84	84	84	84	84	84	84	84	84	84	83	83	83	83	83	83	84	84	84	84	83	83	83	84	84	84	84	84	84	84	84	84	84	83	83	83	83	83	83	83	83	83	83	83	83	83	83	84	84	84	84	84	83	83	83	83	83	84	84	84	84	83	84	84	84	84	84	84	84	83	83	83	83	83	83	83	83	83	83	83	83	83	83	83	83	83	83	83	83	83	83	83	83	83	83	83	83	83	83	83	83	83	83	83	83	83	83	83	83	84	84	84	84	84	84	84	83	83	83	83	83	83	83	83	83	83	84	83	83	83	83	83	83	83	84	84	84	84	84	84	84	84	83	83	83	83	83	83	83	83	83	83	83	83	84	84	83	83	83	84	84	84	83	83	83	83	83	83	83	83	83	84	84	83	83	83	83	84	84	84	84	84	83	83	83	83	83	84	84	84	84	84	84	84	84	84	84	84	84	84	84	84	84	84	84	84	83	83	84	84	84	84	84	84	84	84	84	84	84	84	84	84	84	84	84	84	84	83	83	83	84	84	84	84	84	83	83	83	84	84	84	84	84	84	84	84	84	84	84	84	84	84	84	83	83	83	83	83	84	84	84	84	84	84	84	84	84	84	84	83	84	84	83	83	84	84	84	84	84	83	84	84	84	84	84	84	84	84	84	84	84	84	84	84	84	84	84	83	83	84	84	84	84	84	84	83	83	83	83	83	83	84	84	84	84	84	84	84	84	84	84	84	84	84	84	84	84	84	84	84	84	84	84	84	84	84	84	84	84	84	84	84	84	84	84	84	84	84	84	84	84	84	84	84	84	84	84	84	84	84	84	84	84	84	84	84	84	84	84	84	84	84	84	84	84	84	84	84	84	84	84	84	84	84	84	84	84	84	84	84	83	83	84	84	83	83	83	83	83	83	83	83	83	83	83	83	83	83	83	84	84	84	84	84	84	84	84	84	84	84	84	84	84	84	84	84	84	84	83
83	83	83	84	83	83	83	83	83	83	83	83	83	83	83	83	83	83	83	83	83	83	83	84	83	83	83	83	83	83	84	84	84	84	84	83	83	83	83	83	83	83	83	83	83	83	83	83	83	83	83	83	83	83	83	83	83	83	83	83	83	84	84	83	83	83	83	83	83	83	83	83	83	83	83	84	84	84	84	84	83	83	83	83	83	83	84	84	84	84	84	84	83	83	83	84	84	84	83	83	84	84	84	83	83	83	83	83	83	83	83	83	83	83	84	83	83	84	84	84	84	84	84	83	83	83	84	84	84	84	84	83	83	83	84	83	83	83	83	83	83	83	83	83	84	83	83	83	83	83	83	83	83	83	83	83	83	83	83	83	83	83	83	83	83	83	83	83	83	83	83	83	83	83	83	83	83	83	84	83	83	83	84	84	83	83	83	83	83	83	83	83	83	83	83	83	84	84	84	84	84	84	84	84	83	83	83	83	83	83	84	84	84	84	84	84	84	84	84	84	84	84	84	84	83	83	83	84	84	84	84	83	83	83	84	84	84	84	84	84	84	84	84	83	83	83	83	83	83	83	83	83	83	83	83	83	83	83	84	84	84	84	84	83	83	83	83	83	83	83	83	83	83	83	84	84	84	84	84	84	83	83	83	83	83	83	83	83	83	83	83	83	83	83	83	83	83	83	83	83	83	83	83	83	83	83	83	83	83	83	83	83	83	83	83	83	83	83	83	83	84	84	84	84	84	84	84	83	83	83	83	83	83	83	83	83	83	84	83	83	83	83	83	83	83	84	84	84	83	83	84	84	84	84	83	83	83	83	83	83	83	83	83	83	84	84	84	84	83	83	83	83	83	83	83	83	83	83	83	83	83	84	84	84	84	83	83	84	84	84	84	84	84	83	83	83	83	83	84	84	84	84	84	84	84	84	84	84	84	84	84	84	84	84	84	84	84	83	83	84	84	84	84	84	84	84	84	84	84	84	84	84	84	84	84	84	84	84	83	83	83	84	84	84	84	83	84	84	84	84	84	84	84	84	84	84	84	84	84	84	84	84	84	84	83	83	83	83	83	83	83	84	84	84	84	84	84	84	84	84	83	83	83	83	83	83	83	83	83	83	83	84	84	84	84	84	84	84	84	84	84	84	84	84	85	84	84	84	84	84	84	84	84	84	84	84	83	83	84	83	83	83	84	84	84	84	84	84	84	84	84	84	84	84	84	84	84	84	84	84	84	84	84	84	84	84	84	84	84	84	84	84	84	84	84	84	84	84	84	84	84	84	84	84	84	84	84	84	84	84	84	84	84	84	84	84	84	84	84	84	84	84	84	84	83	83	83	84	84	84	84	84	84	84	83	83	84	84	84	84	84	84	84	84	83	83	83	83	83	83	83	83	83	83	83	83	83	83	83	83	84	84	84	84	84	84	84	84	84	84	84	84	84	84	84	84	84	84	84	83
84	84	84	84	84	83	83	83	83	83	83	83	83	83	84	84	83	83	84	83	83	83	83	84	84	84	84	83	83	83	84	84	84	84	84	83	83	83	83	83	83	83	83	83	83	83	83	83	83	83	83	83	83	83	83	83	83	83	83	83	83	84	84	84	83	83	83	83	83	83	83	83	83	83	83	84	84	84	84	84	83	83	83	83	83	83	84	84	84	84	84	84	83	83	83	84	84	84	83	84	84	84	84	83	83	83	83	83	83	83	83	83	83	83	83	83	83	84	84	84	84	84	84	83	83	83	84	84	84	84	84	83	83	83	84	83	83	83	83	83	83	83	83	84	84	83	83	83	83	83	83	83	83	83	83	83	83	83	83	83	83	83	83	83	83	83	83	83	83	83	83	83	83	83	83	83	83	83	84	83	83	83	84	84	83	83	83	83	83	83	83	83	83	83	83	83	83	84	84	84	84	84	84	84	83	83	83	83	83	83	84	84	84	84	84	84	84	84	84	84	84	84	84	84	83	83	83	84	84	84	84	83	83	83	84	84	84	84	84	84	84	84	84	83	83	83	83	83	83	83	83	83	83	83	83	83	83	83	84	84	84	84	84	84	83	83	83	83	83	83	83	83	83	83	84	84	84	84	84	84	83	83	83	83	83	83	83	83	83	83	83	83	83	83	83	83	83	83	83	83	83	83	83	83	83	83	83	83	83	83	83	83	83	83	83	83	83	83	83	83	84	84	84	84	84	83	83	83	83	83	83	83	83	83	83	83	83	84	83	83	83	83	83	83	83	84	84	84	83	83	84	84	84	84	84	84	83	83	83	83	83	83	83	83	84	84	84	84	83	83	83	83	83	83	83	83	83	83	83	83	83	84	84	84	84	84	84	84	84	84	84	84	84	83	83	83	83	83	84	84	84	84	84	84	84	84	84	84	84	84	84	84	84	84	84	84	84	83	83	84	84	84	84	84	84	84	84	84	84	84	84	84	84	84	84	84	84	84	84	84	84	84	84	84	84	83	84	84	84	84	84	84	84	84	84	84	84	84	84	84	84	84	84	84	84	83	84	84	84	83	83	83	84	84	84	84	84	84	84	84	84	84	84	84	84	84	84	84	84	84	84	84	84	84	84	84	84	84	84	84	84	84	84	84	84	84	84	84	84	84	84	84	84	84	84	84	84	84	84	84	84	84	84	83	83	84	84	84	84	84	84	84	84	84	84	84	84	84	84	84	84	84	84	83	84	84	84	84	83	84	84	84	84	84	84	84	84	84	84	84	84	84	84	84	84	84	84	84	84	84	84	84	84	84	84	84	84	84	84	84	84	84	84	84	83	83	84	84	84	84	83	83	83	84	83	83	83	83	83	83	83	84	84	84	83	83	83	83	83	83	83	83	83	83	83	83	83	83	83	83	84	84	84	84	84	84	84	84	84	84	84	84	84	84	84	84	84	84	84	83
84	83	83	83	83	83	83	83	83	84	83	83	83	83	83	83	83	83	83	83	83	83	83	83	84	84	84	83	83	83	83	83	83	83	83	83	83	83	83	83	83	83	83	83	83	83	83	83	83	83	83	83	83	83	83	83	83	83	83	83	83	83	83	83	83	83	83	83	83	83	83	83	83	83	83	83	83	83	84	84	84	83	83	83	83	83	84	84	84	83	83	83	83	83	83	83	83	84	84	84	84	83	84	84	84	84	84	84	84	84	83	83	83	83	84	84	83	83	84	84	84	84	84	84	84	84	84	84	84	84	84	84	84	83	83	83	83	83	83	83	83	83	83	83	83	83	83	83	83	83	83	83	83	83	83	83	83	83	83	83	83	83	83	83	83	83	83	83	83	83	83	83	82	83	83	83	83	83	83	83	84	84	84	84	84	83	83	84	84	84	84	84	84	83	83	83	84	84	84	84	84	84	84	84	84	84	83	83	84	84	84	84	84	84	84	84	84	84	84	84	84	84	84	84	84	83	83	83	83	83	83	83	83	83	83	83	84	84	84	84	84	83	84	83	83	83	83	83	83	83	83	83	83	83	83	83	83	83	84	83	83	84	84	84	84	83	84	83	83	83	83	83	83	83	83	83	83	83	84	83	83	83	84	83	83	83	83	83	84	83	83	83	83	83	83	83	83	83	83	83	83	83	83	83	83	83	83	83	83	83	83	83	83	83	83	83	83	83	83	84	84	84	84	84	83	83	83	83	83	83	83	83	83	83	83	83	83	84	84	83	83	83	83	83	84	84	84	83	83	83	83	84	84	84	84	84	84	84	84	83	83	83	83	83	84	84	84	84	83	83	83	83	83	84	84	84	84	84	84	83	83	84	84	84	84	84	84	84	84	84	84	84	84	84	84	84	84	84	84	84	84	84	84	84	84	84	84	84	83	84	84	84	84	84	84	84	84	83	83	84	84	84	84	84	84	84	84	84	84	84	84	83	84	84	84	83	83	83	84	84	84	84	84	84	84	84	84	84	83	84	84	84	84	84	84	84	84	84	84	84	84	84	84	84	84	84	84	84	84	84	84	84	84	84	84	84	84	84	84	84	84	84	84	84	84	83	84	83	83	83	83	83	83	83	83	83	84	84	83	83	84	84	84	84	84	84	84	84	84	84	84	84	84	84	84	84	84	84	84	84	84	84	84	84	84	84	84	84	84	84	84	84	84	84	84	84	84	84	84	84	84	84	84	84	84	84	84	84	84	84	84	84	84	84	84	84	84	84	84	84	84	83	83	83	83	84	84	84	84	84	84	84	84	84	84	84	84	84	84	84	84	84	84	84	84	84	84	84	84	84	83	83	84	84	84	83	83	83	84	84	83	83	83	83	83	83	83	83	84	83	83	83	84	84	84	84	84	84	83	84	84	84	84	84	84	84	84	84	83	83	84	84	84	84	84	84	84	84	84	83
84	83	83	83	83	83	83	83	83	84	83	83	83	83	83	83	83	83	83	83	83	83	83	83	83	83	83	83	83	83	83	83	83	83	83	83	83	83	83	83	83	83	83	83	83	83	83	83	83	83	83	83	83	83	83	83	83	83	83	83	83	83	83	83	83	83	83	83	83	83	83	83	83	83	83	83	83	83	84	84	84	84	84	83	83	83	83	84	84	83	83	83	83	83	83	83	83	84	84	84	84	83	84	84	84	84	84	84	84	84	84	83	83	83	84	84	83	83	83	83	83	83	84	84	84	84	84	84	84	84	84	84	84	83	83	83	83	83	83	83	83	83	83	83	83	83	83	83	83	83	83	83	83	83	83	83	83	83	83	83	83	83	83	83	83	83	83	83	83	83	83	83	82	83	83	83	83	83	83	83	84	84	84	84	84	83	84	84	84	84	84	84	84	83	83	83	84	84	84	84	84	84	84	84	84	84	83	84	84	84	84	84	84	84	84	84	84	84	84	84	84	84	84	84	84	84	83	83	83	83	83	83	83	83	83	83	83	84	84	84	84	83	84	83	83	83	83	83	83	83	83	83	83	83	83	83	83	84	84	83	83	84	84	83	84	84	84	83	83	83	83	84	84	83	83	83	83	83	83	83	83	83	84	83	83	83	83	83	84	83	83	83	83	83	83	83	83	83	83	83	83	83	83	83	83	83	83	83	83	83	83	83	83	83	83	83	83	82	83	84	84	84	84	84	83	83	83	83	83	83	83	83	83	83	83	83	84	84	84	84	83	83	83	83	84	83	83	83	83	83	83	83	83	84	84	84	84	84	84	83	83	83	83	83	83	84	84	84	83	83	84	83	83	84	84	84	84	84	84	83	83	84	84	84	84	84	84	84	84	84	84	84	84	84	84	84	84	84	84	84	84	84	84	84	84	84	84	84	83	84	84	84	84	84	84	84	84	83	83	84	83	84	84	84	84	84	84	84	84	84	84	83	84	84	84	84	83	84	84	84	84	84	84	84	84	84	84	84	83	84	84	84	84	84	84	84	84	84	84	84	84	84	84	84	84	84	84	84	84	84	84	84	84	84	84	84	84	84	84	84	84	84	84	84	84	83	83	83	83	83	83	83	83	83	83	83	83	83	83	83	84	84	84	84	84	84	84	84	84	84	84	84	84	84	84	84	84	84	84	84	84	84	84	84	84	84	84	84	84	84	84	84	84	84	84	84	84	85	84	84	84	85	84	84	84	84	84	84	83	84	84	84	84	84	84	84	84	84	84	84	84	83	83	83	83	84	84	84	84	84	84	84	84	84	84	84	84	84	84	84	84	84	84	84	84	84	84	84	84	84	84	84	84	84	84	83	83	83	84	84	83	83	83	83	83	83	84	84	84	83	83	83	84	84	84	84	84	84	83	84	83	84	84	83	84	84	84	84	83	83	84	84	84	84	84	84	84	84	84	83
