Copyright 1986-2020 Xilinx, Inc. All Rights Reserved.
-----------------------------------------------------------------------------------------------------------------------------------------------------------------------------------------------------------------------
| Tool Version : Vivado v.2020.2 (win64) Build 3064766 Wed Nov 18 09:12:45 MST 2020
| Date         : Wed Sep 30 18:42:11 2026
| Host         : MSI running 64-bit major release  (build 9200)
| Command      : report_timing_summary -max_paths 10 -file design_1_wrapper_timing_summary_routed.rpt -pb design_1_wrapper_timing_summary_routed.pb -rpx design_1_wrapper_timing_summary_routed.rpx -warn_on_violation
| Design       : design_1_wrapper
| Device       : 7z010-clg400
| Speed File   : -1  PRODUCTION 1.12 2019-11-22
-----------------------------------------------------------------------------------------------------------------------------------------------------------------------------------------------------------------------

Timing Summary Report

------------------------------------------------------------------------------------------------
| Timer Settings
| --------------
------------------------------------------------------------------------------------------------

  Enable Multi Corner Analysis               :  Yes
  Enable Pessimism Removal                   :  Yes
  Pessimism Removal Resolution               :  Nearest Common Node
  Enable Input Delay Default Clock           :  No
  Enable Preset / Clear Arcs                 :  No
  Disable Flight Delays                      :  No
  Ignore I/O Paths                           :  No
  Timing Early Launch at Borrowing Latches   :  No
  Borrow Time for Max Delay Exceptions       :  Yes
  Merge Timing Exceptions                    :  Yes

  Corner  Analyze    Analyze    
  Name    Max Paths  Min Paths  
  ------  ---------  ---------  
  Slow    Yes        Yes        
  Fast    Yes        Yes        



check_timing report

Table of Contents
-----------------
1. checking no_clock (2)
2. checking constant_clock (0)
3. checking pulse_width_clock (0)
4. checking unconstrained_internal_endpoints (2)
5. checking no_input_delay (0)
6. checking no_output_delay (6)
7. checking multiple_clock (0)
8. checking generated_clocks (0)
9. checking loops (0)
10. checking partial_input_delay (0)
11. checking partial_output_delay (0)
12. checking latch_loops (0)

1. checking no_clock (2)
------------------------
 There are 2 register/latch pins with no clock driven by root clock pin: design_1_i/proc_sys_reset_0/U0/ACTIVE_LOW_PR_OUT_DFF[0].FDRE_PER_N/Q (HIGH)


2. checking constant_clock (0)
------------------------------
 There are 0 register/latch pins with constant_clock.


3. checking pulse_width_clock (0)
---------------------------------
 There are 0 register/latch pins which need pulse_width check


4. checking unconstrained_internal_endpoints (2)
------------------------------------------------
 There are 2 pins that are not constrained for maximum delay. (HIGH)

 There are 0 pins that are not constrained for maximum delay due to constant clock.


5. checking no_input_delay (0)
------------------------------
 There are 0 input ports with no input delay specified.

 There are 0 input ports with no input delay but user has a false path constraint.


6. checking no_output_delay (6)
-------------------------------
 There are 6 ports with no output delay specified. (HIGH)

 There are 0 ports with no output delay but user has a false path constraint

 There are 0 ports with no output delay but with a timing clock defined on it or propagating through it


7. checking multiple_clock (0)
------------------------------
 There are 0 register/latch pins with multiple clocks.


8. checking generated_clocks (0)
--------------------------------
 There are 0 generated clocks that are not connected to a clock source.


9. checking loops (0)
---------------------
 There are 0 combinational loops in the design.


10. checking partial_input_delay (0)
------------------------------------
 There are 0 input ports with partial input delay specified.


11. checking partial_output_delay (0)
-------------------------------------
 There are 0 ports with partial output delay specified.


12. checking latch_loops (0)
----------------------------
 There are 0 combinational latch loops in the design through latch input



------------------------------------------------------------------------------------------------
| Design Timing Summary
| ---------------------
------------------------------------------------------------------------------------------------

    WNS(ns)      TNS(ns)  TNS Failing Endpoints  TNS Total Endpoints      WHS(ns)      THS(ns)  THS Failing Endpoints  THS Total Endpoints     WPWS(ns)     TPWS(ns)  TPWS Failing Endpoints  TPWS Total Endpoints  
    -------      -------  ---------------------  -------------------      -------      -------  ---------------------  -------------------     --------     --------  ----------------------  --------------------  
     11.214        0.000                      0                50037        0.024        0.000                      0                50037       18.750        0.000                       0                 17533  


All user specified timing constraints are met.


------------------------------------------------------------------------------------------------
| Clock Summary
| -------------
------------------------------------------------------------------------------------------------

Clock        Waveform(ns)         Period(ns)      Frequency(MHz)
-----        ------------         ----------      --------------
clk_fpga_0   {0.000 20.000}       40.000          25.000          
sys_clk_pin  {0.000 4.000}        8.000           125.000         


------------------------------------------------------------------------------------------------
| Intra Clock Table
| -----------------
------------------------------------------------------------------------------------------------

Clock             WNS(ns)      TNS(ns)  TNS Failing Endpoints  TNS Total Endpoints      WHS(ns)      THS(ns)  THS Failing Endpoints  THS Total Endpoints     WPWS(ns)     TPWS(ns)  TPWS Failing Endpoints  TPWS Total Endpoints  
-----             -------      -------  ---------------------  -------------------      -------      -------  ---------------------  -------------------     --------     --------  ----------------------  --------------------  
clk_fpga_0         11.214        0.000                      0                39137        0.024        0.000                      0                39137       18.750        0.000                       0                 17533  


------------------------------------------------------------------------------------------------
| Inter Clock Table
| -----------------
------------------------------------------------------------------------------------------------

From Clock    To Clock          WNS(ns)      TNS(ns)  TNS Failing Endpoints  TNS Total Endpoints      WHS(ns)      THS(ns)  THS Failing Endpoints  THS Total Endpoints  
----------    --------          -------      -------  ---------------------  -------------------      -------      -------  ---------------------  -------------------  


------------------------------------------------------------------------------------------------
| Other Path Groups Table
| -----------------------
------------------------------------------------------------------------------------------------

Path Group         From Clock         To Clock               WNS(ns)      TNS(ns)  TNS Failing Endpoints  TNS Total Endpoints      WHS(ns)      THS(ns)  THS Failing Endpoints  THS Total Endpoints  
----------         ----------         --------               -------      -------  ---------------------  -------------------      -------      -------  ---------------------  -------------------  
**async_default**  clk_fpga_0         clk_fpga_0              17.844        0.000                      0                10900        0.483        0.000                      0                10900  


------------------------------------------------------------------------------------------------
| Timing Details
| --------------
------------------------------------------------------------------------------------------------


---------------------------------------------------------------------------------------------------
From Clock:  clk_fpga_0
  To Clock:  clk_fpga_0

Setup :            0  Failing Endpoints,  Worst Slack       11.214ns,  Total Violation        0.000ns
Hold  :            0  Failing Endpoints,  Worst Slack        0.024ns,  Total Violation        0.000ns
PW    :            0  Failing Endpoints,  Worst Slack       18.750ns,  Total Violation        0.000ns
---------------------------------------------------------------------------------------------------


Max Delay Paths
--------------------------------------------------------------------------------------
Slack (MET) :             11.214ns  (required time - arrival time)
  Source:                 design_1_i/Gaussian_filter_0/U0/SV_data_8_reg[1]/C
                            (rising edge-triggered cell FDCE clocked by clk_fpga_0  {rise@0.000ns fall@20.000ns period=40.000ns})
  Destination:            design_1_i/Gaussian_filter_0/U0/SV_data_out_reg[7]/D
                            (rising edge-triggered cell FDCE clocked by clk_fpga_0  {rise@0.000ns fall@20.000ns period=40.000ns})
  Path Group:             clk_fpga_0
  Path Type:              Setup (Max at Slow Process Corner)
  Requirement:            40.000ns  (clk_fpga_0 rise@40.000ns - clk_fpga_0 rise@0.000ns)
  Data Path Delay:        28.235ns  (logic 12.426ns (44.010%)  route 15.809ns (55.990%))
  Logic Levels:           42  (CARRY4=22 LUT1=1 LUT2=2 LUT3=5 LUT4=3 LUT5=4 LUT6=5)
  Clock Path Skew:        0.018ns (DCD - SCD + CPR)
    Destination Clock Delay (DCD):    2.755ns = ( 42.755 - 40.000 ) 
    Source Clock Delay      (SCD):    2.967ns
    Clock Pessimism Removal (CPR):    0.230ns
  Clock Uncertainty:      0.601ns  ((TSJ^2 + TIJ^2)^1/2 + DJ) / 2 + PE
    Total System Jitter     (TSJ):    0.071ns
    Total Input Jitter      (TIJ):    1.200ns
    Discrete Jitter          (DJ):    0.000ns
    Phase Error              (PE):    0.000ns

    Location             Delay type                Incr(ns)  Path(ns)    Netlist Resource(s)
  -------------------------------------------------------------------    -------------------
                         (clock clk_fpga_0 rise edge)
                                                      0.000     0.000 r  
    PS7_X0Y0             PS7                          0.000     0.000 r  design_1_i/processing_system7_0/inst/PS7_i/FCLKCLK[0]
                         net (fo=1, routed)           1.207     1.207    design_1_i/processing_system7_0/inst/FCLK_CLK_unbuffered[0]
    BUFGCTRL_X0Y0        BUFG (Prop_bufg_I_O)         0.101     1.308 r  design_1_i/processing_system7_0/inst/buffer_fclk_clk_0.FCLK_CLK_0_BUFG/O
                         net (fo=17534, routed)       1.659     2.967    design_1_i/Gaussian_filter_0/U0/clk
    SLICE_X30Y62         FDCE                                         r  design_1_i/Gaussian_filter_0/U0/SV_data_8_reg[1]/C
  -------------------------------------------------------------------    -------------------
    SLICE_X30Y62         FDCE (Prop_fdce_C_Q)         0.478     3.445 r  design_1_i/Gaussian_filter_0/U0/SV_data_8_reg[1]/Q
                         net (fo=3, routed)           0.901     4.346    design_1_i/Gaussian_filter_0/U0/SV_data_8[1]
    SLICE_X27Y64         LUT3 (Prop_lut3_I1_O)        0.295     4.641 r  design_1_i/Gaussian_filter_0/U0/SV_data_out[0]_i_364/O
                         net (fo=2, routed)           0.452     5.093    design_1_i/Gaussian_filter_0/U0/SV_data_out[0]_i_364_n_0
    SLICE_X28Y64         LUT4 (Prop_lut4_I3_O)        0.124     5.217 r  design_1_i/Gaussian_filter_0/U0/SV_data_out[0]_i_367/O
                         net (fo=1, routed)           0.000     5.217    design_1_i/Gaussian_filter_0/U0/SV_data_out[0]_i_367_n_0
    SLICE_X28Y64         CARRY4 (Prop_carry4_S[2]_CO[3])
                                                      0.380     5.597 r  design_1_i/Gaussian_filter_0/U0/SV_data_out_reg[0]_i_322/CO[3]
                         net (fo=1, routed)           0.000     5.597    design_1_i/Gaussian_filter_0/U0/SV_data_out_reg[0]_i_322_n_0
    SLICE_X28Y65         CARRY4 (Prop_carry4_CI_O[0])
                                                      0.219     5.816 r  design_1_i/Gaussian_filter_0/U0/SV_data_out_reg[0]_i_360/O[0]
                         net (fo=2, routed)           0.668     6.483    design_1_i/Gaussian_filter_0/int_interm_value_2[4]
    SLICE_X27Y65         LUT3 (Prop_lut3_I0_O)        0.295     6.778 r  design_1_i/Gaussian_filter_0/SV_data_out[0]_i_316/O
                         net (fo=2, routed)           0.717     7.495    design_1_i/Gaussian_filter_0/SV_data_out[0]_i_316_n_0
    SLICE_X29Y64         LUT4 (Prop_lut4_I3_O)        0.124     7.619 r  design_1_i/Gaussian_filter_0/SV_data_out[0]_i_320/O
                         net (fo=1, routed)           0.000     7.619    design_1_i/Gaussian_filter_0/SV_data_out[0]_i_320_n_0
    SLICE_X29Y64         CARRY4 (Prop_carry4_S[1]_CO[3])
                                                      0.550     8.169 r  design_1_i/Gaussian_filter_0/SV_data_out_reg[0]_i_228/CO[3]
                         net (fo=1, routed)           0.000     8.169    design_1_i/Gaussian_filter_0/SV_data_out_reg[0]_i_228_n_0
    SLICE_X29Y65         CARRY4 (Prop_carry4_CI_O[1])
                                                      0.334     8.503 r  design_1_i/Gaussian_filter_0/SV_data_out_reg[0]_i_227/O[1]
                         net (fo=12, routed)          0.958     9.461    design_1_i/Gaussian_filter_0/SV_data_out_reg[0]_i_227_n_6
    SLICE_X35Y63         LUT2 (Prop_lut2_I1_O)        0.303     9.764 r  design_1_i/Gaussian_filter_0/SV_data_out[0]_i_246/O
                         net (fo=1, routed)           0.000     9.764    design_1_i/Gaussian_filter_0/SV_data_out[0]_i_246_n_0
    SLICE_X35Y63         CARRY4 (Prop_carry4_S[1]_CO[3])
                                                      0.550    10.314 r  design_1_i/Gaussian_filter_0/SV_data_out_reg[0]_i_156/CO[3]
                         net (fo=1, routed)           0.000    10.314    design_1_i/Gaussian_filter_0/SV_data_out_reg[0]_i_156_n_0
    SLICE_X35Y64         CARRY4 (Prop_carry4_CI_O[2])
                                                      0.239    10.553 r  design_1_i/Gaussian_filter_0/SV_data_out_reg[0]_i_155/O[2]
                         net (fo=4, routed)           1.029    11.582    design_1_i/Gaussian_filter_0/SV_data_out_reg[0]_i_155_n_5
    SLICE_X30Y63         LUT6 (Prop_lut6_I5_O)        0.302    11.884 r  design_1_i/Gaussian_filter_0/SV_data_out[7]_i_93/O
                         net (fo=2, routed)           0.618    12.502    design_1_i/Gaussian_filter_0/SV_data_out[7]_i_93_n_0
    SLICE_X34Y64         LUT5 (Prop_lut5_I0_O)        0.124    12.626 r  design_1_i/Gaussian_filter_0/SV_data_out[7]_i_97/O
                         net (fo=1, routed)           0.000    12.626    design_1_i/Gaussian_filter_0/SV_data_out[7]_i_97_n_0
    SLICE_X34Y64         CARRY4 (Prop_carry4_S[1]_CO[3])
                                                      0.533    13.159 r  design_1_i/Gaussian_filter_0/SV_data_out_reg[7]_i_68/CO[3]
                         net (fo=1, routed)           0.000    13.159    design_1_i/Gaussian_filter_0/SV_data_out_reg[7]_i_68_n_0
    SLICE_X34Y65         CARRY4 (Prop_carry4_CI_O[1])
                                                      0.323    13.482 f  design_1_i/Gaussian_filter_0/SV_data_out_reg[7]_i_50/O[1]
                         net (fo=5, routed)           0.785    14.267    design_1_i/Gaussian_filter_0/U0/SV_data_out_reg[0]_i_123_0[1]
    SLICE_X40Y62         LUT1 (Prop_lut1_I0_O)        0.306    14.573 r  design_1_i/Gaussian_filter_0/U0/SV_data_out[7]_i_99/O
                         net (fo=1, routed)           0.000    14.573    design_1_i/Gaussian_filter_0/U0/SV_data_out[7]_i_99_n_0
    SLICE_X40Y62         CARRY4 (Prop_carry4_S[3]_CO[3])
                                                      0.401    14.974 r  design_1_i/Gaussian_filter_0/U0/SV_data_out_reg[7]_i_69/CO[3]
                         net (fo=1, routed)           0.000    14.974    design_1_i/Gaussian_filter_0/U0/SV_data_out_reg[7]_i_69_n_0
    SLICE_X40Y63         CARRY4 (Prop_carry4_CI_O[0])
                                                      0.222    15.196 r  design_1_i/Gaussian_filter_0/U0/SV_data_out_reg[7]_i_70/O[0]
                         net (fo=4, routed)           0.758    15.954    design_1_i/Gaussian_filter_0/U0/SV_data_out[0]_i_42_0[7]
    SLICE_X41Y65         LUT3 (Prop_lut3_I0_O)        0.299    16.253 r  design_1_i/Gaussian_filter_0/U0/SV_data_out[0]_i_29/O
                         net (fo=7, routed)           0.878    17.131    design_1_i/Gaussian_filter_0/U0/SV_data_out_reg[7]_i_50_0
    SLICE_X39Y58         LUT6 (Prop_lut6_I5_O)        0.124    17.255 r  design_1_i/Gaussian_filter_0/U0/SV_data_out[0]_i_59/O
                         net (fo=2, routed)           0.620    17.875    design_1_i/Gaussian_filter_0/U0/SV_data_out[0]_i_59_n_0
    SLICE_X38Y59         LUT6 (Prop_lut6_I1_O)        0.124    17.999 r  design_1_i/Gaussian_filter_0/U0/SV_data_out[0]_i_63/O
                         net (fo=1, routed)           0.000    17.999    design_1_i/Gaussian_filter_0/U0/SV_data_out[0]_i_63_n_0
    SLICE_X38Y59         CARRY4 (Prop_carry4_S[3]_CO[3])
                                                      0.376    18.375 r  design_1_i/Gaussian_filter_0/U0/SV_data_out_reg[0]_i_18/CO[3]
                         net (fo=1, routed)           0.000    18.375    design_1_i/Gaussian_filter_0/U0/SV_data_out_reg[0]_i_18_n_0
    SLICE_X38Y60         CARRY4 (Prop_carry4_CI_CO[3])
                                                      0.117    18.492 r  design_1_i/Gaussian_filter_0/U0/SV_data_out_reg[0]_i_5/CO[3]
                         net (fo=1, routed)           0.000    18.492    design_1_i/Gaussian_filter_0/U0/SV_data_out_reg[0]_i_5_n_0
    SLICE_X38Y61         CARRY4 (Prop_carry4_CI_CO[3])
                                                      0.117    18.609 r  design_1_i/Gaussian_filter_0/U0/SV_data_out_reg[0]_i_2/CO[3]
                         net (fo=1, routed)           0.000    18.609    design_1_i/Gaussian_filter_0/U0_n_64
    SLICE_X38Y62         CARRY4 (Prop_carry4_CI_O[1])
                                                      0.323    18.932 r  design_1_i/Gaussian_filter_0/SV_data_out_reg[7]_i_13/O[1]
                         net (fo=13, routed)          0.858    19.790    design_1_i/Gaussian_filter_0/U0/O[1]
    SLICE_X39Y64         LUT2 (Prop_lut2_I1_O)        0.306    20.096 r  design_1_i/Gaussian_filter_0/U0/SV_data_out[0]_i_440/O
                         net (fo=1, routed)           0.000    20.096    design_1_i/Gaussian_filter_0/U0/SV_data_out[0]_i_440_n_0
    SLICE_X39Y64         CARRY4 (Prop_carry4_S[0]_CO[3])
                                                      0.532    20.628 r  design_1_i/Gaussian_filter_0/U0/SV_data_out_reg[0]_i_385/CO[3]
                         net (fo=1, routed)           0.000    20.628    design_1_i/Gaussian_filter_0/U0/SV_data_out_reg[0]_i_385_n_0
    SLICE_X39Y65         CARRY4 (Prop_carry4_CI_CO[3])
                                                      0.114    20.742 r  design_1_i/Gaussian_filter_0/U0/SV_data_out_reg[0]_i_335/CO[3]
                         net (fo=1, routed)           0.000    20.742    design_1_i/Gaussian_filter_0/U0/SV_data_out_reg[0]_i_335_n_0
    SLICE_X39Y66         CARRY4 (Prop_carry4_CI_CO[3])
                                                      0.114    20.856 r  design_1_i/Gaussian_filter_0/U0/SV_data_out_reg[0]_i_280/CO[3]
                         net (fo=1, routed)           0.000    20.856    design_1_i/Gaussian_filter_0/U0/SV_data_out_reg[0]_i_280_n_0
    SLICE_X39Y67         CARRY4 (Prop_carry4_CI_O[1])
                                                      0.334    21.190 r  design_1_i/Gaussian_filter_0/U0/SV_data_out_reg[0]_i_177/O[1]
                         net (fo=3, routed)           0.831    22.021    design_1_i/Gaussian_filter_0/U0/SV_data_out_reg[0]_i_177_n_6
    SLICE_X43Y67         LUT3 (Prop_lut3_I2_O)        0.303    22.324 r  design_1_i/Gaussian_filter_0/U0/SV_data_out[0]_i_279/O
                         net (fo=2, routed)           0.890    23.215    design_1_i/Gaussian_filter_0/U0/SV_data_out[0]_i_279_n_0
    SLICE_X43Y66         LUT5 (Prop_lut5_I4_O)        0.153    23.368 r  design_1_i/Gaussian_filter_0/U0/SV_data_out[0]_i_168/O
                         net (fo=2, routed)           0.679    24.047    design_1_i/Gaussian_filter_0/U0/SV_data_out[0]_i_168_n_0
    SLICE_X42Y66         LUT6 (Prop_lut6_I0_O)        0.327    24.374 r  design_1_i/Gaussian_filter_0/U0/SV_data_out[0]_i_172/O
                         net (fo=1, routed)           0.000    24.374    design_1_i/Gaussian_filter_0/U0/SV_data_out[0]_i_172_n_0
    SLICE_X42Y66         CARRY4 (Prop_carry4_S[3]_CO[3])
                                                      0.376    24.750 r  design_1_i/Gaussian_filter_0/U0/SV_data_out_reg[0]_i_103/CO[3]
                         net (fo=1, routed)           0.000    24.750    design_1_i/Gaussian_filter_0/U0/SV_data_out_reg[0]_i_103_n_0
    SLICE_X42Y67         CARRY4 (Prop_carry4_CI_O[1])
                                                      0.323    25.073 r  design_1_i/Gaussian_filter_0/U0/SV_data_out_reg[0]_i_43/O[1]
                         net (fo=3, routed)           0.804    25.878    design_1_i/Gaussian_filter_0/U0/SV_data_out_reg[0]_i_43_n_6
    SLICE_X37Y60         LUT4 (Prop_lut4_I0_O)        0.306    26.184 r  design_1_i/Gaussian_filter_0/U0/SV_data_out[0]_i_126/O
                         net (fo=1, routed)           0.474    26.658    design_1_i/Gaussian_filter_0/U0/SV_data_out[0]_i_126_n_0
    SLICE_X36Y64         CARRY4 (Prop_carry4_DI[1]_CO[3])
                                                      0.507    27.165 r  design_1_i/Gaussian_filter_0/U0/SV_data_out_reg[0]_i_51/CO[3]
                         net (fo=1, routed)           0.000    27.165    design_1_i/Gaussian_filter_0/U0/SV_data_out_reg[0]_i_51_n_0
    SLICE_X36Y65         CARRY4 (Prop_carry4_CI_CO[2])
                                                      0.228    27.393 r  design_1_i/Gaussian_filter_0/U0/SV_data_out_reg[0]_i_16/CO[2]
                         net (fo=1, routed)           0.556    27.948    design_1_i/Gaussian_filter_0/U0/SV_data_out_reg[0]_i_16_n_1
    SLICE_X41Y65         LUT5 (Prop_lut5_I4_O)        0.313    28.261 r  design_1_i/Gaussian_filter_0/U0/SV_data_out[0]_i_3/O
                         net (fo=9, routed)           1.022    29.283    design_1_i/Gaussian_filter_0/U0/SV_data_out[0]_i_3_n_0
    SLICE_X43Y63         LUT3 (Prop_lut3_I1_O)        0.152    29.435 f  design_1_i/Gaussian_filter_0/U0/SV_data_out[5]_i_3/O
                         net (fo=2, routed)           0.706    30.141    design_1_i/Gaussian_filter_0/U0/int_final_value00_in[5]
    SLICE_X41Y59         LUT5 (Prop_lut5_I4_O)        0.332    30.473 r  design_1_i/Gaussian_filter_0/U0/SV_data_out[7]_i_4/O
                         net (fo=2, routed)           0.604    31.078    design_1_i/Gaussian_filter_0/U0/SV_data_out[7]_i_4_n_0
    SLICE_X41Y61         LUT6 (Prop_lut6_I3_O)        0.124    31.202 r  design_1_i/Gaussian_filter_0/U0/SV_data_out[7]_i_1/O
                         net (fo=1, routed)           0.000    31.202    design_1_i/Gaussian_filter_0/U0/SV_data_out[7]_i_1_n_0
    SLICE_X41Y61         FDCE                                         r  design_1_i/Gaussian_filter_0/U0/SV_data_out_reg[7]/D
  -------------------------------------------------------------------    -------------------

                         (clock clk_fpga_0 rise edge)
                                                     40.000    40.000 r  
    PS7_X0Y0             PS7                          0.000    40.000 r  design_1_i/processing_system7_0/inst/PS7_i/FCLKCLK[0]
                         net (fo=1, routed)           1.101    41.101    design_1_i/processing_system7_0/inst/FCLK_CLK_unbuffered[0]
    BUFGCTRL_X0Y0        BUFG (Prop_bufg_I_O)         0.091    41.192 r  design_1_i/processing_system7_0/inst/buffer_fclk_clk_0.FCLK_CLK_0_BUFG/O
                         net (fo=17534, routed)       1.563    42.755    design_1_i/Gaussian_filter_0/U0/clk
    SLICE_X41Y61         FDCE                                         r  design_1_i/Gaussian_filter_0/U0/SV_data_out_reg[7]/C
                         clock pessimism              0.230    42.985    
                         clock uncertainty           -0.601    42.384    
    SLICE_X41Y61         FDCE (Setup_fdce_C_D)        0.032    42.416    design_1_i/Gaussian_filter_0/U0/SV_data_out_reg[7]
  -------------------------------------------------------------------
                         required time                         42.416    
                         arrival time                         -31.202    
  -------------------------------------------------------------------
                         slack                                 11.214    

Slack (MET) :             11.382ns  (required time - arrival time)
  Source:                 design_1_i/Gaussian_filter_0/U0/SV_data_8_reg[1]/C
                            (rising edge-triggered cell FDCE clocked by clk_fpga_0  {rise@0.000ns fall@20.000ns period=40.000ns})
  Destination:            design_1_i/Gaussian_filter_0/U0/SV_data_out_reg[5]/D
                            (rising edge-triggered cell FDCE clocked by clk_fpga_0  {rise@0.000ns fall@20.000ns period=40.000ns})
  Path Group:             clk_fpga_0
  Path Type:              Setup (Max at Slow Process Corner)
  Requirement:            40.000ns  (clk_fpga_0 rise@40.000ns - clk_fpga_0 rise@0.000ns)
  Data Path Delay:        28.064ns  (logic 12.386ns (44.135%)  route 15.678ns (55.865%))
  Logic Levels:           42  (CARRY4=22 LUT1=1 LUT2=2 LUT3=5 LUT4=3 LUT5=4 LUT6=5)
  Clock Path Skew:        0.018ns (DCD - SCD + CPR)
    Destination Clock Delay (DCD):    2.755ns = ( 42.755 - 40.000 ) 
    Source Clock Delay      (SCD):    2.967ns
    Clock Pessimism Removal (CPR):    0.230ns
  Clock Uncertainty:      0.601ns  ((TSJ^2 + TIJ^2)^1/2 + DJ) / 2 + PE
    Total System Jitter     (TSJ):    0.071ns
    Total Input Jitter      (TIJ):    1.200ns
    Discrete Jitter          (DJ):    0.000ns
    Phase Error              (PE):    0.000ns

    Location             Delay type                Incr(ns)  Path(ns)    Netlist Resource(s)
  -------------------------------------------------------------------    -------------------
                         (clock clk_fpga_0 rise edge)
                                                      0.000     0.000 r  
    PS7_X0Y0             PS7                          0.000     0.000 r  design_1_i/processing_system7_0/inst/PS7_i/FCLKCLK[0]
                         net (fo=1, routed)           1.207     1.207    design_1_i/processing_system7_0/inst/FCLK_CLK_unbuffered[0]
    BUFGCTRL_X0Y0        BUFG (Prop_bufg_I_O)         0.101     1.308 r  design_1_i/processing_system7_0/inst/buffer_fclk_clk_0.FCLK_CLK_0_BUFG/O
                         net (fo=17534, routed)       1.659     2.967    design_1_i/Gaussian_filter_0/U0/clk
    SLICE_X30Y62         FDCE                                         r  design_1_i/Gaussian_filter_0/U0/SV_data_8_reg[1]/C
  -------------------------------------------------------------------    -------------------
    SLICE_X30Y62         FDCE (Prop_fdce_C_Q)         0.478     3.445 r  design_1_i/Gaussian_filter_0/U0/SV_data_8_reg[1]/Q
                         net (fo=3, routed)           0.901     4.346    design_1_i/Gaussian_filter_0/U0/SV_data_8[1]
    SLICE_X27Y64         LUT3 (Prop_lut3_I1_O)        0.295     4.641 r  design_1_i/Gaussian_filter_0/U0/SV_data_out[0]_i_364/O
                         net (fo=2, routed)           0.452     5.093    design_1_i/Gaussian_filter_0/U0/SV_data_out[0]_i_364_n_0
    SLICE_X28Y64         LUT4 (Prop_lut4_I3_O)        0.124     5.217 r  design_1_i/Gaussian_filter_0/U0/SV_data_out[0]_i_367/O
                         net (fo=1, routed)           0.000     5.217    design_1_i/Gaussian_filter_0/U0/SV_data_out[0]_i_367_n_0
    SLICE_X28Y64         CARRY4 (Prop_carry4_S[2]_CO[3])
                                                      0.380     5.597 r  design_1_i/Gaussian_filter_0/U0/SV_data_out_reg[0]_i_322/CO[3]
                         net (fo=1, routed)           0.000     5.597    design_1_i/Gaussian_filter_0/U0/SV_data_out_reg[0]_i_322_n_0
    SLICE_X28Y65         CARRY4 (Prop_carry4_CI_O[0])
                                                      0.219     5.816 r  design_1_i/Gaussian_filter_0/U0/SV_data_out_reg[0]_i_360/O[0]
                         net (fo=2, routed)           0.668     6.483    design_1_i/Gaussian_filter_0/int_interm_value_2[4]
    SLICE_X27Y65         LUT3 (Prop_lut3_I0_O)        0.295     6.778 r  design_1_i/Gaussian_filter_0/SV_data_out[0]_i_316/O
                         net (fo=2, routed)           0.717     7.495    design_1_i/Gaussian_filter_0/SV_data_out[0]_i_316_n_0
    SLICE_X29Y64         LUT4 (Prop_lut4_I3_O)        0.124     7.619 r  design_1_i/Gaussian_filter_0/SV_data_out[0]_i_320/O
                         net (fo=1, routed)           0.000     7.619    design_1_i/Gaussian_filter_0/SV_data_out[0]_i_320_n_0
    SLICE_X29Y64         CARRY4 (Prop_carry4_S[1]_CO[3])
                                                      0.550     8.169 r  design_1_i/Gaussian_filter_0/SV_data_out_reg[0]_i_228/CO[3]
                         net (fo=1, routed)           0.000     8.169    design_1_i/Gaussian_filter_0/SV_data_out_reg[0]_i_228_n_0
    SLICE_X29Y65         CARRY4 (Prop_carry4_CI_O[1])
                                                      0.334     8.503 r  design_1_i/Gaussian_filter_0/SV_data_out_reg[0]_i_227/O[1]
                         net (fo=12, routed)          0.958     9.461    design_1_i/Gaussian_filter_0/SV_data_out_reg[0]_i_227_n_6
    SLICE_X35Y63         LUT2 (Prop_lut2_I1_O)        0.303     9.764 r  design_1_i/Gaussian_filter_0/SV_data_out[0]_i_246/O
                         net (fo=1, routed)           0.000     9.764    design_1_i/Gaussian_filter_0/SV_data_out[0]_i_246_n_0
    SLICE_X35Y63         CARRY4 (Prop_carry4_S[1]_CO[3])
                                                      0.550    10.314 r  design_1_i/Gaussian_filter_0/SV_data_out_reg[0]_i_156/CO[3]
                         net (fo=1, routed)           0.000    10.314    design_1_i/Gaussian_filter_0/SV_data_out_reg[0]_i_156_n_0
    SLICE_X35Y64         CARRY4 (Prop_carry4_CI_O[2])
                                                      0.239    10.553 r  design_1_i/Gaussian_filter_0/SV_data_out_reg[0]_i_155/O[2]
                         net (fo=4, routed)           1.029    11.582    design_1_i/Gaussian_filter_0/SV_data_out_reg[0]_i_155_n_5
    SLICE_X30Y63         LUT6 (Prop_lut6_I5_O)        0.302    11.884 r  design_1_i/Gaussian_filter_0/SV_data_out[7]_i_93/O
                         net (fo=2, routed)           0.618    12.502    design_1_i/Gaussian_filter_0/SV_data_out[7]_i_93_n_0
    SLICE_X34Y64         LUT5 (Prop_lut5_I0_O)        0.124    12.626 r  design_1_i/Gaussian_filter_0/SV_data_out[7]_i_97/O
                         net (fo=1, routed)           0.000    12.626    design_1_i/Gaussian_filter_0/SV_data_out[7]_i_97_n_0
    SLICE_X34Y64         CARRY4 (Prop_carry4_S[1]_CO[3])
                                                      0.533    13.159 r  design_1_i/Gaussian_filter_0/SV_data_out_reg[7]_i_68/CO[3]
                         net (fo=1, routed)           0.000    13.159    design_1_i/Gaussian_filter_0/SV_data_out_reg[7]_i_68_n_0
    SLICE_X34Y65         CARRY4 (Prop_carry4_CI_O[1])
                                                      0.323    13.482 f  design_1_i/Gaussian_filter_0/SV_data_out_reg[7]_i_50/O[1]
                         net (fo=5, routed)           0.785    14.267    design_1_i/Gaussian_filter_0/U0/SV_data_out_reg[0]_i_123_0[1]
    SLICE_X40Y62         LUT1 (Prop_lut1_I0_O)        0.306    14.573 r  design_1_i/Gaussian_filter_0/U0/SV_data_out[7]_i_99/O
                         net (fo=1, routed)           0.000    14.573    design_1_i/Gaussian_filter_0/U0/SV_data_out[7]_i_99_n_0
    SLICE_X40Y62         CARRY4 (Prop_carry4_S[3]_CO[3])
                                                      0.401    14.974 r  design_1_i/Gaussian_filter_0/U0/SV_data_out_reg[7]_i_69/CO[3]
                         net (fo=1, routed)           0.000    14.974    design_1_i/Gaussian_filter_0/U0/SV_data_out_reg[7]_i_69_n_0
    SLICE_X40Y63         CARRY4 (Prop_carry4_CI_O[0])
                                                      0.222    15.196 r  design_1_i/Gaussian_filter_0/U0/SV_data_out_reg[7]_i_70/O[0]
                         net (fo=4, routed)           0.758    15.954    design_1_i/Gaussian_filter_0/U0/SV_data_out[0]_i_42_0[7]
    SLICE_X41Y65         LUT3 (Prop_lut3_I0_O)        0.299    16.253 r  design_1_i/Gaussian_filter_0/U0/SV_data_out[0]_i_29/O
                         net (fo=7, routed)           0.878    17.131    design_1_i/Gaussian_filter_0/U0/SV_data_out_reg[7]_i_50_0
    SLICE_X39Y58         LUT6 (Prop_lut6_I5_O)        0.124    17.255 r  design_1_i/Gaussian_filter_0/U0/SV_data_out[0]_i_59/O
                         net (fo=2, routed)           0.620    17.875    design_1_i/Gaussian_filter_0/U0/SV_data_out[0]_i_59_n_0
    SLICE_X38Y59         LUT6 (Prop_lut6_I1_O)        0.124    17.999 r  design_1_i/Gaussian_filter_0/U0/SV_data_out[0]_i_63/O
                         net (fo=1, routed)           0.000    17.999    design_1_i/Gaussian_filter_0/U0/SV_data_out[0]_i_63_n_0
    SLICE_X38Y59         CARRY4 (Prop_carry4_S[3]_CO[3])
                                                      0.376    18.375 r  design_1_i/Gaussian_filter_0/U0/SV_data_out_reg[0]_i_18/CO[3]
                         net (fo=1, routed)           0.000    18.375    design_1_i/Gaussian_filter_0/U0/SV_data_out_reg[0]_i_18_n_0
    SLICE_X38Y60         CARRY4 (Prop_carry4_CI_CO[3])
                                                      0.117    18.492 r  design_1_i/Gaussian_filter_0/U0/SV_data_out_reg[0]_i_5/CO[3]
                         net (fo=1, routed)           0.000    18.492    design_1_i/Gaussian_filter_0/U0/SV_data_out_reg[0]_i_5_n_0
    SLICE_X38Y61         CARRY4 (Prop_carry4_CI_CO[3])
                                                      0.117    18.609 r  design_1_i/Gaussian_filter_0/U0/SV_data_out_reg[0]_i_2/CO[3]
                         net (fo=1, routed)           0.000    18.609    design_1_i/Gaussian_filter_0/U0_n_64
    SLICE_X38Y62         CARRY4 (Prop_carry4_CI_O[1])
                                                      0.323    18.932 r  design_1_i/Gaussian_filter_0/SV_data_out_reg[7]_i_13/O[1]
                         net (fo=13, routed)          0.858    19.790    design_1_i/Gaussian_filter_0/U0/O[1]
    SLICE_X39Y64         LUT2 (Prop_lut2_I1_O)        0.306    20.096 r  design_1_i/Gaussian_filter_0/U0/SV_data_out[0]_i_440/O
                         net (fo=1, routed)           0.000    20.096    design_1_i/Gaussian_filter_0/U0/SV_data_out[0]_i_440_n_0
    SLICE_X39Y64         CARRY4 (Prop_carry4_S[0]_CO[3])
                                                      0.532    20.628 r  design_1_i/Gaussian_filter_0/U0/SV_data_out_reg[0]_i_385/CO[3]
                         net (fo=1, routed)           0.000    20.628    design_1_i/Gaussian_filter_0/U0/SV_data_out_reg[0]_i_385_n_0
    SLICE_X39Y65         CARRY4 (Prop_carry4_CI_CO[3])
                                                      0.114    20.742 r  design_1_i/Gaussian_filter_0/U0/SV_data_out_reg[0]_i_335/CO[3]
                         net (fo=1, routed)           0.000    20.742    design_1_i/Gaussian_filter_0/U0/SV_data_out_reg[0]_i_335_n_0
    SLICE_X39Y66         CARRY4 (Prop_carry4_CI_CO[3])
                                                      0.114    20.856 r  design_1_i/Gaussian_filter_0/U0/SV_data_out_reg[0]_i_280/CO[3]
                         net (fo=1, routed)           0.000    20.856    design_1_i/Gaussian_filter_0/U0/SV_data_out_reg[0]_i_280_n_0
    SLICE_X39Y67         CARRY4 (Prop_carry4_CI_O[1])
                                                      0.334    21.190 r  design_1_i/Gaussian_filter_0/U0/SV_data_out_reg[0]_i_177/O[1]
                         net (fo=3, routed)           0.831    22.021    design_1_i/Gaussian_filter_0/U0/SV_data_out_reg[0]_i_177_n_6
    SLICE_X43Y67         LUT3 (Prop_lut3_I2_O)        0.303    22.324 r  design_1_i/Gaussian_filter_0/U0/SV_data_out[0]_i_279/O
                         net (fo=2, routed)           0.890    23.215    design_1_i/Gaussian_filter_0/U0/SV_data_out[0]_i_279_n_0
    SLICE_X43Y66         LUT5 (Prop_lut5_I4_O)        0.153    23.368 r  design_1_i/Gaussian_filter_0/U0/SV_data_out[0]_i_168/O
                         net (fo=2, routed)           0.679    24.047    design_1_i/Gaussian_filter_0/U0/SV_data_out[0]_i_168_n_0
    SLICE_X42Y66         LUT6 (Prop_lut6_I0_O)        0.327    24.374 r  design_1_i/Gaussian_filter_0/U0/SV_data_out[0]_i_172/O
                         net (fo=1, routed)           0.000    24.374    design_1_i/Gaussian_filter_0/U0/SV_data_out[0]_i_172_n_0
    SLICE_X42Y66         CARRY4 (Prop_carry4_S[3]_CO[3])
                                                      0.376    24.750 r  design_1_i/Gaussian_filter_0/U0/SV_data_out_reg[0]_i_103/CO[3]
                         net (fo=1, routed)           0.000    24.750    design_1_i/Gaussian_filter_0/U0/SV_data_out_reg[0]_i_103_n_0
    SLICE_X42Y67         CARRY4 (Prop_carry4_CI_O[1])
                                                      0.323    25.073 r  design_1_i/Gaussian_filter_0/U0/SV_data_out_reg[0]_i_43/O[1]
                         net (fo=3, routed)           0.804    25.878    design_1_i/Gaussian_filter_0/U0/SV_data_out_reg[0]_i_43_n_6
    SLICE_X37Y60         LUT4 (Prop_lut4_I0_O)        0.306    26.184 r  design_1_i/Gaussian_filter_0/U0/SV_data_out[0]_i_126/O
                         net (fo=1, routed)           0.474    26.658    design_1_i/Gaussian_filter_0/U0/SV_data_out[0]_i_126_n_0
    SLICE_X36Y64         CARRY4 (Prop_carry4_DI[1]_CO[3])
                                                      0.507    27.165 r  design_1_i/Gaussian_filter_0/U0/SV_data_out_reg[0]_i_51/CO[3]
                         net (fo=1, routed)           0.000    27.165    design_1_i/Gaussian_filter_0/U0/SV_data_out_reg[0]_i_51_n_0
    SLICE_X36Y65         CARRY4 (Prop_carry4_CI_CO[2])
                                                      0.228    27.393 r  design_1_i/Gaussian_filter_0/U0/SV_data_out_reg[0]_i_16/CO[2]
                         net (fo=1, routed)           0.556    27.948    design_1_i/Gaussian_filter_0/U0/SV_data_out_reg[0]_i_16_n_1
    SLICE_X41Y65         LUT5 (Prop_lut5_I4_O)        0.313    28.261 r  design_1_i/Gaussian_filter_0/U0/SV_data_out[0]_i_3/O
                         net (fo=9, routed)           0.993    29.254    design_1_i/Gaussian_filter_0/U0/SV_data_out[0]_i_3_n_0
    SLICE_X41Y59         LUT3 (Prop_lut3_I1_O)        0.118    29.372 f  design_1_i/Gaussian_filter_0/U0/SV_data_out[3]_i_3/O
                         net (fo=2, routed)           0.666    30.038    design_1_i/Gaussian_filter_0/U0/int_final_value00_in[3]
    SLICE_X41Y59         LUT6 (Prop_lut6_I0_O)        0.326    30.364 r  design_1_i/Gaussian_filter_0/U0/SV_data_out[5]_i_2/O
                         net (fo=1, routed)           0.543    30.907    design_1_i/Gaussian_filter_0/U0/SV_data_out[5]_i_2_n_0
    SLICE_X41Y61         LUT5 (Prop_lut5_I3_O)        0.124    31.031 r  design_1_i/Gaussian_filter_0/U0/SV_data_out[5]_i_1/O
                         net (fo=1, routed)           0.000    31.031    design_1_i/Gaussian_filter_0/U0/SV_data_out[5]_i_1_n_0
    SLICE_X41Y61         FDCE                                         r  design_1_i/Gaussian_filter_0/U0/SV_data_out_reg[5]/D
  -------------------------------------------------------------------    -------------------

                         (clock clk_fpga_0 rise edge)
                                                     40.000    40.000 r  
    PS7_X0Y0             PS7                          0.000    40.000 r  design_1_i/processing_system7_0/inst/PS7_i/FCLKCLK[0]
                         net (fo=1, routed)           1.101    41.101    design_1_i/processing_system7_0/inst/FCLK_CLK_unbuffered[0]
    BUFGCTRL_X0Y0        BUFG (Prop_bufg_I_O)         0.091    41.192 r  design_1_i/processing_system7_0/inst/buffer_fclk_clk_0.FCLK_CLK_0_BUFG/O
                         net (fo=17534, routed)       1.563    42.755    design_1_i/Gaussian_filter_0/U0/clk
    SLICE_X41Y61         FDCE                                         r  design_1_i/Gaussian_filter_0/U0/SV_data_out_reg[5]/C
                         clock pessimism              0.230    42.985    
                         clock uncertainty           -0.601    42.384    
    SLICE_X41Y61         FDCE (Setup_fdce_C_D)        0.029    42.413    design_1_i/Gaussian_filter_0/U0/SV_data_out_reg[5]
  -------------------------------------------------------------------
                         required time                         42.413    
                         arrival time                         -31.031    
  -------------------------------------------------------------------
                         slack                                 11.382    

Slack (MET) :             11.514ns  (required time - arrival time)
  Source:                 design_1_i/Gaussian_filter_0/U0/SV_data_8_reg[1]/C
                            (rising edge-triggered cell FDCE clocked by clk_fpga_0  {rise@0.000ns fall@20.000ns period=40.000ns})
  Destination:            design_1_i/Gaussian_filter_0/U0/SV_data_out_reg[6]/D
                            (rising edge-triggered cell FDCE clocked by clk_fpga_0  {rise@0.000ns fall@20.000ns period=40.000ns})
  Path Group:             clk_fpga_0
  Path Type:              Setup (Max at Slow Process Corner)
  Requirement:            40.000ns  (clk_fpga_0 rise@40.000ns - clk_fpga_0 rise@0.000ns)
  Data Path Delay:        27.934ns  (logic 12.426ns (44.483%)  route 15.508ns (55.517%))
  Logic Levels:           42  (CARRY4=22 LUT1=1 LUT2=2 LUT3=5 LUT4=3 LUT5=5 LUT6=4)
  Clock Path Skew:        0.018ns (DCD - SCD + CPR)
    Destination Clock Delay (DCD):    2.755ns = ( 42.755 - 40.000 ) 
    Source Clock Delay      (SCD):    2.967ns
    Clock Pessimism Removal (CPR):    0.230ns
  Clock Uncertainty:      0.601ns  ((TSJ^2 + TIJ^2)^1/2 + DJ) / 2 + PE
    Total System Jitter     (TSJ):    0.071ns
    Total Input Jitter      (TIJ):    1.200ns
    Discrete Jitter          (DJ):    0.000ns
    Phase Error              (PE):    0.000ns

    Location             Delay type                Incr(ns)  Path(ns)    Netlist Resource(s)
  -------------------------------------------------------------------    -------------------
                         (clock clk_fpga_0 rise edge)
                                                      0.000     0.000 r  
    PS7_X0Y0             PS7                          0.000     0.000 r  design_1_i/processing_system7_0/inst/PS7_i/FCLKCLK[0]
                         net (fo=1, routed)           1.207     1.207    design_1_i/processing_system7_0/inst/FCLK_CLK_unbuffered[0]
    BUFGCTRL_X0Y0        BUFG (Prop_bufg_I_O)         0.101     1.308 r  design_1_i/processing_system7_0/inst/buffer_fclk_clk_0.FCLK_CLK_0_BUFG/O
                         net (fo=17534, routed)       1.659     2.967    design_1_i/Gaussian_filter_0/U0/clk
    SLICE_X30Y62         FDCE                                         r  design_1_i/Gaussian_filter_0/U0/SV_data_8_reg[1]/C
  -------------------------------------------------------------------    -------------------
    SLICE_X30Y62         FDCE (Prop_fdce_C_Q)         0.478     3.445 r  design_1_i/Gaussian_filter_0/U0/SV_data_8_reg[1]/Q
                         net (fo=3, routed)           0.901     4.346    design_1_i/Gaussian_filter_0/U0/SV_data_8[1]
    SLICE_X27Y64         LUT3 (Prop_lut3_I1_O)        0.295     4.641 r  design_1_i/Gaussian_filter_0/U0/SV_data_out[0]_i_364/O
                         net (fo=2, routed)           0.452     5.093    design_1_i/Gaussian_filter_0/U0/SV_data_out[0]_i_364_n_0
    SLICE_X28Y64         LUT4 (Prop_lut4_I3_O)        0.124     5.217 r  design_1_i/Gaussian_filter_0/U0/SV_data_out[0]_i_367/O
                         net (fo=1, routed)           0.000     5.217    design_1_i/Gaussian_filter_0/U0/SV_data_out[0]_i_367_n_0
    SLICE_X28Y64         CARRY4 (Prop_carry4_S[2]_CO[3])
                                                      0.380     5.597 r  design_1_i/Gaussian_filter_0/U0/SV_data_out_reg[0]_i_322/CO[3]
                         net (fo=1, routed)           0.000     5.597    design_1_i/Gaussian_filter_0/U0/SV_data_out_reg[0]_i_322_n_0
    SLICE_X28Y65         CARRY4 (Prop_carry4_CI_O[0])
                                                      0.219     5.816 r  design_1_i/Gaussian_filter_0/U0/SV_data_out_reg[0]_i_360/O[0]
                         net (fo=2, routed)           0.668     6.483    design_1_i/Gaussian_filter_0/int_interm_value_2[4]
    SLICE_X27Y65         LUT3 (Prop_lut3_I0_O)        0.295     6.778 r  design_1_i/Gaussian_filter_0/SV_data_out[0]_i_316/O
                         net (fo=2, routed)           0.717     7.495    design_1_i/Gaussian_filter_0/SV_data_out[0]_i_316_n_0
    SLICE_X29Y64         LUT4 (Prop_lut4_I3_O)        0.124     7.619 r  design_1_i/Gaussian_filter_0/SV_data_out[0]_i_320/O
                         net (fo=1, routed)           0.000     7.619    design_1_i/Gaussian_filter_0/SV_data_out[0]_i_320_n_0
    SLICE_X29Y64         CARRY4 (Prop_carry4_S[1]_CO[3])
                                                      0.550     8.169 r  design_1_i/Gaussian_filter_0/SV_data_out_reg[0]_i_228/CO[3]
                         net (fo=1, routed)           0.000     8.169    design_1_i/Gaussian_filter_0/SV_data_out_reg[0]_i_228_n_0
    SLICE_X29Y65         CARRY4 (Prop_carry4_CI_O[1])
                                                      0.334     8.503 r  design_1_i/Gaussian_filter_0/SV_data_out_reg[0]_i_227/O[1]
                         net (fo=12, routed)          0.958     9.461    design_1_i/Gaussian_filter_0/SV_data_out_reg[0]_i_227_n_6
    SLICE_X35Y63         LUT2 (Prop_lut2_I1_O)        0.303     9.764 r  design_1_i/Gaussian_filter_0/SV_data_out[0]_i_246/O
                         net (fo=1, routed)           0.000     9.764    design_1_i/Gaussian_filter_0/SV_data_out[0]_i_246_n_0
    SLICE_X35Y63         CARRY4 (Prop_carry4_S[1]_CO[3])
                                                      0.550    10.314 r  design_1_i/Gaussian_filter_0/SV_data_out_reg[0]_i_156/CO[3]
                         net (fo=1, routed)           0.000    10.314    design_1_i/Gaussian_filter_0/SV_data_out_reg[0]_i_156_n_0
    SLICE_X35Y64         CARRY4 (Prop_carry4_CI_O[2])
                                                      0.239    10.553 r  design_1_i/Gaussian_filter_0/SV_data_out_reg[0]_i_155/O[2]
                         net (fo=4, routed)           1.029    11.582    design_1_i/Gaussian_filter_0/SV_data_out_reg[0]_i_155_n_5
    SLICE_X30Y63         LUT6 (Prop_lut6_I5_O)        0.302    11.884 r  design_1_i/Gaussian_filter_0/SV_data_out[7]_i_93/O
                         net (fo=2, routed)           0.618    12.502    design_1_i/Gaussian_filter_0/SV_data_out[7]_i_93_n_0
    SLICE_X34Y64         LUT5 (Prop_lut5_I0_O)        0.124    12.626 r  design_1_i/Gaussian_filter_0/SV_data_out[7]_i_97/O
                         net (fo=1, routed)           0.000    12.626    design_1_i/Gaussian_filter_0/SV_data_out[7]_i_97_n_0
    SLICE_X34Y64         CARRY4 (Prop_carry4_S[1]_CO[3])
                                                      0.533    13.159 r  design_1_i/Gaussian_filter_0/SV_data_out_reg[7]_i_68/CO[3]
                         net (fo=1, routed)           0.000    13.159    design_1_i/Gaussian_filter_0/SV_data_out_reg[7]_i_68_n_0
    SLICE_X34Y65         CARRY4 (Prop_carry4_CI_O[1])
                                                      0.323    13.482 f  design_1_i/Gaussian_filter_0/SV_data_out_reg[7]_i_50/O[1]
                         net (fo=5, routed)           0.785    14.267    design_1_i/Gaussian_filter_0/U0/SV_data_out_reg[0]_i_123_0[1]
    SLICE_X40Y62         LUT1 (Prop_lut1_I0_O)        0.306    14.573 r  design_1_i/Gaussian_filter_0/U0/SV_data_out[7]_i_99/O
                         net (fo=1, routed)           0.000    14.573    design_1_i/Gaussian_filter_0/U0/SV_data_out[7]_i_99_n_0
    SLICE_X40Y62         CARRY4 (Prop_carry4_S[3]_CO[3])
                                                      0.401    14.974 r  design_1_i/Gaussian_filter_0/U0/SV_data_out_reg[7]_i_69/CO[3]
                         net (fo=1, routed)           0.000    14.974    design_1_i/Gaussian_filter_0/U0/SV_data_out_reg[7]_i_69_n_0
    SLICE_X40Y63         CARRY4 (Prop_carry4_CI_O[0])
                                                      0.222    15.196 r  design_1_i/Gaussian_filter_0/U0/SV_data_out_reg[7]_i_70/O[0]
                         net (fo=4, routed)           0.758    15.954    design_1_i/Gaussian_filter_0/U0/SV_data_out[0]_i_42_0[7]
    SLICE_X41Y65         LUT3 (Prop_lut3_I0_O)        0.299    16.253 r  design_1_i/Gaussian_filter_0/U0/SV_data_out[0]_i_29/O
                         net (fo=7, routed)           0.878    17.131    design_1_i/Gaussian_filter_0/U0/SV_data_out_reg[7]_i_50_0
    SLICE_X39Y58         LUT6 (Prop_lut6_I5_O)        0.124    17.255 r  design_1_i/Gaussian_filter_0/U0/SV_data_out[0]_i_59/O
                         net (fo=2, routed)           0.620    17.875    design_1_i/Gaussian_filter_0/U0/SV_data_out[0]_i_59_n_0
    SLICE_X38Y59         LUT6 (Prop_lut6_I1_O)        0.124    17.999 r  design_1_i/Gaussian_filter_0/U0/SV_data_out[0]_i_63/O
                         net (fo=1, routed)           0.000    17.999    design_1_i/Gaussian_filter_0/U0/SV_data_out[0]_i_63_n_0
    SLICE_X38Y59         CARRY4 (Prop_carry4_S[3]_CO[3])
                                                      0.376    18.375 r  design_1_i/Gaussian_filter_0/U0/SV_data_out_reg[0]_i_18/CO[3]
                         net (fo=1, routed)           0.000    18.375    design_1_i/Gaussian_filter_0/U0/SV_data_out_reg[0]_i_18_n_0
    SLICE_X38Y60         CARRY4 (Prop_carry4_CI_CO[3])
                                                      0.117    18.492 r  design_1_i/Gaussian_filter_0/U0/SV_data_out_reg[0]_i_5/CO[3]
                         net (fo=1, routed)           0.000    18.492    design_1_i/Gaussian_filter_0/U0/SV_data_out_reg[0]_i_5_n_0
    SLICE_X38Y61         CARRY4 (Prop_carry4_CI_CO[3])
                                                      0.117    18.609 r  design_1_i/Gaussian_filter_0/U0/SV_data_out_reg[0]_i_2/CO[3]
                         net (fo=1, routed)           0.000    18.609    design_1_i/Gaussian_filter_0/U0_n_64
    SLICE_X38Y62         CARRY4 (Prop_carry4_CI_O[1])
                                                      0.323    18.932 r  design_1_i/Gaussian_filter_0/SV_data_out_reg[7]_i_13/O[1]
                         net (fo=13, routed)          0.858    19.790    design_1_i/Gaussian_filter_0/U0/O[1]
    SLICE_X39Y64         LUT2 (Prop_lut2_I1_O)        0.306    20.096 r  design_1_i/Gaussian_filter_0/U0/SV_data_out[0]_i_440/O
                         net (fo=1, routed)           0.000    20.096    design_1_i/Gaussian_filter_0/U0/SV_data_out[0]_i_440_n_0
    SLICE_X39Y64         CARRY4 (Prop_carry4_S[0]_CO[3])
                                                      0.532    20.628 r  design_1_i/Gaussian_filter_0/U0/SV_data_out_reg[0]_i_385/CO[3]
                         net (fo=1, routed)           0.000    20.628    design_1_i/Gaussian_filter_0/U0/SV_data_out_reg[0]_i_385_n_0
    SLICE_X39Y65         CARRY4 (Prop_carry4_CI_CO[3])
                                                      0.114    20.742 r  design_1_i/Gaussian_filter_0/U0/SV_data_out_reg[0]_i_335/CO[3]
                         net (fo=1, routed)           0.000    20.742    design_1_i/Gaussian_filter_0/U0/SV_data_out_reg[0]_i_335_n_0
    SLICE_X39Y66         CARRY4 (Prop_carry4_CI_CO[3])
                                                      0.114    20.856 r  design_1_i/Gaussian_filter_0/U0/SV_data_out_reg[0]_i_280/CO[3]
                         net (fo=1, routed)           0.000    20.856    design_1_i/Gaussian_filter_0/U0/SV_data_out_reg[0]_i_280_n_0
    SLICE_X39Y67         CARRY4 (Prop_carry4_CI_O[1])
                                                      0.334    21.190 r  design_1_i/Gaussian_filter_0/U0/SV_data_out_reg[0]_i_177/O[1]
                         net (fo=3, routed)           0.831    22.021    design_1_i/Gaussian_filter_0/U0/SV_data_out_reg[0]_i_177_n_6
    SLICE_X43Y67         LUT3 (Prop_lut3_I2_O)        0.303    22.324 r  design_1_i/Gaussian_filter_0/U0/SV_data_out[0]_i_279/O
                         net (fo=2, routed)           0.890    23.215    design_1_i/Gaussian_filter_0/U0/SV_data_out[0]_i_279_n_0
    SLICE_X43Y66         LUT5 (Prop_lut5_I4_O)        0.153    23.368 r  design_1_i/Gaussian_filter_0/U0/SV_data_out[0]_i_168/O
                         net (fo=2, routed)           0.679    24.047    design_1_i/Gaussian_filter_0/U0/SV_data_out[0]_i_168_n_0
    SLICE_X42Y66         LUT6 (Prop_lut6_I0_O)        0.327    24.374 r  design_1_i/Gaussian_filter_0/U0/SV_data_out[0]_i_172/O
                         net (fo=1, routed)           0.000    24.374    design_1_i/Gaussian_filter_0/U0/SV_data_out[0]_i_172_n_0
    SLICE_X42Y66         CARRY4 (Prop_carry4_S[3]_CO[3])
                                                      0.376    24.750 r  design_1_i/Gaussian_filter_0/U0/SV_data_out_reg[0]_i_103/CO[3]
                         net (fo=1, routed)           0.000    24.750    design_1_i/Gaussian_filter_0/U0/SV_data_out_reg[0]_i_103_n_0
    SLICE_X42Y67         CARRY4 (Prop_carry4_CI_O[1])
                                                      0.323    25.073 r  design_1_i/Gaussian_filter_0/U0/SV_data_out_reg[0]_i_43/O[1]
                         net (fo=3, routed)           0.804    25.878    design_1_i/Gaussian_filter_0/U0/SV_data_out_reg[0]_i_43_n_6
    SLICE_X37Y60         LUT4 (Prop_lut4_I0_O)        0.306    26.184 r  design_1_i/Gaussian_filter_0/U0/SV_data_out[0]_i_126/O
                         net (fo=1, routed)           0.474    26.658    design_1_i/Gaussian_filter_0/U0/SV_data_out[0]_i_126_n_0
    SLICE_X36Y64         CARRY4 (Prop_carry4_DI[1]_CO[3])
                                                      0.507    27.165 r  design_1_i/Gaussian_filter_0/U0/SV_data_out_reg[0]_i_51/CO[3]
                         net (fo=1, routed)           0.000    27.165    design_1_i/Gaussian_filter_0/U0/SV_data_out_reg[0]_i_51_n_0
    SLICE_X36Y65         CARRY4 (Prop_carry4_CI_CO[2])
                                                      0.228    27.393 r  design_1_i/Gaussian_filter_0/U0/SV_data_out_reg[0]_i_16/CO[2]
                         net (fo=1, routed)           0.556    27.948    design_1_i/Gaussian_filter_0/U0/SV_data_out_reg[0]_i_16_n_1
    SLICE_X41Y65         LUT5 (Prop_lut5_I4_O)        0.313    28.261 r  design_1_i/Gaussian_filter_0/U0/SV_data_out[0]_i_3/O
                         net (fo=9, routed)           1.022    29.283    design_1_i/Gaussian_filter_0/U0/SV_data_out[0]_i_3_n_0
    SLICE_X43Y63         LUT3 (Prop_lut3_I1_O)        0.152    29.435 f  design_1_i/Gaussian_filter_0/U0/SV_data_out[5]_i_3/O
                         net (fo=2, routed)           0.706    30.141    design_1_i/Gaussian_filter_0/U0/int_final_value00_in[5]
    SLICE_X41Y59         LUT5 (Prop_lut5_I4_O)        0.332    30.473 r  design_1_i/Gaussian_filter_0/U0/SV_data_out[7]_i_4/O
                         net (fo=2, routed)           0.304    30.777    design_1_i/Gaussian_filter_0/U0/SV_data_out[7]_i_4_n_0
    SLICE_X41Y61         LUT5 (Prop_lut5_I3_O)        0.124    30.901 r  design_1_i/Gaussian_filter_0/U0/SV_data_out[6]_i_1/O
                         net (fo=1, routed)           0.000    30.901    design_1_i/Gaussian_filter_0/U0/SV_data_out[6]_i_1_n_0
    SLICE_X41Y61         FDCE                                         r  design_1_i/Gaussian_filter_0/U0/SV_data_out_reg[6]/D
  -------------------------------------------------------------------    -------------------

                         (clock clk_fpga_0 rise edge)
                                                     40.000    40.000 r  
    PS7_X0Y0             PS7                          0.000    40.000 r  design_1_i/processing_system7_0/inst/PS7_i/FCLKCLK[0]
                         net (fo=1, routed)           1.101    41.101    design_1_i/processing_system7_0/inst/FCLK_CLK_unbuffered[0]
    BUFGCTRL_X0Y0        BUFG (Prop_bufg_I_O)         0.091    41.192 r  design_1_i/processing_system7_0/inst/buffer_fclk_clk_0.FCLK_CLK_0_BUFG/O
                         net (fo=17534, routed)       1.563    42.755    design_1_i/Gaussian_filter_0/U0/clk
    SLICE_X41Y61         FDCE                                         r  design_1_i/Gaussian_filter_0/U0/SV_data_out_reg[6]/C
                         clock pessimism              0.230    42.985    
                         clock uncertainty           -0.601    42.384    
    SLICE_X41Y61         FDCE (Setup_fdce_C_D)        0.031    42.415    design_1_i/Gaussian_filter_0/U0/SV_data_out_reg[6]
  -------------------------------------------------------------------
                         required time                         42.415    
                         arrival time                         -30.901    
  -------------------------------------------------------------------
                         slack                                 11.514    

Slack (MET) :             12.354ns  (required time - arrival time)
  Source:                 design_1_i/Gaussian_filter_0/U0/SV_data_8_reg[1]/C
                            (rising edge-triggered cell FDCE clocked by clk_fpga_0  {rise@0.000ns fall@20.000ns period=40.000ns})
  Destination:            design_1_i/Gaussian_filter_0/U0/SV_data_out_reg[4]/D
                            (rising edge-triggered cell FDCE clocked by clk_fpga_0  {rise@0.000ns fall@20.000ns period=40.000ns})
  Path Group:             clk_fpga_0
  Path Type:              Setup (Max at Slow Process Corner)
  Requirement:            40.000ns  (clk_fpga_0 rise@40.000ns - clk_fpga_0 rise@0.000ns)
  Data Path Delay:        27.094ns  (logic 12.262ns (45.257%)  route 14.832ns (54.743%))
  Logic Levels:           41  (CARRY4=22 LUT1=1 LUT2=2 LUT3=5 LUT4=3 LUT5=4 LUT6=4)
  Clock Path Skew:        0.018ns (DCD - SCD + CPR)
    Destination Clock Delay (DCD):    2.755ns = ( 42.755 - 40.000 ) 
    Source Clock Delay      (SCD):    2.967ns
    Clock Pessimism Removal (CPR):    0.230ns
  Clock Uncertainty:      0.601ns  ((TSJ^2 + TIJ^2)^1/2 + DJ) / 2 + PE
    Total System Jitter     (TSJ):    0.071ns
    Total Input Jitter      (TIJ):    1.200ns
    Discrete Jitter          (DJ):    0.000ns
    Phase Error              (PE):    0.000ns

    Location             Delay type                Incr(ns)  Path(ns)    Netlist Resource(s)
  -------------------------------------------------------------------    -------------------
                         (clock clk_fpga_0 rise edge)
                                                      0.000     0.000 r  
    PS7_X0Y0             PS7                          0.000     0.000 r  design_1_i/processing_system7_0/inst/PS7_i/FCLKCLK[0]
                         net (fo=1, routed)           1.207     1.207    design_1_i/processing_system7_0/inst/FCLK_CLK_unbuffered[0]
    BUFGCTRL_X0Y0        BUFG (Prop_bufg_I_O)         0.101     1.308 r  design_1_i/processing_system7_0/inst/buffer_fclk_clk_0.FCLK_CLK_0_BUFG/O
                         net (fo=17534, routed)       1.659     2.967    design_1_i/Gaussian_filter_0/U0/clk
    SLICE_X30Y62         FDCE                                         r  design_1_i/Gaussian_filter_0/U0/SV_data_8_reg[1]/C
  -------------------------------------------------------------------    -------------------
    SLICE_X30Y62         FDCE (Prop_fdce_C_Q)         0.478     3.445 r  design_1_i/Gaussian_filter_0/U0/SV_data_8_reg[1]/Q
                         net (fo=3, routed)           0.901     4.346    design_1_i/Gaussian_filter_0/U0/SV_data_8[1]
    SLICE_X27Y64         LUT3 (Prop_lut3_I1_O)        0.295     4.641 r  design_1_i/Gaussian_filter_0/U0/SV_data_out[0]_i_364/O
                         net (fo=2, routed)           0.452     5.093    design_1_i/Gaussian_filter_0/U0/SV_data_out[0]_i_364_n_0
    SLICE_X28Y64         LUT4 (Prop_lut4_I3_O)        0.124     5.217 r  design_1_i/Gaussian_filter_0/U0/SV_data_out[0]_i_367/O
                         net (fo=1, routed)           0.000     5.217    design_1_i/Gaussian_filter_0/U0/SV_data_out[0]_i_367_n_0
    SLICE_X28Y64         CARRY4 (Prop_carry4_S[2]_CO[3])
                                                      0.380     5.597 r  design_1_i/Gaussian_filter_0/U0/SV_data_out_reg[0]_i_322/CO[3]
                         net (fo=1, routed)           0.000     5.597    design_1_i/Gaussian_filter_0/U0/SV_data_out_reg[0]_i_322_n_0
    SLICE_X28Y65         CARRY4 (Prop_carry4_CI_O[0])
                                                      0.219     5.816 r  design_1_i/Gaussian_filter_0/U0/SV_data_out_reg[0]_i_360/O[0]
                         net (fo=2, routed)           0.668     6.483    design_1_i/Gaussian_filter_0/int_interm_value_2[4]
    SLICE_X27Y65         LUT3 (Prop_lut3_I0_O)        0.295     6.778 r  design_1_i/Gaussian_filter_0/SV_data_out[0]_i_316/O
                         net (fo=2, routed)           0.717     7.495    design_1_i/Gaussian_filter_0/SV_data_out[0]_i_316_n_0
    SLICE_X29Y64         LUT4 (Prop_lut4_I3_O)        0.124     7.619 r  design_1_i/Gaussian_filter_0/SV_data_out[0]_i_320/O
                         net (fo=1, routed)           0.000     7.619    design_1_i/Gaussian_filter_0/SV_data_out[0]_i_320_n_0
    SLICE_X29Y64         CARRY4 (Prop_carry4_S[1]_CO[3])
                                                      0.550     8.169 r  design_1_i/Gaussian_filter_0/SV_data_out_reg[0]_i_228/CO[3]
                         net (fo=1, routed)           0.000     8.169    design_1_i/Gaussian_filter_0/SV_data_out_reg[0]_i_228_n_0
    SLICE_X29Y65         CARRY4 (Prop_carry4_CI_O[1])
                                                      0.334     8.503 r  design_1_i/Gaussian_filter_0/SV_data_out_reg[0]_i_227/O[1]
                         net (fo=12, routed)          0.958     9.461    design_1_i/Gaussian_filter_0/SV_data_out_reg[0]_i_227_n_6
    SLICE_X35Y63         LUT2 (Prop_lut2_I1_O)        0.303     9.764 r  design_1_i/Gaussian_filter_0/SV_data_out[0]_i_246/O
                         net (fo=1, routed)           0.000     9.764    design_1_i/Gaussian_filter_0/SV_data_out[0]_i_246_n_0
    SLICE_X35Y63         CARRY4 (Prop_carry4_S[1]_CO[3])
                                                      0.550    10.314 r  design_1_i/Gaussian_filter_0/SV_data_out_reg[0]_i_156/CO[3]
                         net (fo=1, routed)           0.000    10.314    design_1_i/Gaussian_filter_0/SV_data_out_reg[0]_i_156_n_0
    SLICE_X35Y64         CARRY4 (Prop_carry4_CI_O[2])
                                                      0.239    10.553 r  design_1_i/Gaussian_filter_0/SV_data_out_reg[0]_i_155/O[2]
                         net (fo=4, routed)           1.029    11.582    design_1_i/Gaussian_filter_0/SV_data_out_reg[0]_i_155_n_5
    SLICE_X30Y63         LUT6 (Prop_lut6_I5_O)        0.302    11.884 r  design_1_i/Gaussian_filter_0/SV_data_out[7]_i_93/O
                         net (fo=2, routed)           0.618    12.502    design_1_i/Gaussian_filter_0/SV_data_out[7]_i_93_n_0
    SLICE_X34Y64         LUT5 (Prop_lut5_I0_O)        0.124    12.626 r  design_1_i/Gaussian_filter_0/SV_data_out[7]_i_97/O
                         net (fo=1, routed)           0.000    12.626    design_1_i/Gaussian_filter_0/SV_data_out[7]_i_97_n_0
    SLICE_X34Y64         CARRY4 (Prop_carry4_S[1]_CO[3])
                                                      0.533    13.159 r  design_1_i/Gaussian_filter_0/SV_data_out_reg[7]_i_68/CO[3]
                         net (fo=1, routed)           0.000    13.159    design_1_i/Gaussian_filter_0/SV_data_out_reg[7]_i_68_n_0
    SLICE_X34Y65         CARRY4 (Prop_carry4_CI_O[1])
                                                      0.323    13.482 f  design_1_i/Gaussian_filter_0/SV_data_out_reg[7]_i_50/O[1]
                         net (fo=5, routed)           0.785    14.267    design_1_i/Gaussian_filter_0/U0/SV_data_out_reg[0]_i_123_0[1]
    SLICE_X40Y62         LUT1 (Prop_lut1_I0_O)        0.306    14.573 r  design_1_i/Gaussian_filter_0/U0/SV_data_out[7]_i_99/O
                         net (fo=1, routed)           0.000    14.573    design_1_i/Gaussian_filter_0/U0/SV_data_out[7]_i_99_n_0
    SLICE_X40Y62         CARRY4 (Prop_carry4_S[3]_CO[3])
                                                      0.401    14.974 r  design_1_i/Gaussian_filter_0/U0/SV_data_out_reg[7]_i_69/CO[3]
                         net (fo=1, routed)           0.000    14.974    design_1_i/Gaussian_filter_0/U0/SV_data_out_reg[7]_i_69_n_0
    SLICE_X40Y63         CARRY4 (Prop_carry4_CI_O[0])
                                                      0.222    15.196 r  design_1_i/Gaussian_filter_0/U0/SV_data_out_reg[7]_i_70/O[0]
                         net (fo=4, routed)           0.758    15.954    design_1_i/Gaussian_filter_0/U0/SV_data_out[0]_i_42_0[7]
    SLICE_X41Y65         LUT3 (Prop_lut3_I0_O)        0.299    16.253 r  design_1_i/Gaussian_filter_0/U0/SV_data_out[0]_i_29/O
                         net (fo=7, routed)           0.878    17.131    design_1_i/Gaussian_filter_0/U0/SV_data_out_reg[7]_i_50_0
    SLICE_X39Y58         LUT6 (Prop_lut6_I5_O)        0.124    17.255 r  design_1_i/Gaussian_filter_0/U0/SV_data_out[0]_i_59/O
                         net (fo=2, routed)           0.620    17.875    design_1_i/Gaussian_filter_0/U0/SV_data_out[0]_i_59_n_0
    SLICE_X38Y59         LUT6 (Prop_lut6_I1_O)        0.124    17.999 r  design_1_i/Gaussian_filter_0/U0/SV_data_out[0]_i_63/O
                         net (fo=1, routed)           0.000    17.999    design_1_i/Gaussian_filter_0/U0/SV_data_out[0]_i_63_n_0
    SLICE_X38Y59         CARRY4 (Prop_carry4_S[3]_CO[3])
                                                      0.376    18.375 r  design_1_i/Gaussian_filter_0/U0/SV_data_out_reg[0]_i_18/CO[3]
                         net (fo=1, routed)           0.000    18.375    design_1_i/Gaussian_filter_0/U0/SV_data_out_reg[0]_i_18_n_0
    SLICE_X38Y60         CARRY4 (Prop_carry4_CI_CO[3])
                                                      0.117    18.492 r  design_1_i/Gaussian_filter_0/U0/SV_data_out_reg[0]_i_5/CO[3]
                         net (fo=1, routed)           0.000    18.492    design_1_i/Gaussian_filter_0/U0/SV_data_out_reg[0]_i_5_n_0
    SLICE_X38Y61         CARRY4 (Prop_carry4_CI_CO[3])
                                                      0.117    18.609 r  design_1_i/Gaussian_filter_0/U0/SV_data_out_reg[0]_i_2/CO[3]
                         net (fo=1, routed)           0.000    18.609    design_1_i/Gaussian_filter_0/U0_n_64
    SLICE_X38Y62         CARRY4 (Prop_carry4_CI_O[1])
                                                      0.323    18.932 r  design_1_i/Gaussian_filter_0/SV_data_out_reg[7]_i_13/O[1]
                         net (fo=13, routed)          0.858    19.790    design_1_i/Gaussian_filter_0/U0/O[1]
    SLICE_X39Y64         LUT2 (Prop_lut2_I1_O)        0.306    20.096 r  design_1_i/Gaussian_filter_0/U0/SV_data_out[0]_i_440/O
                         net (fo=1, routed)           0.000    20.096    design_1_i/Gaussian_filter_0/U0/SV_data_out[0]_i_440_n_0
    SLICE_X39Y64         CARRY4 (Prop_carry4_S[0]_CO[3])
                                                      0.532    20.628 r  design_1_i/Gaussian_filter_0/U0/SV_data_out_reg[0]_i_385/CO[3]
                         net (fo=1, routed)           0.000    20.628    design_1_i/Gaussian_filter_0/U0/SV_data_out_reg[0]_i_385_n_0
    SLICE_X39Y65         CARRY4 (Prop_carry4_CI_CO[3])
                                                      0.114    20.742 r  design_1_i/Gaussian_filter_0/U0/SV_data_out_reg[0]_i_335/CO[3]
                         net (fo=1, routed)           0.000    20.742    design_1_i/Gaussian_filter_0/U0/SV_data_out_reg[0]_i_335_n_0
    SLICE_X39Y66         CARRY4 (Prop_carry4_CI_CO[3])
                                                      0.114    20.856 r  design_1_i/Gaussian_filter_0/U0/SV_data_out_reg[0]_i_280/CO[3]
                         net (fo=1, routed)           0.000    20.856    design_1_i/Gaussian_filter_0/U0/SV_data_out_reg[0]_i_280_n_0
    SLICE_X39Y67         CARRY4 (Prop_carry4_CI_O[1])
                                                      0.334    21.190 r  design_1_i/Gaussian_filter_0/U0/SV_data_out_reg[0]_i_177/O[1]
                         net (fo=3, routed)           0.831    22.021    design_1_i/Gaussian_filter_0/U0/SV_data_out_reg[0]_i_177_n_6
    SLICE_X43Y67         LUT3 (Prop_lut3_I2_O)        0.303    22.324 r  design_1_i/Gaussian_filter_0/U0/SV_data_out[0]_i_279/O
                         net (fo=2, routed)           0.890    23.215    design_1_i/Gaussian_filter_0/U0/SV_data_out[0]_i_279_n_0
    SLICE_X43Y66         LUT5 (Prop_lut5_I4_O)        0.153    23.368 r  design_1_i/Gaussian_filter_0/U0/SV_data_out[0]_i_168/O
                         net (fo=2, routed)           0.679    24.047    design_1_i/Gaussian_filter_0/U0/SV_data_out[0]_i_168_n_0
    SLICE_X42Y66         LUT6 (Prop_lut6_I0_O)        0.327    24.374 r  design_1_i/Gaussian_filter_0/U0/SV_data_out[0]_i_172/O
                         net (fo=1, routed)           0.000    24.374    design_1_i/Gaussian_filter_0/U0/SV_data_out[0]_i_172_n_0
    SLICE_X42Y66         CARRY4 (Prop_carry4_S[3]_CO[3])
                                                      0.376    24.750 r  design_1_i/Gaussian_filter_0/U0/SV_data_out_reg[0]_i_103/CO[3]
                         net (fo=1, routed)           0.000    24.750    design_1_i/Gaussian_filter_0/U0/SV_data_out_reg[0]_i_103_n_0
    SLICE_X42Y67         CARRY4 (Prop_carry4_CI_O[1])
                                                      0.323    25.073 r  design_1_i/Gaussian_filter_0/U0/SV_data_out_reg[0]_i_43/O[1]
                         net (fo=3, routed)           0.804    25.878    design_1_i/Gaussian_filter_0/U0/SV_data_out_reg[0]_i_43_n_6
    SLICE_X37Y60         LUT4 (Prop_lut4_I0_O)        0.306    26.184 r  design_1_i/Gaussian_filter_0/U0/SV_data_out[0]_i_126/O
                         net (fo=1, routed)           0.474    26.658    design_1_i/Gaussian_filter_0/U0/SV_data_out[0]_i_126_n_0
    SLICE_X36Y64         CARRY4 (Prop_carry4_DI[1]_CO[3])
                                                      0.507    27.165 r  design_1_i/Gaussian_filter_0/U0/SV_data_out_reg[0]_i_51/CO[3]
                         net (fo=1, routed)           0.000    27.165    design_1_i/Gaussian_filter_0/U0/SV_data_out_reg[0]_i_51_n_0
    SLICE_X36Y65         CARRY4 (Prop_carry4_CI_CO[2])
                                                      0.228    27.393 r  design_1_i/Gaussian_filter_0/U0/SV_data_out_reg[0]_i_16/CO[2]
                         net (fo=1, routed)           0.556    27.948    design_1_i/Gaussian_filter_0/U0/SV_data_out_reg[0]_i_16_n_1
    SLICE_X41Y65         LUT5 (Prop_lut5_I4_O)        0.313    28.261 r  design_1_i/Gaussian_filter_0/U0/SV_data_out[0]_i_3/O
                         net (fo=9, routed)           0.639    28.900    design_1_i/Gaussian_filter_0/U0/SV_data_out[0]_i_3_n_0
    SLICE_X41Y64         LUT3 (Prop_lut3_I1_O)        0.118    29.018 r  design_1_i/Gaussian_filter_0/U0/SV_data_out[4]_i_3/O
                         net (fo=3, routed)           0.717    29.735    design_1_i/Gaussian_filter_0/U0/int_final_value00_in[4]
    SLICE_X41Y61         LUT5 (Prop_lut5_I4_O)        0.326    30.061 r  design_1_i/Gaussian_filter_0/U0/SV_data_out[4]_i_1/O
                         net (fo=1, routed)           0.000    30.061    design_1_i/Gaussian_filter_0/U0/SV_data_out[4]_i_1_n_0
    SLICE_X41Y61         FDCE                                         r  design_1_i/Gaussian_filter_0/U0/SV_data_out_reg[4]/D
  -------------------------------------------------------------------    -------------------

                         (clock clk_fpga_0 rise edge)
                                                     40.000    40.000 r  
    PS7_X0Y0             PS7                          0.000    40.000 r  design_1_i/processing_system7_0/inst/PS7_i/FCLKCLK[0]
                         net (fo=1, routed)           1.101    41.101    design_1_i/processing_system7_0/inst/FCLK_CLK_unbuffered[0]
    BUFGCTRL_X0Y0        BUFG (Prop_bufg_I_O)         0.091    41.192 r  design_1_i/processing_system7_0/inst/buffer_fclk_clk_0.FCLK_CLK_0_BUFG/O
                         net (fo=17534, routed)       1.563    42.755    design_1_i/Gaussian_filter_0/U0/clk
    SLICE_X41Y61         FDCE                                         r  design_1_i/Gaussian_filter_0/U0/SV_data_out_reg[4]/C
                         clock pessimism              0.230    42.985    
                         clock uncertainty           -0.601    42.384    
    SLICE_X41Y61         FDCE (Setup_fdce_C_D)        0.031    42.415    design_1_i/Gaussian_filter_0/U0/SV_data_out_reg[4]
  -------------------------------------------------------------------
                         required time                         42.415    
                         arrival time                         -30.061    
  -------------------------------------------------------------------
                         slack                                 12.354    

Slack (MET) :             19.312ns  (required time - arrival time)
  Source:                 design_1_i/Gaussian_filter_0/U0/S_col_cpt_reg[1]/C
                            (rising edge-triggered cell FDCE clocked by clk_fpga_0  {rise@0.000ns fall@20.000ns period=40.000ns})
  Destination:            design_1_i/Gaussian_filter_0/U0/t_line_mem_1_reg[506][5]/D
                            (rising edge-triggered cell FDCE clocked by clk_fpga_0  {rise@0.000ns fall@20.000ns period=40.000ns})
  Path Group:             clk_fpga_0
  Path Type:              Setup (Max at Slow Process Corner)
  Requirement:            40.000ns  (clk_fpga_0 rise@40.000ns - clk_fpga_0 rise@0.000ns)
  Data Path Delay:        19.692ns  (logic 1.972ns (10.014%)  route 17.720ns (89.986%))
  Logic Levels:           8  (LUT4=1 LUT6=3 MUXF7=2 MUXF8=2)
  Clock Path Skew:        -0.160ns (DCD - SCD + CPR)
    Destination Clock Delay (DCD):    2.690ns = ( 42.690 - 40.000 ) 
    Source Clock Delay      (SCD):    2.966ns
    Clock Pessimism Removal (CPR):    0.116ns
  Clock Uncertainty:      0.601ns  ((TSJ^2 + TIJ^2)^1/2 + DJ) / 2 + PE
    Total System Jitter     (TSJ):    0.071ns
    Total Input Jitter      (TIJ):    1.200ns
    Discrete Jitter          (DJ):    0.000ns
    Phase Error              (PE):    0.000ns

    Location             Delay type                Incr(ns)  Path(ns)    Netlist Resource(s)
  -------------------------------------------------------------------    -------------------
                         (clock clk_fpga_0 rise edge)
                                                      0.000     0.000 r  
    PS7_X0Y0             PS7                          0.000     0.000 r  design_1_i/processing_system7_0/inst/PS7_i/FCLKCLK[0]
                         net (fo=1, routed)           1.207     1.207    design_1_i/processing_system7_0/inst/FCLK_CLK_unbuffered[0]
    BUFGCTRL_X0Y0        BUFG (Prop_bufg_I_O)         0.101     1.308 r  design_1_i/processing_system7_0/inst/buffer_fclk_clk_0.FCLK_CLK_0_BUFG/O
                         net (fo=17534, routed)       1.658     2.966    design_1_i/Gaussian_filter_0/U0/clk
    SLICE_X19Y63         FDCE                                         r  design_1_i/Gaussian_filter_0/U0/S_col_cpt_reg[1]/C
  -------------------------------------------------------------------    -------------------
    SLICE_X19Y63         FDCE (Prop_fdce_C_Q)         0.456     3.422 r  design_1_i/Gaussian_filter_0/U0/S_col_cpt_reg[1]/Q
                         net (fo=3092, routed)        7.356    10.778    design_1_i/Gaussian_filter_0/U0/S_col_cpt_reg[1]
    SLICE_X26Y39         LUT6 (Prop_lut6_I2_O)        0.124    10.902 r  design_1_i/Gaussian_filter_0/U0/t_line_mem_2[0][5]_i_220/O
                         net (fo=1, routed)           0.000    10.902    design_1_i/Gaussian_filter_0/U0/t_line_mem_2[0][5]_i_220_n_0
    SLICE_X26Y39         MUXF7 (Prop_muxf7_I0_O)      0.212    11.114 r  design_1_i/Gaussian_filter_0/U0/t_line_mem_2_reg[0][5]_i_131/O
                         net (fo=1, routed)           0.000    11.114    design_1_i/Gaussian_filter_0/U0/t_line_mem_2_reg[0][5]_i_131_n_0
    SLICE_X26Y39         MUXF8 (Prop_muxf8_I1_O)      0.094    11.208 r  design_1_i/Gaussian_filter_0/U0/t_line_mem_2_reg[0][5]_i_86/O
                         net (fo=1, routed)           1.521    12.729    design_1_i/Gaussian_filter_0/U0/t_line_mem_2_reg[0][5]_i_86_n_0
    SLICE_X10Y47         LUT6 (Prop_lut6_I0_O)        0.316    13.045 r  design_1_i/Gaussian_filter_0/U0/t_line_mem_2[0][5]_i_37/O
                         net (fo=1, routed)           0.000    13.045    design_1_i/Gaussian_filter_0/U0/t_line_mem_2[0][5]_i_37_n_0
    SLICE_X10Y47         MUXF7 (Prop_muxf7_I1_O)      0.214    13.259 r  design_1_i/Gaussian_filter_0/U0/t_line_mem_2_reg[0][5]_i_15/O
                         net (fo=1, routed)           0.000    13.259    design_1_i/Gaussian_filter_0/U0/t_line_mem_2_reg[0][5]_i_15_n_0
    SLICE_X10Y47         MUXF8 (Prop_muxf8_I1_O)      0.088    13.347 r  design_1_i/Gaussian_filter_0/U0/t_line_mem_2_reg[0][5]_i_4/O
                         net (fo=11, routed)          2.673    16.021    design_1_i/Gaussian_filter_0/U0/t_line_mem_2_reg[0][5]_i_4_n_0
    SLICE_X20Y71         LUT6 (Prop_lut6_I3_O)        0.319    16.340 r  design_1_i/Gaussian_filter_0/U0/SV_data_4[5]_i_1/O
                         net (fo=11, routed)          3.068    19.408    design_1_i/Gaussian_filter_0/U0/t_line_mem_1[0]_1460[5]
    SLICE_X13Y48         LUT4 (Prop_lut4_I3_O)        0.149    19.557 r  design_1_i/Gaussian_filter_0/U0/t_line_mem_1[448][5]_i_1/O
                         net (fo=64, routed)          3.101    22.658    design_1_i/Gaussian_filter_0/U0/t_line_mem_1[448][5]_i_1_n_0
    SLICE_X32Y40         FDCE                                         r  design_1_i/Gaussian_filter_0/U0/t_line_mem_1_reg[506][5]/D
  -------------------------------------------------------------------    -------------------

                         (clock clk_fpga_0 rise edge)
                                                     40.000    40.000 r  
    PS7_X0Y0             PS7                          0.000    40.000 r  design_1_i/processing_system7_0/inst/PS7_i/FCLKCLK[0]
                         net (fo=1, routed)           1.101    41.101    design_1_i/processing_system7_0/inst/FCLK_CLK_unbuffered[0]
    BUFGCTRL_X0Y0        BUFG (Prop_bufg_I_O)         0.091    41.192 r  design_1_i/processing_system7_0/inst/buffer_fclk_clk_0.FCLK_CLK_0_BUFG/O
                         net (fo=17534, routed)       1.498    42.691    design_1_i/Gaussian_filter_0/U0/clk
    SLICE_X32Y40         FDCE                                         r  design_1_i/Gaussian_filter_0/U0/t_line_mem_1_reg[506][5]/C
                         clock pessimism              0.116    42.806    
                         clock uncertainty           -0.601    42.205    
    SLICE_X32Y40         FDCE (Setup_fdce_C_D)       -0.236    41.969    design_1_i/Gaussian_filter_0/U0/t_line_mem_1_reg[506][5]
  -------------------------------------------------------------------
                         required time                         41.969    
                         arrival time                         -22.658    
  -------------------------------------------------------------------
                         slack                                 19.312    

Slack (MET) :             19.517ns  (required time - arrival time)
  Source:                 design_1_i/Gaussian_filter_0/U0/S_col_cpt_reg[1]/C
                            (rising edge-triggered cell FDCE clocked by clk_fpga_0  {rise@0.000ns fall@20.000ns period=40.000ns})
  Destination:            design_1_i/Gaussian_filter_0/U0/t_line_mem_1_reg[507][5]/D
                            (rising edge-triggered cell FDCE clocked by clk_fpga_0  {rise@0.000ns fall@20.000ns period=40.000ns})
  Path Group:             clk_fpga_0
  Path Type:              Setup (Max at Slow Process Corner)
  Requirement:            40.000ns  (clk_fpga_0 rise@40.000ns - clk_fpga_0 rise@0.000ns)
  Data Path Delay:        19.453ns  (logic 1.972ns (10.137%)  route 17.481ns (89.863%))
  Logic Levels:           8  (LUT4=1 LUT6=3 MUXF7=2 MUXF8=2)
  Clock Path Skew:        -0.163ns (DCD - SCD + CPR)
    Destination Clock Delay (DCD):    2.688ns = ( 42.688 - 40.000 ) 
    Source Clock Delay      (SCD):    2.966ns
    Clock Pessimism Removal (CPR):    0.116ns
  Clock Uncertainty:      0.601ns  ((TSJ^2 + TIJ^2)^1/2 + DJ) / 2 + PE
    Total System Jitter     (TSJ):    0.071ns
    Total Input Jitter      (TIJ):    1.200ns
    Discrete Jitter          (DJ):    0.000ns
    Phase Error              (PE):    0.000ns

    Location             Delay type                Incr(ns)  Path(ns)    Netlist Resource(s)
  -------------------------------------------------------------------    -------------------
                         (clock clk_fpga_0 rise edge)
                                                      0.000     0.000 r  
    PS7_X0Y0             PS7                          0.000     0.000 r  design_1_i/processing_system7_0/inst/PS7_i/FCLKCLK[0]
                         net (fo=1, routed)           1.207     1.207    design_1_i/processing_system7_0/inst/FCLK_CLK_unbuffered[0]
    BUFGCTRL_X0Y0        BUFG (Prop_bufg_I_O)         0.101     1.308 r  design_1_i/processing_system7_0/inst/buffer_fclk_clk_0.FCLK_CLK_0_BUFG/O
                         net (fo=17534, routed)       1.658     2.966    design_1_i/Gaussian_filter_0/U0/clk
    SLICE_X19Y63         FDCE                                         r  design_1_i/Gaussian_filter_0/U0/S_col_cpt_reg[1]/C
  -------------------------------------------------------------------    -------------------
    SLICE_X19Y63         FDCE (Prop_fdce_C_Q)         0.456     3.422 r  design_1_i/Gaussian_filter_0/U0/S_col_cpt_reg[1]/Q
                         net (fo=3092, routed)        7.356    10.778    design_1_i/Gaussian_filter_0/U0/S_col_cpt_reg[1]
    SLICE_X26Y39         LUT6 (Prop_lut6_I2_O)        0.124    10.902 r  design_1_i/Gaussian_filter_0/U0/t_line_mem_2[0][5]_i_220/O
                         net (fo=1, routed)           0.000    10.902    design_1_i/Gaussian_filter_0/U0/t_line_mem_2[0][5]_i_220_n_0
    SLICE_X26Y39         MUXF7 (Prop_muxf7_I0_O)      0.212    11.114 r  design_1_i/Gaussian_filter_0/U0/t_line_mem_2_reg[0][5]_i_131/O
                         net (fo=1, routed)           0.000    11.114    design_1_i/Gaussian_filter_0/U0/t_line_mem_2_reg[0][5]_i_131_n_0
    SLICE_X26Y39         MUXF8 (Prop_muxf8_I1_O)      0.094    11.208 r  design_1_i/Gaussian_filter_0/U0/t_line_mem_2_reg[0][5]_i_86/O
                         net (fo=1, routed)           1.521    12.729    design_1_i/Gaussian_filter_0/U0/t_line_mem_2_reg[0][5]_i_86_n_0
    SLICE_X10Y47         LUT6 (Prop_lut6_I0_O)        0.316    13.045 r  design_1_i/Gaussian_filter_0/U0/t_line_mem_2[0][5]_i_37/O
                         net (fo=1, routed)           0.000    13.045    design_1_i/Gaussian_filter_0/U0/t_line_mem_2[0][5]_i_37_n_0
    SLICE_X10Y47         MUXF7 (Prop_muxf7_I1_O)      0.214    13.259 r  design_1_i/Gaussian_filter_0/U0/t_line_mem_2_reg[0][5]_i_15/O
                         net (fo=1, routed)           0.000    13.259    design_1_i/Gaussian_filter_0/U0/t_line_mem_2_reg[0][5]_i_15_n_0
    SLICE_X10Y47         MUXF8 (Prop_muxf8_I1_O)      0.088    13.347 r  design_1_i/Gaussian_filter_0/U0/t_line_mem_2_reg[0][5]_i_4/O
                         net (fo=11, routed)          2.673    16.021    design_1_i/Gaussian_filter_0/U0/t_line_mem_2_reg[0][5]_i_4_n_0
    SLICE_X20Y71         LUT6 (Prop_lut6_I3_O)        0.319    16.340 r  design_1_i/Gaussian_filter_0/U0/SV_data_4[5]_i_1/O
                         net (fo=11, routed)          3.068    19.408    design_1_i/Gaussian_filter_0/U0/t_line_mem_1[0]_1460[5]
    SLICE_X13Y48         LUT4 (Prop_lut4_I3_O)        0.149    19.557 r  design_1_i/Gaussian_filter_0/U0/t_line_mem_1[448][5]_i_1/O
                         net (fo=64, routed)          2.862    22.419    design_1_i/Gaussian_filter_0/U0/t_line_mem_1[448][5]_i_1_n_0
    SLICE_X29Y37         FDCE                                         r  design_1_i/Gaussian_filter_0/U0/t_line_mem_1_reg[507][5]/D
  -------------------------------------------------------------------    -------------------

                         (clock clk_fpga_0 rise edge)
                                                     40.000    40.000 r  
    PS7_X0Y0             PS7                          0.000    40.000 r  design_1_i/processing_system7_0/inst/PS7_i/FCLKCLK[0]
                         net (fo=1, routed)           1.101    41.101    design_1_i/processing_system7_0/inst/FCLK_CLK_unbuffered[0]
    BUFGCTRL_X0Y0        BUFG (Prop_bufg_I_O)         0.091    41.192 r  design_1_i/processing_system7_0/inst/buffer_fclk_clk_0.FCLK_CLK_0_BUFG/O
                         net (fo=17534, routed)       1.495    42.688    design_1_i/Gaussian_filter_0/U0/clk
    SLICE_X29Y37         FDCE                                         r  design_1_i/Gaussian_filter_0/U0/t_line_mem_1_reg[507][5]/C
                         clock pessimism              0.116    42.803    
                         clock uncertainty           -0.601    42.202    
    SLICE_X29Y37         FDCE (Setup_fdce_C_D)       -0.266    41.936    design_1_i/Gaussian_filter_0/U0/t_line_mem_1_reg[507][5]
  -------------------------------------------------------------------
                         required time                         41.936    
                         arrival time                         -22.419    
  -------------------------------------------------------------------
                         slack                                 19.517    

Slack (MET) :             19.597ns  (required time - arrival time)
  Source:                 design_1_i/Gaussian_filter_0/U0/S_col_cpt_reg[1]/C
                            (rising edge-triggered cell FDCE clocked by clk_fpga_0  {rise@0.000ns fall@20.000ns period=40.000ns})
  Destination:            design_1_i/Gaussian_filter_0/U0/t_line_mem_1_reg[510][5]/D
                            (rising edge-triggered cell FDCE clocked by clk_fpga_0  {rise@0.000ns fall@20.000ns period=40.000ns})
  Path Group:             clk_fpga_0
  Path Type:              Setup (Max at Slow Process Corner)
  Requirement:            40.000ns  (clk_fpga_0 rise@40.000ns - clk_fpga_0 rise@0.000ns)
  Data Path Delay:        19.371ns  (logic 1.972ns (10.180%)  route 17.399ns (89.820%))
  Logic Levels:           8  (LUT4=1 LUT6=3 MUXF7=2 MUXF8=2)
  Clock Path Skew:        -0.165ns (DCD - SCD + CPR)
    Destination Clock Delay (DCD):    2.685ns = ( 42.686 - 40.000 ) 
    Source Clock Delay      (SCD):    2.966ns
    Clock Pessimism Removal (CPR):    0.116ns
  Clock Uncertainty:      0.601ns  ((TSJ^2 + TIJ^2)^1/2 + DJ) / 2 + PE
    Total System Jitter     (TSJ):    0.071ns
    Total Input Jitter      (TIJ):    1.200ns
    Discrete Jitter          (DJ):    0.000ns
    Phase Error              (PE):    0.000ns

    Location             Delay type                Incr(ns)  Path(ns)    Netlist Resource(s)
  -------------------------------------------------------------------    -------------------
                         (clock clk_fpga_0 rise edge)
                                                      0.000     0.000 r  
    PS7_X0Y0             PS7                          0.000     0.000 r  design_1_i/processing_system7_0/inst/PS7_i/FCLKCLK[0]
                         net (fo=1, routed)           1.207     1.207    design_1_i/processing_system7_0/inst/FCLK_CLK_unbuffered[0]
    BUFGCTRL_X0Y0        BUFG (Prop_bufg_I_O)         0.101     1.308 r  design_1_i/processing_system7_0/inst/buffer_fclk_clk_0.FCLK_CLK_0_BUFG/O
                         net (fo=17534, routed)       1.658     2.966    design_1_i/Gaussian_filter_0/U0/clk
    SLICE_X19Y63         FDCE                                         r  design_1_i/Gaussian_filter_0/U0/S_col_cpt_reg[1]/C
  -------------------------------------------------------------------    -------------------
    SLICE_X19Y63         FDCE (Prop_fdce_C_Q)         0.456     3.422 r  design_1_i/Gaussian_filter_0/U0/S_col_cpt_reg[1]/Q
                         net (fo=3092, routed)        7.356    10.778    design_1_i/Gaussian_filter_0/U0/S_col_cpt_reg[1]
    SLICE_X26Y39         LUT6 (Prop_lut6_I2_O)        0.124    10.902 r  design_1_i/Gaussian_filter_0/U0/t_line_mem_2[0][5]_i_220/O
                         net (fo=1, routed)           0.000    10.902    design_1_i/Gaussian_filter_0/U0/t_line_mem_2[0][5]_i_220_n_0
    SLICE_X26Y39         MUXF7 (Prop_muxf7_I0_O)      0.212    11.114 r  design_1_i/Gaussian_filter_0/U0/t_line_mem_2_reg[0][5]_i_131/O
                         net (fo=1, routed)           0.000    11.114    design_1_i/Gaussian_filter_0/U0/t_line_mem_2_reg[0][5]_i_131_n_0
    SLICE_X26Y39         MUXF8 (Prop_muxf8_I1_O)      0.094    11.208 r  design_1_i/Gaussian_filter_0/U0/t_line_mem_2_reg[0][5]_i_86/O
                         net (fo=1, routed)           1.521    12.729    design_1_i/Gaussian_filter_0/U0/t_line_mem_2_reg[0][5]_i_86_n_0
    SLICE_X10Y47         LUT6 (Prop_lut6_I0_O)        0.316    13.045 r  design_1_i/Gaussian_filter_0/U0/t_line_mem_2[0][5]_i_37/O
                         net (fo=1, routed)           0.000    13.045    design_1_i/Gaussian_filter_0/U0/t_line_mem_2[0][5]_i_37_n_0
    SLICE_X10Y47         MUXF7 (Prop_muxf7_I1_O)      0.214    13.259 r  design_1_i/Gaussian_filter_0/U0/t_line_mem_2_reg[0][5]_i_15/O
                         net (fo=1, routed)           0.000    13.259    design_1_i/Gaussian_filter_0/U0/t_line_mem_2_reg[0][5]_i_15_n_0
    SLICE_X10Y47         MUXF8 (Prop_muxf8_I1_O)      0.088    13.347 r  design_1_i/Gaussian_filter_0/U0/t_line_mem_2_reg[0][5]_i_4/O
                         net (fo=11, routed)          2.673    16.021    design_1_i/Gaussian_filter_0/U0/t_line_mem_2_reg[0][5]_i_4_n_0
    SLICE_X20Y71         LUT6 (Prop_lut6_I3_O)        0.319    16.340 r  design_1_i/Gaussian_filter_0/U0/SV_data_4[5]_i_1/O
                         net (fo=11, routed)          3.068    19.408    design_1_i/Gaussian_filter_0/U0/t_line_mem_1[0]_1460[5]
    SLICE_X13Y48         LUT4 (Prop_lut4_I3_O)        0.149    19.557 r  design_1_i/Gaussian_filter_0/U0/t_line_mem_1[448][5]_i_1/O
                         net (fo=64, routed)          2.780    22.337    design_1_i/Gaussian_filter_0/U0/t_line_mem_1[448][5]_i_1_n_0
    SLICE_X25Y40         FDCE                                         r  design_1_i/Gaussian_filter_0/U0/t_line_mem_1_reg[510][5]/D
  -------------------------------------------------------------------    -------------------

                         (clock clk_fpga_0 rise edge)
                                                     40.000    40.000 r  
    PS7_X0Y0             PS7                          0.000    40.000 r  design_1_i/processing_system7_0/inst/PS7_i/FCLKCLK[0]
                         net (fo=1, routed)           1.101    41.101    design_1_i/processing_system7_0/inst/FCLK_CLK_unbuffered[0]
    BUFGCTRL_X0Y0        BUFG (Prop_bufg_I_O)         0.091    41.192 r  design_1_i/processing_system7_0/inst/buffer_fclk_clk_0.FCLK_CLK_0_BUFG/O
                         net (fo=17534, routed)       1.493    42.686    design_1_i/Gaussian_filter_0/U0/clk
    SLICE_X25Y40         FDCE                                         r  design_1_i/Gaussian_filter_0/U0/t_line_mem_1_reg[510][5]/C
                         clock pessimism              0.116    42.801    
                         clock uncertainty           -0.601    42.200    
    SLICE_X25Y40         FDCE (Setup_fdce_C_D)       -0.266    41.934    design_1_i/Gaussian_filter_0/U0/t_line_mem_1_reg[510][5]
  -------------------------------------------------------------------
                         required time                         41.934    
                         arrival time                         -22.337    
  -------------------------------------------------------------------
                         slack                                 19.597    

Slack (MET) :             19.630ns  (required time - arrival time)
  Source:                 design_1_i/Gaussian_filter_0/U0/S_col_cpt_reg[1]/C
                            (rising edge-triggered cell FDCE clocked by clk_fpga_0  {rise@0.000ns fall@20.000ns period=40.000ns})
  Destination:            design_1_i/Gaussian_filter_0/U0/t_line_mem_1_reg[505][5]/D
                            (rising edge-triggered cell FDCE clocked by clk_fpga_0  {rise@0.000ns fall@20.000ns period=40.000ns})
  Path Group:             clk_fpga_0
  Path Type:              Setup (Max at Slow Process Corner)
  Requirement:            40.000ns  (clk_fpga_0 rise@40.000ns - clk_fpga_0 rise@0.000ns)
  Data Path Delay:        19.341ns  (logic 1.972ns (10.196%)  route 17.369ns (89.804%))
  Logic Levels:           8  (LUT4=1 LUT6=3 MUXF7=2 MUXF8=2)
  Clock Path Skew:        -0.163ns (DCD - SCD + CPR)
    Destination Clock Delay (DCD):    2.688ns = ( 42.688 - 40.000 ) 
    Source Clock Delay      (SCD):    2.966ns
    Clock Pessimism Removal (CPR):    0.116ns
  Clock Uncertainty:      0.601ns  ((TSJ^2 + TIJ^2)^1/2 + DJ) / 2 + PE
    Total System Jitter     (TSJ):    0.071ns
    Total Input Jitter      (TIJ):    1.200ns
    Discrete Jitter          (DJ):    0.000ns
    Phase Error              (PE):    0.000ns

    Location             Delay type                Incr(ns)  Path(ns)    Netlist Resource(s)
  -------------------------------------------------------------------    -------------------
                         (clock clk_fpga_0 rise edge)
                                                      0.000     0.000 r  
    PS7_X0Y0             PS7                          0.000     0.000 r  design_1_i/processing_system7_0/inst/PS7_i/FCLKCLK[0]
                         net (fo=1, routed)           1.207     1.207    design_1_i/processing_system7_0/inst/FCLK_CLK_unbuffered[0]
    BUFGCTRL_X0Y0        BUFG (Prop_bufg_I_O)         0.101     1.308 r  design_1_i/processing_system7_0/inst/buffer_fclk_clk_0.FCLK_CLK_0_BUFG/O
                         net (fo=17534, routed)       1.658     2.966    design_1_i/Gaussian_filter_0/U0/clk
    SLICE_X19Y63         FDCE                                         r  design_1_i/Gaussian_filter_0/U0/S_col_cpt_reg[1]/C
  -------------------------------------------------------------------    -------------------
    SLICE_X19Y63         FDCE (Prop_fdce_C_Q)         0.456     3.422 r  design_1_i/Gaussian_filter_0/U0/S_col_cpt_reg[1]/Q
                         net (fo=3092, routed)        7.356    10.778    design_1_i/Gaussian_filter_0/U0/S_col_cpt_reg[1]
    SLICE_X26Y39         LUT6 (Prop_lut6_I2_O)        0.124    10.902 r  design_1_i/Gaussian_filter_0/U0/t_line_mem_2[0][5]_i_220/O
                         net (fo=1, routed)           0.000    10.902    design_1_i/Gaussian_filter_0/U0/t_line_mem_2[0][5]_i_220_n_0
    SLICE_X26Y39         MUXF7 (Prop_muxf7_I0_O)      0.212    11.114 r  design_1_i/Gaussian_filter_0/U0/t_line_mem_2_reg[0][5]_i_131/O
                         net (fo=1, routed)           0.000    11.114    design_1_i/Gaussian_filter_0/U0/t_line_mem_2_reg[0][5]_i_131_n_0
    SLICE_X26Y39         MUXF8 (Prop_muxf8_I1_O)      0.094    11.208 r  design_1_i/Gaussian_filter_0/U0/t_line_mem_2_reg[0][5]_i_86/O
                         net (fo=1, routed)           1.521    12.729    design_1_i/Gaussian_filter_0/U0/t_line_mem_2_reg[0][5]_i_86_n_0
    SLICE_X10Y47         LUT6 (Prop_lut6_I0_O)        0.316    13.045 r  design_1_i/Gaussian_filter_0/U0/t_line_mem_2[0][5]_i_37/O
                         net (fo=1, routed)           0.000    13.045    design_1_i/Gaussian_filter_0/U0/t_line_mem_2[0][5]_i_37_n_0
    SLICE_X10Y47         MUXF7 (Prop_muxf7_I1_O)      0.214    13.259 r  design_1_i/Gaussian_filter_0/U0/t_line_mem_2_reg[0][5]_i_15/O
                         net (fo=1, routed)           0.000    13.259    design_1_i/Gaussian_filter_0/U0/t_line_mem_2_reg[0][5]_i_15_n_0
    SLICE_X10Y47         MUXF8 (Prop_muxf8_I1_O)      0.088    13.347 r  design_1_i/Gaussian_filter_0/U0/t_line_mem_2_reg[0][5]_i_4/O
                         net (fo=11, routed)          2.673    16.021    design_1_i/Gaussian_filter_0/U0/t_line_mem_2_reg[0][5]_i_4_n_0
    SLICE_X20Y71         LUT6 (Prop_lut6_I3_O)        0.319    16.340 r  design_1_i/Gaussian_filter_0/U0/SV_data_4[5]_i_1/O
                         net (fo=11, routed)          3.068    19.408    design_1_i/Gaussian_filter_0/U0/t_line_mem_1[0]_1460[5]
    SLICE_X13Y48         LUT4 (Prop_lut4_I3_O)        0.149    19.557 r  design_1_i/Gaussian_filter_0/U0/t_line_mem_1[448][5]_i_1/O
                         net (fo=64, routed)          2.749    22.307    design_1_i/Gaussian_filter_0/U0/t_line_mem_1[448][5]_i_1_n_0
    SLICE_X31Y37         FDCE                                         r  design_1_i/Gaussian_filter_0/U0/t_line_mem_1_reg[505][5]/D
  -------------------------------------------------------------------    -------------------

                         (clock clk_fpga_0 rise edge)
                                                     40.000    40.000 r  
    PS7_X0Y0             PS7                          0.000    40.000 r  design_1_i/processing_system7_0/inst/PS7_i/FCLKCLK[0]
                         net (fo=1, routed)           1.101    41.101    design_1_i/processing_system7_0/inst/FCLK_CLK_unbuffered[0]
    BUFGCTRL_X0Y0        BUFG (Prop_bufg_I_O)         0.091    41.192 r  design_1_i/processing_system7_0/inst/buffer_fclk_clk_0.FCLK_CLK_0_BUFG/O
                         net (fo=17534, routed)       1.495    42.688    design_1_i/Gaussian_filter_0/U0/clk
    SLICE_X31Y37         FDCE                                         r  design_1_i/Gaussian_filter_0/U0/t_line_mem_1_reg[505][5]/C
                         clock pessimism              0.116    42.803    
                         clock uncertainty           -0.601    42.202    
    SLICE_X31Y37         FDCE (Setup_fdce_C_D)       -0.266    41.936    design_1_i/Gaussian_filter_0/U0/t_line_mem_1_reg[505][5]
  -------------------------------------------------------------------
                         required time                         41.936    
                         arrival time                         -22.307    
  -------------------------------------------------------------------
                         slack                                 19.630    

Slack (MET) :             19.660ns  (required time - arrival time)
  Source:                 design_1_i/Gaussian_filter_0/U0/S_col_cpt_reg[1]/C
                            (rising edge-triggered cell FDCE clocked by clk_fpga_0  {rise@0.000ns fall@20.000ns period=40.000ns})
  Destination:            design_1_i/Gaussian_filter_0/U0/t_line_mem_1_reg[496][5]/D
                            (rising edge-triggered cell FDCE clocked by clk_fpga_0  {rise@0.000ns fall@20.000ns period=40.000ns})
  Path Group:             clk_fpga_0
  Path Type:              Setup (Max at Slow Process Corner)
  Requirement:            40.000ns  (clk_fpga_0 rise@40.000ns - clk_fpga_0 rise@0.000ns)
  Data Path Delay:        19.341ns  (logic 1.972ns (10.196%)  route 17.369ns (89.804%))
  Logic Levels:           8  (LUT4=1 LUT6=3 MUXF7=2 MUXF8=2)
  Clock Path Skew:        -0.163ns (DCD - SCD + CPR)
    Destination Clock Delay (DCD):    2.688ns = ( 42.688 - 40.000 ) 
    Source Clock Delay      (SCD):    2.966ns
    Clock Pessimism Removal (CPR):    0.116ns
  Clock Uncertainty:      0.601ns  ((TSJ^2 + TIJ^2)^1/2 + DJ) / 2 + PE
    Total System Jitter     (TSJ):    0.071ns
    Total Input Jitter      (TIJ):    1.200ns
    Discrete Jitter          (DJ):    0.000ns
    Phase Error              (PE):    0.000ns

    Location             Delay type                Incr(ns)  Path(ns)    Netlist Resource(s)
  -------------------------------------------------------------------    -------------------
                         (clock clk_fpga_0 rise edge)
                                                      0.000     0.000 r  
    PS7_X0Y0             PS7                          0.000     0.000 r  design_1_i/processing_system7_0/inst/PS7_i/FCLKCLK[0]
                         net (fo=1, routed)           1.207     1.207    design_1_i/processing_system7_0/inst/FCLK_CLK_unbuffered[0]
    BUFGCTRL_X0Y0        BUFG (Prop_bufg_I_O)         0.101     1.308 r  design_1_i/processing_system7_0/inst/buffer_fclk_clk_0.FCLK_CLK_0_BUFG/O
                         net (fo=17534, routed)       1.658     2.966    design_1_i/Gaussian_filter_0/U0/clk
    SLICE_X19Y63         FDCE                                         r  design_1_i/Gaussian_filter_0/U0/S_col_cpt_reg[1]/C
  -------------------------------------------------------------------    -------------------
    SLICE_X19Y63         FDCE (Prop_fdce_C_Q)         0.456     3.422 r  design_1_i/Gaussian_filter_0/U0/S_col_cpt_reg[1]/Q
                         net (fo=3092, routed)        7.356    10.778    design_1_i/Gaussian_filter_0/U0/S_col_cpt_reg[1]
    SLICE_X26Y39         LUT6 (Prop_lut6_I2_O)        0.124    10.902 r  design_1_i/Gaussian_filter_0/U0/t_line_mem_2[0][5]_i_220/O
                         net (fo=1, routed)           0.000    10.902    design_1_i/Gaussian_filter_0/U0/t_line_mem_2[0][5]_i_220_n_0
    SLICE_X26Y39         MUXF7 (Prop_muxf7_I0_O)      0.212    11.114 r  design_1_i/Gaussian_filter_0/U0/t_line_mem_2_reg[0][5]_i_131/O
                         net (fo=1, routed)           0.000    11.114    design_1_i/Gaussian_filter_0/U0/t_line_mem_2_reg[0][5]_i_131_n_0
    SLICE_X26Y39         MUXF8 (Prop_muxf8_I1_O)      0.094    11.208 r  design_1_i/Gaussian_filter_0/U0/t_line_mem_2_reg[0][5]_i_86/O
                         net (fo=1, routed)           1.521    12.729    design_1_i/Gaussian_filter_0/U0/t_line_mem_2_reg[0][5]_i_86_n_0
    SLICE_X10Y47         LUT6 (Prop_lut6_I0_O)        0.316    13.045 r  design_1_i/Gaussian_filter_0/U0/t_line_mem_2[0][5]_i_37/O
                         net (fo=1, routed)           0.000    13.045    design_1_i/Gaussian_filter_0/U0/t_line_mem_2[0][5]_i_37_n_0
    SLICE_X10Y47         MUXF7 (Prop_muxf7_I1_O)      0.214    13.259 r  design_1_i/Gaussian_filter_0/U0/t_line_mem_2_reg[0][5]_i_15/O
                         net (fo=1, routed)           0.000    13.259    design_1_i/Gaussian_filter_0/U0/t_line_mem_2_reg[0][5]_i_15_n_0
    SLICE_X10Y47         MUXF8 (Prop_muxf8_I1_O)      0.088    13.347 r  design_1_i/Gaussian_filter_0/U0/t_line_mem_2_reg[0][5]_i_4/O
                         net (fo=11, routed)          2.673    16.021    design_1_i/Gaussian_filter_0/U0/t_line_mem_2_reg[0][5]_i_4_n_0
    SLICE_X20Y71         LUT6 (Prop_lut6_I3_O)        0.319    16.340 r  design_1_i/Gaussian_filter_0/U0/SV_data_4[5]_i_1/O
                         net (fo=11, routed)          3.068    19.408    design_1_i/Gaussian_filter_0/U0/t_line_mem_1[0]_1460[5]
    SLICE_X13Y48         LUT4 (Prop_lut4_I3_O)        0.149    19.557 r  design_1_i/Gaussian_filter_0/U0/t_line_mem_1[448][5]_i_1/O
                         net (fo=64, routed)          2.749    22.307    design_1_i/Gaussian_filter_0/U0/t_line_mem_1[448][5]_i_1_n_0
    SLICE_X30Y37         FDCE                                         r  design_1_i/Gaussian_filter_0/U0/t_line_mem_1_reg[496][5]/D
  -------------------------------------------------------------------    -------------------

                         (clock clk_fpga_0 rise edge)
                                                     40.000    40.000 r  
    PS7_X0Y0             PS7                          0.000    40.000 r  design_1_i/processing_system7_0/inst/PS7_i/FCLKCLK[0]
                         net (fo=1, routed)           1.101    41.101    design_1_i/processing_system7_0/inst/FCLK_CLK_unbuffered[0]
    BUFGCTRL_X0Y0        BUFG (Prop_bufg_I_O)         0.091    41.192 r  design_1_i/processing_system7_0/inst/buffer_fclk_clk_0.FCLK_CLK_0_BUFG/O
                         net (fo=17534, routed)       1.495    42.688    design_1_i/Gaussian_filter_0/U0/clk
    SLICE_X30Y37         FDCE                                         r  design_1_i/Gaussian_filter_0/U0/t_line_mem_1_reg[496][5]/C
                         clock pessimism              0.116    42.803    
                         clock uncertainty           -0.601    42.202    
    SLICE_X30Y37         FDCE (Setup_fdce_C_D)       -0.236    41.966    design_1_i/Gaussian_filter_0/U0/t_line_mem_1_reg[496][5]
  -------------------------------------------------------------------
                         required time                         41.966    
                         arrival time                         -22.307    
  -------------------------------------------------------------------
                         slack                                 19.660    

Slack (MET) :             19.690ns  (required time - arrival time)
  Source:                 design_1_i/Gaussian_filter_0/U0/S_col_cpt_reg[1]/C
                            (rising edge-triggered cell FDCE clocked by clk_fpga_0  {rise@0.000ns fall@20.000ns period=40.000ns})
  Destination:            design_1_i/Gaussian_filter_0/U0/t_line_mem_1_reg[500][5]/D
                            (rising edge-triggered cell FDCE clocked by clk_fpga_0  {rise@0.000ns fall@20.000ns period=40.000ns})
  Path Group:             clk_fpga_0
  Path Type:              Setup (Max at Slow Process Corner)
  Requirement:            40.000ns  (clk_fpga_0 rise@40.000ns - clk_fpga_0 rise@0.000ns)
  Data Path Delay:        19.312ns  (logic 1.972ns (10.211%)  route 17.340ns (89.789%))
  Logic Levels:           8  (LUT4=1 LUT6=3 MUXF7=2 MUXF8=2)
  Clock Path Skew:        -0.161ns (DCD - SCD + CPR)
    Destination Clock Delay (DCD):    2.689ns = ( 42.689 - 40.000 ) 
    Source Clock Delay      (SCD):    2.966ns
    Clock Pessimism Removal (CPR):    0.116ns
  Clock Uncertainty:      0.601ns  ((TSJ^2 + TIJ^2)^1/2 + DJ) / 2 + PE
    Total System Jitter     (TSJ):    0.071ns
    Total Input Jitter      (TIJ):    1.200ns
    Discrete Jitter          (DJ):    0.000ns
    Phase Error              (PE):    0.000ns

    Location             Delay type                Incr(ns)  Path(ns)    Netlist Resource(s)
  -------------------------------------------------------------------    -------------------
                         (clock clk_fpga_0 rise edge)
                                                      0.000     0.000 r  
    PS7_X0Y0             PS7                          0.000     0.000 r  design_1_i/processing_system7_0/inst/PS7_i/FCLKCLK[0]
                         net (fo=1, routed)           1.207     1.207    design_1_i/processing_system7_0/inst/FCLK_CLK_unbuffered[0]
    BUFGCTRL_X0Y0        BUFG (Prop_bufg_I_O)         0.101     1.308 r  design_1_i/processing_system7_0/inst/buffer_fclk_clk_0.FCLK_CLK_0_BUFG/O
                         net (fo=17534, routed)       1.658     2.966    design_1_i/Gaussian_filter_0/U0/clk
    SLICE_X19Y63         FDCE                                         r  design_1_i/Gaussian_filter_0/U0/S_col_cpt_reg[1]/C
  -------------------------------------------------------------------    -------------------
    SLICE_X19Y63         FDCE (Prop_fdce_C_Q)         0.456     3.422 r  design_1_i/Gaussian_filter_0/U0/S_col_cpt_reg[1]/Q
                         net (fo=3092, routed)        7.356    10.778    design_1_i/Gaussian_filter_0/U0/S_col_cpt_reg[1]
    SLICE_X26Y39         LUT6 (Prop_lut6_I2_O)        0.124    10.902 r  design_1_i/Gaussian_filter_0/U0/t_line_mem_2[0][5]_i_220/O
                         net (fo=1, routed)           0.000    10.902    design_1_i/Gaussian_filter_0/U0/t_line_mem_2[0][5]_i_220_n_0
    SLICE_X26Y39         MUXF7 (Prop_muxf7_I0_O)      0.212    11.114 r  design_1_i/Gaussian_filter_0/U0/t_line_mem_2_reg[0][5]_i_131/O
                         net (fo=1, routed)           0.000    11.114    design_1_i/Gaussian_filter_0/U0/t_line_mem_2_reg[0][5]_i_131_n_0
    SLICE_X26Y39         MUXF8 (Prop_muxf8_I1_O)      0.094    11.208 r  design_1_i/Gaussian_filter_0/U0/t_line_mem_2_reg[0][5]_i_86/O
                         net (fo=1, routed)           1.521    12.729    design_1_i/Gaussian_filter_0/U0/t_line_mem_2_reg[0][5]_i_86_n_0
    SLICE_X10Y47         LUT6 (Prop_lut6_I0_O)        0.316    13.045 r  design_1_i/Gaussian_filter_0/U0/t_line_mem_2[0][5]_i_37/O
                         net (fo=1, routed)           0.000    13.045    design_1_i/Gaussian_filter_0/U0/t_line_mem_2[0][5]_i_37_n_0
    SLICE_X10Y47         MUXF7 (Prop_muxf7_I1_O)      0.214    13.259 r  design_1_i/Gaussian_filter_0/U0/t_line_mem_2_reg[0][5]_i_15/O
                         net (fo=1, routed)           0.000    13.259    design_1_i/Gaussian_filter_0/U0/t_line_mem_2_reg[0][5]_i_15_n_0
    SLICE_X10Y47         MUXF8 (Prop_muxf8_I1_O)      0.088    13.347 r  design_1_i/Gaussian_filter_0/U0/t_line_mem_2_reg[0][5]_i_4/O
                         net (fo=11, routed)          2.673    16.021    design_1_i/Gaussian_filter_0/U0/t_line_mem_2_reg[0][5]_i_4_n_0
    SLICE_X20Y71         LUT6 (Prop_lut6_I3_O)        0.319    16.340 r  design_1_i/Gaussian_filter_0/U0/SV_data_4[5]_i_1/O
                         net (fo=11, routed)          3.068    19.408    design_1_i/Gaussian_filter_0/U0/t_line_mem_1[0]_1460[5]
    SLICE_X13Y48         LUT4 (Prop_lut4_I3_O)        0.149    19.557 r  design_1_i/Gaussian_filter_0/U0/t_line_mem_1[448][5]_i_1/O
                         net (fo=64, routed)          2.721    22.278    design_1_i/Gaussian_filter_0/U0/t_line_mem_1[448][5]_i_1_n_0
    SLICE_X28Y39         FDCE                                         r  design_1_i/Gaussian_filter_0/U0/t_line_mem_1_reg[500][5]/D
  -------------------------------------------------------------------    -------------------

                         (clock clk_fpga_0 rise edge)
                                                     40.000    40.000 r  
    PS7_X0Y0             PS7                          0.000    40.000 r  design_1_i/processing_system7_0/inst/PS7_i/FCLKCLK[0]
                         net (fo=1, routed)           1.101    41.101    design_1_i/processing_system7_0/inst/FCLK_CLK_unbuffered[0]
    BUFGCTRL_X0Y0        BUFG (Prop_bufg_I_O)         0.091    41.192 r  design_1_i/processing_system7_0/inst/buffer_fclk_clk_0.FCLK_CLK_0_BUFG/O
                         net (fo=17534, routed)       1.497    42.689    design_1_i/Gaussian_filter_0/U0/clk
    SLICE_X28Y39         FDCE                                         r  design_1_i/Gaussian_filter_0/U0/t_line_mem_1_reg[500][5]/C
                         clock pessimism              0.116    42.805    
                         clock uncertainty           -0.601    42.204    
    SLICE_X28Y39         FDCE (Setup_fdce_C_D)       -0.236    41.968    design_1_i/Gaussian_filter_0/U0/t_line_mem_1_reg[500][5]
  -------------------------------------------------------------------
                         required time                         41.968    
                         arrival time                         -22.278    
  -------------------------------------------------------------------
                         slack                                 19.690    





Min Delay Paths
--------------------------------------------------------------------------------------
Slack (MET) :             0.024ns  (arrival time - required time)
  Source:                 design_1_i/ps7_0_axi_periph/m01_couplers/auto_ds/inst/gen_downsizer.gen_cascaded_downsizer.first_downsizer_inst/USE_READ.read_addr_inst/cmd_queue/inst/fifo_gen_inst/inst_fifo_gen/gconvfifo.rf/grf.rf/gntv_or_sync_fifo.gl0.wr/wpntr/gcc0.gc0.count_d1_reg[0]/C
                            (rising edge-triggered cell FDCE clocked by clk_fpga_0  {rise@0.000ns fall@20.000ns period=40.000ns})
  Destination:            design_1_i/ps7_0_axi_periph/m01_couplers/auto_ds/inst/gen_downsizer.gen_cascaded_downsizer.first_downsizer_inst/USE_READ.read_addr_inst/cmd_queue/inst/fifo_gen_inst/inst_fifo_gen/gconvfifo.rf/grf.rf/gntv_or_sync_fifo.mem/gdm.dm_gen.dm/RAM_reg_0_31_0_5/RAMA/WADR0
                            (rising edge-triggered cell RAMD32 clocked by clk_fpga_0  {rise@0.000ns fall@20.000ns period=40.000ns})
  Path Group:             clk_fpga_0
  Path Type:              Hold (Min at Fast Process Corner)
  Requirement:            0.000ns  (clk_fpga_0 rise@0.000ns - clk_fpga_0 rise@0.000ns)
  Data Path Delay:        0.347ns  (logic 0.141ns (40.599%)  route 0.206ns (59.401%))
  Logic Levels:           0  
  Clock Path Skew:        0.013ns (DCD - SCD - CPR)
    Destination Clock Delay (DCD):    1.205ns
    Source Clock Delay      (SCD):    0.908ns
    Clock Pessimism Removal (CPR):    0.284ns

    Location             Delay type                Incr(ns)  Path(ns)    Netlist Resource(s)
  -------------------------------------------------------------------    -------------------
                         (clock clk_fpga_0 rise edge)
                                                      0.000     0.000 r  
    PS7_X0Y0             PS7                          0.000     0.000 r  design_1_i/processing_system7_0/inst/PS7_i/FCLKCLK[0]
                         net (fo=1, routed)           0.315     0.315    design_1_i/processing_system7_0/inst/FCLK_CLK_unbuffered[0]
    BUFGCTRL_X0Y0        BUFG (Prop_bufg_I_O)         0.026     0.341 r  design_1_i/processing_system7_0/inst/buffer_fclk_clk_0.FCLK_CLK_0_BUFG/O
                         net (fo=17534, routed)       0.567     0.908    design_1_i/ps7_0_axi_periph/m01_couplers/auto_ds/inst/gen_downsizer.gen_cascaded_downsizer.first_downsizer_inst/USE_READ.read_addr_inst/cmd_queue/inst/fifo_gen_inst/inst_fifo_gen/gconvfifo.rf/grf.rf/gntv_or_sync_fifo.gl0.wr/wpntr/clk
    SLICE_X11Y1          FDCE                                         r  design_1_i/ps7_0_axi_periph/m01_couplers/auto_ds/inst/gen_downsizer.gen_cascaded_downsizer.first_downsizer_inst/USE_READ.read_addr_inst/cmd_queue/inst/fifo_gen_inst/inst_fifo_gen/gconvfifo.rf/grf.rf/gntv_or_sync_fifo.gl0.wr/wpntr/gcc0.gc0.count_d1_reg[0]/C
  -------------------------------------------------------------------    -------------------
    SLICE_X11Y1          FDCE (Prop_fdce_C_Q)         0.141     1.049 r  design_1_i/ps7_0_axi_periph/m01_couplers/auto_ds/inst/gen_downsizer.gen_cascaded_downsizer.first_downsizer_inst/USE_READ.read_addr_inst/cmd_queue/inst/fifo_gen_inst/inst_fifo_gen/gconvfifo.rf/grf.rf/gntv_or_sync_fifo.gl0.wr/wpntr/gcc0.gc0.count_d1_reg[0]/Q
                         net (fo=42, routed)          0.206     1.255    design_1_i/ps7_0_axi_periph/m01_couplers/auto_ds/inst/gen_downsizer.gen_cascaded_downsizer.first_downsizer_inst/USE_READ.read_addr_inst/cmd_queue/inst/fifo_gen_inst/inst_fifo_gen/gconvfifo.rf/grf.rf/gntv_or_sync_fifo.mem/gdm.dm_gen.dm/RAM_reg_0_31_0_5/ADDRD0
    SLICE_X10Y1          RAMD32                                       r  design_1_i/ps7_0_axi_periph/m01_couplers/auto_ds/inst/gen_downsizer.gen_cascaded_downsizer.first_downsizer_inst/USE_READ.read_addr_inst/cmd_queue/inst/fifo_gen_inst/inst_fifo_gen/gconvfifo.rf/grf.rf/gntv_or_sync_fifo.mem/gdm.dm_gen.dm/RAM_reg_0_31_0_5/RAMA/WADR0
  -------------------------------------------------------------------    -------------------

                         (clock clk_fpga_0 rise edge)
                                                      0.000     0.000 r  
    PS7_X0Y0             PS7                          0.000     0.000 r  design_1_i/processing_system7_0/inst/PS7_i/FCLKCLK[0]
                         net (fo=1, routed)           0.341     0.341    design_1_i/processing_system7_0/inst/FCLK_CLK_unbuffered[0]
    BUFGCTRL_X0Y0        BUFG (Prop_bufg_I_O)         0.029     0.370 r  design_1_i/processing_system7_0/inst/buffer_fclk_clk_0.FCLK_CLK_0_BUFG/O
                         net (fo=17534, routed)       0.835     1.205    design_1_i/ps7_0_axi_periph/m01_couplers/auto_ds/inst/gen_downsizer.gen_cascaded_downsizer.first_downsizer_inst/USE_READ.read_addr_inst/cmd_queue/inst/fifo_gen_inst/inst_fifo_gen/gconvfifo.rf/grf.rf/gntv_or_sync_fifo.mem/gdm.dm_gen.dm/RAM_reg_0_31_0_5/WCLK
    SLICE_X10Y1          RAMD32                                       r  design_1_i/ps7_0_axi_periph/m01_couplers/auto_ds/inst/gen_downsizer.gen_cascaded_downsizer.first_downsizer_inst/USE_READ.read_addr_inst/cmd_queue/inst/fifo_gen_inst/inst_fifo_gen/gconvfifo.rf/grf.rf/gntv_or_sync_fifo.mem/gdm.dm_gen.dm/RAM_reg_0_31_0_5/RAMA/CLK
                         clock pessimism             -0.284     0.921    
    SLICE_X10Y1          RAMD32 (Hold_ramd32_CLK_WADR0)
                                                      0.310     1.231    design_1_i/ps7_0_axi_periph/m01_couplers/auto_ds/inst/gen_downsizer.gen_cascaded_downsizer.first_downsizer_inst/USE_READ.read_addr_inst/cmd_queue/inst/fifo_gen_inst/inst_fifo_gen/gconvfifo.rf/grf.rf/gntv_or_sync_fifo.mem/gdm.dm_gen.dm/RAM_reg_0_31_0_5/RAMA
  -------------------------------------------------------------------
                         required time                         -1.230    
                         arrival time                           1.255    
  -------------------------------------------------------------------
                         slack                                  0.024    

Slack (MET) :             0.024ns  (arrival time - required time)
  Source:                 design_1_i/ps7_0_axi_periph/m01_couplers/auto_ds/inst/gen_downsizer.gen_cascaded_downsizer.first_downsizer_inst/USE_READ.read_addr_inst/cmd_queue/inst/fifo_gen_inst/inst_fifo_gen/gconvfifo.rf/grf.rf/gntv_or_sync_fifo.gl0.wr/wpntr/gcc0.gc0.count_d1_reg[0]/C
                            (rising edge-triggered cell FDCE clocked by clk_fpga_0  {rise@0.000ns fall@20.000ns period=40.000ns})
  Destination:            design_1_i/ps7_0_axi_periph/m01_couplers/auto_ds/inst/gen_downsizer.gen_cascaded_downsizer.first_downsizer_inst/USE_READ.read_addr_inst/cmd_queue/inst/fifo_gen_inst/inst_fifo_gen/gconvfifo.rf/grf.rf/gntv_or_sync_fifo.mem/gdm.dm_gen.dm/RAM_reg_0_31_0_5/RAMA_D1/WADR0
                            (rising edge-triggered cell RAMD32 clocked by clk_fpga_0  {rise@0.000ns fall@20.000ns period=40.000ns})
  Path Group:             clk_fpga_0
  Path Type:              Hold (Min at Fast Process Corner)
  Requirement:            0.000ns  (clk_fpga_0 rise@0.000ns - clk_fpga_0 rise@0.000ns)
  Data Path Delay:        0.347ns  (logic 0.141ns (40.599%)  route 0.206ns (59.401%))
  Logic Levels:           0  
  Clock Path Skew:        0.013ns (DCD - SCD - CPR)
    Destination Clock Delay (DCD):    1.205ns
    Source Clock Delay      (SCD):    0.908ns
    Clock Pessimism Removal (CPR):    0.284ns

    Location             Delay type                Incr(ns)  Path(ns)    Netlist Resource(s)
  -------------------------------------------------------------------    -------------------
                         (clock clk_fpga_0 rise edge)
                                                      0.000     0.000 r  
    PS7_X0Y0             PS7                          0.000     0.000 r  design_1_i/processing_system7_0/inst/PS7_i/FCLKCLK[0]
                         net (fo=1, routed)           0.315     0.315    design_1_i/processing_system7_0/inst/FCLK_CLK_unbuffered[0]
    BUFGCTRL_X0Y0        BUFG (Prop_bufg_I_O)         0.026     0.341 r  design_1_i/processing_system7_0/inst/buffer_fclk_clk_0.FCLK_CLK_0_BUFG/O
                         net (fo=17534, routed)       0.567     0.908    design_1_i/ps7_0_axi_periph/m01_couplers/auto_ds/inst/gen_downsizer.gen_cascaded_downsizer.first_downsizer_inst/USE_READ.read_addr_inst/cmd_queue/inst/fifo_gen_inst/inst_fifo_gen/gconvfifo.rf/grf.rf/gntv_or_sync_fifo.gl0.wr/wpntr/clk
    SLICE_X11Y1          FDCE                                         r  design_1_i/ps7_0_axi_periph/m01_couplers/auto_ds/inst/gen_downsizer.gen_cascaded_downsizer.first_downsizer_inst/USE_READ.read_addr_inst/cmd_queue/inst/fifo_gen_inst/inst_fifo_gen/gconvfifo.rf/grf.rf/gntv_or_sync_fifo.gl0.wr/wpntr/gcc0.gc0.count_d1_reg[0]/C
  -------------------------------------------------------------------    -------------------
    SLICE_X11Y1          FDCE (Prop_fdce_C_Q)         0.141     1.049 r  design_1_i/ps7_0_axi_periph/m01_couplers/auto_ds/inst/gen_downsizer.gen_cascaded_downsizer.first_downsizer_inst/USE_READ.read_addr_inst/cmd_queue/inst/fifo_gen_inst/inst_fifo_gen/gconvfifo.rf/grf.rf/gntv_or_sync_fifo.gl0.wr/wpntr/gcc0.gc0.count_d1_reg[0]/Q
                         net (fo=42, routed)          0.206     1.255    design_1_i/ps7_0_axi_periph/m01_couplers/auto_ds/inst/gen_downsizer.gen_cascaded_downsizer.first_downsizer_inst/USE_READ.read_addr_inst/cmd_queue/inst/fifo_gen_inst/inst_fifo_gen/gconvfifo.rf/grf.rf/gntv_or_sync_fifo.mem/gdm.dm_gen.dm/RAM_reg_0_31_0_5/ADDRD0
    SLICE_X10Y1          RAMD32                                       r  design_1_i/ps7_0_axi_periph/m01_couplers/auto_ds/inst/gen_downsizer.gen_cascaded_downsizer.first_downsizer_inst/USE_READ.read_addr_inst/cmd_queue/inst/fifo_gen_inst/inst_fifo_gen/gconvfifo.rf/grf.rf/gntv_or_sync_fifo.mem/gdm.dm_gen.dm/RAM_reg_0_31_0_5/RAMA_D1/WADR0
  -------------------------------------------------------------------    -------------------

                         (clock clk_fpga_0 rise edge)
                                                      0.000     0.000 r  
    PS7_X0Y0             PS7                          0.000     0.000 r  design_1_i/processing_system7_0/inst/PS7_i/FCLKCLK[0]
                         net (fo=1, routed)           0.341     0.341    design_1_i/processing_system7_0/inst/FCLK_CLK_unbuffered[0]
    BUFGCTRL_X0Y0        BUFG (Prop_bufg_I_O)         0.029     0.370 r  design_1_i/processing_system7_0/inst/buffer_fclk_clk_0.FCLK_CLK_0_BUFG/O
                         net (fo=17534, routed)       0.835     1.205    design_1_i/ps7_0_axi_periph/m01_couplers/auto_ds/inst/gen_downsizer.gen_cascaded_downsizer.first_downsizer_inst/USE_READ.read_addr_inst/cmd_queue/inst/fifo_gen_inst/inst_fifo_gen/gconvfifo.rf/grf.rf/gntv_or_sync_fifo.mem/gdm.dm_gen.dm/RAM_reg_0_31_0_5/WCLK
    SLICE_X10Y1          RAMD32                                       r  design_1_i/ps7_0_axi_periph/m01_couplers/auto_ds/inst/gen_downsizer.gen_cascaded_downsizer.first_downsizer_inst/USE_READ.read_addr_inst/cmd_queue/inst/fifo_gen_inst/inst_fifo_gen/gconvfifo.rf/grf.rf/gntv_or_sync_fifo.mem/gdm.dm_gen.dm/RAM_reg_0_31_0_5/RAMA_D1/CLK
                         clock pessimism             -0.284     0.921    
    SLICE_X10Y1          RAMD32 (Hold_ramd32_CLK_WADR0)
                                                      0.310     1.231    design_1_i/ps7_0_axi_periph/m01_couplers/auto_ds/inst/gen_downsizer.gen_cascaded_downsizer.first_downsizer_inst/USE_READ.read_addr_inst/cmd_queue/inst/fifo_gen_inst/inst_fifo_gen/gconvfifo.rf/grf.rf/gntv_or_sync_fifo.mem/gdm.dm_gen.dm/RAM_reg_0_31_0_5/RAMA_D1
  -------------------------------------------------------------------
                         required time                         -1.230    
                         arrival time                           1.255    
  -------------------------------------------------------------------
                         slack                                  0.024    

Slack (MET) :             0.024ns  (arrival time - required time)
  Source:                 design_1_i/ps7_0_axi_periph/m01_couplers/auto_ds/inst/gen_downsizer.gen_cascaded_downsizer.first_downsizer_inst/USE_READ.read_addr_inst/cmd_queue/inst/fifo_gen_inst/inst_fifo_gen/gconvfifo.rf/grf.rf/gntv_or_sync_fifo.gl0.wr/wpntr/gcc0.gc0.count_d1_reg[0]/C
                            (rising edge-triggered cell FDCE clocked by clk_fpga_0  {rise@0.000ns fall@20.000ns period=40.000ns})
  Destination:            design_1_i/ps7_0_axi_periph/m01_couplers/auto_ds/inst/gen_downsizer.gen_cascaded_downsizer.first_downsizer_inst/USE_READ.read_addr_inst/cmd_queue/inst/fifo_gen_inst/inst_fifo_gen/gconvfifo.rf/grf.rf/gntv_or_sync_fifo.mem/gdm.dm_gen.dm/RAM_reg_0_31_0_5/RAMB/WADR0
                            (rising edge-triggered cell RAMD32 clocked by clk_fpga_0  {rise@0.000ns fall@20.000ns period=40.000ns})
  Path Group:             clk_fpga_0
  Path Type:              Hold (Min at Fast Process Corner)
  Requirement:            0.000ns  (clk_fpga_0 rise@0.000ns - clk_fpga_0 rise@0.000ns)
  Data Path Delay:        0.347ns  (logic 0.141ns (40.599%)  route 0.206ns (59.401%))
  Logic Levels:           0  
  Clock Path Skew:        0.013ns (DCD - SCD - CPR)
    Destination Clock Delay (DCD):    1.205ns
    Source Clock Delay      (SCD):    0.908ns
    Clock Pessimism Removal (CPR):    0.284ns

    Location             Delay type                Incr(ns)  Path(ns)    Netlist Resource(s)
  -------------------------------------------------------------------    -------------------
                         (clock clk_fpga_0 rise edge)
                                                      0.000     0.000 r  
    PS7_X0Y0             PS7                          0.000     0.000 r  design_1_i/processing_system7_0/inst/PS7_i/FCLKCLK[0]
                         net (fo=1, routed)           0.315     0.315    design_1_i/processing_system7_0/inst/FCLK_CLK_unbuffered[0]
    BUFGCTRL_X0Y0        BUFG (Prop_bufg_I_O)         0.026     0.341 r  design_1_i/processing_system7_0/inst/buffer_fclk_clk_0.FCLK_CLK_0_BUFG/O
                         net (fo=17534, routed)       0.567     0.908    design_1_i/ps7_0_axi_periph/m01_couplers/auto_ds/inst/gen_downsizer.gen_cascaded_downsizer.first_downsizer_inst/USE_READ.read_addr_inst/cmd_queue/inst/fifo_gen_inst/inst_fifo_gen/gconvfifo.rf/grf.rf/gntv_or_sync_fifo.gl0.wr/wpntr/clk
    SLICE_X11Y1          FDCE                                         r  design_1_i/ps7_0_axi_periph/m01_couplers/auto_ds/inst/gen_downsizer.gen_cascaded_downsizer.first_downsizer_inst/USE_READ.read_addr_inst/cmd_queue/inst/fifo_gen_inst/inst_fifo_gen/gconvfifo.rf/grf.rf/gntv_or_sync_fifo.gl0.wr/wpntr/gcc0.gc0.count_d1_reg[0]/C
  -------------------------------------------------------------------    -------------------
    SLICE_X11Y1          FDCE (Prop_fdce_C_Q)         0.141     1.049 r  design_1_i/ps7_0_axi_periph/m01_couplers/auto_ds/inst/gen_downsizer.gen_cascaded_downsizer.first_downsizer_inst/USE_READ.read_addr_inst/cmd_queue/inst/fifo_gen_inst/inst_fifo_gen/gconvfifo.rf/grf.rf/gntv_or_sync_fifo.gl0.wr/wpntr/gcc0.gc0.count_d1_reg[0]/Q
                         net (fo=42, routed)          0.206     1.255    design_1_i/ps7_0_axi_periph/m01_couplers/auto_ds/inst/gen_downsizer.gen_cascaded_downsizer.first_downsizer_inst/USE_READ.read_addr_inst/cmd_queue/inst/fifo_gen_inst/inst_fifo_gen/gconvfifo.rf/grf.rf/gntv_or_sync_fifo.mem/gdm.dm_gen.dm/RAM_reg_0_31_0_5/ADDRD0
    SLICE_X10Y1          RAMD32                                       r  design_1_i/ps7_0_axi_periph/m01_couplers/auto_ds/inst/gen_downsizer.gen_cascaded_downsizer.first_downsizer_inst/USE_READ.read_addr_inst/cmd_queue/inst/fifo_gen_inst/inst_fifo_gen/gconvfifo.rf/grf.rf/gntv_or_sync_fifo.mem/gdm.dm_gen.dm/RAM_reg_0_31_0_5/RAMB/WADR0
  -------------------------------------------------------------------    -------------------

                         (clock clk_fpga_0 rise edge)
                                                      0.000     0.000 r  
    PS7_X0Y0             PS7                          0.000     0.000 r  design_1_i/processing_system7_0/inst/PS7_i/FCLKCLK[0]
                         net (fo=1, routed)           0.341     0.341    design_1_i/processing_system7_0/inst/FCLK_CLK_unbuffered[0]
    BUFGCTRL_X0Y0        BUFG (Prop_bufg_I_O)         0.029     0.370 r  design_1_i/processing_system7_0/inst/buffer_fclk_clk_0.FCLK_CLK_0_BUFG/O
                         net (fo=17534, routed)       0.835     1.205    design_1_i/ps7_0_axi_periph/m01_couplers/auto_ds/inst/gen_downsizer.gen_cascaded_downsizer.first_downsizer_inst/USE_READ.read_addr_inst/cmd_queue/inst/fifo_gen_inst/inst_fifo_gen/gconvfifo.rf/grf.rf/gntv_or_sync_fifo.mem/gdm.dm_gen.dm/RAM_reg_0_31_0_5/WCLK
    SLICE_X10Y1          RAMD32                                       r  design_1_i/ps7_0_axi_periph/m01_couplers/auto_ds/inst/gen_downsizer.gen_cascaded_downsizer.first_downsizer_inst/USE_READ.read_addr_inst/cmd_queue/inst/fifo_gen_inst/inst_fifo_gen/gconvfifo.rf/grf.rf/gntv_or_sync_fifo.mem/gdm.dm_gen.dm/RAM_reg_0_31_0_5/RAMB/CLK
                         clock pessimism             -0.284     0.921    
    SLICE_X10Y1          RAMD32 (Hold_ramd32_CLK_WADR0)
                                                      0.310     1.231    design_1_i/ps7_0_axi_periph/m01_couplers/auto_ds/inst/gen_downsizer.gen_cascaded_downsizer.first_downsizer_inst/USE_READ.read_addr_inst/cmd_queue/inst/fifo_gen_inst/inst_fifo_gen/gconvfifo.rf/grf.rf/gntv_or_sync_fifo.mem/gdm.dm_gen.dm/RAM_reg_0_31_0_5/RAMB
  -------------------------------------------------------------------
                         required time                         -1.230    
                         arrival time                           1.255    
  -------------------------------------------------------------------
                         slack                                  0.024    

Slack (MET) :             0.024ns  (arrival time - required time)
  Source:                 design_1_i/ps7_0_axi_periph/m01_couplers/auto_ds/inst/gen_downsizer.gen_cascaded_downsizer.first_downsizer_inst/USE_READ.read_addr_inst/cmd_queue/inst/fifo_gen_inst/inst_fifo_gen/gconvfifo.rf/grf.rf/gntv_or_sync_fifo.gl0.wr/wpntr/gcc0.gc0.count_d1_reg[0]/C
                            (rising edge-triggered cell FDCE clocked by clk_fpga_0  {rise@0.000ns fall@20.000ns period=40.000ns})
  Destination:            design_1_i/ps7_0_axi_periph/m01_couplers/auto_ds/inst/gen_downsizer.gen_cascaded_downsizer.first_downsizer_inst/USE_READ.read_addr_inst/cmd_queue/inst/fifo_gen_inst/inst_fifo_gen/gconvfifo.rf/grf.rf/gntv_or_sync_fifo.mem/gdm.dm_gen.dm/RAM_reg_0_31_0_5/RAMB_D1/WADR0
                            (rising edge-triggered cell RAMD32 clocked by clk_fpga_0  {rise@0.000ns fall@20.000ns period=40.000ns})
  Path Group:             clk_fpga_0
  Path Type:              Hold (Min at Fast Process Corner)
  Requirement:            0.000ns  (clk_fpga_0 rise@0.000ns - clk_fpga_0 rise@0.000ns)
  Data Path Delay:        0.347ns  (logic 0.141ns (40.599%)  route 0.206ns (59.401%))
  Logic Levels:           0  
  Clock Path Skew:        0.013ns (DCD - SCD - CPR)
    Destination Clock Delay (DCD):    1.205ns
    Source Clock Delay      (SCD):    0.908ns
    Clock Pessimism Removal (CPR):    0.284ns

    Location             Delay type                Incr(ns)  Path(ns)    Netlist Resource(s)
  -------------------------------------------------------------------    -------------------
                         (clock clk_fpga_0 rise edge)
                                                      0.000     0.000 r  
    PS7_X0Y0             PS7                          0.000     0.000 r  design_1_i/processing_system7_0/inst/PS7_i/FCLKCLK[0]
                         net (fo=1, routed)           0.315     0.315    design_1_i/processing_system7_0/inst/FCLK_CLK_unbuffered[0]
    BUFGCTRL_X0Y0        BUFG (Prop_bufg_I_O)         0.026     0.341 r  design_1_i/processing_system7_0/inst/buffer_fclk_clk_0.FCLK_CLK_0_BUFG/O
                         net (fo=17534, routed)       0.567     0.908    design_1_i/ps7_0_axi_periph/m01_couplers/auto_ds/inst/gen_downsizer.gen_cascaded_downsizer.first_downsizer_inst/USE_READ.read_addr_inst/cmd_queue/inst/fifo_gen_inst/inst_fifo_gen/gconvfifo.rf/grf.rf/gntv_or_sync_fifo.gl0.wr/wpntr/clk
    SLICE_X11Y1          FDCE                                         r  design_1_i/ps7_0_axi_periph/m01_couplers/auto_ds/inst/gen_downsizer.gen_cascaded_downsizer.first_downsizer_inst/USE_READ.read_addr_inst/cmd_queue/inst/fifo_gen_inst/inst_fifo_gen/gconvfifo.rf/grf.rf/gntv_or_sync_fifo.gl0.wr/wpntr/gcc0.gc0.count_d1_reg[0]/C
  -------------------------------------------------------------------    -------------------
    SLICE_X11Y1          FDCE (Prop_fdce_C_Q)         0.141     1.049 r  design_1_i/ps7_0_axi_periph/m01_couplers/auto_ds/inst/gen_downsizer.gen_cascaded_downsizer.first_downsizer_inst/USE_READ.read_addr_inst/cmd_queue/inst/fifo_gen_inst/inst_fifo_gen/gconvfifo.rf/grf.rf/gntv_or_sync_fifo.gl0.wr/wpntr/gcc0.gc0.count_d1_reg[0]/Q
                         net (fo=42, routed)          0.206     1.255    design_1_i/ps7_0_axi_periph/m01_couplers/auto_ds/inst/gen_downsizer.gen_cascaded_downsizer.first_downsizer_inst/USE_READ.read_addr_inst/cmd_queue/inst/fifo_gen_inst/inst_fifo_gen/gconvfifo.rf/grf.rf/gntv_or_sync_fifo.mem/gdm.dm_gen.dm/RAM_reg_0_31_0_5/ADDRD0
    SLICE_X10Y1          RAMD32                                       r  design_1_i/ps7_0_axi_periph/m01_couplers/auto_ds/inst/gen_downsizer.gen_cascaded_downsizer.first_downsizer_inst/USE_READ.read_addr_inst/cmd_queue/inst/fifo_gen_inst/inst_fifo_gen/gconvfifo.rf/grf.rf/gntv_or_sync_fifo.mem/gdm.dm_gen.dm/RAM_reg_0_31_0_5/RAMB_D1/WADR0
  -------------------------------------------------------------------    -------------------

                         (clock clk_fpga_0 rise edge)
                                                      0.000     0.000 r  
    PS7_X0Y0             PS7                          0.000     0.000 r  design_1_i/processing_system7_0/inst/PS7_i/FCLKCLK[0]
                         net (fo=1, routed)           0.341     0.341    design_1_i/processing_system7_0/inst/FCLK_CLK_unbuffered[0]
    BUFGCTRL_X0Y0        BUFG (Prop_bufg_I_O)         0.029     0.370 r  design_1_i/processing_system7_0/inst/buffer_fclk_clk_0.FCLK_CLK_0_BUFG/O
                         net (fo=17534, routed)       0.835     1.205    design_1_i/ps7_0_axi_periph/m01_couplers/auto_ds/inst/gen_downsizer.gen_cascaded_downsizer.first_downsizer_inst/USE_READ.read_addr_inst/cmd_queue/inst/fifo_gen_inst/inst_fifo_gen/gconvfifo.rf/grf.rf/gntv_or_sync_fifo.mem/gdm.dm_gen.dm/RAM_reg_0_31_0_5/WCLK
    SLICE_X10Y1          RAMD32                                       r  design_1_i/ps7_0_axi_periph/m01_couplers/auto_ds/inst/gen_downsizer.gen_cascaded_downsizer.first_downsizer_inst/USE_READ.read_addr_inst/cmd_queue/inst/fifo_gen_inst/inst_fifo_gen/gconvfifo.rf/grf.rf/gntv_or_sync_fifo.mem/gdm.dm_gen.dm/RAM_reg_0_31_0_5/RAMB_D1/CLK
                         clock pessimism             -0.284     0.921    
    SLICE_X10Y1          RAMD32 (Hold_ramd32_CLK_WADR0)
                                                      0.310     1.231    design_1_i/ps7_0_axi_periph/m01_couplers/auto_ds/inst/gen_downsizer.gen_cascaded_downsizer.first_downsizer_inst/USE_READ.read_addr_inst/cmd_queue/inst/fifo_gen_inst/inst_fifo_gen/gconvfifo.rf/grf.rf/gntv_or_sync_fifo.mem/gdm.dm_gen.dm/RAM_reg_0_31_0_5/RAMB_D1
  -------------------------------------------------------------------
                         required time                         -1.230    
                         arrival time                           1.255    
  -------------------------------------------------------------------
                         slack                                  0.024    

Slack (MET) :             0.024ns  (arrival time - required time)
  Source:                 design_1_i/ps7_0_axi_periph/m01_couplers/auto_ds/inst/gen_downsizer.gen_cascaded_downsizer.first_downsizer_inst/USE_READ.read_addr_inst/cmd_queue/inst/fifo_gen_inst/inst_fifo_gen/gconvfifo.rf/grf.rf/gntv_or_sync_fifo.gl0.wr/wpntr/gcc0.gc0.count_d1_reg[0]/C
                            (rising edge-triggered cell FDCE clocked by clk_fpga_0  {rise@0.000ns fall@20.000ns period=40.000ns})
  Destination:            design_1_i/ps7_0_axi_periph/m01_couplers/auto_ds/inst/gen_downsizer.gen_cascaded_downsizer.first_downsizer_inst/USE_READ.read_addr_inst/cmd_queue/inst/fifo_gen_inst/inst_fifo_gen/gconvfifo.rf/grf.rf/gntv_or_sync_fifo.mem/gdm.dm_gen.dm/RAM_reg_0_31_0_5/RAMC/WADR0
                            (rising edge-triggered cell RAMD32 clocked by clk_fpga_0  {rise@0.000ns fall@20.000ns period=40.000ns})
  Path Group:             clk_fpga_0
  Path Type:              Hold (Min at Fast Process Corner)
  Requirement:            0.000ns  (clk_fpga_0 rise@0.000ns - clk_fpga_0 rise@0.000ns)
  Data Path Delay:        0.347ns  (logic 0.141ns (40.599%)  route 0.206ns (59.401%))
  Logic Levels:           0  
  Clock Path Skew:        0.013ns (DCD - SCD - CPR)
    Destination Clock Delay (DCD):    1.205ns
    Source Clock Delay      (SCD):    0.908ns
    Clock Pessimism Removal (CPR):    0.284ns

    Location             Delay type                Incr(ns)  Path(ns)    Netlist Resource(s)
  -------------------------------------------------------------------    -------------------
                         (clock clk_fpga_0 rise edge)
                                                      0.000     0.000 r  
    PS7_X0Y0             PS7                          0.000     0.000 r  design_1_i/processing_system7_0/inst/PS7_i/FCLKCLK[0]
                         net (fo=1, routed)           0.315     0.315    design_1_i/processing_system7_0/inst/FCLK_CLK_unbuffered[0]
    BUFGCTRL_X0Y0        BUFG (Prop_bufg_I_O)         0.026     0.341 r  design_1_i/processing_system7_0/inst/buffer_fclk_clk_0.FCLK_CLK_0_BUFG/O
                         net (fo=17534, routed)       0.567     0.908    design_1_i/ps7_0_axi_periph/m01_couplers/auto_ds/inst/gen_downsizer.gen_cascaded_downsizer.first_downsizer_inst/USE_READ.read_addr_inst/cmd_queue/inst/fifo_gen_inst/inst_fifo_gen/gconvfifo.rf/grf.rf/gntv_or_sync_fifo.gl0.wr/wpntr/clk
    SLICE_X11Y1          FDCE                                         r  design_1_i/ps7_0_axi_periph/m01_couplers/auto_ds/inst/gen_downsizer.gen_cascaded_downsizer.first_downsizer_inst/USE_READ.read_addr_inst/cmd_queue/inst/fifo_gen_inst/inst_fifo_gen/gconvfifo.rf/grf.rf/gntv_or_sync_fifo.gl0.wr/wpntr/gcc0.gc0.count_d1_reg[0]/C
  -------------------------------------------------------------------    -------------------
    SLICE_X11Y1          FDCE (Prop_fdce_C_Q)         0.141     1.049 r  design_1_i/ps7_0_axi_periph/m01_couplers/auto_ds/inst/gen_downsizer.gen_cascaded_downsizer.first_downsizer_inst/USE_READ.read_addr_inst/cmd_queue/inst/fifo_gen_inst/inst_fifo_gen/gconvfifo.rf/grf.rf/gntv_or_sync_fifo.gl0.wr/wpntr/gcc0.gc0.count_d1_reg[0]/Q
                         net (fo=42, routed)          0.206     1.255    design_1_i/ps7_0_axi_periph/m01_couplers/auto_ds/inst/gen_downsizer.gen_cascaded_downsizer.first_downsizer_inst/USE_READ.read_addr_inst/cmd_queue/inst/fifo_gen_inst/inst_fifo_gen/gconvfifo.rf/grf.rf/gntv_or_sync_fifo.mem/gdm.dm_gen.dm/RAM_reg_0_31_0_5/ADDRD0
    SLICE_X10Y1          RAMD32                                       r  design_1_i/ps7_0_axi_periph/m01_couplers/auto_ds/inst/gen_downsizer.gen_cascaded_downsizer.first_downsizer_inst/USE_READ.read_addr_inst/cmd_queue/inst/fifo_gen_inst/inst_fifo_gen/gconvfifo.rf/grf.rf/gntv_or_sync_fifo.mem/gdm.dm_gen.dm/RAM_reg_0_31_0_5/RAMC/WADR0
  -------------------------------------------------------------------    -------------------

                         (clock clk_fpga_0 rise edge)
                                                      0.000     0.000 r  
    PS7_X0Y0             PS7                          0.000     0.000 r  design_1_i/processing_system7_0/inst/PS7_i/FCLKCLK[0]
                         net (fo=1, routed)           0.341     0.341    design_1_i/processing_system7_0/inst/FCLK_CLK_unbuffered[0]
    BUFGCTRL_X0Y0        BUFG (Prop_bufg_I_O)         0.029     0.370 r  design_1_i/processing_system7_0/inst/buffer_fclk_clk_0.FCLK_CLK_0_BUFG/O
                         net (fo=17534, routed)       0.835     1.205    design_1_i/ps7_0_axi_periph/m01_couplers/auto_ds/inst/gen_downsizer.gen_cascaded_downsizer.first_downsizer_inst/USE_READ.read_addr_inst/cmd_queue/inst/fifo_gen_inst/inst_fifo_gen/gconvfifo.rf/grf.rf/gntv_or_sync_fifo.mem/gdm.dm_gen.dm/RAM_reg_0_31_0_5/WCLK
    SLICE_X10Y1          RAMD32                                       r  design_1_i/ps7_0_axi_periph/m01_couplers/auto_ds/inst/gen_downsizer.gen_cascaded_downsizer.first_downsizer_inst/USE_READ.read_addr_inst/cmd_queue/inst/fifo_gen_inst/inst_fifo_gen/gconvfifo.rf/grf.rf/gntv_or_sync_fifo.mem/gdm.dm_gen.dm/RAM_reg_0_31_0_5/RAMC/CLK
                         clock pessimism             -0.284     0.921    
    SLICE_X10Y1          RAMD32 (Hold_ramd32_CLK_WADR0)
                                                      0.310     1.231    design_1_i/ps7_0_axi_periph/m01_couplers/auto_ds/inst/gen_downsizer.gen_cascaded_downsizer.first_downsizer_inst/USE_READ.read_addr_inst/cmd_queue/inst/fifo_gen_inst/inst_fifo_gen/gconvfifo.rf/grf.rf/gntv_or_sync_fifo.mem/gdm.dm_gen.dm/RAM_reg_0_31_0_5/RAMC
  -------------------------------------------------------------------
                         required time                         -1.230    
                         arrival time                           1.255    
  -------------------------------------------------------------------
                         slack                                  0.024    

Slack (MET) :             0.024ns  (arrival time - required time)
  Source:                 design_1_i/ps7_0_axi_periph/m01_couplers/auto_ds/inst/gen_downsizer.gen_cascaded_downsizer.first_downsizer_inst/USE_READ.read_addr_inst/cmd_queue/inst/fifo_gen_inst/inst_fifo_gen/gconvfifo.rf/grf.rf/gntv_or_sync_fifo.gl0.wr/wpntr/gcc0.gc0.count_d1_reg[0]/C
                            (rising edge-triggered cell FDCE clocked by clk_fpga_0  {rise@0.000ns fall@20.000ns period=40.000ns})
  Destination:            design_1_i/ps7_0_axi_periph/m01_couplers/auto_ds/inst/gen_downsizer.gen_cascaded_downsizer.first_downsizer_inst/USE_READ.read_addr_inst/cmd_queue/inst/fifo_gen_inst/inst_fifo_gen/gconvfifo.rf/grf.rf/gntv_or_sync_fifo.mem/gdm.dm_gen.dm/RAM_reg_0_31_0_5/RAMC_D1/WADR0
                            (rising edge-triggered cell RAMD32 clocked by clk_fpga_0  {rise@0.000ns fall@20.000ns period=40.000ns})
  Path Group:             clk_fpga_0
  Path Type:              Hold (Min at Fast Process Corner)
  Requirement:            0.000ns  (clk_fpga_0 rise@0.000ns - clk_fpga_0 rise@0.000ns)
  Data Path Delay:        0.347ns  (logic 0.141ns (40.599%)  route 0.206ns (59.401%))
  Logic Levels:           0  
  Clock Path Skew:        0.013ns (DCD - SCD - CPR)
    Destination Clock Delay (DCD):    1.205ns
    Source Clock Delay      (SCD):    0.908ns
    Clock Pessimism Removal (CPR):    0.284ns

    Location             Delay type                Incr(ns)  Path(ns)    Netlist Resource(s)
  -------------------------------------------------------------------    -------------------
                         (clock clk_fpga_0 rise edge)
                                                      0.000     0.000 r  
    PS7_X0Y0             PS7                          0.000     0.000 r  design_1_i/processing_system7_0/inst/PS7_i/FCLKCLK[0]
                         net (fo=1, routed)           0.315     0.315    design_1_i/processing_system7_0/inst/FCLK_CLK_unbuffered[0]
    BUFGCTRL_X0Y0        BUFG (Prop_bufg_I_O)         0.026     0.341 r  design_1_i/processing_system7_0/inst/buffer_fclk_clk_0.FCLK_CLK_0_BUFG/O
                         net (fo=17534, routed)       0.567     0.908    design_1_i/ps7_0_axi_periph/m01_couplers/auto_ds/inst/gen_downsizer.gen_cascaded_downsizer.first_downsizer_inst/USE_READ.read_addr_inst/cmd_queue/inst/fifo_gen_inst/inst_fifo_gen/gconvfifo.rf/grf.rf/gntv_or_sync_fifo.gl0.wr/wpntr/clk
    SLICE_X11Y1          FDCE                                         r  design_1_i/ps7_0_axi_periph/m01_couplers/auto_ds/inst/gen_downsizer.gen_cascaded_downsizer.first_downsizer_inst/USE_READ.read_addr_inst/cmd_queue/inst/fifo_gen_inst/inst_fifo_gen/gconvfifo.rf/grf.rf/gntv_or_sync_fifo.gl0.wr/wpntr/gcc0.gc0.count_d1_reg[0]/C
  -------------------------------------------------------------------    -------------------
    SLICE_X11Y1          FDCE (Prop_fdce_C_Q)         0.141     1.049 r  design_1_i/ps7_0_axi_periph/m01_couplers/auto_ds/inst/gen_downsizer.gen_cascaded_downsizer.first_downsizer_inst/USE_READ.read_addr_inst/cmd_queue/inst/fifo_gen_inst/inst_fifo_gen/gconvfifo.rf/grf.rf/gntv_or_sync_fifo.gl0.wr/wpntr/gcc0.gc0.count_d1_reg[0]/Q
                         net (fo=42, routed)          0.206     1.255    design_1_i/ps7_0_axi_periph/m01_couplers/auto_ds/inst/gen_downsizer.gen_cascaded_downsizer.first_downsizer_inst/USE_READ.read_addr_inst/cmd_queue/inst/fifo_gen_inst/inst_fifo_gen/gconvfifo.rf/grf.rf/gntv_or_sync_fifo.mem/gdm.dm_gen.dm/RAM_reg_0_31_0_5/ADDRD0
    SLICE_X10Y1          RAMD32                                       r  design_1_i/ps7_0_axi_periph/m01_couplers/auto_ds/inst/gen_downsizer.gen_cascaded_downsizer.first_downsizer_inst/USE_READ.read_addr_inst/cmd_queue/inst/fifo_gen_inst/inst_fifo_gen/gconvfifo.rf/grf.rf/gntv_or_sync_fifo.mem/gdm.dm_gen.dm/RAM_reg_0_31_0_5/RAMC_D1/WADR0
  -------------------------------------------------------------------    -------------------

                         (clock clk_fpga_0 rise edge)
                                                      0.000     0.000 r  
    PS7_X0Y0             PS7                          0.000     0.000 r  design_1_i/processing_system7_0/inst/PS7_i/FCLKCLK[0]
                         net (fo=1, routed)           0.341     0.341    design_1_i/processing_system7_0/inst/FCLK_CLK_unbuffered[0]
    BUFGCTRL_X0Y0        BUFG (Prop_bufg_I_O)         0.029     0.370 r  design_1_i/processing_system7_0/inst/buffer_fclk_clk_0.FCLK_CLK_0_BUFG/O
                         net (fo=17534, routed)       0.835     1.205    design_1_i/ps7_0_axi_periph/m01_couplers/auto_ds/inst/gen_downsizer.gen_cascaded_downsizer.first_downsizer_inst/USE_READ.read_addr_inst/cmd_queue/inst/fifo_gen_inst/inst_fifo_gen/gconvfifo.rf/grf.rf/gntv_or_sync_fifo.mem/gdm.dm_gen.dm/RAM_reg_0_31_0_5/WCLK
    SLICE_X10Y1          RAMD32                                       r  design_1_i/ps7_0_axi_periph/m01_couplers/auto_ds/inst/gen_downsizer.gen_cascaded_downsizer.first_downsizer_inst/USE_READ.read_addr_inst/cmd_queue/inst/fifo_gen_inst/inst_fifo_gen/gconvfifo.rf/grf.rf/gntv_or_sync_fifo.mem/gdm.dm_gen.dm/RAM_reg_0_31_0_5/RAMC_D1/CLK
                         clock pessimism             -0.284     0.921    
    SLICE_X10Y1          RAMD32 (Hold_ramd32_CLK_WADR0)
                                                      0.310     1.231    design_1_i/ps7_0_axi_periph/m01_couplers/auto_ds/inst/gen_downsizer.gen_cascaded_downsizer.first_downsizer_inst/USE_READ.read_addr_inst/cmd_queue/inst/fifo_gen_inst/inst_fifo_gen/gconvfifo.rf/grf.rf/gntv_or_sync_fifo.mem/gdm.dm_gen.dm/RAM_reg_0_31_0_5/RAMC_D1
  -------------------------------------------------------------------
                         required time                         -1.230    
                         arrival time                           1.255    
  -------------------------------------------------------------------
                         slack                                  0.024    

Slack (MET) :             0.024ns  (arrival time - required time)
  Source:                 design_1_i/ps7_0_axi_periph/m01_couplers/auto_ds/inst/gen_downsizer.gen_cascaded_downsizer.first_downsizer_inst/USE_READ.read_addr_inst/cmd_queue/inst/fifo_gen_inst/inst_fifo_gen/gconvfifo.rf/grf.rf/gntv_or_sync_fifo.gl0.wr/wpntr/gcc0.gc0.count_d1_reg[0]/C
                            (rising edge-triggered cell FDCE clocked by clk_fpga_0  {rise@0.000ns fall@20.000ns period=40.000ns})
  Destination:            design_1_i/ps7_0_axi_periph/m01_couplers/auto_ds/inst/gen_downsizer.gen_cascaded_downsizer.first_downsizer_inst/USE_READ.read_addr_inst/cmd_queue/inst/fifo_gen_inst/inst_fifo_gen/gconvfifo.rf/grf.rf/gntv_or_sync_fifo.mem/gdm.dm_gen.dm/RAM_reg_0_31_0_5/RAMD/ADR0
                            (rising edge-triggered cell RAMS32 clocked by clk_fpga_0  {rise@0.000ns fall@20.000ns period=40.000ns})
  Path Group:             clk_fpga_0
  Path Type:              Hold (Min at Fast Process Corner)
  Requirement:            0.000ns  (clk_fpga_0 rise@0.000ns - clk_fpga_0 rise@0.000ns)
  Data Path Delay:        0.347ns  (logic 0.141ns (40.599%)  route 0.206ns (59.401%))
  Logic Levels:           0  
  Clock Path Skew:        0.013ns (DCD - SCD - CPR)
    Destination Clock Delay (DCD):    1.205ns
    Source Clock Delay      (SCD):    0.908ns
    Clock Pessimism Removal (CPR):    0.284ns

    Location             Delay type                Incr(ns)  Path(ns)    Netlist Resource(s)
  -------------------------------------------------------------------    -------------------
                         (clock clk_fpga_0 rise edge)
                                                      0.000     0.000 r  
    PS7_X0Y0             PS7                          0.000     0.000 r  design_1_i/processing_system7_0/inst/PS7_i/FCLKCLK[0]
                         net (fo=1, routed)           0.315     0.315    design_1_i/processing_system7_0/inst/FCLK_CLK_unbuffered[0]
    BUFGCTRL_X0Y0        BUFG (Prop_bufg_I_O)         0.026     0.341 r  design_1_i/processing_system7_0/inst/buffer_fclk_clk_0.FCLK_CLK_0_BUFG/O
                         net (fo=17534, routed)       0.567     0.908    design_1_i/ps7_0_axi_periph/m01_couplers/auto_ds/inst/gen_downsizer.gen_cascaded_downsizer.first_downsizer_inst/USE_READ.read_addr_inst/cmd_queue/inst/fifo_gen_inst/inst_fifo_gen/gconvfifo.rf/grf.rf/gntv_or_sync_fifo.gl0.wr/wpntr/clk
    SLICE_X11Y1          FDCE                                         r  design_1_i/ps7_0_axi_periph/m01_couplers/auto_ds/inst/gen_downsizer.gen_cascaded_downsizer.first_downsizer_inst/USE_READ.read_addr_inst/cmd_queue/inst/fifo_gen_inst/inst_fifo_gen/gconvfifo.rf/grf.rf/gntv_or_sync_fifo.gl0.wr/wpntr/gcc0.gc0.count_d1_reg[0]/C
  -------------------------------------------------------------------    -------------------
    SLICE_X11Y1          FDCE (Prop_fdce_C_Q)         0.141     1.049 r  design_1_i/ps7_0_axi_periph/m01_couplers/auto_ds/inst/gen_downsizer.gen_cascaded_downsizer.first_downsizer_inst/USE_READ.read_addr_inst/cmd_queue/inst/fifo_gen_inst/inst_fifo_gen/gconvfifo.rf/grf.rf/gntv_or_sync_fifo.gl0.wr/wpntr/gcc0.gc0.count_d1_reg[0]/Q
                         net (fo=42, routed)          0.206     1.255    design_1_i/ps7_0_axi_periph/m01_couplers/auto_ds/inst/gen_downsizer.gen_cascaded_downsizer.first_downsizer_inst/USE_READ.read_addr_inst/cmd_queue/inst/fifo_gen_inst/inst_fifo_gen/gconvfifo.rf/grf.rf/gntv_or_sync_fifo.mem/gdm.dm_gen.dm/RAM_reg_0_31_0_5/ADDRD0
    SLICE_X10Y1          RAMS32                                       r  design_1_i/ps7_0_axi_periph/m01_couplers/auto_ds/inst/gen_downsizer.gen_cascaded_downsizer.first_downsizer_inst/USE_READ.read_addr_inst/cmd_queue/inst/fifo_gen_inst/inst_fifo_gen/gconvfifo.rf/grf.rf/gntv_or_sync_fifo.mem/gdm.dm_gen.dm/RAM_reg_0_31_0_5/RAMD/ADR0
  -------------------------------------------------------------------    -------------------

                         (clock clk_fpga_0 rise edge)
                                                      0.000     0.000 r  
    PS7_X0Y0             PS7                          0.000     0.000 r  design_1_i/processing_system7_0/inst/PS7_i/FCLKCLK[0]
                         net (fo=1, routed)           0.341     0.341    design_1_i/processing_system7_0/inst/FCLK_CLK_unbuffered[0]
    BUFGCTRL_X0Y0        BUFG (Prop_bufg_I_O)         0.029     0.370 r  design_1_i/processing_system7_0/inst/buffer_fclk_clk_0.FCLK_CLK_0_BUFG/O
                         net (fo=17534, routed)       0.835     1.205    design_1_i/ps7_0_axi_periph/m01_couplers/auto_ds/inst/gen_downsizer.gen_cascaded_downsizer.first_downsizer_inst/USE_READ.read_addr_inst/cmd_queue/inst/fifo_gen_inst/inst_fifo_gen/gconvfifo.rf/grf.rf/gntv_or_sync_fifo.mem/gdm.dm_gen.dm/RAM_reg_0_31_0_5/WCLK
    SLICE_X10Y1          RAMS32                                       r  design_1_i/ps7_0_axi_periph/m01_couplers/auto_ds/inst/gen_downsizer.gen_cascaded_downsizer.first_downsizer_inst/USE_READ.read_addr_inst/cmd_queue/inst/fifo_gen_inst/inst_fifo_gen/gconvfifo.rf/grf.rf/gntv_or_sync_fifo.mem/gdm.dm_gen.dm/RAM_reg_0_31_0_5/RAMD/CLK
                         clock pessimism             -0.284     0.921    
    SLICE_X10Y1          RAMS32 (Hold_rams32_CLK_ADR0)
                                                      0.310     1.231    design_1_i/ps7_0_axi_periph/m01_couplers/auto_ds/inst/gen_downsizer.gen_cascaded_downsizer.first_downsizer_inst/USE_READ.read_addr_inst/cmd_queue/inst/fifo_gen_inst/inst_fifo_gen/gconvfifo.rf/grf.rf/gntv_or_sync_fifo.mem/gdm.dm_gen.dm/RAM_reg_0_31_0_5/RAMD
  -------------------------------------------------------------------
                         required time                         -1.230    
                         arrival time                           1.255    
  -------------------------------------------------------------------
                         slack                                  0.024    

Slack (MET) :             0.024ns  (arrival time - required time)
  Source:                 design_1_i/ps7_0_axi_periph/m01_couplers/auto_ds/inst/gen_downsizer.gen_cascaded_downsizer.first_downsizer_inst/USE_READ.read_addr_inst/cmd_queue/inst/fifo_gen_inst/inst_fifo_gen/gconvfifo.rf/grf.rf/gntv_or_sync_fifo.gl0.wr/wpntr/gcc0.gc0.count_d1_reg[0]/C
                            (rising edge-triggered cell FDCE clocked by clk_fpga_0  {rise@0.000ns fall@20.000ns period=40.000ns})
  Destination:            design_1_i/ps7_0_axi_periph/m01_couplers/auto_ds/inst/gen_downsizer.gen_cascaded_downsizer.first_downsizer_inst/USE_READ.read_addr_inst/cmd_queue/inst/fifo_gen_inst/inst_fifo_gen/gconvfifo.rf/grf.rf/gntv_or_sync_fifo.mem/gdm.dm_gen.dm/RAM_reg_0_31_0_5/RAMD_D1/ADR0
                            (rising edge-triggered cell RAMS32 clocked by clk_fpga_0  {rise@0.000ns fall@20.000ns period=40.000ns})
  Path Group:             clk_fpga_0
  Path Type:              Hold (Min at Fast Process Corner)
  Requirement:            0.000ns  (clk_fpga_0 rise@0.000ns - clk_fpga_0 rise@0.000ns)
  Data Path Delay:        0.347ns  (logic 0.141ns (40.599%)  route 0.206ns (59.401%))
  Logic Levels:           0  
  Clock Path Skew:        0.013ns (DCD - SCD - CPR)
    Destination Clock Delay (DCD):    1.205ns
    Source Clock Delay      (SCD):    0.908ns
    Clock Pessimism Removal (CPR):    0.284ns

    Location             Delay type                Incr(ns)  Path(ns)    Netlist Resource(s)
  -------------------------------------------------------------------    -------------------
                         (clock clk_fpga_0 rise edge)
                                                      0.000     0.000 r  
    PS7_X0Y0             PS7                          0.000     0.000 r  design_1_i/processing_system7_0/inst/PS7_i/FCLKCLK[0]
                         net (fo=1, routed)           0.315     0.315    design_1_i/processing_system7_0/inst/FCLK_CLK_unbuffered[0]
    BUFGCTRL_X0Y0        BUFG (Prop_bufg_I_O)         0.026     0.341 r  design_1_i/processing_system7_0/inst/buffer_fclk_clk_0.FCLK_CLK_0_BUFG/O
                         net (fo=17534, routed)       0.567     0.908    design_1_i/ps7_0_axi_periph/m01_couplers/auto_ds/inst/gen_downsizer.gen_cascaded_downsizer.first_downsizer_inst/USE_READ.read_addr_inst/cmd_queue/inst/fifo_gen_inst/inst_fifo_gen/gconvfifo.rf/grf.rf/gntv_or_sync_fifo.gl0.wr/wpntr/clk
    SLICE_X11Y1          FDCE                                         r  design_1_i/ps7_0_axi_periph/m01_couplers/auto_ds/inst/gen_downsizer.gen_cascaded_downsizer.first_downsizer_inst/USE_READ.read_addr_inst/cmd_queue/inst/fifo_gen_inst/inst_fifo_gen/gconvfifo.rf/grf.rf/gntv_or_sync_fifo.gl0.wr/wpntr/gcc0.gc0.count_d1_reg[0]/C
  -------------------------------------------------------------------    -------------------
    SLICE_X11Y1          FDCE (Prop_fdce_C_Q)         0.141     1.049 r  design_1_i/ps7_0_axi_periph/m01_couplers/auto_ds/inst/gen_downsizer.gen_cascaded_downsizer.first_downsizer_inst/USE_READ.read_addr_inst/cmd_queue/inst/fifo_gen_inst/inst_fifo_gen/gconvfifo.rf/grf.rf/gntv_or_sync_fifo.gl0.wr/wpntr/gcc0.gc0.count_d1_reg[0]/Q
                         net (fo=42, routed)          0.206     1.255    design_1_i/ps7_0_axi_periph/m01_couplers/auto_ds/inst/gen_downsizer.gen_cascaded_downsizer.first_downsizer_inst/USE_READ.read_addr_inst/cmd_queue/inst/fifo_gen_inst/inst_fifo_gen/gconvfifo.rf/grf.rf/gntv_or_sync_fifo.mem/gdm.dm_gen.dm/RAM_reg_0_31_0_5/ADDRD0
    SLICE_X10Y1          RAMS32                                       r  design_1_i/ps7_0_axi_periph/m01_couplers/auto_ds/inst/gen_downsizer.gen_cascaded_downsizer.first_downsizer_inst/USE_READ.read_addr_inst/cmd_queue/inst/fifo_gen_inst/inst_fifo_gen/gconvfifo.rf/grf.rf/gntv_or_sync_fifo.mem/gdm.dm_gen.dm/RAM_reg_0_31_0_5/RAMD_D1/ADR0
  -------------------------------------------------------------------    -------------------

                         (clock clk_fpga_0 rise edge)
                                                      0.000     0.000 r  
    PS7_X0Y0             PS7                          0.000     0.000 r  design_1_i/processing_system7_0/inst/PS7_i/FCLKCLK[0]
                         net (fo=1, routed)           0.341     0.341    design_1_i/processing_system7_0/inst/FCLK_CLK_unbuffered[0]
    BUFGCTRL_X0Y0        BUFG (Prop_bufg_I_O)         0.029     0.370 r  design_1_i/processing_system7_0/inst/buffer_fclk_clk_0.FCLK_CLK_0_BUFG/O
                         net (fo=17534, routed)       0.835     1.205    design_1_i/ps7_0_axi_periph/m01_couplers/auto_ds/inst/gen_downsizer.gen_cascaded_downsizer.first_downsizer_inst/USE_READ.read_addr_inst/cmd_queue/inst/fifo_gen_inst/inst_fifo_gen/gconvfifo.rf/grf.rf/gntv_or_sync_fifo.mem/gdm.dm_gen.dm/RAM_reg_0_31_0_5/WCLK
    SLICE_X10Y1          RAMS32                                       r  design_1_i/ps7_0_axi_periph/m01_couplers/auto_ds/inst/gen_downsizer.gen_cascaded_downsizer.first_downsizer_inst/USE_READ.read_addr_inst/cmd_queue/inst/fifo_gen_inst/inst_fifo_gen/gconvfifo.rf/grf.rf/gntv_or_sync_fifo.mem/gdm.dm_gen.dm/RAM_reg_0_31_0_5/RAMD_D1/CLK
                         clock pessimism             -0.284     0.921    
    SLICE_X10Y1          RAMS32 (Hold_rams32_CLK_ADR0)
                                                      0.310     1.231    design_1_i/ps7_0_axi_periph/m01_couplers/auto_ds/inst/gen_downsizer.gen_cascaded_downsizer.first_downsizer_inst/USE_READ.read_addr_inst/cmd_queue/inst/fifo_gen_inst/inst_fifo_gen/gconvfifo.rf/grf.rf/gntv_or_sync_fifo.mem/gdm.dm_gen.dm/RAM_reg_0_31_0_5/RAMD_D1
  -------------------------------------------------------------------
                         required time                         -1.230    
                         arrival time                           1.255    
  -------------------------------------------------------------------
                         slack                                  0.024    

Slack (MET) :             0.027ns  (arrival time - required time)
  Source:                 design_1_i/ps7_0_axi_periph/m00_couplers/auto_ds/inst/gen_downsizer.gen_simple_downsizer.axi_downsizer_inst/USE_READ.read_addr_inst/cmd_queue/inst/fifo_gen_inst/inst_fifo_gen/gconvfifo.rf/grf.rf/gntv_or_sync_fifo.gl0.rd/rpntr/gc0.count_d1_reg[2]/C
                            (rising edge-triggered cell FDCE clocked by clk_fpga_0  {rise@0.000ns fall@20.000ns period=40.000ns})
  Destination:            design_1_i/ps7_0_axi_periph/m00_couplers/auto_ds/inst/gen_downsizer.gen_simple_downsizer.axi_downsizer_inst/USE_READ.read_addr_inst/cmd_queue/inst/fifo_gen_inst/inst_fifo_gen/gconvfifo.rf/grf.rf/gntv_or_sync_fifo.mem/gdm.dm_gen.dm/gpr1.dout_i_reg[22]/D
                            (rising edge-triggered cell FDRE clocked by clk_fpga_0  {rise@0.000ns fall@20.000ns period=40.000ns})
  Path Group:             clk_fpga_0
  Path Type:              Hold (Min at Fast Process Corner)
  Requirement:            0.000ns  (clk_fpga_0 rise@0.000ns - clk_fpga_0 rise@0.000ns)
  Data Path Delay:        0.423ns  (logic 0.184ns (43.456%)  route 0.239ns (56.544%))
  Logic Levels:           1  (RAMD32=1)
  Clock Path Skew:        0.265ns (DCD - SCD - CPR)
    Destination Clock Delay (DCD):    1.201ns
    Source Clock Delay      (SCD):    0.902ns
    Clock Pessimism Removal (CPR):    0.034ns

    Location             Delay type                Incr(ns)  Path(ns)    Netlist Resource(s)
  -------------------------------------------------------------------    -------------------
                         (clock clk_fpga_0 rise edge)
                                                      0.000     0.000 r  
    PS7_X0Y0             PS7                          0.000     0.000 r  design_1_i/processing_system7_0/inst/PS7_i/FCLKCLK[0]
                         net (fo=1, routed)           0.315     0.315    design_1_i/processing_system7_0/inst/FCLK_CLK_unbuffered[0]
    BUFGCTRL_X0Y0        BUFG (Prop_bufg_I_O)         0.026     0.341 r  design_1_i/processing_system7_0/inst/buffer_fclk_clk_0.FCLK_CLK_0_BUFG/O
                         net (fo=17534, routed)       0.561     0.902    design_1_i/ps7_0_axi_periph/m00_couplers/auto_ds/inst/gen_downsizer.gen_simple_downsizer.axi_downsizer_inst/USE_READ.read_addr_inst/cmd_queue/inst/fifo_gen_inst/inst_fifo_gen/gconvfifo.rf/grf.rf/gntv_or_sync_fifo.gl0.rd/rpntr/clk
    SLICE_X22Y1          FDCE                                         r  design_1_i/ps7_0_axi_periph/m00_couplers/auto_ds/inst/gen_downsizer.gen_simple_downsizer.axi_downsizer_inst/USE_READ.read_addr_inst/cmd_queue/inst/fifo_gen_inst/inst_fifo_gen/gconvfifo.rf/grf.rf/gntv_or_sync_fifo.gl0.rd/rpntr/gc0.count_d1_reg[2]/C
  -------------------------------------------------------------------    -------------------
    SLICE_X22Y1          FDCE (Prop_fdce_C_Q)         0.141     1.043 r  design_1_i/ps7_0_axi_periph/m00_couplers/auto_ds/inst/gen_downsizer.gen_simple_downsizer.axi_downsizer_inst/USE_READ.read_addr_inst/cmd_queue/inst/fifo_gen_inst/inst_fifo_gen/gconvfifo.rf/grf.rf/gntv_or_sync_fifo.gl0.rd/rpntr/gc0.count_d1_reg[2]/Q
                         net (fo=32, routed)          0.239     1.282    design_1_i/ps7_0_axi_periph/m00_couplers/auto_ds/inst/gen_downsizer.gen_simple_downsizer.axi_downsizer_inst/USE_READ.read_addr_inst/cmd_queue/inst/fifo_gen_inst/inst_fifo_gen/gconvfifo.rf/grf.rf/gntv_or_sync_fifo.mem/gdm.dm_gen.dm/RAM_reg_0_31_18_23/ADDRC2
    SLICE_X20Y1          RAMD32 (Prop_ramd32_RADR2_O)
                                                      0.043     1.325 r  design_1_i/ps7_0_axi_periph/m00_couplers/auto_ds/inst/gen_downsizer.gen_simple_downsizer.axi_downsizer_inst/USE_READ.read_addr_inst/cmd_queue/inst/fifo_gen_inst/inst_fifo_gen/gconvfifo.rf/grf.rf/gntv_or_sync_fifo.mem/gdm.dm_gen.dm/RAM_reg_0_31_18_23/RAMC/O
                         net (fo=1, routed)           0.000     1.325    design_1_i/ps7_0_axi_periph/m00_couplers/auto_ds/inst/gen_downsizer.gen_simple_downsizer.axi_downsizer_inst/USE_READ.read_addr_inst/cmd_queue/inst/fifo_gen_inst/inst_fifo_gen/gconvfifo.rf/grf.rf/gntv_or_sync_fifo.mem/gdm.dm_gen.dm/dout_i0[22]
    SLICE_X20Y1          FDRE                                         r  design_1_i/ps7_0_axi_periph/m00_couplers/auto_ds/inst/gen_downsizer.gen_simple_downsizer.axi_downsizer_inst/USE_READ.read_addr_inst/cmd_queue/inst/fifo_gen_inst/inst_fifo_gen/gconvfifo.rf/grf.rf/gntv_or_sync_fifo.mem/gdm.dm_gen.dm/gpr1.dout_i_reg[22]/D
  -------------------------------------------------------------------    -------------------

                         (clock clk_fpga_0 rise edge)
                                                      0.000     0.000 r  
    PS7_X0Y0             PS7                          0.000     0.000 r  design_1_i/processing_system7_0/inst/PS7_i/FCLKCLK[0]
                         net (fo=1, routed)           0.341     0.341    design_1_i/processing_system7_0/inst/FCLK_CLK_unbuffered[0]
    BUFGCTRL_X0Y0        BUFG (Prop_bufg_I_O)         0.029     0.370 r  design_1_i/processing_system7_0/inst/buffer_fclk_clk_0.FCLK_CLK_0_BUFG/O
                         net (fo=17534, routed)       0.831     1.201    design_1_i/ps7_0_axi_periph/m00_couplers/auto_ds/inst/gen_downsizer.gen_simple_downsizer.axi_downsizer_inst/USE_READ.read_addr_inst/cmd_queue/inst/fifo_gen_inst/inst_fifo_gen/gconvfifo.rf/grf.rf/gntv_or_sync_fifo.mem/gdm.dm_gen.dm/clk
    SLICE_X20Y1          FDRE                                         r  design_1_i/ps7_0_axi_periph/m00_couplers/auto_ds/inst/gen_downsizer.gen_simple_downsizer.axi_downsizer_inst/USE_READ.read_addr_inst/cmd_queue/inst/fifo_gen_inst/inst_fifo_gen/gconvfifo.rf/grf.rf/gntv_or_sync_fifo.mem/gdm.dm_gen.dm/gpr1.dout_i_reg[22]/C
                         clock pessimism             -0.034     1.167    
    SLICE_X20Y1          FDRE (Hold_fdre_C_D)         0.131     1.298    design_1_i/ps7_0_axi_periph/m00_couplers/auto_ds/inst/gen_downsizer.gen_simple_downsizer.axi_downsizer_inst/USE_READ.read_addr_inst/cmd_queue/inst/fifo_gen_inst/inst_fifo_gen/gconvfifo.rf/grf.rf/gntv_or_sync_fifo.mem/gdm.dm_gen.dm/gpr1.dout_i_reg[22]
  -------------------------------------------------------------------
                         required time                         -1.298    
                         arrival time                           1.325    
  -------------------------------------------------------------------
                         slack                                  0.027    

Slack (MET) :             0.036ns  (arrival time - required time)
  Source:                 design_1_i/ps7_0_axi_periph/m00_couplers/auto_pc/inst/gen_axilite.gen_b2s_conv.axilite_b2s/SI_REG/ar.ar_pipe/skid_buffer_reg[78]/C
                            (rising edge-triggered cell FDRE clocked by clk_fpga_0  {rise@0.000ns fall@20.000ns period=40.000ns})
  Destination:            design_1_i/ps7_0_axi_periph/m00_couplers/auto_pc/inst/gen_axilite.gen_b2s_conv.axilite_b2s/SI_REG/ar.ar_pipe/m_payload_i_reg[78]/D
                            (rising edge-triggered cell FDRE clocked by clk_fpga_0  {rise@0.000ns fall@20.000ns period=40.000ns})
  Path Group:             clk_fpga_0
  Path Type:              Hold (Min at Fast Process Corner)
  Requirement:            0.000ns  (clk_fpga_0 rise@0.000ns - clk_fpga_0 rise@0.000ns)
  Data Path Delay:        0.388ns  (logic 0.186ns (47.897%)  route 0.202ns (52.103%))
  Logic Levels:           1  (LUT3=1)
  Clock Path Skew:        0.260ns (DCD - SCD - CPR)
    Destination Clock Delay (DCD):    1.198ns
    Source Clock Delay      (SCD):    0.904ns
    Clock Pessimism Removal (CPR):    0.034ns

    Location             Delay type                Incr(ns)  Path(ns)    Netlist Resource(s)
  -------------------------------------------------------------------    -------------------
                         (clock clk_fpga_0 rise edge)
                                                      0.000     0.000 r  
    PS7_X0Y0             PS7                          0.000     0.000 r  design_1_i/processing_system7_0/inst/PS7_i/FCLKCLK[0]
                         net (fo=1, routed)           0.315     0.315    design_1_i/processing_system7_0/inst/FCLK_CLK_unbuffered[0]
    BUFGCTRL_X0Y0        BUFG (Prop_bufg_I_O)         0.026     0.341 r  design_1_i/processing_system7_0/inst/buffer_fclk_clk_0.FCLK_CLK_0_BUFG/O
                         net (fo=17534, routed)       0.563     0.904    design_1_i/ps7_0_axi_periph/m00_couplers/auto_pc/inst/gen_axilite.gen_b2s_conv.axilite_b2s/SI_REG/ar.ar_pipe/aclk
    SLICE_X18Y4          FDRE                                         r  design_1_i/ps7_0_axi_periph/m00_couplers/auto_pc/inst/gen_axilite.gen_b2s_conv.axilite_b2s/SI_REG/ar.ar_pipe/skid_buffer_reg[78]/C
  -------------------------------------------------------------------    -------------------
    SLICE_X18Y4          FDRE (Prop_fdre_C_Q)         0.141     1.044 r  design_1_i/ps7_0_axi_periph/m00_couplers/auto_pc/inst/gen_axilite.gen_b2s_conv.axilite_b2s/SI_REG/ar.ar_pipe/skid_buffer_reg[78]/Q
                         net (fo=1, routed)           0.202     1.247    design_1_i/ps7_0_axi_periph/m00_couplers/auto_pc/inst/gen_axilite.gen_b2s_conv.axilite_b2s/SI_REG/ar.ar_pipe/skid_buffer_reg_n_0_[78]
    SLICE_X23Y4          LUT3 (Prop_lut3_I2_O)        0.045     1.292 r  design_1_i/ps7_0_axi_periph/m00_couplers/auto_pc/inst/gen_axilite.gen_b2s_conv.axilite_b2s/SI_REG/ar.ar_pipe/m_payload_i[78]_i_1__0/O
                         net (fo=1, routed)           0.000     1.292    design_1_i/ps7_0_axi_periph/m00_couplers/auto_pc/inst/gen_axilite.gen_b2s_conv.axilite_b2s/SI_REG/ar.ar_pipe/m_payload_i[78]_i_1__0_n_0
    SLICE_X23Y4          FDRE                                         r  design_1_i/ps7_0_axi_periph/m00_couplers/auto_pc/inst/gen_axilite.gen_b2s_conv.axilite_b2s/SI_REG/ar.ar_pipe/m_payload_i_reg[78]/D
  -------------------------------------------------------------------    -------------------

                         (clock clk_fpga_0 rise edge)
                                                      0.000     0.000 r  
    PS7_X0Y0             PS7                          0.000     0.000 r  design_1_i/processing_system7_0/inst/PS7_i/FCLKCLK[0]
                         net (fo=1, routed)           0.341     0.341    design_1_i/processing_system7_0/inst/FCLK_CLK_unbuffered[0]
    BUFGCTRL_X0Y0        BUFG (Prop_bufg_I_O)         0.029     0.370 r  design_1_i/processing_system7_0/inst/buffer_fclk_clk_0.FCLK_CLK_0_BUFG/O
                         net (fo=17534, routed)       0.828     1.198    design_1_i/ps7_0_axi_periph/m00_couplers/auto_pc/inst/gen_axilite.gen_b2s_conv.axilite_b2s/SI_REG/ar.ar_pipe/aclk
    SLICE_X23Y4          FDRE                                         r  design_1_i/ps7_0_axi_periph/m00_couplers/auto_pc/inst/gen_axilite.gen_b2s_conv.axilite_b2s/SI_REG/ar.ar_pipe/m_payload_i_reg[78]/C
                         clock pessimism             -0.034     1.164    
    SLICE_X23Y4          FDRE (Hold_fdre_C_D)         0.092     1.256    design_1_i/ps7_0_axi_periph/m00_couplers/auto_pc/inst/gen_axilite.gen_b2s_conv.axilite_b2s/SI_REG/ar.ar_pipe/m_payload_i_reg[78]
  -------------------------------------------------------------------
                         required time                         -1.256    
                         arrival time                           1.292    
  -------------------------------------------------------------------
                         slack                                  0.036    





Pulse Width Checks
--------------------------------------------------------------------------------------
Clock Name:         clk_fpga_0
Waveform(ns):       { 0.000 20.000 }
Period(ns):         40.000
Sources:            { design_1_i/processing_system7_0/inst/PS7_i/FCLKCLK[0] }

Check Type        Corner  Lib Pin             Reference Pin  Required(ns)  Actual(ns)  Slack(ns)  Location      Pin
Min Period        n/a     RAMB36E1/CLKARDCLK  n/a            2.944         40.000      37.056     RAMB36_X2Y4   design_1_i/DMA24bUnit_mm2s_0/U0/grp_DMA24b_mm2s_fu_78/mm_fifo_U/U_DMA24bUnit_mm2s_fifo_w128_d256_A_ram/mem_reg_0/CLKARDCLK
Min Period        n/a     RAMB36E1/CLKBWRCLK  n/a            2.944         40.000      37.056     RAMB36_X2Y4   design_1_i/DMA24bUnit_mm2s_0/U0/grp_DMA24b_mm2s_fu_78/mm_fifo_U/U_DMA24bUnit_mm2s_fifo_w128_d256_A_ram/mem_reg_0/CLKBWRCLK
Min Period        n/a     RAMB36E1/CLKARDCLK  n/a            2.944         40.000      37.056     RAMB36_X2Y5   design_1_i/DMA24bUnit_mm2s_0/U0/grp_DMA24b_mm2s_fu_78/mm_fifo_U/U_DMA24bUnit_mm2s_fifo_w128_d256_A_ram/mem_reg_1/CLKARDCLK
Min Period        n/a     RAMB36E1/CLKBWRCLK  n/a            2.944         40.000      37.056     RAMB36_X2Y5   design_1_i/DMA24bUnit_mm2s_0/U0/grp_DMA24b_mm2s_fu_78/mm_fifo_U/U_DMA24bUnit_mm2s_fifo_w128_d256_A_ram/mem_reg_1/CLKBWRCLK
Min Period        n/a     RAMB36E1/CLKARDCLK  n/a            2.944         40.000      37.056     RAMB36_X1Y2   design_1_i/DMA24bUnit_mm2s_0/U0/gmem_m_axi_U/bus_read/fifo_rdata/mem_reg_0/CLKARDCLK
Min Period        n/a     RAMB36E1/CLKARDCLK  n/a            2.944         40.000      37.056     RAMB36_X2Y2   design_1_i/DMA24bUnit_mm2s_0/U0/gmem_m_axi_U/bus_read/fifo_rdata/mem_reg_1/CLKARDCLK
Min Period        n/a     RAMB36E1/CLKARDCLK  n/a            2.944         40.000      37.056     RAMB36_X2Y1   design_1_i/DMA24bUnit_mm2s_0/U0/gmem_m_axi_U/bus_read/fifo_rdata/mem_reg_2/CLKARDCLK
Min Period        n/a     RAMB36E1/CLKARDCLK  n/a            2.944         40.000      37.056     RAMB36_X1Y1   design_1_i/DMA24bUnit_mm2s_0/U0/gmem_m_axi_U/bus_read/fifo_rdata/mem_reg_3/CLKARDCLK
Min Period        n/a     RAMB36E1/CLKBWRCLK  n/a            2.576         40.000      37.424     RAMB36_X1Y2   design_1_i/DMA24bUnit_mm2s_0/U0/gmem_m_axi_U/bus_read/fifo_rdata/mem_reg_0/CLKBWRCLK
Min Period        n/a     RAMB36E1/CLKBWRCLK  n/a            2.576         40.000      37.424     RAMB36_X2Y2   design_1_i/DMA24bUnit_mm2s_0/U0/gmem_m_axi_U/bus_read/fifo_rdata/mem_reg_1/CLKBWRCLK
Low Pulse Width   Slow    RAMD32/CLK          n/a            1.250         20.000      18.750     SLICE_X10Y30  design_1_i/ps7_0_axi_periph/m00_couplers/auto_ds/inst/gen_downsizer.gen_simple_downsizer.axi_downsizer_inst/USE_WRITE.write_addr_inst/cmd_queue/inst/fifo_gen_inst/inst_fifo_gen/gconvfifo.rf/grf.rf/gntv_or_sync_fifo.mem/gdm.dm_gen.dm/RAM_reg_0_31_18_23/RAMA/CLK
Low Pulse Width   Slow    RAMD32/CLK          n/a            1.250         20.000      18.750     SLICE_X10Y30  design_1_i/ps7_0_axi_periph/m00_couplers/auto_ds/inst/gen_downsizer.gen_simple_downsizer.axi_downsizer_inst/USE_WRITE.write_addr_inst/cmd_queue/inst/fifo_gen_inst/inst_fifo_gen/gconvfifo.rf/grf.rf/gntv_or_sync_fifo.mem/gdm.dm_gen.dm/RAM_reg_0_31_18_23/RAMA_D1/CLK
Low Pulse Width   Slow    RAMD32/CLK          n/a            1.250         20.000      18.750     SLICE_X10Y30  design_1_i/ps7_0_axi_periph/m00_couplers/auto_ds/inst/gen_downsizer.gen_simple_downsizer.axi_downsizer_inst/USE_WRITE.write_addr_inst/cmd_queue/inst/fifo_gen_inst/inst_fifo_gen/gconvfifo.rf/grf.rf/gntv_or_sync_fifo.mem/gdm.dm_gen.dm/RAM_reg_0_31_18_23/RAMB/CLK
Low Pulse Width   Slow    RAMD32/CLK          n/a            1.250         20.000      18.750     SLICE_X10Y30  design_1_i/ps7_0_axi_periph/m00_couplers/auto_ds/inst/gen_downsizer.gen_simple_downsizer.axi_downsizer_inst/USE_WRITE.write_addr_inst/cmd_queue/inst/fifo_gen_inst/inst_fifo_gen/gconvfifo.rf/grf.rf/gntv_or_sync_fifo.mem/gdm.dm_gen.dm/RAM_reg_0_31_18_23/RAMB_D1/CLK
Low Pulse Width   Slow    RAMD32/CLK          n/a            1.250         20.000      18.750     SLICE_X10Y30  design_1_i/ps7_0_axi_periph/m00_couplers/auto_ds/inst/gen_downsizer.gen_simple_downsizer.axi_downsizer_inst/USE_WRITE.write_addr_inst/cmd_queue/inst/fifo_gen_inst/inst_fifo_gen/gconvfifo.rf/grf.rf/gntv_or_sync_fifo.mem/gdm.dm_gen.dm/RAM_reg_0_31_18_23/RAMC/CLK
Low Pulse Width   Slow    RAMD32/CLK          n/a            1.250         20.000      18.750     SLICE_X10Y30  design_1_i/ps7_0_axi_periph/m00_couplers/auto_ds/inst/gen_downsizer.gen_simple_downsizer.axi_downsizer_inst/USE_WRITE.write_addr_inst/cmd_queue/inst/fifo_gen_inst/inst_fifo_gen/gconvfifo.rf/grf.rf/gntv_or_sync_fifo.mem/gdm.dm_gen.dm/RAM_reg_0_31_18_23/RAMC_D1/CLK
Low Pulse Width   Slow    RAMS32/CLK          n/a            1.250         20.000      18.750     SLICE_X10Y30  design_1_i/ps7_0_axi_periph/m00_couplers/auto_ds/inst/gen_downsizer.gen_simple_downsizer.axi_downsizer_inst/USE_WRITE.write_addr_inst/cmd_queue/inst/fifo_gen_inst/inst_fifo_gen/gconvfifo.rf/grf.rf/gntv_or_sync_fifo.mem/gdm.dm_gen.dm/RAM_reg_0_31_18_23/RAMD/CLK
Low Pulse Width   Slow    RAMS32/CLK          n/a            1.250         20.000      18.750     SLICE_X10Y30  design_1_i/ps7_0_axi_periph/m00_couplers/auto_ds/inst/gen_downsizer.gen_simple_downsizer.axi_downsizer_inst/USE_WRITE.write_addr_inst/cmd_queue/inst/fifo_gen_inst/inst_fifo_gen/gconvfifo.rf/grf.rf/gntv_or_sync_fifo.mem/gdm.dm_gen.dm/RAM_reg_0_31_18_23/RAMD_D1/CLK
Low Pulse Width   Slow    RAMD32/CLK          n/a            1.250         20.000      18.750     SLICE_X10Y1   design_1_i/ps7_0_axi_periph/m01_couplers/auto_ds/inst/gen_downsizer.gen_cascaded_downsizer.first_downsizer_inst/USE_READ.read_addr_inst/cmd_queue/inst/fifo_gen_inst/inst_fifo_gen/gconvfifo.rf/grf.rf/gntv_or_sync_fifo.mem/gdm.dm_gen.dm/RAM_reg_0_31_0_5/RAMA/CLK
Low Pulse Width   Slow    RAMD32/CLK          n/a            1.250         20.000      18.750     SLICE_X10Y1   design_1_i/ps7_0_axi_periph/m01_couplers/auto_ds/inst/gen_downsizer.gen_cascaded_downsizer.first_downsizer_inst/USE_READ.read_addr_inst/cmd_queue/inst/fifo_gen_inst/inst_fifo_gen/gconvfifo.rf/grf.rf/gntv_or_sync_fifo.mem/gdm.dm_gen.dm/RAM_reg_0_31_0_5/RAMA_D1/CLK
High Pulse Width  Fast    RAMD32/CLK          n/a            1.250         20.000      18.750     SLICE_X10Y1   design_1_i/ps7_0_axi_periph/m01_couplers/auto_ds/inst/gen_downsizer.gen_cascaded_downsizer.first_downsizer_inst/USE_READ.read_addr_inst/cmd_queue/inst/fifo_gen_inst/inst_fifo_gen/gconvfifo.rf/grf.rf/gntv_or_sync_fifo.mem/gdm.dm_gen.dm/RAM_reg_0_31_0_5/RAMA/CLK
High Pulse Width  Fast    RAMD32/CLK          n/a            1.250         20.000      18.750     SLICE_X10Y1   design_1_i/ps7_0_axi_periph/m01_couplers/auto_ds/inst/gen_downsizer.gen_cascaded_downsizer.first_downsizer_inst/USE_READ.read_addr_inst/cmd_queue/inst/fifo_gen_inst/inst_fifo_gen/gconvfifo.rf/grf.rf/gntv_or_sync_fifo.mem/gdm.dm_gen.dm/RAM_reg_0_31_0_5/RAMA_D1/CLK
High Pulse Width  Fast    RAMD32/CLK          n/a            1.250         20.000      18.750     SLICE_X10Y1   design_1_i/ps7_0_axi_periph/m01_couplers/auto_ds/inst/gen_downsizer.gen_cascaded_downsizer.first_downsizer_inst/USE_READ.read_addr_inst/cmd_queue/inst/fifo_gen_inst/inst_fifo_gen/gconvfifo.rf/grf.rf/gntv_or_sync_fifo.mem/gdm.dm_gen.dm/RAM_reg_0_31_0_5/RAMB/CLK
High Pulse Width  Fast    RAMD32/CLK          n/a            1.250         20.000      18.750     SLICE_X10Y1   design_1_i/ps7_0_axi_periph/m01_couplers/auto_ds/inst/gen_downsizer.gen_cascaded_downsizer.first_downsizer_inst/USE_READ.read_addr_inst/cmd_queue/inst/fifo_gen_inst/inst_fifo_gen/gconvfifo.rf/grf.rf/gntv_or_sync_fifo.mem/gdm.dm_gen.dm/RAM_reg_0_31_0_5/RAMB_D1/CLK
High Pulse Width  Fast    RAMD32/CLK          n/a            1.250         20.000      18.750     SLICE_X10Y1   design_1_i/ps7_0_axi_periph/m01_couplers/auto_ds/inst/gen_downsizer.gen_cascaded_downsizer.first_downsizer_inst/USE_READ.read_addr_inst/cmd_queue/inst/fifo_gen_inst/inst_fifo_gen/gconvfifo.rf/grf.rf/gntv_or_sync_fifo.mem/gdm.dm_gen.dm/RAM_reg_0_31_0_5/RAMC/CLK
High Pulse Width  Fast    RAMD32/CLK          n/a            1.250         20.000      18.750     SLICE_X10Y1   design_1_i/ps7_0_axi_periph/m01_couplers/auto_ds/inst/gen_downsizer.gen_cascaded_downsizer.first_downsizer_inst/USE_READ.read_addr_inst/cmd_queue/inst/fifo_gen_inst/inst_fifo_gen/gconvfifo.rf/grf.rf/gntv_or_sync_fifo.mem/gdm.dm_gen.dm/RAM_reg_0_31_0_5/RAMC_D1/CLK
High Pulse Width  Fast    RAMS32/CLK          n/a            1.250         20.000      18.750     SLICE_X10Y1   design_1_i/ps7_0_axi_periph/m01_couplers/auto_ds/inst/gen_downsizer.gen_cascaded_downsizer.first_downsizer_inst/USE_READ.read_addr_inst/cmd_queue/inst/fifo_gen_inst/inst_fifo_gen/gconvfifo.rf/grf.rf/gntv_or_sync_fifo.mem/gdm.dm_gen.dm/RAM_reg_0_31_0_5/RAMD/CLK
High Pulse Width  Fast    RAMS32/CLK          n/a            1.250         20.000      18.750     SLICE_X10Y1   design_1_i/ps7_0_axi_periph/m01_couplers/auto_ds/inst/gen_downsizer.gen_cascaded_downsizer.first_downsizer_inst/USE_READ.read_addr_inst/cmd_queue/inst/fifo_gen_inst/inst_fifo_gen/gconvfifo.rf/grf.rf/gntv_or_sync_fifo.mem/gdm.dm_gen.dm/RAM_reg_0_31_0_5/RAMD_D1/CLK
High Pulse Width  Fast    RAMD32/CLK          n/a            1.250         20.000      18.750     SLICE_X10Y2   design_1_i/ps7_0_axi_periph/m01_couplers/auto_ds/inst/gen_downsizer.gen_cascaded_downsizer.first_downsizer_inst/USE_READ.read_addr_inst/cmd_queue/inst/fifo_gen_inst/inst_fifo_gen/gconvfifo.rf/grf.rf/gntv_or_sync_fifo.mem/gdm.dm_gen.dm/RAM_reg_0_31_12_17/RAMA/CLK
High Pulse Width  Fast    RAMD32/CLK          n/a            1.250         20.000      18.750     SLICE_X10Y2   design_1_i/ps7_0_axi_periph/m01_couplers/auto_ds/inst/gen_downsizer.gen_cascaded_downsizer.first_downsizer_inst/USE_READ.read_addr_inst/cmd_queue/inst/fifo_gen_inst/inst_fifo_gen/gconvfifo.rf/grf.rf/gntv_or_sync_fifo.mem/gdm.dm_gen.dm/RAM_reg_0_31_12_17/RAMA_D1/CLK



---------------------------------------------------------------------------------------------------
Path Group:  **async_default**
From Clock:  clk_fpga_0
  To Clock:  clk_fpga_0

Setup :            0  Failing Endpoints,  Worst Slack       17.844ns,  Total Violation        0.000ns
Hold  :            0  Failing Endpoints,  Worst Slack        0.483ns,  Total Violation        0.000ns
---------------------------------------------------------------------------------------------------


Max Delay Paths
--------------------------------------------------------------------------------------
Slack (MET) :             17.844ns  (required time - arrival time)
  Source:                 design_1_i/proc_sys_reset_0/U0/ACTIVE_LOW_PR_OUT_DFF[0].FDRE_PER_N/C
                            (rising edge-triggered cell FDRE clocked by clk_fpga_0  {rise@0.000ns fall@20.000ns period=40.000ns})
  Destination:            design_1_i/Gaussian_filter_0/U0/t_line_mem_2_reg[237][1]/CLR
                            (recovery check against rising-edge clock clk_fpga_0  {rise@0.000ns fall@20.000ns period=40.000ns})
  Path Group:             **async_default**
  Path Type:              Recovery (Max at Slow Process Corner)
  Requirement:            40.000ns  (clk_fpga_0 rise@40.000ns - clk_fpga_0 rise@0.000ns)
  Data Path Delay:        20.917ns  (logic 0.642ns (3.069%)  route 20.275ns (96.931%))
  Logic Levels:           1  (LUT1=1)
  Clock Path Skew:        -0.233ns (DCD - SCD + CPR)
    Destination Clock Delay (DCD):    2.677ns = ( 42.677 - 40.000 ) 
    Source Clock Delay      (SCD):    3.026ns
    Clock Pessimism Removal (CPR):    0.116ns
  Clock Uncertainty:      0.601ns  ((TSJ^2 + TIJ^2)^1/2 + DJ) / 2 + PE
    Total System Jitter     (TSJ):    0.071ns
    Total Input Jitter      (TIJ):    1.200ns
    Discrete Jitter          (DJ):    0.000ns
    Phase Error              (PE):    0.000ns

    Location             Delay type                Incr(ns)  Path(ns)    Netlist Resource(s)
  -------------------------------------------------------------------    -------------------
                         (clock clk_fpga_0 rise edge)
                                                      0.000     0.000 r  
    PS7_X0Y0             PS7                          0.000     0.000 r  design_1_i/processing_system7_0/inst/PS7_i/FCLKCLK[0]
                         net (fo=1, routed)           1.207     1.207    design_1_i/processing_system7_0/inst/FCLK_CLK_unbuffered[0]
    BUFGCTRL_X0Y0        BUFG (Prop_bufg_I_O)         0.101     1.308 r  design_1_i/processing_system7_0/inst/buffer_fclk_clk_0.FCLK_CLK_0_BUFG/O
                         net (fo=17534, routed)       1.718     3.026    design_1_i/proc_sys_reset_0/U0/slowest_sync_clk
    SLICE_X0Y36          FDRE                                         r  design_1_i/proc_sys_reset_0/U0/ACTIVE_LOW_PR_OUT_DFF[0].FDRE_PER_N/C
  -------------------------------------------------------------------    -------------------
    SLICE_X0Y36          FDRE (Prop_fdre_C_Q)         0.518     3.544 r  design_1_i/proc_sys_reset_0/U0/ACTIVE_LOW_PR_OUT_DFF[0].FDRE_PER_N/Q
                         net (fo=88, routed)          3.314     6.858    design_1_i/Gaussian_filter_0/U0/top_resetn
    SLICE_X35Y51         LUT1 (Prop_lut1_I0_O)        0.124     6.982 f  design_1_i/Gaussian_filter_0/U0/S_axis_Tready_in_reg_i_2/O
                         net (fo=10454, routed)      16.961    23.943    design_1_i/Gaussian_filter_0/U0/S_axis_Tready_in_reg_i_2_n_0
    SLICE_X25Y96         FDCE                                         f  design_1_i/Gaussian_filter_0/U0/t_line_mem_2_reg[237][1]/CLR
  -------------------------------------------------------------------    -------------------

                         (clock clk_fpga_0 rise edge)
                                                     40.000    40.000 r  
    PS7_X0Y0             PS7                          0.000    40.000 r  design_1_i/processing_system7_0/inst/PS7_i/FCLKCLK[0]
                         net (fo=1, routed)           1.101    41.101    design_1_i/processing_system7_0/inst/FCLK_CLK_unbuffered[0]
    BUFGCTRL_X0Y0        BUFG (Prop_bufg_I_O)         0.091    41.192 r  design_1_i/processing_system7_0/inst/buffer_fclk_clk_0.FCLK_CLK_0_BUFG/O
                         net (fo=17534, routed)       1.485    42.677    design_1_i/Gaussian_filter_0/U0/clk
    SLICE_X25Y96         FDCE                                         r  design_1_i/Gaussian_filter_0/U0/t_line_mem_2_reg[237][1]/C
                         clock pessimism              0.116    42.793    
                         clock uncertainty           -0.601    42.192    
    SLICE_X25Y96         FDCE (Recov_fdce_C_CLR)     -0.405    41.787    design_1_i/Gaussian_filter_0/U0/t_line_mem_2_reg[237][1]
  -------------------------------------------------------------------
                         required time                         41.787    
                         arrival time                         -23.943    
  -------------------------------------------------------------------
                         slack                                 17.844    

Slack (MET) :             17.844ns  (required time - arrival time)
  Source:                 design_1_i/proc_sys_reset_0/U0/ACTIVE_LOW_PR_OUT_DFF[0].FDRE_PER_N/C
                            (rising edge-triggered cell FDRE clocked by clk_fpga_0  {rise@0.000ns fall@20.000ns period=40.000ns})
  Destination:            design_1_i/Gaussian_filter_0/U0/t_line_mem_2_reg[237][3]/CLR
                            (recovery check against rising-edge clock clk_fpga_0  {rise@0.000ns fall@20.000ns period=40.000ns})
  Path Group:             **async_default**
  Path Type:              Recovery (Max at Slow Process Corner)
  Requirement:            40.000ns  (clk_fpga_0 rise@40.000ns - clk_fpga_0 rise@0.000ns)
  Data Path Delay:        20.917ns  (logic 0.642ns (3.069%)  route 20.275ns (96.931%))
  Logic Levels:           1  (LUT1=1)
  Clock Path Skew:        -0.233ns (DCD - SCD + CPR)
    Destination Clock Delay (DCD):    2.677ns = ( 42.677 - 40.000 ) 
    Source Clock Delay      (SCD):    3.026ns
    Clock Pessimism Removal (CPR):    0.116ns
  Clock Uncertainty:      0.601ns  ((TSJ^2 + TIJ^2)^1/2 + DJ) / 2 + PE
    Total System Jitter     (TSJ):    0.071ns
    Total Input Jitter      (TIJ):    1.200ns
    Discrete Jitter          (DJ):    0.000ns
    Phase Error              (PE):    0.000ns

    Location             Delay type                Incr(ns)  Path(ns)    Netlist Resource(s)
  -------------------------------------------------------------------    -------------------
                         (clock clk_fpga_0 rise edge)
                                                      0.000     0.000 r  
    PS7_X0Y0             PS7                          0.000     0.000 r  design_1_i/processing_system7_0/inst/PS7_i/FCLKCLK[0]
                         net (fo=1, routed)           1.207     1.207    design_1_i/processing_system7_0/inst/FCLK_CLK_unbuffered[0]
    BUFGCTRL_X0Y0        BUFG (Prop_bufg_I_O)         0.101     1.308 r  design_1_i/processing_system7_0/inst/buffer_fclk_clk_0.FCLK_CLK_0_BUFG/O
                         net (fo=17534, routed)       1.718     3.026    design_1_i/proc_sys_reset_0/U0/slowest_sync_clk
    SLICE_X0Y36          FDRE                                         r  design_1_i/proc_sys_reset_0/U0/ACTIVE_LOW_PR_OUT_DFF[0].FDRE_PER_N/C
  -------------------------------------------------------------------    -------------------
    SLICE_X0Y36          FDRE (Prop_fdre_C_Q)         0.518     3.544 r  design_1_i/proc_sys_reset_0/U0/ACTIVE_LOW_PR_OUT_DFF[0].FDRE_PER_N/Q
                         net (fo=88, routed)          3.314     6.858    design_1_i/Gaussian_filter_0/U0/top_resetn
    SLICE_X35Y51         LUT1 (Prop_lut1_I0_O)        0.124     6.982 f  design_1_i/Gaussian_filter_0/U0/S_axis_Tready_in_reg_i_2/O
                         net (fo=10454, routed)      16.961    23.943    design_1_i/Gaussian_filter_0/U0/S_axis_Tready_in_reg_i_2_n_0
    SLICE_X25Y96         FDCE                                         f  design_1_i/Gaussian_filter_0/U0/t_line_mem_2_reg[237][3]/CLR
  -------------------------------------------------------------------    -------------------

                         (clock clk_fpga_0 rise edge)
                                                     40.000    40.000 r  
    PS7_X0Y0             PS7                          0.000    40.000 r  design_1_i/processing_system7_0/inst/PS7_i/FCLKCLK[0]
                         net (fo=1, routed)           1.101    41.101    design_1_i/processing_system7_0/inst/FCLK_CLK_unbuffered[0]
    BUFGCTRL_X0Y0        BUFG (Prop_bufg_I_O)         0.091    41.192 r  design_1_i/processing_system7_0/inst/buffer_fclk_clk_0.FCLK_CLK_0_BUFG/O
                         net (fo=17534, routed)       1.485    42.677    design_1_i/Gaussian_filter_0/U0/clk
    SLICE_X25Y96         FDCE                                         r  design_1_i/Gaussian_filter_0/U0/t_line_mem_2_reg[237][3]/C
                         clock pessimism              0.116    42.793    
                         clock uncertainty           -0.601    42.192    
    SLICE_X25Y96         FDCE (Recov_fdce_C_CLR)     -0.405    41.787    design_1_i/Gaussian_filter_0/U0/t_line_mem_2_reg[237][3]
  -------------------------------------------------------------------
                         required time                         41.787    
                         arrival time                         -23.943    
  -------------------------------------------------------------------
                         slack                                 17.844    

Slack (MET) :             17.844ns  (required time - arrival time)
  Source:                 design_1_i/proc_sys_reset_0/U0/ACTIVE_LOW_PR_OUT_DFF[0].FDRE_PER_N/C
                            (rising edge-triggered cell FDRE clocked by clk_fpga_0  {rise@0.000ns fall@20.000ns period=40.000ns})
  Destination:            design_1_i/Gaussian_filter_0/U0/t_line_mem_2_reg[237][5]/CLR
                            (recovery check against rising-edge clock clk_fpga_0  {rise@0.000ns fall@20.000ns period=40.000ns})
  Path Group:             **async_default**
  Path Type:              Recovery (Max at Slow Process Corner)
  Requirement:            40.000ns  (clk_fpga_0 rise@40.000ns - clk_fpga_0 rise@0.000ns)
  Data Path Delay:        20.917ns  (logic 0.642ns (3.069%)  route 20.275ns (96.931%))
  Logic Levels:           1  (LUT1=1)
  Clock Path Skew:        -0.233ns (DCD - SCD + CPR)
    Destination Clock Delay (DCD):    2.677ns = ( 42.677 - 40.000 ) 
    Source Clock Delay      (SCD):    3.026ns
    Clock Pessimism Removal (CPR):    0.116ns
  Clock Uncertainty:      0.601ns  ((TSJ^2 + TIJ^2)^1/2 + DJ) / 2 + PE
    Total System Jitter     (TSJ):    0.071ns
    Total Input Jitter      (TIJ):    1.200ns
    Discrete Jitter          (DJ):    0.000ns
    Phase Error              (PE):    0.000ns

    Location             Delay type                Incr(ns)  Path(ns)    Netlist Resource(s)
  -------------------------------------------------------------------    -------------------
                         (clock clk_fpga_0 rise edge)
                                                      0.000     0.000 r  
    PS7_X0Y0             PS7                          0.000     0.000 r  design_1_i/processing_system7_0/inst/PS7_i/FCLKCLK[0]
                         net (fo=1, routed)           1.207     1.207    design_1_i/processing_system7_0/inst/FCLK_CLK_unbuffered[0]
    BUFGCTRL_X0Y0        BUFG (Prop_bufg_I_O)         0.101     1.308 r  design_1_i/processing_system7_0/inst/buffer_fclk_clk_0.FCLK_CLK_0_BUFG/O
                         net (fo=17534, routed)       1.718     3.026    design_1_i/proc_sys_reset_0/U0/slowest_sync_clk
    SLICE_X0Y36          FDRE                                         r  design_1_i/proc_sys_reset_0/U0/ACTIVE_LOW_PR_OUT_DFF[0].FDRE_PER_N/C
  -------------------------------------------------------------------    -------------------
    SLICE_X0Y36          FDRE (Prop_fdre_C_Q)         0.518     3.544 r  design_1_i/proc_sys_reset_0/U0/ACTIVE_LOW_PR_OUT_DFF[0].FDRE_PER_N/Q
                         net (fo=88, routed)          3.314     6.858    design_1_i/Gaussian_filter_0/U0/top_resetn
    SLICE_X35Y51         LUT1 (Prop_lut1_I0_O)        0.124     6.982 f  design_1_i/Gaussian_filter_0/U0/S_axis_Tready_in_reg_i_2/O
                         net (fo=10454, routed)      16.961    23.943    design_1_i/Gaussian_filter_0/U0/S_axis_Tready_in_reg_i_2_n_0
    SLICE_X25Y96         FDCE                                         f  design_1_i/Gaussian_filter_0/U0/t_line_mem_2_reg[237][5]/CLR
  -------------------------------------------------------------------    -------------------

                         (clock clk_fpga_0 rise edge)
                                                     40.000    40.000 r  
    PS7_X0Y0             PS7                          0.000    40.000 r  design_1_i/processing_system7_0/inst/PS7_i/FCLKCLK[0]
                         net (fo=1, routed)           1.101    41.101    design_1_i/processing_system7_0/inst/FCLK_CLK_unbuffered[0]
    BUFGCTRL_X0Y0        BUFG (Prop_bufg_I_O)         0.091    41.192 r  design_1_i/processing_system7_0/inst/buffer_fclk_clk_0.FCLK_CLK_0_BUFG/O
                         net (fo=17534, routed)       1.485    42.677    design_1_i/Gaussian_filter_0/U0/clk
    SLICE_X25Y96         FDCE                                         r  design_1_i/Gaussian_filter_0/U0/t_line_mem_2_reg[237][5]/C
                         clock pessimism              0.116    42.793    
                         clock uncertainty           -0.601    42.192    
    SLICE_X25Y96         FDCE (Recov_fdce_C_CLR)     -0.405    41.787    design_1_i/Gaussian_filter_0/U0/t_line_mem_2_reg[237][5]
  -------------------------------------------------------------------
                         required time                         41.787    
                         arrival time                         -23.943    
  -------------------------------------------------------------------
                         slack                                 17.844    

Slack (MET) :             17.844ns  (required time - arrival time)
  Source:                 design_1_i/proc_sys_reset_0/U0/ACTIVE_LOW_PR_OUT_DFF[0].FDRE_PER_N/C
                            (rising edge-triggered cell FDRE clocked by clk_fpga_0  {rise@0.000ns fall@20.000ns period=40.000ns})
  Destination:            design_1_i/Gaussian_filter_0/U0/t_line_mem_2_reg[237][6]/CLR
                            (recovery check against rising-edge clock clk_fpga_0  {rise@0.000ns fall@20.000ns period=40.000ns})
  Path Group:             **async_default**
  Path Type:              Recovery (Max at Slow Process Corner)
  Requirement:            40.000ns  (clk_fpga_0 rise@40.000ns - clk_fpga_0 rise@0.000ns)
  Data Path Delay:        20.917ns  (logic 0.642ns (3.069%)  route 20.275ns (96.931%))
  Logic Levels:           1  (LUT1=1)
  Clock Path Skew:        -0.233ns (DCD - SCD + CPR)
    Destination Clock Delay (DCD):    2.677ns = ( 42.677 - 40.000 ) 
    Source Clock Delay      (SCD):    3.026ns
    Clock Pessimism Removal (CPR):    0.116ns
  Clock Uncertainty:      0.601ns  ((TSJ^2 + TIJ^2)^1/2 + DJ) / 2 + PE
    Total System Jitter     (TSJ):    0.071ns
    Total Input Jitter      (TIJ):    1.200ns
    Discrete Jitter          (DJ):    0.000ns
    Phase Error              (PE):    0.000ns

    Location             Delay type                Incr(ns)  Path(ns)    Netlist Resource(s)
  -------------------------------------------------------------------    -------------------
                         (clock clk_fpga_0 rise edge)
                                                      0.000     0.000 r  
    PS7_X0Y0             PS7                          0.000     0.000 r  design_1_i/processing_system7_0/inst/PS7_i/FCLKCLK[0]
                         net (fo=1, routed)           1.207     1.207    design_1_i/processing_system7_0/inst/FCLK_CLK_unbuffered[0]
    BUFGCTRL_X0Y0        BUFG (Prop_bufg_I_O)         0.101     1.308 r  design_1_i/processing_system7_0/inst/buffer_fclk_clk_0.FCLK_CLK_0_BUFG/O
                         net (fo=17534, routed)       1.718     3.026    design_1_i/proc_sys_reset_0/U0/slowest_sync_clk
    SLICE_X0Y36          FDRE                                         r  design_1_i/proc_sys_reset_0/U0/ACTIVE_LOW_PR_OUT_DFF[0].FDRE_PER_N/C
  -------------------------------------------------------------------    -------------------
    SLICE_X0Y36          FDRE (Prop_fdre_C_Q)         0.518     3.544 r  design_1_i/proc_sys_reset_0/U0/ACTIVE_LOW_PR_OUT_DFF[0].FDRE_PER_N/Q
                         net (fo=88, routed)          3.314     6.858    design_1_i/Gaussian_filter_0/U0/top_resetn
    SLICE_X35Y51         LUT1 (Prop_lut1_I0_O)        0.124     6.982 f  design_1_i/Gaussian_filter_0/U0/S_axis_Tready_in_reg_i_2/O
                         net (fo=10454, routed)      16.961    23.943    design_1_i/Gaussian_filter_0/U0/S_axis_Tready_in_reg_i_2_n_0
    SLICE_X25Y96         FDCE                                         f  design_1_i/Gaussian_filter_0/U0/t_line_mem_2_reg[237][6]/CLR
  -------------------------------------------------------------------    -------------------

                         (clock clk_fpga_0 rise edge)
                                                     40.000    40.000 r  
    PS7_X0Y0             PS7                          0.000    40.000 r  design_1_i/processing_system7_0/inst/PS7_i/FCLKCLK[0]
                         net (fo=1, routed)           1.101    41.101    design_1_i/processing_system7_0/inst/FCLK_CLK_unbuffered[0]
    BUFGCTRL_X0Y0        BUFG (Prop_bufg_I_O)         0.091    41.192 r  design_1_i/processing_system7_0/inst/buffer_fclk_clk_0.FCLK_CLK_0_BUFG/O
                         net (fo=17534, routed)       1.485    42.677    design_1_i/Gaussian_filter_0/U0/clk
    SLICE_X25Y96         FDCE                                         r  design_1_i/Gaussian_filter_0/U0/t_line_mem_2_reg[237][6]/C
                         clock pessimism              0.116    42.793    
                         clock uncertainty           -0.601    42.192    
    SLICE_X25Y96         FDCE (Recov_fdce_C_CLR)     -0.405    41.787    design_1_i/Gaussian_filter_0/U0/t_line_mem_2_reg[237][6]
  -------------------------------------------------------------------
                         required time                         41.787    
                         arrival time                         -23.943    
  -------------------------------------------------------------------
                         slack                                 17.844    

Slack (MET) :             17.844ns  (required time - arrival time)
  Source:                 design_1_i/proc_sys_reset_0/U0/ACTIVE_LOW_PR_OUT_DFF[0].FDRE_PER_N/C
                            (rising edge-triggered cell FDRE clocked by clk_fpga_0  {rise@0.000ns fall@20.000ns period=40.000ns})
  Destination:            design_1_i/Gaussian_filter_0/U0/t_line_mem_2_reg[237][7]/CLR
                            (recovery check against rising-edge clock clk_fpga_0  {rise@0.000ns fall@20.000ns period=40.000ns})
  Path Group:             **async_default**
  Path Type:              Recovery (Max at Slow Process Corner)
  Requirement:            40.000ns  (clk_fpga_0 rise@40.000ns - clk_fpga_0 rise@0.000ns)
  Data Path Delay:        20.917ns  (logic 0.642ns (3.069%)  route 20.275ns (96.931%))
  Logic Levels:           1  (LUT1=1)
  Clock Path Skew:        -0.233ns (DCD - SCD + CPR)
    Destination Clock Delay (DCD):    2.677ns = ( 42.677 - 40.000 ) 
    Source Clock Delay      (SCD):    3.026ns
    Clock Pessimism Removal (CPR):    0.116ns
  Clock Uncertainty:      0.601ns  ((TSJ^2 + TIJ^2)^1/2 + DJ) / 2 + PE
    Total System Jitter     (TSJ):    0.071ns
    Total Input Jitter      (TIJ):    1.200ns
    Discrete Jitter          (DJ):    0.000ns
    Phase Error              (PE):    0.000ns

    Location             Delay type                Incr(ns)  Path(ns)    Netlist Resource(s)
  -------------------------------------------------------------------    -------------------
                         (clock clk_fpga_0 rise edge)
                                                      0.000     0.000 r  
    PS7_X0Y0             PS7                          0.000     0.000 r  design_1_i/processing_system7_0/inst/PS7_i/FCLKCLK[0]
                         net (fo=1, routed)           1.207     1.207    design_1_i/processing_system7_0/inst/FCLK_CLK_unbuffered[0]
    BUFGCTRL_X0Y0        BUFG (Prop_bufg_I_O)         0.101     1.308 r  design_1_i/processing_system7_0/inst/buffer_fclk_clk_0.FCLK_CLK_0_BUFG/O
                         net (fo=17534, routed)       1.718     3.026    design_1_i/proc_sys_reset_0/U0/slowest_sync_clk
    SLICE_X0Y36          FDRE                                         r  design_1_i/proc_sys_reset_0/U0/ACTIVE_LOW_PR_OUT_DFF[0].FDRE_PER_N/C
  -------------------------------------------------------------------    -------------------
    SLICE_X0Y36          FDRE (Prop_fdre_C_Q)         0.518     3.544 r  design_1_i/proc_sys_reset_0/U0/ACTIVE_LOW_PR_OUT_DFF[0].FDRE_PER_N/Q
                         net (fo=88, routed)          3.314     6.858    design_1_i/Gaussian_filter_0/U0/top_resetn
    SLICE_X35Y51         LUT1 (Prop_lut1_I0_O)        0.124     6.982 f  design_1_i/Gaussian_filter_0/U0/S_axis_Tready_in_reg_i_2/O
                         net (fo=10454, routed)      16.961    23.943    design_1_i/Gaussian_filter_0/U0/S_axis_Tready_in_reg_i_2_n_0
    SLICE_X25Y96         FDCE                                         f  design_1_i/Gaussian_filter_0/U0/t_line_mem_2_reg[237][7]/CLR
  -------------------------------------------------------------------    -------------------

                         (clock clk_fpga_0 rise edge)
                                                     40.000    40.000 r  
    PS7_X0Y0             PS7                          0.000    40.000 r  design_1_i/processing_system7_0/inst/PS7_i/FCLKCLK[0]
                         net (fo=1, routed)           1.101    41.101    design_1_i/processing_system7_0/inst/FCLK_CLK_unbuffered[0]
    BUFGCTRL_X0Y0        BUFG (Prop_bufg_I_O)         0.091    41.192 r  design_1_i/processing_system7_0/inst/buffer_fclk_clk_0.FCLK_CLK_0_BUFG/O
                         net (fo=17534, routed)       1.485    42.677    design_1_i/Gaussian_filter_0/U0/clk
    SLICE_X25Y96         FDCE                                         r  design_1_i/Gaussian_filter_0/U0/t_line_mem_2_reg[237][7]/C
                         clock pessimism              0.116    42.793    
                         clock uncertainty           -0.601    42.192    
    SLICE_X25Y96         FDCE (Recov_fdce_C_CLR)     -0.405    41.787    design_1_i/Gaussian_filter_0/U0/t_line_mem_2_reg[237][7]
  -------------------------------------------------------------------
                         required time                         41.787    
                         arrival time                         -23.943    
  -------------------------------------------------------------------
                         slack                                 17.844    

Slack (MET) :             17.888ns  (required time - arrival time)
  Source:                 design_1_i/proc_sys_reset_0/U0/ACTIVE_LOW_PR_OUT_DFF[0].FDRE_PER_N/C
                            (rising edge-triggered cell FDRE clocked by clk_fpga_0  {rise@0.000ns fall@20.000ns period=40.000ns})
  Destination:            design_1_i/Gaussian_filter_0/U0/t_line_mem_2_reg[229][7]/CLR
                            (recovery check against rising-edge clock clk_fpga_0  {rise@0.000ns fall@20.000ns period=40.000ns})
  Path Group:             **async_default**
  Path Type:              Recovery (Max at Slow Process Corner)
  Requirement:            40.000ns  (clk_fpga_0 rise@40.000ns - clk_fpga_0 rise@0.000ns)
  Data Path Delay:        20.917ns  (logic 0.642ns (3.069%)  route 20.275ns (96.931%))
  Logic Levels:           1  (LUT1=1)
  Clock Path Skew:        -0.233ns (DCD - SCD + CPR)
    Destination Clock Delay (DCD):    2.677ns = ( 42.677 - 40.000 ) 
    Source Clock Delay      (SCD):    3.026ns
    Clock Pessimism Removal (CPR):    0.116ns
  Clock Uncertainty:      0.601ns  ((TSJ^2 + TIJ^2)^1/2 + DJ) / 2 + PE
    Total System Jitter     (TSJ):    0.071ns
    Total Input Jitter      (TIJ):    1.200ns
    Discrete Jitter          (DJ):    0.000ns
    Phase Error              (PE):    0.000ns

    Location             Delay type                Incr(ns)  Path(ns)    Netlist Resource(s)
  -------------------------------------------------------------------    -------------------
                         (clock clk_fpga_0 rise edge)
                                                      0.000     0.000 r  
    PS7_X0Y0             PS7                          0.000     0.000 r  design_1_i/processing_system7_0/inst/PS7_i/FCLKCLK[0]
                         net (fo=1, routed)           1.207     1.207    design_1_i/processing_system7_0/inst/FCLK_CLK_unbuffered[0]
    BUFGCTRL_X0Y0        BUFG (Prop_bufg_I_O)         0.101     1.308 r  design_1_i/processing_system7_0/inst/buffer_fclk_clk_0.FCLK_CLK_0_BUFG/O
                         net (fo=17534, routed)       1.718     3.026    design_1_i/proc_sys_reset_0/U0/slowest_sync_clk
    SLICE_X0Y36          FDRE                                         r  design_1_i/proc_sys_reset_0/U0/ACTIVE_LOW_PR_OUT_DFF[0].FDRE_PER_N/C
  -------------------------------------------------------------------    -------------------
    SLICE_X0Y36          FDRE (Prop_fdre_C_Q)         0.518     3.544 r  design_1_i/proc_sys_reset_0/U0/ACTIVE_LOW_PR_OUT_DFF[0].FDRE_PER_N/Q
                         net (fo=88, routed)          3.314     6.858    design_1_i/Gaussian_filter_0/U0/top_resetn
    SLICE_X35Y51         LUT1 (Prop_lut1_I0_O)        0.124     6.982 f  design_1_i/Gaussian_filter_0/U0/S_axis_Tready_in_reg_i_2/O
                         net (fo=10454, routed)      16.961    23.943    design_1_i/Gaussian_filter_0/U0/S_axis_Tready_in_reg_i_2_n_0
    SLICE_X24Y96         FDCE                                         f  design_1_i/Gaussian_filter_0/U0/t_line_mem_2_reg[229][7]/CLR
  -------------------------------------------------------------------    -------------------

                         (clock clk_fpga_0 rise edge)
                                                     40.000    40.000 r  
    PS7_X0Y0             PS7                          0.000    40.000 r  design_1_i/processing_system7_0/inst/PS7_i/FCLKCLK[0]
                         net (fo=1, routed)           1.101    41.101    design_1_i/processing_system7_0/inst/FCLK_CLK_unbuffered[0]
    BUFGCTRL_X0Y0        BUFG (Prop_bufg_I_O)         0.091    41.192 r  design_1_i/processing_system7_0/inst/buffer_fclk_clk_0.FCLK_CLK_0_BUFG/O
                         net (fo=17534, routed)       1.485    42.677    design_1_i/Gaussian_filter_0/U0/clk
    SLICE_X24Y96         FDCE                                         r  design_1_i/Gaussian_filter_0/U0/t_line_mem_2_reg[229][7]/C
                         clock pessimism              0.116    42.793    
                         clock uncertainty           -0.601    42.192    
    SLICE_X24Y96         FDCE (Recov_fdce_C_CLR)     -0.361    41.831    design_1_i/Gaussian_filter_0/U0/t_line_mem_2_reg[229][7]
  -------------------------------------------------------------------
                         required time                         41.831    
                         arrival time                         -23.943    
  -------------------------------------------------------------------
                         slack                                 17.888    

Slack (MET) :             17.930ns  (required time - arrival time)
  Source:                 design_1_i/proc_sys_reset_0/U0/ACTIVE_LOW_PR_OUT_DFF[0].FDRE_PER_N/C
                            (rising edge-triggered cell FDRE clocked by clk_fpga_0  {rise@0.000ns fall@20.000ns period=40.000ns})
  Destination:            design_1_i/Gaussian_filter_0/U0/t_line_mem_2_reg[229][1]/CLR
                            (recovery check against rising-edge clock clk_fpga_0  {rise@0.000ns fall@20.000ns period=40.000ns})
  Path Group:             **async_default**
  Path Type:              Recovery (Max at Slow Process Corner)
  Requirement:            40.000ns  (clk_fpga_0 rise@40.000ns - clk_fpga_0 rise@0.000ns)
  Data Path Delay:        20.917ns  (logic 0.642ns (3.069%)  route 20.275ns (96.931%))
  Logic Levels:           1  (LUT1=1)
  Clock Path Skew:        -0.233ns (DCD - SCD + CPR)
    Destination Clock Delay (DCD):    2.677ns = ( 42.677 - 40.000 ) 
    Source Clock Delay      (SCD):    3.026ns
    Clock Pessimism Removal (CPR):    0.116ns
  Clock Uncertainty:      0.601ns  ((TSJ^2 + TIJ^2)^1/2 + DJ) / 2 + PE
    Total System Jitter     (TSJ):    0.071ns
    Total Input Jitter      (TIJ):    1.200ns
    Discrete Jitter          (DJ):    0.000ns
    Phase Error              (PE):    0.000ns

    Location             Delay type                Incr(ns)  Path(ns)    Netlist Resource(s)
  -------------------------------------------------------------------    -------------------
                         (clock clk_fpga_0 rise edge)
                                                      0.000     0.000 r  
    PS7_X0Y0             PS7                          0.000     0.000 r  design_1_i/processing_system7_0/inst/PS7_i/FCLKCLK[0]
                         net (fo=1, routed)           1.207     1.207    design_1_i/processing_system7_0/inst/FCLK_CLK_unbuffered[0]
    BUFGCTRL_X0Y0        BUFG (Prop_bufg_I_O)         0.101     1.308 r  design_1_i/processing_system7_0/inst/buffer_fclk_clk_0.FCLK_CLK_0_BUFG/O
                         net (fo=17534, routed)       1.718     3.026    design_1_i/proc_sys_reset_0/U0/slowest_sync_clk
    SLICE_X0Y36          FDRE                                         r  design_1_i/proc_sys_reset_0/U0/ACTIVE_LOW_PR_OUT_DFF[0].FDRE_PER_N/C
  -------------------------------------------------------------------    -------------------
    SLICE_X0Y36          FDRE (Prop_fdre_C_Q)         0.518     3.544 r  design_1_i/proc_sys_reset_0/U0/ACTIVE_LOW_PR_OUT_DFF[0].FDRE_PER_N/Q
                         net (fo=88, routed)          3.314     6.858    design_1_i/Gaussian_filter_0/U0/top_resetn
    SLICE_X35Y51         LUT1 (Prop_lut1_I0_O)        0.124     6.982 f  design_1_i/Gaussian_filter_0/U0/S_axis_Tready_in_reg_i_2/O
                         net (fo=10454, routed)      16.961    23.943    design_1_i/Gaussian_filter_0/U0/S_axis_Tready_in_reg_i_2_n_0
    SLICE_X24Y96         FDCE                                         f  design_1_i/Gaussian_filter_0/U0/t_line_mem_2_reg[229][1]/CLR
  -------------------------------------------------------------------    -------------------

                         (clock clk_fpga_0 rise edge)
                                                     40.000    40.000 r  
    PS7_X0Y0             PS7                          0.000    40.000 r  design_1_i/processing_system7_0/inst/PS7_i/FCLKCLK[0]
                         net (fo=1, routed)           1.101    41.101    design_1_i/processing_system7_0/inst/FCLK_CLK_unbuffered[0]
    BUFGCTRL_X0Y0        BUFG (Prop_bufg_I_O)         0.091    41.192 r  design_1_i/processing_system7_0/inst/buffer_fclk_clk_0.FCLK_CLK_0_BUFG/O
                         net (fo=17534, routed)       1.485    42.677    design_1_i/Gaussian_filter_0/U0/clk
    SLICE_X24Y96         FDCE                                         r  design_1_i/Gaussian_filter_0/U0/t_line_mem_2_reg[229][1]/C
                         clock pessimism              0.116    42.793    
                         clock uncertainty           -0.601    42.192    
    SLICE_X24Y96         FDCE (Recov_fdce_C_CLR)     -0.319    41.873    design_1_i/Gaussian_filter_0/U0/t_line_mem_2_reg[229][1]
  -------------------------------------------------------------------
                         required time                         41.873    
                         arrival time                         -23.943    
  -------------------------------------------------------------------
                         slack                                 17.930    

Slack (MET) :             17.930ns  (required time - arrival time)
  Source:                 design_1_i/proc_sys_reset_0/U0/ACTIVE_LOW_PR_OUT_DFF[0].FDRE_PER_N/C
                            (rising edge-triggered cell FDRE clocked by clk_fpga_0  {rise@0.000ns fall@20.000ns period=40.000ns})
  Destination:            design_1_i/Gaussian_filter_0/U0/t_line_mem_2_reg[229][3]/CLR
                            (recovery check against rising-edge clock clk_fpga_0  {rise@0.000ns fall@20.000ns period=40.000ns})
  Path Group:             **async_default**
  Path Type:              Recovery (Max at Slow Process Corner)
  Requirement:            40.000ns  (clk_fpga_0 rise@40.000ns - clk_fpga_0 rise@0.000ns)
  Data Path Delay:        20.917ns  (logic 0.642ns (3.069%)  route 20.275ns (96.931%))
  Logic Levels:           1  (LUT1=1)
  Clock Path Skew:        -0.233ns (DCD - SCD + CPR)
    Destination Clock Delay (DCD):    2.677ns = ( 42.677 - 40.000 ) 
    Source Clock Delay      (SCD):    3.026ns
    Clock Pessimism Removal (CPR):    0.116ns
  Clock Uncertainty:      0.601ns  ((TSJ^2 + TIJ^2)^1/2 + DJ) / 2 + PE
    Total System Jitter     (TSJ):    0.071ns
    Total Input Jitter      (TIJ):    1.200ns
    Discrete Jitter          (DJ):    0.000ns
    Phase Error              (PE):    0.000ns

    Location             Delay type                Incr(ns)  Path(ns)    Netlist Resource(s)
  -------------------------------------------------------------------    -------------------
                         (clock clk_fpga_0 rise edge)
                                                      0.000     0.000 r  
    PS7_X0Y0             PS7                          0.000     0.000 r  design_1_i/processing_system7_0/inst/PS7_i/FCLKCLK[0]
                         net (fo=1, routed)           1.207     1.207    design_1_i/processing_system7_0/inst/FCLK_CLK_unbuffered[0]
    BUFGCTRL_X0Y0        BUFG (Prop_bufg_I_O)         0.101     1.308 r  design_1_i/processing_system7_0/inst/buffer_fclk_clk_0.FCLK_CLK_0_BUFG/O
                         net (fo=17534, routed)       1.718     3.026    design_1_i/proc_sys_reset_0/U0/slowest_sync_clk
    SLICE_X0Y36          FDRE                                         r  design_1_i/proc_sys_reset_0/U0/ACTIVE_LOW_PR_OUT_DFF[0].FDRE_PER_N/C
  -------------------------------------------------------------------    -------------------
    SLICE_X0Y36          FDRE (Prop_fdre_C_Q)         0.518     3.544 r  design_1_i/proc_sys_reset_0/U0/ACTIVE_LOW_PR_OUT_DFF[0].FDRE_PER_N/Q
                         net (fo=88, routed)          3.314     6.858    design_1_i/Gaussian_filter_0/U0/top_resetn
    SLICE_X35Y51         LUT1 (Prop_lut1_I0_O)        0.124     6.982 f  design_1_i/Gaussian_filter_0/U0/S_axis_Tready_in_reg_i_2/O
                         net (fo=10454, routed)      16.961    23.943    design_1_i/Gaussian_filter_0/U0/S_axis_Tready_in_reg_i_2_n_0
    SLICE_X24Y96         FDCE                                         f  design_1_i/Gaussian_filter_0/U0/t_line_mem_2_reg[229][3]/CLR
  -------------------------------------------------------------------    -------------------

                         (clock clk_fpga_0 rise edge)
                                                     40.000    40.000 r  
    PS7_X0Y0             PS7                          0.000    40.000 r  design_1_i/processing_system7_0/inst/PS7_i/FCLKCLK[0]
                         net (fo=1, routed)           1.101    41.101    design_1_i/processing_system7_0/inst/FCLK_CLK_unbuffered[0]
    BUFGCTRL_X0Y0        BUFG (Prop_bufg_I_O)         0.091    41.192 r  design_1_i/processing_system7_0/inst/buffer_fclk_clk_0.FCLK_CLK_0_BUFG/O
                         net (fo=17534, routed)       1.485    42.677    design_1_i/Gaussian_filter_0/U0/clk
    SLICE_X24Y96         FDCE                                         r  design_1_i/Gaussian_filter_0/U0/t_line_mem_2_reg[229][3]/C
                         clock pessimism              0.116    42.793    
                         clock uncertainty           -0.601    42.192    
    SLICE_X24Y96         FDCE (Recov_fdce_C_CLR)     -0.319    41.873    design_1_i/Gaussian_filter_0/U0/t_line_mem_2_reg[229][3]
  -------------------------------------------------------------------
                         required time                         41.873    
                         arrival time                         -23.943    
  -------------------------------------------------------------------
                         slack                                 17.930    

Slack (MET) :             17.930ns  (required time - arrival time)
  Source:                 design_1_i/proc_sys_reset_0/U0/ACTIVE_LOW_PR_OUT_DFF[0].FDRE_PER_N/C
                            (rising edge-triggered cell FDRE clocked by clk_fpga_0  {rise@0.000ns fall@20.000ns period=40.000ns})
  Destination:            design_1_i/Gaussian_filter_0/U0/t_line_mem_2_reg[229][5]/CLR
                            (recovery check against rising-edge clock clk_fpga_0  {rise@0.000ns fall@20.000ns period=40.000ns})
  Path Group:             **async_default**
  Path Type:              Recovery (Max at Slow Process Corner)
  Requirement:            40.000ns  (clk_fpga_0 rise@40.000ns - clk_fpga_0 rise@0.000ns)
  Data Path Delay:        20.917ns  (logic 0.642ns (3.069%)  route 20.275ns (96.931%))
  Logic Levels:           1  (LUT1=1)
  Clock Path Skew:        -0.233ns (DCD - SCD + CPR)
    Destination Clock Delay (DCD):    2.677ns = ( 42.677 - 40.000 ) 
    Source Clock Delay      (SCD):    3.026ns
    Clock Pessimism Removal (CPR):    0.116ns
  Clock Uncertainty:      0.601ns  ((TSJ^2 + TIJ^2)^1/2 + DJ) / 2 + PE
    Total System Jitter     (TSJ):    0.071ns
    Total Input Jitter      (TIJ):    1.200ns
    Discrete Jitter          (DJ):    0.000ns
    Phase Error              (PE):    0.000ns

    Location             Delay type                Incr(ns)  Path(ns)    Netlist Resource(s)
  -------------------------------------------------------------------    -------------------
                         (clock clk_fpga_0 rise edge)
                                                      0.000     0.000 r  
    PS7_X0Y0             PS7                          0.000     0.000 r  design_1_i/processing_system7_0/inst/PS7_i/FCLKCLK[0]
                         net (fo=1, routed)           1.207     1.207    design_1_i/processing_system7_0/inst/FCLK_CLK_unbuffered[0]
    BUFGCTRL_X0Y0        BUFG (Prop_bufg_I_O)         0.101     1.308 r  design_1_i/processing_system7_0/inst/buffer_fclk_clk_0.FCLK_CLK_0_BUFG/O
                         net (fo=17534, routed)       1.718     3.026    design_1_i/proc_sys_reset_0/U0/slowest_sync_clk
    SLICE_X0Y36          FDRE                                         r  design_1_i/proc_sys_reset_0/U0/ACTIVE_LOW_PR_OUT_DFF[0].FDRE_PER_N/C
  -------------------------------------------------------------------    -------------------
    SLICE_X0Y36          FDRE (Prop_fdre_C_Q)         0.518     3.544 r  design_1_i/proc_sys_reset_0/U0/ACTIVE_LOW_PR_OUT_DFF[0].FDRE_PER_N/Q
                         net (fo=88, routed)          3.314     6.858    design_1_i/Gaussian_filter_0/U0/top_resetn
    SLICE_X35Y51         LUT1 (Prop_lut1_I0_O)        0.124     6.982 f  design_1_i/Gaussian_filter_0/U0/S_axis_Tready_in_reg_i_2/O
                         net (fo=10454, routed)      16.961    23.943    design_1_i/Gaussian_filter_0/U0/S_axis_Tready_in_reg_i_2_n_0
    SLICE_X24Y96         FDCE                                         f  design_1_i/Gaussian_filter_0/U0/t_line_mem_2_reg[229][5]/CLR
  -------------------------------------------------------------------    -------------------

                         (clock clk_fpga_0 rise edge)
                                                     40.000    40.000 r  
    PS7_X0Y0             PS7                          0.000    40.000 r  design_1_i/processing_system7_0/inst/PS7_i/FCLKCLK[0]
                         net (fo=1, routed)           1.101    41.101    design_1_i/processing_system7_0/inst/FCLK_CLK_unbuffered[0]
    BUFGCTRL_X0Y0        BUFG (Prop_bufg_I_O)         0.091    41.192 r  design_1_i/processing_system7_0/inst/buffer_fclk_clk_0.FCLK_CLK_0_BUFG/O
                         net (fo=17534, routed)       1.485    42.677    design_1_i/Gaussian_filter_0/U0/clk
    SLICE_X24Y96         FDCE                                         r  design_1_i/Gaussian_filter_0/U0/t_line_mem_2_reg[229][5]/C
                         clock pessimism              0.116    42.793    
                         clock uncertainty           -0.601    42.192    
    SLICE_X24Y96         FDCE (Recov_fdce_C_CLR)     -0.319    41.873    design_1_i/Gaussian_filter_0/U0/t_line_mem_2_reg[229][5]
  -------------------------------------------------------------------
                         required time                         41.873    
                         arrival time                         -23.943    
  -------------------------------------------------------------------
                         slack                                 17.930    

Slack (MET) :             17.930ns  (required time - arrival time)
  Source:                 design_1_i/proc_sys_reset_0/U0/ACTIVE_LOW_PR_OUT_DFF[0].FDRE_PER_N/C
                            (rising edge-triggered cell FDRE clocked by clk_fpga_0  {rise@0.000ns fall@20.000ns period=40.000ns})
  Destination:            design_1_i/Gaussian_filter_0/U0/t_line_mem_2_reg[229][6]/CLR
                            (recovery check against rising-edge clock clk_fpga_0  {rise@0.000ns fall@20.000ns period=40.000ns})
  Path Group:             **async_default**
  Path Type:              Recovery (Max at Slow Process Corner)
  Requirement:            40.000ns  (clk_fpga_0 rise@40.000ns - clk_fpga_0 rise@0.000ns)
  Data Path Delay:        20.917ns  (logic 0.642ns (3.069%)  route 20.275ns (96.931%))
  Logic Levels:           1  (LUT1=1)
  Clock Path Skew:        -0.233ns (DCD - SCD + CPR)
    Destination Clock Delay (DCD):    2.677ns = ( 42.677 - 40.000 ) 
    Source Clock Delay      (SCD):    3.026ns
    Clock Pessimism Removal (CPR):    0.116ns
  Clock Uncertainty:      0.601ns  ((TSJ^2 + TIJ^2)^1/2 + DJ) / 2 + PE
    Total System Jitter     (TSJ):    0.071ns
    Total Input Jitter      (TIJ):    1.200ns
    Discrete Jitter          (DJ):    0.000ns
    Phase Error              (PE):    0.000ns

    Location             Delay type                Incr(ns)  Path(ns)    Netlist Resource(s)
  -------------------------------------------------------------------    -------------------
                         (clock clk_fpga_0 rise edge)
                                                      0.000     0.000 r  
    PS7_X0Y0             PS7                          0.000     0.000 r  design_1_i/processing_system7_0/inst/PS7_i/FCLKCLK[0]
                         net (fo=1, routed)           1.207     1.207    design_1_i/processing_system7_0/inst/FCLK_CLK_unbuffered[0]
    BUFGCTRL_X0Y0        BUFG (Prop_bufg_I_O)         0.101     1.308 r  design_1_i/processing_system7_0/inst/buffer_fclk_clk_0.FCLK_CLK_0_BUFG/O
                         net (fo=17534, routed)       1.718     3.026    design_1_i/proc_sys_reset_0/U0/slowest_sync_clk
    SLICE_X0Y36          FDRE                                         r  design_1_i/proc_sys_reset_0/U0/ACTIVE_LOW_PR_OUT_DFF[0].FDRE_PER_N/C
  -------------------------------------------------------------------    -------------------
    SLICE_X0Y36          FDRE (Prop_fdre_C_Q)         0.518     3.544 r  design_1_i/proc_sys_reset_0/U0/ACTIVE_LOW_PR_OUT_DFF[0].FDRE_PER_N/Q
                         net (fo=88, routed)          3.314     6.858    design_1_i/Gaussian_filter_0/U0/top_resetn
    SLICE_X35Y51         LUT1 (Prop_lut1_I0_O)        0.124     6.982 f  design_1_i/Gaussian_filter_0/U0/S_axis_Tready_in_reg_i_2/O
                         net (fo=10454, routed)      16.961    23.943    design_1_i/Gaussian_filter_0/U0/S_axis_Tready_in_reg_i_2_n_0
    SLICE_X24Y96         FDCE                                         f  design_1_i/Gaussian_filter_0/U0/t_line_mem_2_reg[229][6]/CLR
  -------------------------------------------------------------------    -------------------

                         (clock clk_fpga_0 rise edge)
                                                     40.000    40.000 r  
    PS7_X0Y0             PS7                          0.000    40.000 r  design_1_i/processing_system7_0/inst/PS7_i/FCLKCLK[0]
                         net (fo=1, routed)           1.101    41.101    design_1_i/processing_system7_0/inst/FCLK_CLK_unbuffered[0]
    BUFGCTRL_X0Y0        BUFG (Prop_bufg_I_O)         0.091    41.192 r  design_1_i/processing_system7_0/inst/buffer_fclk_clk_0.FCLK_CLK_0_BUFG/O
                         net (fo=17534, routed)       1.485    42.677    design_1_i/Gaussian_filter_0/U0/clk
    SLICE_X24Y96         FDCE                                         r  design_1_i/Gaussian_filter_0/U0/t_line_mem_2_reg[229][6]/C
                         clock pessimism              0.116    42.793    
                         clock uncertainty           -0.601    42.192    
    SLICE_X24Y96         FDCE (Recov_fdce_C_CLR)     -0.319    41.873    design_1_i/Gaussian_filter_0/U0/t_line_mem_2_reg[229][6]
  -------------------------------------------------------------------
                         required time                         41.873    
                         arrival time                         -23.943    
  -------------------------------------------------------------------
                         slack                                 17.930    





Min Delay Paths
--------------------------------------------------------------------------------------
Slack (MET) :             0.483ns  (arrival time - required time)
  Source:                 design_1_i/ps7_0_axi_periph/m01_couplers/auto_ds/inst/gen_downsizer.gen_cascaded_downsizer.gen_axi3_conv.axi3_conv_inst/gen_axi4_axi3.axi3_conv_inst/USE_READ.USE_SPLIT_R.read_addr_inst/USE_R_CHANNEL.cmd_queue/inst/fifo_gen_inst/inst_fifo_gen/gconvfifo.rf/grf.rf/rstblk/ngwrdrst.grst.g7serrst.gnsckt_wrst.gcc_rst.sckt_wr_rst_cc_reg[1]/C
                            (rising edge-triggered cell FDRE clocked by clk_fpga_0  {rise@0.000ns fall@20.000ns period=40.000ns})
  Destination:            design_1_i/ps7_0_axi_periph/m01_couplers/auto_ds/inst/gen_downsizer.gen_cascaded_downsizer.gen_axi3_conv.axi3_conv_inst/gen_axi4_axi3.axi3_conv_inst/USE_READ.USE_SPLIT_R.read_addr_inst/USE_R_CHANNEL.cmd_queue/inst/fifo_gen_inst/inst_fifo_gen/gconvfifo.rf/grf.rf/gntv_or_sync_fifo.gl0.wr/wpntr/gcc0.gc0.count_d1_reg[2]/CLR
                            (removal check against rising-edge clock clk_fpga_0  {rise@0.000ns fall@20.000ns period=40.000ns})
  Path Group:             **async_default**
  Path Type:              Removal (Min at Fast Process Corner)
  Requirement:            0.000ns  (clk_fpga_0 rise@0.000ns - clk_fpga_0 rise@0.000ns)
  Data Path Delay:        0.685ns  (logic 0.186ns (27.159%)  route 0.499ns (72.841%))
  Logic Levels:           1  (LUT3=1)
  Clock Path Skew:        0.268ns (DCD - SCD - CPR)
    Destination Clock Delay (DCD):    1.202ns
    Source Clock Delay      (SCD):    0.900ns
    Clock Pessimism Removal (CPR):    0.034ns

    Location             Delay type                Incr(ns)  Path(ns)    Netlist Resource(s)
  -------------------------------------------------------------------    -------------------
                         (clock clk_fpga_0 rise edge)
                                                      0.000     0.000 r  
    PS7_X0Y0             PS7                          0.000     0.000 r  design_1_i/processing_system7_0/inst/PS7_i/FCLKCLK[0]
                         net (fo=1, routed)           0.315     0.315    design_1_i/processing_system7_0/inst/FCLK_CLK_unbuffered[0]
    BUFGCTRL_X0Y0        BUFG (Prop_bufg_I_O)         0.026     0.341 r  design_1_i/processing_system7_0/inst/buffer_fclk_clk_0.FCLK_CLK_0_BUFG/O
                         net (fo=17534, routed)       0.559     0.900    design_1_i/ps7_0_axi_periph/m01_couplers/auto_ds/inst/gen_downsizer.gen_cascaded_downsizer.gen_axi3_conv.axi3_conv_inst/gen_axi4_axi3.axi3_conv_inst/USE_READ.USE_SPLIT_R.read_addr_inst/USE_R_CHANNEL.cmd_queue/inst/fifo_gen_inst/inst_fifo_gen/gconvfifo.rf/grf.rf/rstblk/clk
    SLICE_X22Y7          FDRE                                         r  design_1_i/ps7_0_axi_periph/m01_couplers/auto_ds/inst/gen_downsizer.gen_cascaded_downsizer.gen_axi3_conv.axi3_conv_inst/gen_axi4_axi3.axi3_conv_inst/USE_READ.USE_SPLIT_R.read_addr_inst/USE_R_CHANNEL.cmd_queue/inst/fifo_gen_inst/inst_fifo_gen/gconvfifo.rf/grf.rf/rstblk/ngwrdrst.grst.g7serrst.gnsckt_wrst.gcc_rst.sckt_wr_rst_cc_reg[1]/C
  -------------------------------------------------------------------    -------------------
    SLICE_X22Y7          FDRE (Prop_fdre_C_Q)         0.141     1.041 f  design_1_i/ps7_0_axi_periph/m01_couplers/auto_ds/inst/gen_downsizer.gen_cascaded_downsizer.gen_axi3_conv.axi3_conv_inst/gen_axi4_axi3.axi3_conv_inst/USE_READ.USE_SPLIT_R.read_addr_inst/USE_R_CHANNEL.cmd_queue/inst/fifo_gen_inst/inst_fifo_gen/gconvfifo.rf/grf.rf/rstblk/ngwrdrst.grst.g7serrst.gnsckt_wrst.gcc_rst.sckt_wr_rst_cc_reg[1]/Q
                         net (fo=1, routed)           0.309     1.349    design_1_i/ps7_0_axi_periph/m01_couplers/auto_ds/inst/gen_downsizer.gen_cascaded_downsizer.gen_axi3_conv.axi3_conv_inst/gen_axi4_axi3.axi3_conv_inst/USE_READ.USE_SPLIT_R.read_addr_inst/USE_R_CHANNEL.cmd_queue/inst/fifo_gen_inst/inst_fifo_gen/gconvfifo.rf/grf.rf/rstblk/sckt_wr_rst_cc[1]
    SLICE_X18Y2          LUT3 (Prop_lut3_I0_O)        0.045     1.394 f  design_1_i/ps7_0_axi_periph/m01_couplers/auto_ds/inst/gen_downsizer.gen_cascaded_downsizer.gen_axi3_conv.axi3_conv_inst/gen_axi4_axi3.axi3_conv_inst/USE_READ.USE_SPLIT_R.read_addr_inst/USE_R_CHANNEL.cmd_queue/inst/fifo_gen_inst/inst_fifo_gen/gconvfifo.rf/grf.rf/rstblk/gpregsm1.curr_fwft_state[1]_i_2/O
                         net (fo=33, routed)          0.190     1.584    design_1_i/ps7_0_axi_periph/m01_couplers/auto_ds/inst/gen_downsizer.gen_cascaded_downsizer.gen_axi3_conv.axi3_conv_inst/gen_axi4_axi3.axi3_conv_inst/USE_READ.USE_SPLIT_R.read_addr_inst/USE_R_CHANNEL.cmd_queue/inst/fifo_gen_inst/inst_fifo_gen/gconvfifo.rf/grf.rf/gntv_or_sync_fifo.gl0.wr/wpntr/gcc0.gc0.count_d1_reg[0]_0
    SLICE_X16Y1          FDCE                                         f  design_1_i/ps7_0_axi_periph/m01_couplers/auto_ds/inst/gen_downsizer.gen_cascaded_downsizer.gen_axi3_conv.axi3_conv_inst/gen_axi4_axi3.axi3_conv_inst/USE_READ.USE_SPLIT_R.read_addr_inst/USE_R_CHANNEL.cmd_queue/inst/fifo_gen_inst/inst_fifo_gen/gconvfifo.rf/grf.rf/gntv_or_sync_fifo.gl0.wr/wpntr/gcc0.gc0.count_d1_reg[2]/CLR
  -------------------------------------------------------------------    -------------------

                         (clock clk_fpga_0 rise edge)
                                                      0.000     0.000 r  
    PS7_X0Y0             PS7                          0.000     0.000 r  design_1_i/processing_system7_0/inst/PS7_i/FCLKCLK[0]
                         net (fo=1, routed)           0.341     0.341    design_1_i/processing_system7_0/inst/FCLK_CLK_unbuffered[0]
    BUFGCTRL_X0Y0        BUFG (Prop_bufg_I_O)         0.029     0.370 r  design_1_i/processing_system7_0/inst/buffer_fclk_clk_0.FCLK_CLK_0_BUFG/O
                         net (fo=17534, routed)       0.832     1.202    design_1_i/ps7_0_axi_periph/m01_couplers/auto_ds/inst/gen_downsizer.gen_cascaded_downsizer.gen_axi3_conv.axi3_conv_inst/gen_axi4_axi3.axi3_conv_inst/USE_READ.USE_SPLIT_R.read_addr_inst/USE_R_CHANNEL.cmd_queue/inst/fifo_gen_inst/inst_fifo_gen/gconvfifo.rf/grf.rf/gntv_or_sync_fifo.gl0.wr/wpntr/clk
    SLICE_X16Y1          FDCE                                         r  design_1_i/ps7_0_axi_periph/m01_couplers/auto_ds/inst/gen_downsizer.gen_cascaded_downsizer.gen_axi3_conv.axi3_conv_inst/gen_axi4_axi3.axi3_conv_inst/USE_READ.USE_SPLIT_R.read_addr_inst/USE_R_CHANNEL.cmd_queue/inst/fifo_gen_inst/inst_fifo_gen/gconvfifo.rf/grf.rf/gntv_or_sync_fifo.gl0.wr/wpntr/gcc0.gc0.count_d1_reg[2]/C
                         clock pessimism             -0.034     1.168    
    SLICE_X16Y1          FDCE (Remov_fdce_C_CLR)     -0.067     1.101    design_1_i/ps7_0_axi_periph/m01_couplers/auto_ds/inst/gen_downsizer.gen_cascaded_downsizer.gen_axi3_conv.axi3_conv_inst/gen_axi4_axi3.axi3_conv_inst/USE_READ.USE_SPLIT_R.read_addr_inst/USE_R_CHANNEL.cmd_queue/inst/fifo_gen_inst/inst_fifo_gen/gconvfifo.rf/grf.rf/gntv_or_sync_fifo.gl0.wr/wpntr/gcc0.gc0.count_d1_reg[2]
  -------------------------------------------------------------------
                         required time                         -1.101    
                         arrival time                           1.584    
  -------------------------------------------------------------------
                         slack                                  0.483    

Slack (MET) :             0.483ns  (arrival time - required time)
  Source:                 design_1_i/ps7_0_axi_periph/m01_couplers/auto_ds/inst/gen_downsizer.gen_cascaded_downsizer.gen_axi3_conv.axi3_conv_inst/gen_axi4_axi3.axi3_conv_inst/USE_READ.USE_SPLIT_R.read_addr_inst/USE_R_CHANNEL.cmd_queue/inst/fifo_gen_inst/inst_fifo_gen/gconvfifo.rf/grf.rf/rstblk/ngwrdrst.grst.g7serrst.gnsckt_wrst.gcc_rst.sckt_wr_rst_cc_reg[1]/C
                            (rising edge-triggered cell FDRE clocked by clk_fpga_0  {rise@0.000ns fall@20.000ns period=40.000ns})
  Destination:            design_1_i/ps7_0_axi_periph/m01_couplers/auto_ds/inst/gen_downsizer.gen_cascaded_downsizer.gen_axi3_conv.axi3_conv_inst/gen_axi4_axi3.axi3_conv_inst/USE_READ.USE_SPLIT_R.read_addr_inst/USE_R_CHANNEL.cmd_queue/inst/fifo_gen_inst/inst_fifo_gen/gconvfifo.rf/grf.rf/gntv_or_sync_fifo.gl0.wr/wpntr/gcc0.gc0.count_d1_reg[3]/CLR
                            (removal check against rising-edge clock clk_fpga_0  {rise@0.000ns fall@20.000ns period=40.000ns})
  Path Group:             **async_default**
  Path Type:              Removal (Min at Fast Process Corner)
  Requirement:            0.000ns  (clk_fpga_0 rise@0.000ns - clk_fpga_0 rise@0.000ns)
  Data Path Delay:        0.685ns  (logic 0.186ns (27.159%)  route 0.499ns (72.841%))
  Logic Levels:           1  (LUT3=1)
  Clock Path Skew:        0.268ns (DCD - SCD - CPR)
    Destination Clock Delay (DCD):    1.202ns
    Source Clock Delay      (SCD):    0.900ns
    Clock Pessimism Removal (CPR):    0.034ns

    Location             Delay type                Incr(ns)  Path(ns)    Netlist Resource(s)
  -------------------------------------------------------------------    -------------------
                         (clock clk_fpga_0 rise edge)
                                                      0.000     0.000 r  
    PS7_X0Y0             PS7                          0.000     0.000 r  design_1_i/processing_system7_0/inst/PS7_i/FCLKCLK[0]
                         net (fo=1, routed)           0.315     0.315    design_1_i/processing_system7_0/inst/FCLK_CLK_unbuffered[0]
    BUFGCTRL_X0Y0        BUFG (Prop_bufg_I_O)         0.026     0.341 r  design_1_i/processing_system7_0/inst/buffer_fclk_clk_0.FCLK_CLK_0_BUFG/O
                         net (fo=17534, routed)       0.559     0.900    design_1_i/ps7_0_axi_periph/m01_couplers/auto_ds/inst/gen_downsizer.gen_cascaded_downsizer.gen_axi3_conv.axi3_conv_inst/gen_axi4_axi3.axi3_conv_inst/USE_READ.USE_SPLIT_R.read_addr_inst/USE_R_CHANNEL.cmd_queue/inst/fifo_gen_inst/inst_fifo_gen/gconvfifo.rf/grf.rf/rstblk/clk
    SLICE_X22Y7          FDRE                                         r  design_1_i/ps7_0_axi_periph/m01_couplers/auto_ds/inst/gen_downsizer.gen_cascaded_downsizer.gen_axi3_conv.axi3_conv_inst/gen_axi4_axi3.axi3_conv_inst/USE_READ.USE_SPLIT_R.read_addr_inst/USE_R_CHANNEL.cmd_queue/inst/fifo_gen_inst/inst_fifo_gen/gconvfifo.rf/grf.rf/rstblk/ngwrdrst.grst.g7serrst.gnsckt_wrst.gcc_rst.sckt_wr_rst_cc_reg[1]/C
  -------------------------------------------------------------------    -------------------
    SLICE_X22Y7          FDRE (Prop_fdre_C_Q)         0.141     1.041 f  design_1_i/ps7_0_axi_periph/m01_couplers/auto_ds/inst/gen_downsizer.gen_cascaded_downsizer.gen_axi3_conv.axi3_conv_inst/gen_axi4_axi3.axi3_conv_inst/USE_READ.USE_SPLIT_R.read_addr_inst/USE_R_CHANNEL.cmd_queue/inst/fifo_gen_inst/inst_fifo_gen/gconvfifo.rf/grf.rf/rstblk/ngwrdrst.grst.g7serrst.gnsckt_wrst.gcc_rst.sckt_wr_rst_cc_reg[1]/Q
                         net (fo=1, routed)           0.309     1.349    design_1_i/ps7_0_axi_periph/m01_couplers/auto_ds/inst/gen_downsizer.gen_cascaded_downsizer.gen_axi3_conv.axi3_conv_inst/gen_axi4_axi3.axi3_conv_inst/USE_READ.USE_SPLIT_R.read_addr_inst/USE_R_CHANNEL.cmd_queue/inst/fifo_gen_inst/inst_fifo_gen/gconvfifo.rf/grf.rf/rstblk/sckt_wr_rst_cc[1]
    SLICE_X18Y2          LUT3 (Prop_lut3_I0_O)        0.045     1.394 f  design_1_i/ps7_0_axi_periph/m01_couplers/auto_ds/inst/gen_downsizer.gen_cascaded_downsizer.gen_axi3_conv.axi3_conv_inst/gen_axi4_axi3.axi3_conv_inst/USE_READ.USE_SPLIT_R.read_addr_inst/USE_R_CHANNEL.cmd_queue/inst/fifo_gen_inst/inst_fifo_gen/gconvfifo.rf/grf.rf/rstblk/gpregsm1.curr_fwft_state[1]_i_2/O
                         net (fo=33, routed)          0.190     1.584    design_1_i/ps7_0_axi_periph/m01_couplers/auto_ds/inst/gen_downsizer.gen_cascaded_downsizer.gen_axi3_conv.axi3_conv_inst/gen_axi4_axi3.axi3_conv_inst/USE_READ.USE_SPLIT_R.read_addr_inst/USE_R_CHANNEL.cmd_queue/inst/fifo_gen_inst/inst_fifo_gen/gconvfifo.rf/grf.rf/gntv_or_sync_fifo.gl0.wr/wpntr/gcc0.gc0.count_d1_reg[0]_0
    SLICE_X16Y1          FDCE                                         f  design_1_i/ps7_0_axi_periph/m01_couplers/auto_ds/inst/gen_downsizer.gen_cascaded_downsizer.gen_axi3_conv.axi3_conv_inst/gen_axi4_axi3.axi3_conv_inst/USE_READ.USE_SPLIT_R.read_addr_inst/USE_R_CHANNEL.cmd_queue/inst/fifo_gen_inst/inst_fifo_gen/gconvfifo.rf/grf.rf/gntv_or_sync_fifo.gl0.wr/wpntr/gcc0.gc0.count_d1_reg[3]/CLR
  -------------------------------------------------------------------    -------------------

                         (clock clk_fpga_0 rise edge)
                                                      0.000     0.000 r  
    PS7_X0Y0             PS7                          0.000     0.000 r  design_1_i/processing_system7_0/inst/PS7_i/FCLKCLK[0]
                         net (fo=1, routed)           0.341     0.341    design_1_i/processing_system7_0/inst/FCLK_CLK_unbuffered[0]
    BUFGCTRL_X0Y0        BUFG (Prop_bufg_I_O)         0.029     0.370 r  design_1_i/processing_system7_0/inst/buffer_fclk_clk_0.FCLK_CLK_0_BUFG/O
                         net (fo=17534, routed)       0.832     1.202    design_1_i/ps7_0_axi_periph/m01_couplers/auto_ds/inst/gen_downsizer.gen_cascaded_downsizer.gen_axi3_conv.axi3_conv_inst/gen_axi4_axi3.axi3_conv_inst/USE_READ.USE_SPLIT_R.read_addr_inst/USE_R_CHANNEL.cmd_queue/inst/fifo_gen_inst/inst_fifo_gen/gconvfifo.rf/grf.rf/gntv_or_sync_fifo.gl0.wr/wpntr/clk
    SLICE_X16Y1          FDCE                                         r  design_1_i/ps7_0_axi_periph/m01_couplers/auto_ds/inst/gen_downsizer.gen_cascaded_downsizer.gen_axi3_conv.axi3_conv_inst/gen_axi4_axi3.axi3_conv_inst/USE_READ.USE_SPLIT_R.read_addr_inst/USE_R_CHANNEL.cmd_queue/inst/fifo_gen_inst/inst_fifo_gen/gconvfifo.rf/grf.rf/gntv_or_sync_fifo.gl0.wr/wpntr/gcc0.gc0.count_d1_reg[3]/C
                         clock pessimism             -0.034     1.168    
    SLICE_X16Y1          FDCE (Remov_fdce_C_CLR)     -0.067     1.101    design_1_i/ps7_0_axi_periph/m01_couplers/auto_ds/inst/gen_downsizer.gen_cascaded_downsizer.gen_axi3_conv.axi3_conv_inst/gen_axi4_axi3.axi3_conv_inst/USE_READ.USE_SPLIT_R.read_addr_inst/USE_R_CHANNEL.cmd_queue/inst/fifo_gen_inst/inst_fifo_gen/gconvfifo.rf/grf.rf/gntv_or_sync_fifo.gl0.wr/wpntr/gcc0.gc0.count_d1_reg[3]
  -------------------------------------------------------------------
                         required time                         -1.101    
                         arrival time                           1.584    
  -------------------------------------------------------------------
                         slack                                  0.483    

Slack (MET) :             0.483ns  (arrival time - required time)
  Source:                 design_1_i/ps7_0_axi_periph/m01_couplers/auto_ds/inst/gen_downsizer.gen_cascaded_downsizer.gen_axi3_conv.axi3_conv_inst/gen_axi4_axi3.axi3_conv_inst/USE_READ.USE_SPLIT_R.read_addr_inst/USE_R_CHANNEL.cmd_queue/inst/fifo_gen_inst/inst_fifo_gen/gconvfifo.rf/grf.rf/rstblk/ngwrdrst.grst.g7serrst.gnsckt_wrst.gcc_rst.sckt_wr_rst_cc_reg[1]/C
                            (rising edge-triggered cell FDRE clocked by clk_fpga_0  {rise@0.000ns fall@20.000ns period=40.000ns})
  Destination:            design_1_i/ps7_0_axi_periph/m01_couplers/auto_ds/inst/gen_downsizer.gen_cascaded_downsizer.gen_axi3_conv.axi3_conv_inst/gen_axi4_axi3.axi3_conv_inst/USE_READ.USE_SPLIT_R.read_addr_inst/USE_R_CHANNEL.cmd_queue/inst/fifo_gen_inst/inst_fifo_gen/gconvfifo.rf/grf.rf/gntv_or_sync_fifo.gl0.wr/wpntr/gcc0.gc0.count_d1_reg[4]/CLR
                            (removal check against rising-edge clock clk_fpga_0  {rise@0.000ns fall@20.000ns period=40.000ns})
  Path Group:             **async_default**
  Path Type:              Removal (Min at Fast Process Corner)
  Requirement:            0.000ns  (clk_fpga_0 rise@0.000ns - clk_fpga_0 rise@0.000ns)
  Data Path Delay:        0.685ns  (logic 0.186ns (27.159%)  route 0.499ns (72.841%))
  Logic Levels:           1  (LUT3=1)
  Clock Path Skew:        0.268ns (DCD - SCD - CPR)
    Destination Clock Delay (DCD):    1.202ns
    Source Clock Delay      (SCD):    0.900ns
    Clock Pessimism Removal (CPR):    0.034ns

    Location             Delay type                Incr(ns)  Path(ns)    Netlist Resource(s)
  -------------------------------------------------------------------    -------------------
                         (clock clk_fpga_0 rise edge)
                                                      0.000     0.000 r  
    PS7_X0Y0             PS7                          0.000     0.000 r  design_1_i/processing_system7_0/inst/PS7_i/FCLKCLK[0]
                         net (fo=1, routed)           0.315     0.315    design_1_i/processing_system7_0/inst/FCLK_CLK_unbuffered[0]
    BUFGCTRL_X0Y0        BUFG (Prop_bufg_I_O)         0.026     0.341 r  design_1_i/processing_system7_0/inst/buffer_fclk_clk_0.FCLK_CLK_0_BUFG/O
                         net (fo=17534, routed)       0.559     0.900    design_1_i/ps7_0_axi_periph/m01_couplers/auto_ds/inst/gen_downsizer.gen_cascaded_downsizer.gen_axi3_conv.axi3_conv_inst/gen_axi4_axi3.axi3_conv_inst/USE_READ.USE_SPLIT_R.read_addr_inst/USE_R_CHANNEL.cmd_queue/inst/fifo_gen_inst/inst_fifo_gen/gconvfifo.rf/grf.rf/rstblk/clk
    SLICE_X22Y7          FDRE                                         r  design_1_i/ps7_0_axi_periph/m01_couplers/auto_ds/inst/gen_downsizer.gen_cascaded_downsizer.gen_axi3_conv.axi3_conv_inst/gen_axi4_axi3.axi3_conv_inst/USE_READ.USE_SPLIT_R.read_addr_inst/USE_R_CHANNEL.cmd_queue/inst/fifo_gen_inst/inst_fifo_gen/gconvfifo.rf/grf.rf/rstblk/ngwrdrst.grst.g7serrst.gnsckt_wrst.gcc_rst.sckt_wr_rst_cc_reg[1]/C
  -------------------------------------------------------------------    -------------------
    SLICE_X22Y7          FDRE (Prop_fdre_C_Q)         0.141     1.041 f  design_1_i/ps7_0_axi_periph/m01_couplers/auto_ds/inst/gen_downsizer.gen_cascaded_downsizer.gen_axi3_conv.axi3_conv_inst/gen_axi4_axi3.axi3_conv_inst/USE_READ.USE_SPLIT_R.read_addr_inst/USE_R_CHANNEL.cmd_queue/inst/fifo_gen_inst/inst_fifo_gen/gconvfifo.rf/grf.rf/rstblk/ngwrdrst.grst.g7serrst.gnsckt_wrst.gcc_rst.sckt_wr_rst_cc_reg[1]/Q
                         net (fo=1, routed)           0.309     1.349    design_1_i/ps7_0_axi_periph/m01_couplers/auto_ds/inst/gen_downsizer.gen_cascaded_downsizer.gen_axi3_conv.axi3_conv_inst/gen_axi4_axi3.axi3_conv_inst/USE_READ.USE_SPLIT_R.read_addr_inst/USE_R_CHANNEL.cmd_queue/inst/fifo_gen_inst/inst_fifo_gen/gconvfifo.rf/grf.rf/rstblk/sckt_wr_rst_cc[1]
    SLICE_X18Y2          LUT3 (Prop_lut3_I0_O)        0.045     1.394 f  design_1_i/ps7_0_axi_periph/m01_couplers/auto_ds/inst/gen_downsizer.gen_cascaded_downsizer.gen_axi3_conv.axi3_conv_inst/gen_axi4_axi3.axi3_conv_inst/USE_READ.USE_SPLIT_R.read_addr_inst/USE_R_CHANNEL.cmd_queue/inst/fifo_gen_inst/inst_fifo_gen/gconvfifo.rf/grf.rf/rstblk/gpregsm1.curr_fwft_state[1]_i_2/O
                         net (fo=33, routed)          0.190     1.584    design_1_i/ps7_0_axi_periph/m01_couplers/auto_ds/inst/gen_downsizer.gen_cascaded_downsizer.gen_axi3_conv.axi3_conv_inst/gen_axi4_axi3.axi3_conv_inst/USE_READ.USE_SPLIT_R.read_addr_inst/USE_R_CHANNEL.cmd_queue/inst/fifo_gen_inst/inst_fifo_gen/gconvfifo.rf/grf.rf/gntv_or_sync_fifo.gl0.wr/wpntr/gcc0.gc0.count_d1_reg[0]_0
    SLICE_X16Y1          FDCE                                         f  design_1_i/ps7_0_axi_periph/m01_couplers/auto_ds/inst/gen_downsizer.gen_cascaded_downsizer.gen_axi3_conv.axi3_conv_inst/gen_axi4_axi3.axi3_conv_inst/USE_READ.USE_SPLIT_R.read_addr_inst/USE_R_CHANNEL.cmd_queue/inst/fifo_gen_inst/inst_fifo_gen/gconvfifo.rf/grf.rf/gntv_or_sync_fifo.gl0.wr/wpntr/gcc0.gc0.count_d1_reg[4]/CLR
  -------------------------------------------------------------------    -------------------

                         (clock clk_fpga_0 rise edge)
                                                      0.000     0.000 r  
    PS7_X0Y0             PS7                          0.000     0.000 r  design_1_i/processing_system7_0/inst/PS7_i/FCLKCLK[0]
                         net (fo=1, routed)           0.341     0.341    design_1_i/processing_system7_0/inst/FCLK_CLK_unbuffered[0]
    BUFGCTRL_X0Y0        BUFG (Prop_bufg_I_O)         0.029     0.370 r  design_1_i/processing_system7_0/inst/buffer_fclk_clk_0.FCLK_CLK_0_BUFG/O
                         net (fo=17534, routed)       0.832     1.202    design_1_i/ps7_0_axi_periph/m01_couplers/auto_ds/inst/gen_downsizer.gen_cascaded_downsizer.gen_axi3_conv.axi3_conv_inst/gen_axi4_axi3.axi3_conv_inst/USE_READ.USE_SPLIT_R.read_addr_inst/USE_R_CHANNEL.cmd_queue/inst/fifo_gen_inst/inst_fifo_gen/gconvfifo.rf/grf.rf/gntv_or_sync_fifo.gl0.wr/wpntr/clk
    SLICE_X16Y1          FDCE                                         r  design_1_i/ps7_0_axi_periph/m01_couplers/auto_ds/inst/gen_downsizer.gen_cascaded_downsizer.gen_axi3_conv.axi3_conv_inst/gen_axi4_axi3.axi3_conv_inst/USE_READ.USE_SPLIT_R.read_addr_inst/USE_R_CHANNEL.cmd_queue/inst/fifo_gen_inst/inst_fifo_gen/gconvfifo.rf/grf.rf/gntv_or_sync_fifo.gl0.wr/wpntr/gcc0.gc0.count_d1_reg[4]/C
                         clock pessimism             -0.034     1.168    
    SLICE_X16Y1          FDCE (Remov_fdce_C_CLR)     -0.067     1.101    design_1_i/ps7_0_axi_periph/m01_couplers/auto_ds/inst/gen_downsizer.gen_cascaded_downsizer.gen_axi3_conv.axi3_conv_inst/gen_axi4_axi3.axi3_conv_inst/USE_READ.USE_SPLIT_R.read_addr_inst/USE_R_CHANNEL.cmd_queue/inst/fifo_gen_inst/inst_fifo_gen/gconvfifo.rf/grf.rf/gntv_or_sync_fifo.gl0.wr/wpntr/gcc0.gc0.count_d1_reg[4]
  -------------------------------------------------------------------
                         required time                         -1.101    
                         arrival time                           1.584    
  -------------------------------------------------------------------
                         slack                                  0.483    

Slack (MET) :             0.483ns  (arrival time - required time)
  Source:                 design_1_i/ps7_0_axi_periph/m01_couplers/auto_ds/inst/gen_downsizer.gen_cascaded_downsizer.gen_axi3_conv.axi3_conv_inst/gen_axi4_axi3.axi3_conv_inst/USE_READ.USE_SPLIT_R.read_addr_inst/USE_R_CHANNEL.cmd_queue/inst/fifo_gen_inst/inst_fifo_gen/gconvfifo.rf/grf.rf/rstblk/ngwrdrst.grst.g7serrst.gnsckt_wrst.gcc_rst.sckt_wr_rst_cc_reg[1]/C
                            (rising edge-triggered cell FDRE clocked by clk_fpga_0  {rise@0.000ns fall@20.000ns period=40.000ns})
  Destination:            design_1_i/ps7_0_axi_periph/m01_couplers/auto_ds/inst/gen_downsizer.gen_cascaded_downsizer.gen_axi3_conv.axi3_conv_inst/gen_axi4_axi3.axi3_conv_inst/USE_READ.USE_SPLIT_R.read_addr_inst/USE_R_CHANNEL.cmd_queue/inst/fifo_gen_inst/inst_fifo_gen/gconvfifo.rf/grf.rf/gntv_or_sync_fifo.gl0.wr/wpntr/gcc0.gc0.count_reg[1]/CLR
                            (removal check against rising-edge clock clk_fpga_0  {rise@0.000ns fall@20.000ns period=40.000ns})
  Path Group:             **async_default**
  Path Type:              Removal (Min at Fast Process Corner)
  Requirement:            0.000ns  (clk_fpga_0 rise@0.000ns - clk_fpga_0 rise@0.000ns)
  Data Path Delay:        0.685ns  (logic 0.186ns (27.159%)  route 0.499ns (72.841%))
  Logic Levels:           1  (LUT3=1)
  Clock Path Skew:        0.268ns (DCD - SCD - CPR)
    Destination Clock Delay (DCD):    1.202ns
    Source Clock Delay      (SCD):    0.900ns
    Clock Pessimism Removal (CPR):    0.034ns

    Location             Delay type                Incr(ns)  Path(ns)    Netlist Resource(s)
  -------------------------------------------------------------------    -------------------
                         (clock clk_fpga_0 rise edge)
                                                      0.000     0.000 r  
    PS7_X0Y0             PS7                          0.000     0.000 r  design_1_i/processing_system7_0/inst/PS7_i/FCLKCLK[0]
                         net (fo=1, routed)           0.315     0.315    design_1_i/processing_system7_0/inst/FCLK_CLK_unbuffered[0]
    BUFGCTRL_X0Y0        BUFG (Prop_bufg_I_O)         0.026     0.341 r  design_1_i/processing_system7_0/inst/buffer_fclk_clk_0.FCLK_CLK_0_BUFG/O
                         net (fo=17534, routed)       0.559     0.900    design_1_i/ps7_0_axi_periph/m01_couplers/auto_ds/inst/gen_downsizer.gen_cascaded_downsizer.gen_axi3_conv.axi3_conv_inst/gen_axi4_axi3.axi3_conv_inst/USE_READ.USE_SPLIT_R.read_addr_inst/USE_R_CHANNEL.cmd_queue/inst/fifo_gen_inst/inst_fifo_gen/gconvfifo.rf/grf.rf/rstblk/clk
    SLICE_X22Y7          FDRE                                         r  design_1_i/ps7_0_axi_periph/m01_couplers/auto_ds/inst/gen_downsizer.gen_cascaded_downsizer.gen_axi3_conv.axi3_conv_inst/gen_axi4_axi3.axi3_conv_inst/USE_READ.USE_SPLIT_R.read_addr_inst/USE_R_CHANNEL.cmd_queue/inst/fifo_gen_inst/inst_fifo_gen/gconvfifo.rf/grf.rf/rstblk/ngwrdrst.grst.g7serrst.gnsckt_wrst.gcc_rst.sckt_wr_rst_cc_reg[1]/C
  -------------------------------------------------------------------    -------------------
    SLICE_X22Y7          FDRE (Prop_fdre_C_Q)         0.141     1.041 f  design_1_i/ps7_0_axi_periph/m01_couplers/auto_ds/inst/gen_downsizer.gen_cascaded_downsizer.gen_axi3_conv.axi3_conv_inst/gen_axi4_axi3.axi3_conv_inst/USE_READ.USE_SPLIT_R.read_addr_inst/USE_R_CHANNEL.cmd_queue/inst/fifo_gen_inst/inst_fifo_gen/gconvfifo.rf/grf.rf/rstblk/ngwrdrst.grst.g7serrst.gnsckt_wrst.gcc_rst.sckt_wr_rst_cc_reg[1]/Q
                         net (fo=1, routed)           0.309     1.349    design_1_i/ps7_0_axi_periph/m01_couplers/auto_ds/inst/gen_downsizer.gen_cascaded_downsizer.gen_axi3_conv.axi3_conv_inst/gen_axi4_axi3.axi3_conv_inst/USE_READ.USE_SPLIT_R.read_addr_inst/USE_R_CHANNEL.cmd_queue/inst/fifo_gen_inst/inst_fifo_gen/gconvfifo.rf/grf.rf/rstblk/sckt_wr_rst_cc[1]
    SLICE_X18Y2          LUT3 (Prop_lut3_I0_O)        0.045     1.394 f  design_1_i/ps7_0_axi_periph/m01_couplers/auto_ds/inst/gen_downsizer.gen_cascaded_downsizer.gen_axi3_conv.axi3_conv_inst/gen_axi4_axi3.axi3_conv_inst/USE_READ.USE_SPLIT_R.read_addr_inst/USE_R_CHANNEL.cmd_queue/inst/fifo_gen_inst/inst_fifo_gen/gconvfifo.rf/grf.rf/rstblk/gpregsm1.curr_fwft_state[1]_i_2/O
                         net (fo=33, routed)          0.190     1.584    design_1_i/ps7_0_axi_periph/m01_couplers/auto_ds/inst/gen_downsizer.gen_cascaded_downsizer.gen_axi3_conv.axi3_conv_inst/gen_axi4_axi3.axi3_conv_inst/USE_READ.USE_SPLIT_R.read_addr_inst/USE_R_CHANNEL.cmd_queue/inst/fifo_gen_inst/inst_fifo_gen/gconvfifo.rf/grf.rf/gntv_or_sync_fifo.gl0.wr/wpntr/gcc0.gc0.count_d1_reg[0]_0
    SLICE_X16Y1          FDCE                                         f  design_1_i/ps7_0_axi_periph/m01_couplers/auto_ds/inst/gen_downsizer.gen_cascaded_downsizer.gen_axi3_conv.axi3_conv_inst/gen_axi4_axi3.axi3_conv_inst/USE_READ.USE_SPLIT_R.read_addr_inst/USE_R_CHANNEL.cmd_queue/inst/fifo_gen_inst/inst_fifo_gen/gconvfifo.rf/grf.rf/gntv_or_sync_fifo.gl0.wr/wpntr/gcc0.gc0.count_reg[1]/CLR
  -------------------------------------------------------------------    -------------------

                         (clock clk_fpga_0 rise edge)
                                                      0.000     0.000 r  
    PS7_X0Y0             PS7                          0.000     0.000 r  design_1_i/processing_system7_0/inst/PS7_i/FCLKCLK[0]
                         net (fo=1, routed)           0.341     0.341    design_1_i/processing_system7_0/inst/FCLK_CLK_unbuffered[0]
    BUFGCTRL_X0Y0        BUFG (Prop_bufg_I_O)         0.029     0.370 r  design_1_i/processing_system7_0/inst/buffer_fclk_clk_0.FCLK_CLK_0_BUFG/O
                         net (fo=17534, routed)       0.832     1.202    design_1_i/ps7_0_axi_periph/m01_couplers/auto_ds/inst/gen_downsizer.gen_cascaded_downsizer.gen_axi3_conv.axi3_conv_inst/gen_axi4_axi3.axi3_conv_inst/USE_READ.USE_SPLIT_R.read_addr_inst/USE_R_CHANNEL.cmd_queue/inst/fifo_gen_inst/inst_fifo_gen/gconvfifo.rf/grf.rf/gntv_or_sync_fifo.gl0.wr/wpntr/clk
    SLICE_X16Y1          FDCE                                         r  design_1_i/ps7_0_axi_periph/m01_couplers/auto_ds/inst/gen_downsizer.gen_cascaded_downsizer.gen_axi3_conv.axi3_conv_inst/gen_axi4_axi3.axi3_conv_inst/USE_READ.USE_SPLIT_R.read_addr_inst/USE_R_CHANNEL.cmd_queue/inst/fifo_gen_inst/inst_fifo_gen/gconvfifo.rf/grf.rf/gntv_or_sync_fifo.gl0.wr/wpntr/gcc0.gc0.count_reg[1]/C
                         clock pessimism             -0.034     1.168    
    SLICE_X16Y1          FDCE (Remov_fdce_C_CLR)     -0.067     1.101    design_1_i/ps7_0_axi_periph/m01_couplers/auto_ds/inst/gen_downsizer.gen_cascaded_downsizer.gen_axi3_conv.axi3_conv_inst/gen_axi4_axi3.axi3_conv_inst/USE_READ.USE_SPLIT_R.read_addr_inst/USE_R_CHANNEL.cmd_queue/inst/fifo_gen_inst/inst_fifo_gen/gconvfifo.rf/grf.rf/gntv_or_sync_fifo.gl0.wr/wpntr/gcc0.gc0.count_reg[1]
  -------------------------------------------------------------------
                         required time                         -1.101    
                         arrival time                           1.584    
  -------------------------------------------------------------------
                         slack                                  0.483    

Slack (MET) :             0.483ns  (arrival time - required time)
  Source:                 design_1_i/ps7_0_axi_periph/m01_couplers/auto_ds/inst/gen_downsizer.gen_cascaded_downsizer.gen_axi3_conv.axi3_conv_inst/gen_axi4_axi3.axi3_conv_inst/USE_READ.USE_SPLIT_R.read_addr_inst/USE_R_CHANNEL.cmd_queue/inst/fifo_gen_inst/inst_fifo_gen/gconvfifo.rf/grf.rf/rstblk/ngwrdrst.grst.g7serrst.gnsckt_wrst.gcc_rst.sckt_wr_rst_cc_reg[1]/C
                            (rising edge-triggered cell FDRE clocked by clk_fpga_0  {rise@0.000ns fall@20.000ns period=40.000ns})
  Destination:            design_1_i/ps7_0_axi_periph/m01_couplers/auto_ds/inst/gen_downsizer.gen_cascaded_downsizer.gen_axi3_conv.axi3_conv_inst/gen_axi4_axi3.axi3_conv_inst/USE_READ.USE_SPLIT_R.read_addr_inst/USE_R_CHANNEL.cmd_queue/inst/fifo_gen_inst/inst_fifo_gen/gconvfifo.rf/grf.rf/gntv_or_sync_fifo.gl0.wr/wpntr/gcc0.gc0.count_reg[2]/CLR
                            (removal check against rising-edge clock clk_fpga_0  {rise@0.000ns fall@20.000ns period=40.000ns})
  Path Group:             **async_default**
  Path Type:              Removal (Min at Fast Process Corner)
  Requirement:            0.000ns  (clk_fpga_0 rise@0.000ns - clk_fpga_0 rise@0.000ns)
  Data Path Delay:        0.685ns  (logic 0.186ns (27.159%)  route 0.499ns (72.841%))
  Logic Levels:           1  (LUT3=1)
  Clock Path Skew:        0.268ns (DCD - SCD - CPR)
    Destination Clock Delay (DCD):    1.202ns
    Source Clock Delay      (SCD):    0.900ns
    Clock Pessimism Removal (CPR):    0.034ns

    Location             Delay type                Incr(ns)  Path(ns)    Netlist Resource(s)
  -------------------------------------------------------------------    -------------------
                         (clock clk_fpga_0 rise edge)
                                                      0.000     0.000 r  
    PS7_X0Y0             PS7                          0.000     0.000 r  design_1_i/processing_system7_0/inst/PS7_i/FCLKCLK[0]
                         net (fo=1, routed)           0.315     0.315    design_1_i/processing_system7_0/inst/FCLK_CLK_unbuffered[0]
    BUFGCTRL_X0Y0        BUFG (Prop_bufg_I_O)         0.026     0.341 r  design_1_i/processing_system7_0/inst/buffer_fclk_clk_0.FCLK_CLK_0_BUFG/O
                         net (fo=17534, routed)       0.559     0.900    design_1_i/ps7_0_axi_periph/m01_couplers/auto_ds/inst/gen_downsizer.gen_cascaded_downsizer.gen_axi3_conv.axi3_conv_inst/gen_axi4_axi3.axi3_conv_inst/USE_READ.USE_SPLIT_R.read_addr_inst/USE_R_CHANNEL.cmd_queue/inst/fifo_gen_inst/inst_fifo_gen/gconvfifo.rf/grf.rf/rstblk/clk
    SLICE_X22Y7          FDRE                                         r  design_1_i/ps7_0_axi_periph/m01_couplers/auto_ds/inst/gen_downsizer.gen_cascaded_downsizer.gen_axi3_conv.axi3_conv_inst/gen_axi4_axi3.axi3_conv_inst/USE_READ.USE_SPLIT_R.read_addr_inst/USE_R_CHANNEL.cmd_queue/inst/fifo_gen_inst/inst_fifo_gen/gconvfifo.rf/grf.rf/rstblk/ngwrdrst.grst.g7serrst.gnsckt_wrst.gcc_rst.sckt_wr_rst_cc_reg[1]/C
  -------------------------------------------------------------------    -------------------
    SLICE_X22Y7          FDRE (Prop_fdre_C_Q)         0.141     1.041 f  design_1_i/ps7_0_axi_periph/m01_couplers/auto_ds/inst/gen_downsizer.gen_cascaded_downsizer.gen_axi3_conv.axi3_conv_inst/gen_axi4_axi3.axi3_conv_inst/USE_READ.USE_SPLIT_R.read_addr_inst/USE_R_CHANNEL.cmd_queue/inst/fifo_gen_inst/inst_fifo_gen/gconvfifo.rf/grf.rf/rstblk/ngwrdrst.grst.g7serrst.gnsckt_wrst.gcc_rst.sckt_wr_rst_cc_reg[1]/Q
                         net (fo=1, routed)           0.309     1.349    design_1_i/ps7_0_axi_periph/m01_couplers/auto_ds/inst/gen_downsizer.gen_cascaded_downsizer.gen_axi3_conv.axi3_conv_inst/gen_axi4_axi3.axi3_conv_inst/USE_READ.USE_SPLIT_R.read_addr_inst/USE_R_CHANNEL.cmd_queue/inst/fifo_gen_inst/inst_fifo_gen/gconvfifo.rf/grf.rf/rstblk/sckt_wr_rst_cc[1]
    SLICE_X18Y2          LUT3 (Prop_lut3_I0_O)        0.045     1.394 f  design_1_i/ps7_0_axi_periph/m01_couplers/auto_ds/inst/gen_downsizer.gen_cascaded_downsizer.gen_axi3_conv.axi3_conv_inst/gen_axi4_axi3.axi3_conv_inst/USE_READ.USE_SPLIT_R.read_addr_inst/USE_R_CHANNEL.cmd_queue/inst/fifo_gen_inst/inst_fifo_gen/gconvfifo.rf/grf.rf/rstblk/gpregsm1.curr_fwft_state[1]_i_2/O
                         net (fo=33, routed)          0.190     1.584    design_1_i/ps7_0_axi_periph/m01_couplers/auto_ds/inst/gen_downsizer.gen_cascaded_downsizer.gen_axi3_conv.axi3_conv_inst/gen_axi4_axi3.axi3_conv_inst/USE_READ.USE_SPLIT_R.read_addr_inst/USE_R_CHANNEL.cmd_queue/inst/fifo_gen_inst/inst_fifo_gen/gconvfifo.rf/grf.rf/gntv_or_sync_fifo.gl0.wr/wpntr/gcc0.gc0.count_d1_reg[0]_0
    SLICE_X16Y1          FDCE                                         f  design_1_i/ps7_0_axi_periph/m01_couplers/auto_ds/inst/gen_downsizer.gen_cascaded_downsizer.gen_axi3_conv.axi3_conv_inst/gen_axi4_axi3.axi3_conv_inst/USE_READ.USE_SPLIT_R.read_addr_inst/USE_R_CHANNEL.cmd_queue/inst/fifo_gen_inst/inst_fifo_gen/gconvfifo.rf/grf.rf/gntv_or_sync_fifo.gl0.wr/wpntr/gcc0.gc0.count_reg[2]/CLR
  -------------------------------------------------------------------    -------------------

                         (clock clk_fpga_0 rise edge)
                                                      0.000     0.000 r  
    PS7_X0Y0             PS7                          0.000     0.000 r  design_1_i/processing_system7_0/inst/PS7_i/FCLKCLK[0]
                         net (fo=1, routed)           0.341     0.341    design_1_i/processing_system7_0/inst/FCLK_CLK_unbuffered[0]
    BUFGCTRL_X0Y0        BUFG (Prop_bufg_I_O)         0.029     0.370 r  design_1_i/processing_system7_0/inst/buffer_fclk_clk_0.FCLK_CLK_0_BUFG/O
                         net (fo=17534, routed)       0.832     1.202    design_1_i/ps7_0_axi_periph/m01_couplers/auto_ds/inst/gen_downsizer.gen_cascaded_downsizer.gen_axi3_conv.axi3_conv_inst/gen_axi4_axi3.axi3_conv_inst/USE_READ.USE_SPLIT_R.read_addr_inst/USE_R_CHANNEL.cmd_queue/inst/fifo_gen_inst/inst_fifo_gen/gconvfifo.rf/grf.rf/gntv_or_sync_fifo.gl0.wr/wpntr/clk
    SLICE_X16Y1          FDCE                                         r  design_1_i/ps7_0_axi_periph/m01_couplers/auto_ds/inst/gen_downsizer.gen_cascaded_downsizer.gen_axi3_conv.axi3_conv_inst/gen_axi4_axi3.axi3_conv_inst/USE_READ.USE_SPLIT_R.read_addr_inst/USE_R_CHANNEL.cmd_queue/inst/fifo_gen_inst/inst_fifo_gen/gconvfifo.rf/grf.rf/gntv_or_sync_fifo.gl0.wr/wpntr/gcc0.gc0.count_reg[2]/C
                         clock pessimism             -0.034     1.168    
    SLICE_X16Y1          FDCE (Remov_fdce_C_CLR)     -0.067     1.101    design_1_i/ps7_0_axi_periph/m01_couplers/auto_ds/inst/gen_downsizer.gen_cascaded_downsizer.gen_axi3_conv.axi3_conv_inst/gen_axi4_axi3.axi3_conv_inst/USE_READ.USE_SPLIT_R.read_addr_inst/USE_R_CHANNEL.cmd_queue/inst/fifo_gen_inst/inst_fifo_gen/gconvfifo.rf/grf.rf/gntv_or_sync_fifo.gl0.wr/wpntr/gcc0.gc0.count_reg[2]
  -------------------------------------------------------------------
                         required time                         -1.101    
                         arrival time                           1.584    
  -------------------------------------------------------------------
                         slack                                  0.483    

Slack (MET) :             0.487ns  (arrival time - required time)
  Source:                 design_1_i/ps7_0_axi_periph/m00_couplers/auto_ds/inst/gen_downsizer.gen_simple_downsizer.axi_downsizer_inst/USE_WRITE.write_addr_inst/cmd_queue/inst/fifo_gen_inst/inst_fifo_gen/gconvfifo.rf/grf.rf/rstblk/ngwrdrst.grst.g7serrst.gnsckt_wrst.rst_wr_reg2_inst/arststages_ff_reg[1]/C
                            (rising edge-triggered cell FDPE clocked by clk_fpga_0  {rise@0.000ns fall@20.000ns period=40.000ns})
  Destination:            design_1_i/ps7_0_axi_periph/m00_couplers/auto_ds/inst/gen_downsizer.gen_simple_downsizer.axi_downsizer_inst/USE_WRITE.write_addr_inst/cmd_queue/inst/fifo_gen_inst/inst_fifo_gen/gconvfifo.rf/grf.rf/gntv_or_sync_fifo.gl0.wr/wpntr/gcc0.gc0.count_reg[1]/CLR
                            (removal check against rising-edge clock clk_fpga_0  {rise@0.000ns fall@20.000ns period=40.000ns})
  Path Group:             **async_default**
  Path Type:              Removal (Min at Fast Process Corner)
  Requirement:            0.000ns  (clk_fpga_0 rise@0.000ns - clk_fpga_0 rise@0.000ns)
  Data Path Delay:        0.653ns  (logic 0.227ns (34.783%)  route 0.426ns (65.217%))
  Logic Levels:           1  (LUT3=1)
  Clock Path Skew:        0.257ns (DCD - SCD - CPR)
    Destination Clock Delay (DCD):    1.187ns
    Source Clock Delay      (SCD):    0.896ns
    Clock Pessimism Removal (CPR):    0.034ns

    Location             Delay type                Incr(ns)  Path(ns)    Netlist Resource(s)
  -------------------------------------------------------------------    -------------------
                         (clock clk_fpga_0 rise edge)
                                                      0.000     0.000 r  
    PS7_X0Y0             PS7                          0.000     0.000 r  design_1_i/processing_system7_0/inst/PS7_i/FCLKCLK[0]
                         net (fo=1, routed)           0.315     0.315    design_1_i/processing_system7_0/inst/FCLK_CLK_unbuffered[0]
    BUFGCTRL_X0Y0        BUFG (Prop_bufg_I_O)         0.026     0.341 r  design_1_i/processing_system7_0/inst/buffer_fclk_clk_0.FCLK_CLK_0_BUFG/O
                         net (fo=17534, routed)       0.555     0.896    design_1_i/ps7_0_axi_periph/m00_couplers/auto_ds/inst/gen_downsizer.gen_simple_downsizer.axi_downsizer_inst/USE_WRITE.write_addr_inst/cmd_queue/inst/fifo_gen_inst/inst_fifo_gen/gconvfifo.rf/grf.rf/rstblk/ngwrdrst.grst.g7serrst.gnsckt_wrst.rst_wr_reg2_inst/dest_clk
    SLICE_X23Y33         FDPE                                         r  design_1_i/ps7_0_axi_periph/m00_couplers/auto_ds/inst/gen_downsizer.gen_simple_downsizer.axi_downsizer_inst/USE_WRITE.write_addr_inst/cmd_queue/inst/fifo_gen_inst/inst_fifo_gen/gconvfifo.rf/grf.rf/rstblk/ngwrdrst.grst.g7serrst.gnsckt_wrst.rst_wr_reg2_inst/arststages_ff_reg[1]/C
  -------------------------------------------------------------------    -------------------
    SLICE_X23Y33         FDPE (Prop_fdpe_C_Q)         0.128     1.024 f  design_1_i/ps7_0_axi_periph/m00_couplers/auto_ds/inst/gen_downsizer.gen_simple_downsizer.axi_downsizer_inst/USE_WRITE.write_addr_inst/cmd_queue/inst/fifo_gen_inst/inst_fifo_gen/gconvfifo.rf/grf.rf/rstblk/ngwrdrst.grst.g7serrst.gnsckt_wrst.rst_wr_reg2_inst/arststages_ff_reg[1]/Q
                         net (fo=3, routed)           0.255     1.278    design_1_i/ps7_0_axi_periph/m00_couplers/auto_ds/inst/gen_downsizer.gen_simple_downsizer.axi_downsizer_inst/USE_WRITE.write_addr_inst/cmd_queue/inst/fifo_gen_inst/inst_fifo_gen/gconvfifo.rf/grf.rf/rstblk/rst_wr_reg2
    SLICE_X20Y33         LUT3 (Prop_lut3_I2_O)        0.099     1.377 f  design_1_i/ps7_0_axi_periph/m00_couplers/auto_ds/inst/gen_downsizer.gen_simple_downsizer.axi_downsizer_inst/USE_WRITE.write_addr_inst/cmd_queue/inst/fifo_gen_inst/inst_fifo_gen/gconvfifo.rf/grf.rf/rstblk/gpregsm1.curr_fwft_state[1]_i_2/O
                         net (fo=32, routed)          0.171     1.548    design_1_i/ps7_0_axi_periph/m00_couplers/auto_ds/inst/gen_downsizer.gen_simple_downsizer.axi_downsizer_inst/USE_WRITE.write_addr_inst/cmd_queue/inst/fifo_gen_inst/inst_fifo_gen/gconvfifo.rf/grf.rf/gntv_or_sync_fifo.gl0.wr/wpntr/AR[0]
    SLICE_X21Y27         FDCE                                         f  design_1_i/ps7_0_axi_periph/m00_couplers/auto_ds/inst/gen_downsizer.gen_simple_downsizer.axi_downsizer_inst/USE_WRITE.write_addr_inst/cmd_queue/inst/fifo_gen_inst/inst_fifo_gen/gconvfifo.rf/grf.rf/gntv_or_sync_fifo.gl0.wr/wpntr/gcc0.gc0.count_reg[1]/CLR
  -------------------------------------------------------------------    -------------------

                         (clock clk_fpga_0 rise edge)
                                                      0.000     0.000 r  
    PS7_X0Y0             PS7                          0.000     0.000 r  design_1_i/processing_system7_0/inst/PS7_i/FCLKCLK[0]
                         net (fo=1, routed)           0.341     0.341    design_1_i/processing_system7_0/inst/FCLK_CLK_unbuffered[0]
    BUFGCTRL_X0Y0        BUFG (Prop_bufg_I_O)         0.029     0.370 r  design_1_i/processing_system7_0/inst/buffer_fclk_clk_0.FCLK_CLK_0_BUFG/O
                         net (fo=17534, routed)       0.817     1.187    design_1_i/ps7_0_axi_periph/m00_couplers/auto_ds/inst/gen_downsizer.gen_simple_downsizer.axi_downsizer_inst/USE_WRITE.write_addr_inst/cmd_queue/inst/fifo_gen_inst/inst_fifo_gen/gconvfifo.rf/grf.rf/gntv_or_sync_fifo.gl0.wr/wpntr/clk
    SLICE_X21Y27         FDCE                                         r  design_1_i/ps7_0_axi_periph/m00_couplers/auto_ds/inst/gen_downsizer.gen_simple_downsizer.axi_downsizer_inst/USE_WRITE.write_addr_inst/cmd_queue/inst/fifo_gen_inst/inst_fifo_gen/gconvfifo.rf/grf.rf/gntv_or_sync_fifo.gl0.wr/wpntr/gcc0.gc0.count_reg[1]/C
                         clock pessimism             -0.034     1.153    
    SLICE_X21Y27         FDCE (Remov_fdce_C_CLR)     -0.092     1.061    design_1_i/ps7_0_axi_periph/m00_couplers/auto_ds/inst/gen_downsizer.gen_simple_downsizer.axi_downsizer_inst/USE_WRITE.write_addr_inst/cmd_queue/inst/fifo_gen_inst/inst_fifo_gen/gconvfifo.rf/grf.rf/gntv_or_sync_fifo.gl0.wr/wpntr/gcc0.gc0.count_reg[1]
  -------------------------------------------------------------------
                         required time                         -1.061    
                         arrival time                           1.548    
  -------------------------------------------------------------------
                         slack                                  0.487    

Slack (MET) :             0.487ns  (arrival time - required time)
  Source:                 design_1_i/ps7_0_axi_periph/m00_couplers/auto_ds/inst/gen_downsizer.gen_simple_downsizer.axi_downsizer_inst/USE_WRITE.write_addr_inst/cmd_queue/inst/fifo_gen_inst/inst_fifo_gen/gconvfifo.rf/grf.rf/rstblk/ngwrdrst.grst.g7serrst.gnsckt_wrst.rst_wr_reg2_inst/arststages_ff_reg[1]/C
                            (rising edge-triggered cell FDPE clocked by clk_fpga_0  {rise@0.000ns fall@20.000ns period=40.000ns})
  Destination:            design_1_i/ps7_0_axi_periph/m00_couplers/auto_ds/inst/gen_downsizer.gen_simple_downsizer.axi_downsizer_inst/USE_WRITE.write_addr_inst/cmd_queue/inst/fifo_gen_inst/inst_fifo_gen/gconvfifo.rf/grf.rf/gntv_or_sync_fifo.gl0.wr/wpntr/gcc0.gc0.count_reg[3]/CLR
                            (removal check against rising-edge clock clk_fpga_0  {rise@0.000ns fall@20.000ns period=40.000ns})
  Path Group:             **async_default**
  Path Type:              Removal (Min at Fast Process Corner)
  Requirement:            0.000ns  (clk_fpga_0 rise@0.000ns - clk_fpga_0 rise@0.000ns)
  Data Path Delay:        0.653ns  (logic 0.227ns (34.783%)  route 0.426ns (65.217%))
  Logic Levels:           1  (LUT3=1)
  Clock Path Skew:        0.257ns (DCD - SCD - CPR)
    Destination Clock Delay (DCD):    1.187ns
    Source Clock Delay      (SCD):    0.896ns
    Clock Pessimism Removal (CPR):    0.034ns

    Location             Delay type                Incr(ns)  Path(ns)    Netlist Resource(s)
  -------------------------------------------------------------------    -------------------
                         (clock clk_fpga_0 rise edge)
                                                      0.000     0.000 r  
    PS7_X0Y0             PS7                          0.000     0.000 r  design_1_i/processing_system7_0/inst/PS7_i/FCLKCLK[0]
                         net (fo=1, routed)           0.315     0.315    design_1_i/processing_system7_0/inst/FCLK_CLK_unbuffered[0]
    BUFGCTRL_X0Y0        BUFG (Prop_bufg_I_O)         0.026     0.341 r  design_1_i/processing_system7_0/inst/buffer_fclk_clk_0.FCLK_CLK_0_BUFG/O
                         net (fo=17534, routed)       0.555     0.896    design_1_i/ps7_0_axi_periph/m00_couplers/auto_ds/inst/gen_downsizer.gen_simple_downsizer.axi_downsizer_inst/USE_WRITE.write_addr_inst/cmd_queue/inst/fifo_gen_inst/inst_fifo_gen/gconvfifo.rf/grf.rf/rstblk/ngwrdrst.grst.g7serrst.gnsckt_wrst.rst_wr_reg2_inst/dest_clk
    SLICE_X23Y33         FDPE                                         r  design_1_i/ps7_0_axi_periph/m00_couplers/auto_ds/inst/gen_downsizer.gen_simple_downsizer.axi_downsizer_inst/USE_WRITE.write_addr_inst/cmd_queue/inst/fifo_gen_inst/inst_fifo_gen/gconvfifo.rf/grf.rf/rstblk/ngwrdrst.grst.g7serrst.gnsckt_wrst.rst_wr_reg2_inst/arststages_ff_reg[1]/C
  -------------------------------------------------------------------    -------------------
    SLICE_X23Y33         FDPE (Prop_fdpe_C_Q)         0.128     1.024 f  design_1_i/ps7_0_axi_periph/m00_couplers/auto_ds/inst/gen_downsizer.gen_simple_downsizer.axi_downsizer_inst/USE_WRITE.write_addr_inst/cmd_queue/inst/fifo_gen_inst/inst_fifo_gen/gconvfifo.rf/grf.rf/rstblk/ngwrdrst.grst.g7serrst.gnsckt_wrst.rst_wr_reg2_inst/arststages_ff_reg[1]/Q
                         net (fo=3, routed)           0.255     1.278    design_1_i/ps7_0_axi_periph/m00_couplers/auto_ds/inst/gen_downsizer.gen_simple_downsizer.axi_downsizer_inst/USE_WRITE.write_addr_inst/cmd_queue/inst/fifo_gen_inst/inst_fifo_gen/gconvfifo.rf/grf.rf/rstblk/rst_wr_reg2
    SLICE_X20Y33         LUT3 (Prop_lut3_I2_O)        0.099     1.377 f  design_1_i/ps7_0_axi_periph/m00_couplers/auto_ds/inst/gen_downsizer.gen_simple_downsizer.axi_downsizer_inst/USE_WRITE.write_addr_inst/cmd_queue/inst/fifo_gen_inst/inst_fifo_gen/gconvfifo.rf/grf.rf/rstblk/gpregsm1.curr_fwft_state[1]_i_2/O
                         net (fo=32, routed)          0.171     1.548    design_1_i/ps7_0_axi_periph/m00_couplers/auto_ds/inst/gen_downsizer.gen_simple_downsizer.axi_downsizer_inst/USE_WRITE.write_addr_inst/cmd_queue/inst/fifo_gen_inst/inst_fifo_gen/gconvfifo.rf/grf.rf/gntv_or_sync_fifo.gl0.wr/wpntr/AR[0]
    SLICE_X21Y27         FDCE                                         f  design_1_i/ps7_0_axi_periph/m00_couplers/auto_ds/inst/gen_downsizer.gen_simple_downsizer.axi_downsizer_inst/USE_WRITE.write_addr_inst/cmd_queue/inst/fifo_gen_inst/inst_fifo_gen/gconvfifo.rf/grf.rf/gntv_or_sync_fifo.gl0.wr/wpntr/gcc0.gc0.count_reg[3]/CLR
  -------------------------------------------------------------------    -------------------

                         (clock clk_fpga_0 rise edge)
                                                      0.000     0.000 r  
    PS7_X0Y0             PS7                          0.000     0.000 r  design_1_i/processing_system7_0/inst/PS7_i/FCLKCLK[0]
                         net (fo=1, routed)           0.341     0.341    design_1_i/processing_system7_0/inst/FCLK_CLK_unbuffered[0]
    BUFGCTRL_X0Y0        BUFG (Prop_bufg_I_O)         0.029     0.370 r  design_1_i/processing_system7_0/inst/buffer_fclk_clk_0.FCLK_CLK_0_BUFG/O
                         net (fo=17534, routed)       0.817     1.187    design_1_i/ps7_0_axi_periph/m00_couplers/auto_ds/inst/gen_downsizer.gen_simple_downsizer.axi_downsizer_inst/USE_WRITE.write_addr_inst/cmd_queue/inst/fifo_gen_inst/inst_fifo_gen/gconvfifo.rf/grf.rf/gntv_or_sync_fifo.gl0.wr/wpntr/clk
    SLICE_X21Y27         FDCE                                         r  design_1_i/ps7_0_axi_periph/m00_couplers/auto_ds/inst/gen_downsizer.gen_simple_downsizer.axi_downsizer_inst/USE_WRITE.write_addr_inst/cmd_queue/inst/fifo_gen_inst/inst_fifo_gen/gconvfifo.rf/grf.rf/gntv_or_sync_fifo.gl0.wr/wpntr/gcc0.gc0.count_reg[3]/C
                         clock pessimism             -0.034     1.153    
    SLICE_X21Y27         FDCE (Remov_fdce_C_CLR)     -0.092     1.061    design_1_i/ps7_0_axi_periph/m00_couplers/auto_ds/inst/gen_downsizer.gen_simple_downsizer.axi_downsizer_inst/USE_WRITE.write_addr_inst/cmd_queue/inst/fifo_gen_inst/inst_fifo_gen/gconvfifo.rf/grf.rf/gntv_or_sync_fifo.gl0.wr/wpntr/gcc0.gc0.count_reg[3]
  -------------------------------------------------------------------
                         required time                         -1.061    
                         arrival time                           1.548    
  -------------------------------------------------------------------
                         slack                                  0.487    

Slack (MET) :             0.487ns  (arrival time - required time)
  Source:                 design_1_i/ps7_0_axi_periph/m00_couplers/auto_ds/inst/gen_downsizer.gen_simple_downsizer.axi_downsizer_inst/USE_WRITE.write_addr_inst/cmd_queue/inst/fifo_gen_inst/inst_fifo_gen/gconvfifo.rf/grf.rf/rstblk/ngwrdrst.grst.g7serrst.gnsckt_wrst.rst_wr_reg2_inst/arststages_ff_reg[1]/C
                            (rising edge-triggered cell FDPE clocked by clk_fpga_0  {rise@0.000ns fall@20.000ns period=40.000ns})
  Destination:            design_1_i/ps7_0_axi_periph/m00_couplers/auto_ds/inst/gen_downsizer.gen_simple_downsizer.axi_downsizer_inst/USE_WRITE.write_addr_inst/cmd_queue/inst/fifo_gen_inst/inst_fifo_gen/gconvfifo.rf/grf.rf/gntv_or_sync_fifo.gl0.wr/wpntr/gcc0.gc0.count_reg[4]/CLR
                            (removal check against rising-edge clock clk_fpga_0  {rise@0.000ns fall@20.000ns period=40.000ns})
  Path Group:             **async_default**
  Path Type:              Removal (Min at Fast Process Corner)
  Requirement:            0.000ns  (clk_fpga_0 rise@0.000ns - clk_fpga_0 rise@0.000ns)
  Data Path Delay:        0.653ns  (logic 0.227ns (34.783%)  route 0.426ns (65.217%))
  Logic Levels:           1  (LUT3=1)
  Clock Path Skew:        0.257ns (DCD - SCD - CPR)
    Destination Clock Delay (DCD):    1.187ns
    Source Clock Delay      (SCD):    0.896ns
    Clock Pessimism Removal (CPR):    0.034ns

    Location             Delay type                Incr(ns)  Path(ns)    Netlist Resource(s)
  -------------------------------------------------------------------    -------------------
                         (clock clk_fpga_0 rise edge)
                                                      0.000     0.000 r  
    PS7_X0Y0             PS7                          0.000     0.000 r  design_1_i/processing_system7_0/inst/PS7_i/FCLKCLK[0]
                         net (fo=1, routed)           0.315     0.315    design_1_i/processing_system7_0/inst/FCLK_CLK_unbuffered[0]
    BUFGCTRL_X0Y0        BUFG (Prop_bufg_I_O)         0.026     0.341 r  design_1_i/processing_system7_0/inst/buffer_fclk_clk_0.FCLK_CLK_0_BUFG/O
                         net (fo=17534, routed)       0.555     0.896    design_1_i/ps7_0_axi_periph/m00_couplers/auto_ds/inst/gen_downsizer.gen_simple_downsizer.axi_downsizer_inst/USE_WRITE.write_addr_inst/cmd_queue/inst/fifo_gen_inst/inst_fifo_gen/gconvfifo.rf/grf.rf/rstblk/ngwrdrst.grst.g7serrst.gnsckt_wrst.rst_wr_reg2_inst/dest_clk
    SLICE_X23Y33         FDPE                                         r  design_1_i/ps7_0_axi_periph/m00_couplers/auto_ds/inst/gen_downsizer.gen_simple_downsizer.axi_downsizer_inst/USE_WRITE.write_addr_inst/cmd_queue/inst/fifo_gen_inst/inst_fifo_gen/gconvfifo.rf/grf.rf/rstblk/ngwrdrst.grst.g7serrst.gnsckt_wrst.rst_wr_reg2_inst/arststages_ff_reg[1]/C
  -------------------------------------------------------------------    -------------------
    SLICE_X23Y33         FDPE (Prop_fdpe_C_Q)         0.128     1.024 f  design_1_i/ps7_0_axi_periph/m00_couplers/auto_ds/inst/gen_downsizer.gen_simple_downsizer.axi_downsizer_inst/USE_WRITE.write_addr_inst/cmd_queue/inst/fifo_gen_inst/inst_fifo_gen/gconvfifo.rf/grf.rf/rstblk/ngwrdrst.grst.g7serrst.gnsckt_wrst.rst_wr_reg2_inst/arststages_ff_reg[1]/Q
                         net (fo=3, routed)           0.255     1.278    design_1_i/ps7_0_axi_periph/m00_couplers/auto_ds/inst/gen_downsizer.gen_simple_downsizer.axi_downsizer_inst/USE_WRITE.write_addr_inst/cmd_queue/inst/fifo_gen_inst/inst_fifo_gen/gconvfifo.rf/grf.rf/rstblk/rst_wr_reg2
    SLICE_X20Y33         LUT3 (Prop_lut3_I2_O)        0.099     1.377 f  design_1_i/ps7_0_axi_periph/m00_couplers/auto_ds/inst/gen_downsizer.gen_simple_downsizer.axi_downsizer_inst/USE_WRITE.write_addr_inst/cmd_queue/inst/fifo_gen_inst/inst_fifo_gen/gconvfifo.rf/grf.rf/rstblk/gpregsm1.curr_fwft_state[1]_i_2/O
                         net (fo=32, routed)          0.171     1.548    design_1_i/ps7_0_axi_periph/m00_couplers/auto_ds/inst/gen_downsizer.gen_simple_downsizer.axi_downsizer_inst/USE_WRITE.write_addr_inst/cmd_queue/inst/fifo_gen_inst/inst_fifo_gen/gconvfifo.rf/grf.rf/gntv_or_sync_fifo.gl0.wr/wpntr/AR[0]
    SLICE_X21Y27         FDCE                                         f  design_1_i/ps7_0_axi_periph/m00_couplers/auto_ds/inst/gen_downsizer.gen_simple_downsizer.axi_downsizer_inst/USE_WRITE.write_addr_inst/cmd_queue/inst/fifo_gen_inst/inst_fifo_gen/gconvfifo.rf/grf.rf/gntv_or_sync_fifo.gl0.wr/wpntr/gcc0.gc0.count_reg[4]/CLR
  -------------------------------------------------------------------    -------------------

                         (clock clk_fpga_0 rise edge)
                                                      0.000     0.000 r  
    PS7_X0Y0             PS7                          0.000     0.000 r  design_1_i/processing_system7_0/inst/PS7_i/FCLKCLK[0]
                         net (fo=1, routed)           0.341     0.341    design_1_i/processing_system7_0/inst/FCLK_CLK_unbuffered[0]
    BUFGCTRL_X0Y0        BUFG (Prop_bufg_I_O)         0.029     0.370 r  design_1_i/processing_system7_0/inst/buffer_fclk_clk_0.FCLK_CLK_0_BUFG/O
                         net (fo=17534, routed)       0.817     1.187    design_1_i/ps7_0_axi_periph/m00_couplers/auto_ds/inst/gen_downsizer.gen_simple_downsizer.axi_downsizer_inst/USE_WRITE.write_addr_inst/cmd_queue/inst/fifo_gen_inst/inst_fifo_gen/gconvfifo.rf/grf.rf/gntv_or_sync_fifo.gl0.wr/wpntr/clk
    SLICE_X21Y27         FDCE                                         r  design_1_i/ps7_0_axi_periph/m00_couplers/auto_ds/inst/gen_downsizer.gen_simple_downsizer.axi_downsizer_inst/USE_WRITE.write_addr_inst/cmd_queue/inst/fifo_gen_inst/inst_fifo_gen/gconvfifo.rf/grf.rf/gntv_or_sync_fifo.gl0.wr/wpntr/gcc0.gc0.count_reg[4]/C
                         clock pessimism             -0.034     1.153    
    SLICE_X21Y27         FDCE (Remov_fdce_C_CLR)     -0.092     1.061    design_1_i/ps7_0_axi_periph/m00_couplers/auto_ds/inst/gen_downsizer.gen_simple_downsizer.axi_downsizer_inst/USE_WRITE.write_addr_inst/cmd_queue/inst/fifo_gen_inst/inst_fifo_gen/gconvfifo.rf/grf.rf/gntv_or_sync_fifo.gl0.wr/wpntr/gcc0.gc0.count_reg[4]
  -------------------------------------------------------------------
                         required time                         -1.061    
                         arrival time                           1.548    
  -------------------------------------------------------------------
                         slack                                  0.487    

Slack (MET) :             0.487ns  (arrival time - required time)
  Source:                 design_1_i/ps7_0_axi_periph/m01_couplers/auto_ds/inst/gen_downsizer.gen_cascaded_downsizer.gen_axi3_conv.axi3_conv_inst/gen_axi4_axi3.axi3_conv_inst/USE_READ.USE_SPLIT_R.read_addr_inst/USE_R_CHANNEL.cmd_queue/inst/fifo_gen_inst/inst_fifo_gen/gconvfifo.rf/grf.rf/rstblk/ngwrdrst.grst.g7serrst.gnsckt_wrst.gcc_rst.sckt_wr_rst_cc_reg[1]/C
                            (rising edge-triggered cell FDRE clocked by clk_fpga_0  {rise@0.000ns fall@20.000ns period=40.000ns})
  Destination:            design_1_i/ps7_0_axi_periph/m01_couplers/auto_ds/inst/gen_downsizer.gen_cascaded_downsizer.gen_axi3_conv.axi3_conv_inst/gen_axi4_axi3.axi3_conv_inst/USE_READ.USE_SPLIT_R.read_addr_inst/USE_R_CHANNEL.cmd_queue/inst/fifo_gen_inst/inst_fifo_gen/gconvfifo.rf/grf.rf/gntv_or_sync_fifo.gl0.wr/wpntr/gcc0.gc0.count_reg[0]/PRE
                            (removal check against rising-edge clock clk_fpga_0  {rise@0.000ns fall@20.000ns period=40.000ns})
  Path Group:             **async_default**
  Path Type:              Removal (Min at Fast Process Corner)
  Requirement:            0.000ns  (clk_fpga_0 rise@0.000ns - clk_fpga_0 rise@0.000ns)
  Data Path Delay:        0.685ns  (logic 0.186ns (27.159%)  route 0.499ns (72.841%))
  Logic Levels:           1  (LUT3=1)
  Clock Path Skew:        0.268ns (DCD - SCD - CPR)
    Destination Clock Delay (DCD):    1.202ns
    Source Clock Delay      (SCD):    0.900ns
    Clock Pessimism Removal (CPR):    0.034ns

    Location             Delay type                Incr(ns)  Path(ns)    Netlist Resource(s)
  -------------------------------------------------------------------    -------------------
                         (clock clk_fpga_0 rise edge)
                                                      0.000     0.000 r  
    PS7_X0Y0             PS7                          0.000     0.000 r  design_1_i/processing_system7_0/inst/PS7_i/FCLKCLK[0]
                         net (fo=1, routed)           0.315     0.315    design_1_i/processing_system7_0/inst/FCLK_CLK_unbuffered[0]
    BUFGCTRL_X0Y0        BUFG (Prop_bufg_I_O)         0.026     0.341 r  design_1_i/processing_system7_0/inst/buffer_fclk_clk_0.FCLK_CLK_0_BUFG/O
                         net (fo=17534, routed)       0.559     0.900    design_1_i/ps7_0_axi_periph/m01_couplers/auto_ds/inst/gen_downsizer.gen_cascaded_downsizer.gen_axi3_conv.axi3_conv_inst/gen_axi4_axi3.axi3_conv_inst/USE_READ.USE_SPLIT_R.read_addr_inst/USE_R_CHANNEL.cmd_queue/inst/fifo_gen_inst/inst_fifo_gen/gconvfifo.rf/grf.rf/rstblk/clk
    SLICE_X22Y7          FDRE                                         r  design_1_i/ps7_0_axi_periph/m01_couplers/auto_ds/inst/gen_downsizer.gen_cascaded_downsizer.gen_axi3_conv.axi3_conv_inst/gen_axi4_axi3.axi3_conv_inst/USE_READ.USE_SPLIT_R.read_addr_inst/USE_R_CHANNEL.cmd_queue/inst/fifo_gen_inst/inst_fifo_gen/gconvfifo.rf/grf.rf/rstblk/ngwrdrst.grst.g7serrst.gnsckt_wrst.gcc_rst.sckt_wr_rst_cc_reg[1]/C
  -------------------------------------------------------------------    -------------------
    SLICE_X22Y7          FDRE (Prop_fdre_C_Q)         0.141     1.041 f  design_1_i/ps7_0_axi_periph/m01_couplers/auto_ds/inst/gen_downsizer.gen_cascaded_downsizer.gen_axi3_conv.axi3_conv_inst/gen_axi4_axi3.axi3_conv_inst/USE_READ.USE_SPLIT_R.read_addr_inst/USE_R_CHANNEL.cmd_queue/inst/fifo_gen_inst/inst_fifo_gen/gconvfifo.rf/grf.rf/rstblk/ngwrdrst.grst.g7serrst.gnsckt_wrst.gcc_rst.sckt_wr_rst_cc_reg[1]/Q
                         net (fo=1, routed)           0.309     1.349    design_1_i/ps7_0_axi_periph/m01_couplers/auto_ds/inst/gen_downsizer.gen_cascaded_downsizer.gen_axi3_conv.axi3_conv_inst/gen_axi4_axi3.axi3_conv_inst/USE_READ.USE_SPLIT_R.read_addr_inst/USE_R_CHANNEL.cmd_queue/inst/fifo_gen_inst/inst_fifo_gen/gconvfifo.rf/grf.rf/rstblk/sckt_wr_rst_cc[1]
    SLICE_X18Y2          LUT3 (Prop_lut3_I0_O)        0.045     1.394 f  design_1_i/ps7_0_axi_periph/m01_couplers/auto_ds/inst/gen_downsizer.gen_cascaded_downsizer.gen_axi3_conv.axi3_conv_inst/gen_axi4_axi3.axi3_conv_inst/USE_READ.USE_SPLIT_R.read_addr_inst/USE_R_CHANNEL.cmd_queue/inst/fifo_gen_inst/inst_fifo_gen/gconvfifo.rf/grf.rf/rstblk/gpregsm1.curr_fwft_state[1]_i_2/O
                         net (fo=33, routed)          0.190     1.584    design_1_i/ps7_0_axi_periph/m01_couplers/auto_ds/inst/gen_downsizer.gen_cascaded_downsizer.gen_axi3_conv.axi3_conv_inst/gen_axi4_axi3.axi3_conv_inst/USE_READ.USE_SPLIT_R.read_addr_inst/USE_R_CHANNEL.cmd_queue/inst/fifo_gen_inst/inst_fifo_gen/gconvfifo.rf/grf.rf/gntv_or_sync_fifo.gl0.wr/wpntr/gcc0.gc0.count_d1_reg[0]_0
    SLICE_X16Y1          FDPE                                         f  design_1_i/ps7_0_axi_periph/m01_couplers/auto_ds/inst/gen_downsizer.gen_cascaded_downsizer.gen_axi3_conv.axi3_conv_inst/gen_axi4_axi3.axi3_conv_inst/USE_READ.USE_SPLIT_R.read_addr_inst/USE_R_CHANNEL.cmd_queue/inst/fifo_gen_inst/inst_fifo_gen/gconvfifo.rf/grf.rf/gntv_or_sync_fifo.gl0.wr/wpntr/gcc0.gc0.count_reg[0]/PRE
  -------------------------------------------------------------------    -------------------

                         (clock clk_fpga_0 rise edge)
                                                      0.000     0.000 r  
    PS7_X0Y0             PS7                          0.000     0.000 r  design_1_i/processing_system7_0/inst/PS7_i/FCLKCLK[0]
                         net (fo=1, routed)           0.341     0.341    design_1_i/processing_system7_0/inst/FCLK_CLK_unbuffered[0]
    BUFGCTRL_X0Y0        BUFG (Prop_bufg_I_O)         0.029     0.370 r  design_1_i/processing_system7_0/inst/buffer_fclk_clk_0.FCLK_CLK_0_BUFG/O
                         net (fo=17534, routed)       0.832     1.202    design_1_i/ps7_0_axi_periph/m01_couplers/auto_ds/inst/gen_downsizer.gen_cascaded_downsizer.gen_axi3_conv.axi3_conv_inst/gen_axi4_axi3.axi3_conv_inst/USE_READ.USE_SPLIT_R.read_addr_inst/USE_R_CHANNEL.cmd_queue/inst/fifo_gen_inst/inst_fifo_gen/gconvfifo.rf/grf.rf/gntv_or_sync_fifo.gl0.wr/wpntr/clk
    SLICE_X16Y1          FDPE                                         r  design_1_i/ps7_0_axi_periph/m01_couplers/auto_ds/inst/gen_downsizer.gen_cascaded_downsizer.gen_axi3_conv.axi3_conv_inst/gen_axi4_axi3.axi3_conv_inst/USE_READ.USE_SPLIT_R.read_addr_inst/USE_R_CHANNEL.cmd_queue/inst/fifo_gen_inst/inst_fifo_gen/gconvfifo.rf/grf.rf/gntv_or_sync_fifo.gl0.wr/wpntr/gcc0.gc0.count_reg[0]/C
                         clock pessimism             -0.034     1.168    
    SLICE_X16Y1          FDPE (Remov_fdpe_C_PRE)     -0.071     1.097    design_1_i/ps7_0_axi_periph/m01_couplers/auto_ds/inst/gen_downsizer.gen_cascaded_downsizer.gen_axi3_conv.axi3_conv_inst/gen_axi4_axi3.axi3_conv_inst/USE_READ.USE_SPLIT_R.read_addr_inst/USE_R_CHANNEL.cmd_queue/inst/fifo_gen_inst/inst_fifo_gen/gconvfifo.rf/grf.rf/gntv_or_sync_fifo.gl0.wr/wpntr/gcc0.gc0.count_reg[0]
  -------------------------------------------------------------------
                         required time                         -1.097    
                         arrival time                           1.584    
  -------------------------------------------------------------------
                         slack                                  0.487    

Slack (MET) :             0.505ns  (arrival time - required time)
  Source:                 design_1_i/ps7_0_axi_periph/m00_couplers/auto_ds/inst/gen_downsizer.gen_simple_downsizer.axi_downsizer_inst/USE_WRITE.write_addr_inst/cmd_queue/inst/fifo_gen_inst/inst_fifo_gen/gconvfifo.rf/grf.rf/rstblk/ngwrdrst.grst.g7serrst.gnsckt_wrst.rst_wr_reg2_inst/arststages_ff_reg[1]/C
                            (rising edge-triggered cell FDPE clocked by clk_fpga_0  {rise@0.000ns fall@20.000ns period=40.000ns})
  Destination:            design_1_i/ps7_0_axi_periph/m00_couplers/auto_ds/inst/gen_downsizer.gen_simple_downsizer.axi_downsizer_inst/USE_WRITE.write_addr_inst/cmd_queue/inst/fifo_gen_inst/inst_fifo_gen/gconvfifo.rf/grf.rf/gntv_or_sync_fifo.gl0.rd/rpntr/gc0.count_d1_reg[2]/CLR
                            (removal check against rising-edge clock clk_fpga_0  {rise@0.000ns fall@20.000ns period=40.000ns})
  Path Group:             **async_default**
  Path Type:              Removal (Min at Fast Process Corner)
  Requirement:            0.000ns  (clk_fpga_0 rise@0.000ns - clk_fpga_0 rise@0.000ns)
  Data Path Delay:        0.701ns  (logic 0.227ns (32.398%)  route 0.474ns (67.602%))
  Logic Levels:           1  (LUT3=1)
  Clock Path Skew:        0.262ns (DCD - SCD - CPR)
    Destination Clock Delay (DCD):    1.192ns
    Source Clock Delay      (SCD):    0.896ns
    Clock Pessimism Removal (CPR):    0.034ns

    Location             Delay type                Incr(ns)  Path(ns)    Netlist Resource(s)
  -------------------------------------------------------------------    -------------------
                         (clock clk_fpga_0 rise edge)
                                                      0.000     0.000 r  
    PS7_X0Y0             PS7                          0.000     0.000 r  design_1_i/processing_system7_0/inst/PS7_i/FCLKCLK[0]
                         net (fo=1, routed)           0.315     0.315    design_1_i/processing_system7_0/inst/FCLK_CLK_unbuffered[0]
    BUFGCTRL_X0Y0        BUFG (Prop_bufg_I_O)         0.026     0.341 r  design_1_i/processing_system7_0/inst/buffer_fclk_clk_0.FCLK_CLK_0_BUFG/O
                         net (fo=17534, routed)       0.555     0.896    design_1_i/ps7_0_axi_periph/m00_couplers/auto_ds/inst/gen_downsizer.gen_simple_downsizer.axi_downsizer_inst/USE_WRITE.write_addr_inst/cmd_queue/inst/fifo_gen_inst/inst_fifo_gen/gconvfifo.rf/grf.rf/rstblk/ngwrdrst.grst.g7serrst.gnsckt_wrst.rst_wr_reg2_inst/dest_clk
    SLICE_X23Y33         FDPE                                         r  design_1_i/ps7_0_axi_periph/m00_couplers/auto_ds/inst/gen_downsizer.gen_simple_downsizer.axi_downsizer_inst/USE_WRITE.write_addr_inst/cmd_queue/inst/fifo_gen_inst/inst_fifo_gen/gconvfifo.rf/grf.rf/rstblk/ngwrdrst.grst.g7serrst.gnsckt_wrst.rst_wr_reg2_inst/arststages_ff_reg[1]/C
  -------------------------------------------------------------------    -------------------
    SLICE_X23Y33         FDPE (Prop_fdpe_C_Q)         0.128     1.024 f  design_1_i/ps7_0_axi_periph/m00_couplers/auto_ds/inst/gen_downsizer.gen_simple_downsizer.axi_downsizer_inst/USE_WRITE.write_addr_inst/cmd_queue/inst/fifo_gen_inst/inst_fifo_gen/gconvfifo.rf/grf.rf/rstblk/ngwrdrst.grst.g7serrst.gnsckt_wrst.rst_wr_reg2_inst/arststages_ff_reg[1]/Q
                         net (fo=3, routed)           0.255     1.278    design_1_i/ps7_0_axi_periph/m00_couplers/auto_ds/inst/gen_downsizer.gen_simple_downsizer.axi_downsizer_inst/USE_WRITE.write_addr_inst/cmd_queue/inst/fifo_gen_inst/inst_fifo_gen/gconvfifo.rf/grf.rf/rstblk/rst_wr_reg2
    SLICE_X20Y33         LUT3 (Prop_lut3_I2_O)        0.099     1.377 f  design_1_i/ps7_0_axi_periph/m00_couplers/auto_ds/inst/gen_downsizer.gen_simple_downsizer.axi_downsizer_inst/USE_WRITE.write_addr_inst/cmd_queue/inst/fifo_gen_inst/inst_fifo_gen/gconvfifo.rf/grf.rf/rstblk/gpregsm1.curr_fwft_state[1]_i_2/O
                         net (fo=32, routed)          0.219     1.596    design_1_i/ps7_0_axi_periph/m00_couplers/auto_ds/inst/gen_downsizer.gen_simple_downsizer.axi_downsizer_inst/USE_WRITE.write_addr_inst/cmd_queue/inst/fifo_gen_inst/inst_fifo_gen/gconvfifo.rf/grf.rf/gntv_or_sync_fifo.gl0.rd/rpntr/gc0.count_d1_reg[4]_1
    SLICE_X20Y32         FDCE                                         f  design_1_i/ps7_0_axi_periph/m00_couplers/auto_ds/inst/gen_downsizer.gen_simple_downsizer.axi_downsizer_inst/USE_WRITE.write_addr_inst/cmd_queue/inst/fifo_gen_inst/inst_fifo_gen/gconvfifo.rf/grf.rf/gntv_or_sync_fifo.gl0.rd/rpntr/gc0.count_d1_reg[2]/CLR
  -------------------------------------------------------------------    -------------------

                         (clock clk_fpga_0 rise edge)
                                                      0.000     0.000 r  
    PS7_X0Y0             PS7                          0.000     0.000 r  design_1_i/processing_system7_0/inst/PS7_i/FCLKCLK[0]
                         net (fo=1, routed)           0.341     0.341    design_1_i/processing_system7_0/inst/FCLK_CLK_unbuffered[0]
    BUFGCTRL_X0Y0        BUFG (Prop_bufg_I_O)         0.029     0.370 r  design_1_i/processing_system7_0/inst/buffer_fclk_clk_0.FCLK_CLK_0_BUFG/O
                         net (fo=17534, routed)       0.822     1.192    design_1_i/ps7_0_axi_periph/m00_couplers/auto_ds/inst/gen_downsizer.gen_simple_downsizer.axi_downsizer_inst/USE_WRITE.write_addr_inst/cmd_queue/inst/fifo_gen_inst/inst_fifo_gen/gconvfifo.rf/grf.rf/gntv_or_sync_fifo.gl0.rd/rpntr/clk
    SLICE_X20Y32         FDCE                                         r  design_1_i/ps7_0_axi_periph/m00_couplers/auto_ds/inst/gen_downsizer.gen_simple_downsizer.axi_downsizer_inst/USE_WRITE.write_addr_inst/cmd_queue/inst/fifo_gen_inst/inst_fifo_gen/gconvfifo.rf/grf.rf/gntv_or_sync_fifo.gl0.rd/rpntr/gc0.count_d1_reg[2]/C
                         clock pessimism             -0.034     1.158    
    SLICE_X20Y32         FDCE (Remov_fdce_C_CLR)     -0.067     1.091    design_1_i/ps7_0_axi_periph/m00_couplers/auto_ds/inst/gen_downsizer.gen_simple_downsizer.axi_downsizer_inst/USE_WRITE.write_addr_inst/cmd_queue/inst/fifo_gen_inst/inst_fifo_gen/gconvfifo.rf/grf.rf/gntv_or_sync_fifo.gl0.rd/rpntr/gc0.count_d1_reg[2]
  -------------------------------------------------------------------
                         required time                         -1.091    
                         arrival time                           1.596    
  -------------------------------------------------------------------
                         slack                                  0.505    





