Copyright 1986-2020 Xilinx, Inc. All Rights Reserved.
-----------------------------------------------------------------------------------------------------------------------------------------------------------------------------------------------------------------------
| Tool Version : Vivado v.2020.2 (win64) Build 3064766 Wed Nov 18 09:12:45 MST 2020
| Date         : Thu Sep 24 16:20:26 2026
| Host         : MSI running 64-bit major release  (build 9200)
| Command      : report_timing_summary -max_paths 10 -file design_1_wrapper_timing_summary_routed.rpt -pb design_1_wrapper_timing_summary_routed.pb -rpx design_1_wrapper_timing_summary_routed.rpx -warn_on_violation
| Design       : design_1_wrapper
| Device       : 7z010-clg400
| Speed File   : -1  PRODUCTION 1.12 2019-11-22
-----------------------------------------------------------------------------------------------------------------------------------------------------------------------------------------------------------------------

Timing Summary Report

------------------------------------------------------------------------------------------------
| Timer Settings
| --------------
------------------------------------------------------------------------------------------------

  Enable Multi Corner Analysis               :  Yes
  Enable Pessimism Removal                   :  Yes
  Pessimism Removal Resolution               :  Nearest Common Node
  Enable Input Delay Default Clock           :  No
  Enable Preset / Clear Arcs                 :  No
  Disable Flight Delays                      :  No
  Ignore I/O Paths                           :  No
  Timing Early Launch at Borrowing Latches   :  No
  Borrow Time for Max Delay Exceptions       :  Yes
  Merge Timing Exceptions                    :  Yes

  Corner  Analyze    Analyze    
  Name    Max Paths  Min Paths  
  ------  ---------  ---------  
  Slow    Yes        Yes        
  Fast    Yes        Yes        



check_timing report

Table of Contents
-----------------
1. checking no_clock (2)
2. checking constant_clock (0)
3. checking pulse_width_clock (0)
4. checking unconstrained_internal_endpoints (2)
5. checking no_input_delay (0)
6. checking no_output_delay (14)
7. checking multiple_clock (0)
8. checking generated_clocks (0)
9. checking loops (0)
10. checking partial_input_delay (0)
11. checking partial_output_delay (0)
12. checking latch_loops (0)

1. checking no_clock (2)
------------------------
 There are 2 register/latch pins with no clock driven by root clock pin: design_1_i/proc_sys_reset_0/U0/ACTIVE_LOW_PR_OUT_DFF[0].FDRE_PER_N/Q (HIGH)


2. checking constant_clock (0)
------------------------------
 There are 0 register/latch pins with constant_clock.


3. checking pulse_width_clock (0)
---------------------------------
 There are 0 register/latch pins which need pulse_width check


4. checking unconstrained_internal_endpoints (2)
------------------------------------------------
 There are 2 pins that are not constrained for maximum delay. (HIGH)

 There are 0 pins that are not constrained for maximum delay due to constant clock.


5. checking no_input_delay (0)
------------------------------
 There are 0 input ports with no input delay specified.

 There are 0 input ports with no input delay but user has a false path constraint.


6. checking no_output_delay (14)
--------------------------------
 There are 14 ports with no output delay specified. (HIGH)

 There are 0 ports with no output delay but user has a false path constraint

 There are 0 ports with no output delay but with a timing clock defined on it or propagating through it


7. checking multiple_clock (0)
------------------------------
 There are 0 register/latch pins with multiple clocks.


8. checking generated_clocks (0)
--------------------------------
 There are 0 generated clocks that are not connected to a clock source.


9. checking loops (0)
---------------------
 There are 0 combinational loops in the design.


10. checking partial_input_delay (0)
------------------------------------
 There are 0 input ports with partial input delay specified.


11. checking partial_output_delay (0)
-------------------------------------
 There are 0 ports with partial output delay specified.


12. checking latch_loops (0)
----------------------------
 There are 0 combinational latch loops in the design through latch input



------------------------------------------------------------------------------------------------
| Design Timing Summary
| ---------------------
------------------------------------------------------------------------------------------------

    WNS(ns)      TNS(ns)  TNS Failing Endpoints  TNS Total Endpoints      WHS(ns)      THS(ns)  THS Failing Endpoints  THS Total Endpoints     WPWS(ns)     TPWS(ns)  TPWS Failing Endpoints  TPWS Total Endpoints  
    -------      -------  ---------------------  -------------------      -------      -------  ---------------------  -------------------     --------     --------  ----------------------  --------------------  
      0.375        0.000                      0                18441        0.020        0.000                      0                18441        3.500        0.000                       0                  6927  


All user specified timing constraints are met.


------------------------------------------------------------------------------------------------
| Clock Summary
| -------------
------------------------------------------------------------------------------------------------

Clock        Waveform(ns)         Period(ns)      Frequency(MHz)
-----        ------------         ----------      --------------
clk_fpga_0   {0.000 20.000}       40.000          25.000          
sys_clk_pin  {0.000 4.000}        8.000           125.000         


------------------------------------------------------------------------------------------------
| Intra Clock Table
| -----------------
------------------------------------------------------------------------------------------------

Clock             WNS(ns)      TNS(ns)  TNS Failing Endpoints  TNS Total Endpoints      WHS(ns)      THS(ns)  THS Failing Endpoints  THS Total Endpoints     WPWS(ns)     TPWS(ns)  TPWS Failing Endpoints  TPWS Total Endpoints  
-----             -------      -------  ---------------------  -------------------      -------      -------  ---------------------  -------------------     --------     --------  ----------------------  --------------------  
clk_fpga_0         23.494        0.000                      0                17923        0.020        0.000                      0                17923       18.750        0.000                       0                  6877  
sys_clk_pin         3.761        0.000                      0                   62        0.290        0.000                      0                   62        3.500        0.000                       0                    50  


------------------------------------------------------------------------------------------------
| Inter Clock Table
| -----------------
------------------------------------------------------------------------------------------------

From Clock    To Clock          WNS(ns)      TNS(ns)  TNS Failing Endpoints  TNS Total Endpoints      WHS(ns)      THS(ns)  THS Failing Endpoints  THS Total Endpoints  
----------    --------          -------      -------  ---------------------  -------------------      -------      -------  ---------------------  -------------------  
clk_fpga_0    sys_clk_pin         0.375        0.000                      0                   36        0.034        0.000                      0                   36  


------------------------------------------------------------------------------------------------
| Other Path Groups Table
| -----------------------
------------------------------------------------------------------------------------------------

Path Group         From Clock         To Clock               WNS(ns)      TNS(ns)  TNS Failing Endpoints  TNS Total Endpoints      WHS(ns)      THS(ns)  THS Failing Endpoints  THS Total Endpoints  
----------         ----------         --------               -------      -------  ---------------------  -------------------      -------      -------  ---------------------  -------------------  
**async_default**  clk_fpga_0         clk_fpga_0              34.439        0.000                      0                  396        0.354        0.000                      0                  396  
**async_default**  clk_fpga_0         sys_clk_pin              2.275        0.000                      0                   48        0.886        0.000                      0                   48  


------------------------------------------------------------------------------------------------
| Timing Details
| --------------
------------------------------------------------------------------------------------------------


---------------------------------------------------------------------------------------------------
From Clock:  clk_fpga_0
  To Clock:  clk_fpga_0

Setup :            0  Failing Endpoints,  Worst Slack       23.494ns,  Total Violation        0.000ns
Hold  :            0  Failing Endpoints,  Worst Slack        0.020ns,  Total Violation        0.000ns
PW    :            0  Failing Endpoints,  Worst Slack       18.750ns,  Total Violation        0.000ns
---------------------------------------------------------------------------------------------------


Max Delay Paths
--------------------------------------------------------------------------------------
Slack (MET) :             23.494ns  (required time - arrival time)
  Source:                 design_1_i/ps7_0_axi_periph/s00_couplers/auto_us/inst/gen_upsizer.gen_full_upsizer.axi_upsizer_inst/USE_WRITE.gen_non_fifo_w_upsizer.write_data_inst/USE_REGISTER.M_AXI_WVALID_q_reg/C
                            (rising edge-triggered cell FDRE clocked by clk_fpga_0  {rise@0.000ns fall@20.000ns period=40.000ns})
  Destination:            design_1_i/ps7_0_axi_periph/s00_couplers/auto_us/inst/gen_upsizer.gen_full_upsizer.axi_upsizer_inst/USE_WRITE.gen_non_fifo_w_upsizer.write_data_inst/WORD_LANE[0].USE_ALWAYS_PACKER.BYTE_LANE[3].USE_RTL_DATA.USE_REGISTER.M_AXI_WDATA_I_reg[24]/CE
                            (rising edge-triggered cell FDRE clocked by clk_fpga_0  {rise@0.000ns fall@20.000ns period=40.000ns})
  Path Group:             clk_fpga_0
  Path Type:              Setup (Max at Slow Process Corner)
  Requirement:            40.000ns  (clk_fpga_0 rise@40.000ns - clk_fpga_0 rise@0.000ns)
  Data Path Delay:        15.676ns  (logic 2.534ns (16.165%)  route 13.142ns (83.835%))
  Logic Levels:           11  (LUT2=2 LUT3=2 LUT4=1 LUT5=4 LUT6=2)
  Clock Path Skew:        -0.024ns (DCD - SCD + CPR)
    Destination Clock Delay (DCD):    2.726ns = ( 42.727 - 40.000 ) 
    Source Clock Delay      (SCD):    2.981ns
    Clock Pessimism Removal (CPR):    0.230ns
  Clock Uncertainty:      0.601ns  ((TSJ^2 + TIJ^2)^1/2 + DJ) / 2 + PE
    Total System Jitter     (TSJ):    0.071ns
    Total Input Jitter      (TIJ):    1.200ns
    Discrete Jitter          (DJ):    0.000ns
    Phase Error              (PE):    0.000ns

    Location             Delay type                Incr(ns)  Path(ns)    Netlist Resource(s)
  -------------------------------------------------------------------    -------------------
                         (clock clk_fpga_0 rise edge)
                                                      0.000     0.000 r  
    PS7_X0Y0             PS7                          0.000     0.000 r  design_1_i/processing_system7_0/inst/PS7_i/FCLKCLK[0]
                         net (fo=1, routed)           1.207     1.207    design_1_i/processing_system7_0/inst/FCLK_CLK_unbuffered[0]
    BUFGCTRL_X0Y0        BUFG (Prop_bufg_I_O)         0.101     1.308 r  design_1_i/processing_system7_0/inst/buffer_fclk_clk_0.FCLK_CLK_0_BUFG/O
                         net (fo=6928, routed)        1.673     2.981    design_1_i/ps7_0_axi_periph/s00_couplers/auto_us/inst/gen_upsizer.gen_full_upsizer.axi_upsizer_inst/USE_WRITE.gen_non_fifo_w_upsizer.write_data_inst/USE_RTL_LENGTH.length_counter_q_reg[0]_0
    SLICE_X6Y33          FDRE                                         r  design_1_i/ps7_0_axi_periph/s00_couplers/auto_us/inst/gen_upsizer.gen_full_upsizer.axi_upsizer_inst/USE_WRITE.gen_non_fifo_w_upsizer.write_data_inst/USE_REGISTER.M_AXI_WVALID_q_reg/C
  -------------------------------------------------------------------    -------------------
    SLICE_X6Y33          FDRE (Prop_fdre_C_Q)         0.518     3.499 r  design_1_i/ps7_0_axi_periph/s00_couplers/auto_us/inst/gen_upsizer.gen_full_upsizer.axi_upsizer_inst/USE_WRITE.gen_non_fifo_w_upsizer.write_data_inst/USE_REGISTER.M_AXI_WVALID_q_reg/Q
                         net (fo=40, routed)          1.314     4.813    design_1_i/ps7_0_axi_periph/xbar/inst/gen_samd.crossbar_samd/gen_slave_slots[0].gen_si_write.wdata_router_w/wrouter_aw_fifo/s_axi_wvalid[0]
    SLICE_X13Y49         LUT2 (Prop_lut2_I1_O)        0.124     4.937 r  design_1_i/ps7_0_axi_periph/xbar/inst/gen_samd.crossbar_samd/gen_slave_slots[0].gen_si_write.wdata_router_w/wrouter_aw_fifo/m_axi_wvalid[1]_INST_0_i_2/O
                         net (fo=3, routed)           0.425     5.362    design_1_i/ps7_0_axi_periph/xbar/inst/gen_samd.crossbar_samd/gen_slave_slots[0].gen_si_write.wdata_router_w/wrouter_aw_fifo/m_axi_wvalid[1]_INST_0_i_2_n_0
    SLICE_X13Y49         LUT5 (Prop_lut5_I0_O)        0.124     5.486 r  design_1_i/ps7_0_axi_periph/xbar/inst/gen_samd.crossbar_samd/gen_slave_slots[0].gen_si_write.wdata_router_w/wrouter_aw_fifo/m_axi_wvalid[1]_INST_0/O
                         net (fo=5, routed)           1.447     6.932    design_1_i/ps7_0_axi_periph/m01_couplers/auto_ds/inst/gen_downsizer.gen_cascaded_downsizer.gen_axi3_conv.axi3_conv_inst/gen_axi4_axi3.axi3_conv_inst/USE_WRITE.write_addr_inst/USE_BURSTS.cmd_queue/inst/s_axi_wvalid
    SLICE_X12Y32         LUT3 (Prop_lut3_I1_O)        0.124     7.056 r  design_1_i/ps7_0_axi_periph/m01_couplers/auto_ds/inst/gen_downsizer.gen_cascaded_downsizer.gen_axi3_conv.axi3_conv_inst/gen_axi4_axi3.axi3_conv_inst/USE_WRITE.write_addr_inst/USE_BURSTS.cmd_queue/inst/m_axi_wvalid_INST_0/O
                         net (fo=4, routed)           1.742     8.799    design_1_i/ps7_0_axi_periph/m01_couplers/auto_pc/inst/gen_axi4_axi3.axi3_conv_inst/USE_WRITE.write_addr_inst/USE_BURSTS.cmd_queue/inst/s_axi_wvalid
    SLICE_X4Y2           LUT3 (Prop_lut3_I1_O)        0.148     8.947 r  design_1_i/ps7_0_axi_periph/m01_couplers/auto_pc/inst/gen_axi4_axi3.axi3_conv_inst/USE_WRITE.write_addr_inst/USE_BURSTS.cmd_queue/inst/s_axi_wready_INST_0/O
                         net (fo=11, routed)          2.219    11.165    design_1_i/ps7_0_axi_periph/m01_couplers/auto_ds/inst/gen_downsizer.gen_cascaded_downsizer.first_downsizer_inst/USE_WRITE.write_addr_inst/cmd_queue/inst/m_axi_wready
    SLICE_X12Y32         LUT5 (Prop_lut5_I3_O)        0.328    11.493 r  design_1_i/ps7_0_axi_periph/m01_couplers/auto_ds/inst/gen_downsizer.gen_cascaded_downsizer.first_downsizer_inst/USE_WRITE.write_addr_inst/cmd_queue/inst/s_axi_wready_INST_0/O
                         net (fo=3, routed)           1.188    12.681    design_1_i/ps7_0_axi_periph/xbar/inst/gen_samd.crossbar_samd/gen_slave_slots[0].gen_si_write.wdata_router_w/wrouter_aw_fifo/m_axi_wready[1]
    SLICE_X14Y49         LUT6 (Prop_lut6_I3_O)        0.124    12.805 r  design_1_i/ps7_0_axi_periph/xbar/inst/gen_samd.crossbar_samd/gen_slave_slots[0].gen_si_write.wdata_router_w/wrouter_aw_fifo/s_axi_wready[0]_INST_0_i_2/O
                         net (fo=1, routed)           0.483    13.288    design_1_i/ps7_0_axi_periph/xbar/inst/gen_samd.crossbar_samd/gen_slave_slots[0].gen_si_write.wdata_router_w/wrouter_aw_fifo/s_axi_wready[0]_INST_0_i_2_n_0
    SLICE_X15Y50         LUT6 (Prop_lut6_I0_O)        0.124    13.412 r  design_1_i/ps7_0_axi_periph/xbar/inst/gen_samd.crossbar_samd/gen_slave_slots[0].gen_si_write.wdata_router_w/wrouter_aw_fifo/s_axi_wready[0]_INST_0_i_1/O
                         net (fo=1, routed)           0.679    14.091    design_1_i/ps7_0_axi_periph/xbar/inst/gen_samd.crossbar_samd/gen_slave_slots[0].gen_si_write.wdata_router_w/wrouter_aw_fifo/m_aready0
    SLICE_X13Y49         LUT2 (Prop_lut2_I1_O)        0.118    14.209 r  design_1_i/ps7_0_axi_periph/xbar/inst/gen_samd.crossbar_samd/gen_slave_slots[0].gen_si_write.wdata_router_w/wrouter_aw_fifo/s_axi_wready[0]_INST_0/O
                         net (fo=38, routed)          1.352    15.561    design_1_i/ps7_0_axi_periph/s00_couplers/auto_us/inst/gen_upsizer.gen_full_upsizer.axi_upsizer_inst/USE_WRITE.write_addr_inst/GEN_CMD_QUEUE.cmd_queue/m_axi_wready
    SLICE_X6Y33          LUT5 (Prop_lut5_I2_O)        0.326    15.887 r  design_1_i/ps7_0_axi_periph/s00_couplers/auto_us/inst/gen_upsizer.gen_full_upsizer.axi_upsizer_inst/USE_WRITE.write_addr_inst/GEN_CMD_QUEUE.cmd_queue/WORD_LANE[3].USE_ALWAYS_PACKER.BYTE_LANE[3].USE_RTL_DATA.USE_REGISTER.M_AXI_WDATA_I[127]_i_8/O
                         net (fo=16, routed)          1.042    16.928    design_1_i/ps7_0_axi_periph/s00_couplers/auto_us/inst/gen_upsizer.gen_full_upsizer.axi_upsizer_inst/USE_WRITE.write_addr_inst/GEN_CMD_QUEUE.cmd_queue/WORD_LANE[3].USE_ALWAYS_PACKER.BYTE_LANE[3].USE_RTL_DATA.USE_REGISTER.M_AXI_WDATA_I[127]_i_8_n_0
    SLICE_X5Y27          LUT4 (Prop_lut4_I3_O)        0.150    17.078 r  design_1_i/ps7_0_axi_periph/s00_couplers/auto_us/inst/gen_upsizer.gen_full_upsizer.axi_upsizer_inst/USE_WRITE.write_addr_inst/GEN_CMD_QUEUE.cmd_queue/WORD_LANE[0].USE_ALWAYS_PACKER.BYTE_LANE[3].USE_RTL_DATA.USE_REGISTER.M_AXI_WDATA_I[31]_i_3/O
                         net (fo=9, routed)           0.553    17.632    design_1_i/ps7_0_axi_periph/s00_couplers/auto_us/inst/gen_upsizer.gen_full_upsizer.axi_upsizer_inst/USE_WRITE.gen_non_fifo_w_upsizer.write_data_inst/WORD_LANE[0].USE_ALWAYS_PACKER.BYTE_LANE[3].USE_RTL_DATA.USE_REGISTER.M_AXI_WDATA_I_reg[24]_0
    SLICE_X4Y28          LUT5 (Prop_lut5_I4_O)        0.326    17.958 r  design_1_i/ps7_0_axi_periph/s00_couplers/auto_us/inst/gen_upsizer.gen_full_upsizer.axi_upsizer_inst/USE_WRITE.gen_non_fifo_w_upsizer.write_data_inst/WORD_LANE[0].USE_ALWAYS_PACKER.BYTE_LANE[3].USE_RTL_DATA.USE_REGISTER.M_AXI_WDATA_I[31]_i_1/O
                         net (fo=8, routed)           0.699    18.657    design_1_i/ps7_0_axi_periph/s00_couplers/auto_us/inst/gen_upsizer.gen_full_upsizer.axi_upsizer_inst/USE_WRITE.gen_non_fifo_w_upsizer.write_data_inst/WORD_LANE[0].USE_ALWAYS_PACKER.BYTE_LANE[3].USE_RTL_DATA.USE_REGISTER.M_AXI_WDATA_I[31]_i_1_n_0
    SLICE_X3Y25          FDRE                                         r  design_1_i/ps7_0_axi_periph/s00_couplers/auto_us/inst/gen_upsizer.gen_full_upsizer.axi_upsizer_inst/USE_WRITE.gen_non_fifo_w_upsizer.write_data_inst/WORD_LANE[0].USE_ALWAYS_PACKER.BYTE_LANE[3].USE_RTL_DATA.USE_REGISTER.M_AXI_WDATA_I_reg[24]/CE
  -------------------------------------------------------------------    -------------------

                         (clock clk_fpga_0 rise edge)
                                                     40.000    40.000 r  
    PS7_X0Y0             PS7                          0.000    40.000 r  design_1_i/processing_system7_0/inst/PS7_i/FCLKCLK[0]
                         net (fo=1, routed)           1.101    41.101    design_1_i/processing_system7_0/inst/FCLK_CLK_unbuffered[0]
    BUFGCTRL_X0Y0        BUFG (Prop_bufg_I_O)         0.091    41.192 r  design_1_i/processing_system7_0/inst/buffer_fclk_clk_0.FCLK_CLK_0_BUFG/O
                         net (fo=6928, routed)        1.534    42.727    design_1_i/ps7_0_axi_periph/s00_couplers/auto_us/inst/gen_upsizer.gen_full_upsizer.axi_upsizer_inst/USE_WRITE.gen_non_fifo_w_upsizer.write_data_inst/USE_RTL_LENGTH.length_counter_q_reg[0]_0
    SLICE_X3Y25          FDRE                                         r  design_1_i/ps7_0_axi_periph/s00_couplers/auto_us/inst/gen_upsizer.gen_full_upsizer.axi_upsizer_inst/USE_WRITE.gen_non_fifo_w_upsizer.write_data_inst/WORD_LANE[0].USE_ALWAYS_PACKER.BYTE_LANE[3].USE_RTL_DATA.USE_REGISTER.M_AXI_WDATA_I_reg[24]/C
                         clock pessimism              0.230    42.957    
                         clock uncertainty           -0.601    42.356    
    SLICE_X3Y25          FDRE (Setup_fdre_C_CE)      -0.205    42.151    design_1_i/ps7_0_axi_periph/s00_couplers/auto_us/inst/gen_upsizer.gen_full_upsizer.axi_upsizer_inst/USE_WRITE.gen_non_fifo_w_upsizer.write_data_inst/WORD_LANE[0].USE_ALWAYS_PACKER.BYTE_LANE[3].USE_RTL_DATA.USE_REGISTER.M_AXI_WDATA_I_reg[24]
  -------------------------------------------------------------------
                         required time                         42.151    
                         arrival time                         -18.657    
  -------------------------------------------------------------------
                         slack                                 23.494    

Slack (MET) :             23.494ns  (required time - arrival time)
  Source:                 design_1_i/ps7_0_axi_periph/s00_couplers/auto_us/inst/gen_upsizer.gen_full_upsizer.axi_upsizer_inst/USE_WRITE.gen_non_fifo_w_upsizer.write_data_inst/USE_REGISTER.M_AXI_WVALID_q_reg/C
                            (rising edge-triggered cell FDRE clocked by clk_fpga_0  {rise@0.000ns fall@20.000ns period=40.000ns})
  Destination:            design_1_i/ps7_0_axi_periph/s00_couplers/auto_us/inst/gen_upsizer.gen_full_upsizer.axi_upsizer_inst/USE_WRITE.gen_non_fifo_w_upsizer.write_data_inst/WORD_LANE[0].USE_ALWAYS_PACKER.BYTE_LANE[3].USE_RTL_DATA.USE_REGISTER.M_AXI_WDATA_I_reg[25]/CE
                            (rising edge-triggered cell FDRE clocked by clk_fpga_0  {rise@0.000ns fall@20.000ns period=40.000ns})
  Path Group:             clk_fpga_0
  Path Type:              Setup (Max at Slow Process Corner)
  Requirement:            40.000ns  (clk_fpga_0 rise@40.000ns - clk_fpga_0 rise@0.000ns)
  Data Path Delay:        15.676ns  (logic 2.534ns (16.165%)  route 13.142ns (83.835%))
  Logic Levels:           11  (LUT2=2 LUT3=2 LUT4=1 LUT5=4 LUT6=2)
  Clock Path Skew:        -0.024ns (DCD - SCD + CPR)
    Destination Clock Delay (DCD):    2.726ns = ( 42.727 - 40.000 ) 
    Source Clock Delay      (SCD):    2.981ns
    Clock Pessimism Removal (CPR):    0.230ns
  Clock Uncertainty:      0.601ns  ((TSJ^2 + TIJ^2)^1/2 + DJ) / 2 + PE
    Total System Jitter     (TSJ):    0.071ns
    Total Input Jitter      (TIJ):    1.200ns
    Discrete Jitter          (DJ):    0.000ns
    Phase Error              (PE):    0.000ns

    Location             Delay type                Incr(ns)  Path(ns)    Netlist Resource(s)
  -------------------------------------------------------------------    -------------------
                         (clock clk_fpga_0 rise edge)
                                                      0.000     0.000 r  
    PS7_X0Y0             PS7                          0.000     0.000 r  design_1_i/processing_system7_0/inst/PS7_i/FCLKCLK[0]
                         net (fo=1, routed)           1.207     1.207    design_1_i/processing_system7_0/inst/FCLK_CLK_unbuffered[0]
    BUFGCTRL_X0Y0        BUFG (Prop_bufg_I_O)         0.101     1.308 r  design_1_i/processing_system7_0/inst/buffer_fclk_clk_0.FCLK_CLK_0_BUFG/O
                         net (fo=6928, routed)        1.673     2.981    design_1_i/ps7_0_axi_periph/s00_couplers/auto_us/inst/gen_upsizer.gen_full_upsizer.axi_upsizer_inst/USE_WRITE.gen_non_fifo_w_upsizer.write_data_inst/USE_RTL_LENGTH.length_counter_q_reg[0]_0
    SLICE_X6Y33          FDRE                                         r  design_1_i/ps7_0_axi_periph/s00_couplers/auto_us/inst/gen_upsizer.gen_full_upsizer.axi_upsizer_inst/USE_WRITE.gen_non_fifo_w_upsizer.write_data_inst/USE_REGISTER.M_AXI_WVALID_q_reg/C
  -------------------------------------------------------------------    -------------------
    SLICE_X6Y33          FDRE (Prop_fdre_C_Q)         0.518     3.499 r  design_1_i/ps7_0_axi_periph/s00_couplers/auto_us/inst/gen_upsizer.gen_full_upsizer.axi_upsizer_inst/USE_WRITE.gen_non_fifo_w_upsizer.write_data_inst/USE_REGISTER.M_AXI_WVALID_q_reg/Q
                         net (fo=40, routed)          1.314     4.813    design_1_i/ps7_0_axi_periph/xbar/inst/gen_samd.crossbar_samd/gen_slave_slots[0].gen_si_write.wdata_router_w/wrouter_aw_fifo/s_axi_wvalid[0]
    SLICE_X13Y49         LUT2 (Prop_lut2_I1_O)        0.124     4.937 r  design_1_i/ps7_0_axi_periph/xbar/inst/gen_samd.crossbar_samd/gen_slave_slots[0].gen_si_write.wdata_router_w/wrouter_aw_fifo/m_axi_wvalid[1]_INST_0_i_2/O
                         net (fo=3, routed)           0.425     5.362    design_1_i/ps7_0_axi_periph/xbar/inst/gen_samd.crossbar_samd/gen_slave_slots[0].gen_si_write.wdata_router_w/wrouter_aw_fifo/m_axi_wvalid[1]_INST_0_i_2_n_0
    SLICE_X13Y49         LUT5 (Prop_lut5_I0_O)        0.124     5.486 r  design_1_i/ps7_0_axi_periph/xbar/inst/gen_samd.crossbar_samd/gen_slave_slots[0].gen_si_write.wdata_router_w/wrouter_aw_fifo/m_axi_wvalid[1]_INST_0/O
                         net (fo=5, routed)           1.447     6.932    design_1_i/ps7_0_axi_periph/m01_couplers/auto_ds/inst/gen_downsizer.gen_cascaded_downsizer.gen_axi3_conv.axi3_conv_inst/gen_axi4_axi3.axi3_conv_inst/USE_WRITE.write_addr_inst/USE_BURSTS.cmd_queue/inst/s_axi_wvalid
    SLICE_X12Y32         LUT3 (Prop_lut3_I1_O)        0.124     7.056 r  design_1_i/ps7_0_axi_periph/m01_couplers/auto_ds/inst/gen_downsizer.gen_cascaded_downsizer.gen_axi3_conv.axi3_conv_inst/gen_axi4_axi3.axi3_conv_inst/USE_WRITE.write_addr_inst/USE_BURSTS.cmd_queue/inst/m_axi_wvalid_INST_0/O
                         net (fo=4, routed)           1.742     8.799    design_1_i/ps7_0_axi_periph/m01_couplers/auto_pc/inst/gen_axi4_axi3.axi3_conv_inst/USE_WRITE.write_addr_inst/USE_BURSTS.cmd_queue/inst/s_axi_wvalid
    SLICE_X4Y2           LUT3 (Prop_lut3_I1_O)        0.148     8.947 r  design_1_i/ps7_0_axi_periph/m01_couplers/auto_pc/inst/gen_axi4_axi3.axi3_conv_inst/USE_WRITE.write_addr_inst/USE_BURSTS.cmd_queue/inst/s_axi_wready_INST_0/O
                         net (fo=11, routed)          2.219    11.165    design_1_i/ps7_0_axi_periph/m01_couplers/auto_ds/inst/gen_downsizer.gen_cascaded_downsizer.first_downsizer_inst/USE_WRITE.write_addr_inst/cmd_queue/inst/m_axi_wready
    SLICE_X12Y32         LUT5 (Prop_lut5_I3_O)        0.328    11.493 r  design_1_i/ps7_0_axi_periph/m01_couplers/auto_ds/inst/gen_downsizer.gen_cascaded_downsizer.first_downsizer_inst/USE_WRITE.write_addr_inst/cmd_queue/inst/s_axi_wready_INST_0/O
                         net (fo=3, routed)           1.188    12.681    design_1_i/ps7_0_axi_periph/xbar/inst/gen_samd.crossbar_samd/gen_slave_slots[0].gen_si_write.wdata_router_w/wrouter_aw_fifo/m_axi_wready[1]
    SLICE_X14Y49         LUT6 (Prop_lut6_I3_O)        0.124    12.805 r  design_1_i/ps7_0_axi_periph/xbar/inst/gen_samd.crossbar_samd/gen_slave_slots[0].gen_si_write.wdata_router_w/wrouter_aw_fifo/s_axi_wready[0]_INST_0_i_2/O
                         net (fo=1, routed)           0.483    13.288    design_1_i/ps7_0_axi_periph/xbar/inst/gen_samd.crossbar_samd/gen_slave_slots[0].gen_si_write.wdata_router_w/wrouter_aw_fifo/s_axi_wready[0]_INST_0_i_2_n_0
    SLICE_X15Y50         LUT6 (Prop_lut6_I0_O)        0.124    13.412 r  design_1_i/ps7_0_axi_periph/xbar/inst/gen_samd.crossbar_samd/gen_slave_slots[0].gen_si_write.wdata_router_w/wrouter_aw_fifo/s_axi_wready[0]_INST_0_i_1/O
                         net (fo=1, routed)           0.679    14.091    design_1_i/ps7_0_axi_periph/xbar/inst/gen_samd.crossbar_samd/gen_slave_slots[0].gen_si_write.wdata_router_w/wrouter_aw_fifo/m_aready0
    SLICE_X13Y49         LUT2 (Prop_lut2_I1_O)        0.118    14.209 r  design_1_i/ps7_0_axi_periph/xbar/inst/gen_samd.crossbar_samd/gen_slave_slots[0].gen_si_write.wdata_router_w/wrouter_aw_fifo/s_axi_wready[0]_INST_0/O
                         net (fo=38, routed)          1.352    15.561    design_1_i/ps7_0_axi_periph/s00_couplers/auto_us/inst/gen_upsizer.gen_full_upsizer.axi_upsizer_inst/USE_WRITE.write_addr_inst/GEN_CMD_QUEUE.cmd_queue/m_axi_wready
    SLICE_X6Y33          LUT5 (Prop_lut5_I2_O)        0.326    15.887 r  design_1_i/ps7_0_axi_periph/s00_couplers/auto_us/inst/gen_upsizer.gen_full_upsizer.axi_upsizer_inst/USE_WRITE.write_addr_inst/GEN_CMD_QUEUE.cmd_queue/WORD_LANE[3].USE_ALWAYS_PACKER.BYTE_LANE[3].USE_RTL_DATA.USE_REGISTER.M_AXI_WDATA_I[127]_i_8/O
                         net (fo=16, routed)          1.042    16.928    design_1_i/ps7_0_axi_periph/s00_couplers/auto_us/inst/gen_upsizer.gen_full_upsizer.axi_upsizer_inst/USE_WRITE.write_addr_inst/GEN_CMD_QUEUE.cmd_queue/WORD_LANE[3].USE_ALWAYS_PACKER.BYTE_LANE[3].USE_RTL_DATA.USE_REGISTER.M_AXI_WDATA_I[127]_i_8_n_0
    SLICE_X5Y27          LUT4 (Prop_lut4_I3_O)        0.150    17.078 r  design_1_i/ps7_0_axi_periph/s00_couplers/auto_us/inst/gen_upsizer.gen_full_upsizer.axi_upsizer_inst/USE_WRITE.write_addr_inst/GEN_CMD_QUEUE.cmd_queue/WORD_LANE[0].USE_ALWAYS_PACKER.BYTE_LANE[3].USE_RTL_DATA.USE_REGISTER.M_AXI_WDATA_I[31]_i_3/O
                         net (fo=9, routed)           0.553    17.632    design_1_i/ps7_0_axi_periph/s00_couplers/auto_us/inst/gen_upsizer.gen_full_upsizer.axi_upsizer_inst/USE_WRITE.gen_non_fifo_w_upsizer.write_data_inst/WORD_LANE[0].USE_ALWAYS_PACKER.BYTE_LANE[3].USE_RTL_DATA.USE_REGISTER.M_AXI_WDATA_I_reg[24]_0
    SLICE_X4Y28          LUT5 (Prop_lut5_I4_O)        0.326    17.958 r  design_1_i/ps7_0_axi_periph/s00_couplers/auto_us/inst/gen_upsizer.gen_full_upsizer.axi_upsizer_inst/USE_WRITE.gen_non_fifo_w_upsizer.write_data_inst/WORD_LANE[0].USE_ALWAYS_PACKER.BYTE_LANE[3].USE_RTL_DATA.USE_REGISTER.M_AXI_WDATA_I[31]_i_1/O
                         net (fo=8, routed)           0.699    18.657    design_1_i/ps7_0_axi_periph/s00_couplers/auto_us/inst/gen_upsizer.gen_full_upsizer.axi_upsizer_inst/USE_WRITE.gen_non_fifo_w_upsizer.write_data_inst/WORD_LANE[0].USE_ALWAYS_PACKER.BYTE_LANE[3].USE_RTL_DATA.USE_REGISTER.M_AXI_WDATA_I[31]_i_1_n_0
    SLICE_X3Y25          FDRE                                         r  design_1_i/ps7_0_axi_periph/s00_couplers/auto_us/inst/gen_upsizer.gen_full_upsizer.axi_upsizer_inst/USE_WRITE.gen_non_fifo_w_upsizer.write_data_inst/WORD_LANE[0].USE_ALWAYS_PACKER.BYTE_LANE[3].USE_RTL_DATA.USE_REGISTER.M_AXI_WDATA_I_reg[25]/CE
  -------------------------------------------------------------------    -------------------

                         (clock clk_fpga_0 rise edge)
                                                     40.000    40.000 r  
    PS7_X0Y0             PS7                          0.000    40.000 r  design_1_i/processing_system7_0/inst/PS7_i/FCLKCLK[0]
                         net (fo=1, routed)           1.101    41.101    design_1_i/processing_system7_0/inst/FCLK_CLK_unbuffered[0]
    BUFGCTRL_X0Y0        BUFG (Prop_bufg_I_O)         0.091    41.192 r  design_1_i/processing_system7_0/inst/buffer_fclk_clk_0.FCLK_CLK_0_BUFG/O
                         net (fo=6928, routed)        1.534    42.727    design_1_i/ps7_0_axi_periph/s00_couplers/auto_us/inst/gen_upsizer.gen_full_upsizer.axi_upsizer_inst/USE_WRITE.gen_non_fifo_w_upsizer.write_data_inst/USE_RTL_LENGTH.length_counter_q_reg[0]_0
    SLICE_X3Y25          FDRE                                         r  design_1_i/ps7_0_axi_periph/s00_couplers/auto_us/inst/gen_upsizer.gen_full_upsizer.axi_upsizer_inst/USE_WRITE.gen_non_fifo_w_upsizer.write_data_inst/WORD_LANE[0].USE_ALWAYS_PACKER.BYTE_LANE[3].USE_RTL_DATA.USE_REGISTER.M_AXI_WDATA_I_reg[25]/C
                         clock pessimism              0.230    42.957    
                         clock uncertainty           -0.601    42.356    
    SLICE_X3Y25          FDRE (Setup_fdre_C_CE)      -0.205    42.151    design_1_i/ps7_0_axi_periph/s00_couplers/auto_us/inst/gen_upsizer.gen_full_upsizer.axi_upsizer_inst/USE_WRITE.gen_non_fifo_w_upsizer.write_data_inst/WORD_LANE[0].USE_ALWAYS_PACKER.BYTE_LANE[3].USE_RTL_DATA.USE_REGISTER.M_AXI_WDATA_I_reg[25]
  -------------------------------------------------------------------
                         required time                         42.151    
                         arrival time                         -18.657    
  -------------------------------------------------------------------
                         slack                                 23.494    

Slack (MET) :             23.527ns  (required time - arrival time)
  Source:                 design_1_i/ps7_0_axi_periph/s00_couplers/auto_us/inst/gen_upsizer.gen_full_upsizer.axi_upsizer_inst/USE_WRITE.gen_non_fifo_w_upsizer.write_data_inst/USE_REGISTER.M_AXI_WVALID_q_reg/C
                            (rising edge-triggered cell FDRE clocked by clk_fpga_0  {rise@0.000ns fall@20.000ns period=40.000ns})
  Destination:            design_1_i/ps7_0_axi_periph/s00_couplers/auto_us/inst/gen_upsizer.gen_full_upsizer.axi_upsizer_inst/USE_WRITE.gen_non_fifo_w_upsizer.write_data_inst/WORD_LANE[3].USE_ALWAYS_PACKER.BYTE_LANE[3].USE_RTL_DATA.USE_REGISTER.M_AXI_WDATA_I_reg[124]/CE
                            (rising edge-triggered cell FDRE clocked by clk_fpga_0  {rise@0.000ns fall@20.000ns period=40.000ns})
  Path Group:             clk_fpga_0
  Path Type:              Setup (Max at Slow Process Corner)
  Requirement:            40.000ns  (clk_fpga_0 rise@40.000ns - clk_fpga_0 rise@0.000ns)
  Data Path Delay:        15.644ns  (logic 2.558ns (16.351%)  route 13.086ns (83.649%))
  Logic Levels:           11  (LUT2=2 LUT3=2 LUT4=1 LUT5=3 LUT6=3)
  Clock Path Skew:        -0.023ns (DCD - SCD + CPR)
    Destination Clock Delay (DCD):    2.727ns = ( 42.728 - 40.000 ) 
    Source Clock Delay      (SCD):    2.981ns
    Clock Pessimism Removal (CPR):    0.230ns
  Clock Uncertainty:      0.601ns  ((TSJ^2 + TIJ^2)^1/2 + DJ) / 2 + PE
    Total System Jitter     (TSJ):    0.071ns
    Total Input Jitter      (TIJ):    1.200ns
    Discrete Jitter          (DJ):    0.000ns
    Phase Error              (PE):    0.000ns

    Location             Delay type                Incr(ns)  Path(ns)    Netlist Resource(s)
  -------------------------------------------------------------------    -------------------
                         (clock clk_fpga_0 rise edge)
                                                      0.000     0.000 r  
    PS7_X0Y0             PS7                          0.000     0.000 r  design_1_i/processing_system7_0/inst/PS7_i/FCLKCLK[0]
                         net (fo=1, routed)           1.207     1.207    design_1_i/processing_system7_0/inst/FCLK_CLK_unbuffered[0]
    BUFGCTRL_X0Y0        BUFG (Prop_bufg_I_O)         0.101     1.308 r  design_1_i/processing_system7_0/inst/buffer_fclk_clk_0.FCLK_CLK_0_BUFG/O
                         net (fo=6928, routed)        1.673     2.981    design_1_i/ps7_0_axi_periph/s00_couplers/auto_us/inst/gen_upsizer.gen_full_upsizer.axi_upsizer_inst/USE_WRITE.gen_non_fifo_w_upsizer.write_data_inst/USE_RTL_LENGTH.length_counter_q_reg[0]_0
    SLICE_X6Y33          FDRE                                         r  design_1_i/ps7_0_axi_periph/s00_couplers/auto_us/inst/gen_upsizer.gen_full_upsizer.axi_upsizer_inst/USE_WRITE.gen_non_fifo_w_upsizer.write_data_inst/USE_REGISTER.M_AXI_WVALID_q_reg/C
  -------------------------------------------------------------------    -------------------
    SLICE_X6Y33          FDRE (Prop_fdre_C_Q)         0.518     3.499 r  design_1_i/ps7_0_axi_periph/s00_couplers/auto_us/inst/gen_upsizer.gen_full_upsizer.axi_upsizer_inst/USE_WRITE.gen_non_fifo_w_upsizer.write_data_inst/USE_REGISTER.M_AXI_WVALID_q_reg/Q
                         net (fo=40, routed)          1.314     4.813    design_1_i/ps7_0_axi_periph/xbar/inst/gen_samd.crossbar_samd/gen_slave_slots[0].gen_si_write.wdata_router_w/wrouter_aw_fifo/s_axi_wvalid[0]
    SLICE_X13Y49         LUT2 (Prop_lut2_I1_O)        0.124     4.937 r  design_1_i/ps7_0_axi_periph/xbar/inst/gen_samd.crossbar_samd/gen_slave_slots[0].gen_si_write.wdata_router_w/wrouter_aw_fifo/m_axi_wvalid[1]_INST_0_i_2/O
                         net (fo=3, routed)           0.425     5.362    design_1_i/ps7_0_axi_periph/xbar/inst/gen_samd.crossbar_samd/gen_slave_slots[0].gen_si_write.wdata_router_w/wrouter_aw_fifo/m_axi_wvalid[1]_INST_0_i_2_n_0
    SLICE_X13Y49         LUT5 (Prop_lut5_I0_O)        0.124     5.486 r  design_1_i/ps7_0_axi_periph/xbar/inst/gen_samd.crossbar_samd/gen_slave_slots[0].gen_si_write.wdata_router_w/wrouter_aw_fifo/m_axi_wvalid[1]_INST_0/O
                         net (fo=5, routed)           1.447     6.932    design_1_i/ps7_0_axi_periph/m01_couplers/auto_ds/inst/gen_downsizer.gen_cascaded_downsizer.gen_axi3_conv.axi3_conv_inst/gen_axi4_axi3.axi3_conv_inst/USE_WRITE.write_addr_inst/USE_BURSTS.cmd_queue/inst/s_axi_wvalid
    SLICE_X12Y32         LUT3 (Prop_lut3_I1_O)        0.124     7.056 r  design_1_i/ps7_0_axi_periph/m01_couplers/auto_ds/inst/gen_downsizer.gen_cascaded_downsizer.gen_axi3_conv.axi3_conv_inst/gen_axi4_axi3.axi3_conv_inst/USE_WRITE.write_addr_inst/USE_BURSTS.cmd_queue/inst/m_axi_wvalid_INST_0/O
                         net (fo=4, routed)           1.742     8.799    design_1_i/ps7_0_axi_periph/m01_couplers/auto_pc/inst/gen_axi4_axi3.axi3_conv_inst/USE_WRITE.write_addr_inst/USE_BURSTS.cmd_queue/inst/s_axi_wvalid
    SLICE_X4Y2           LUT3 (Prop_lut3_I1_O)        0.148     8.947 r  design_1_i/ps7_0_axi_periph/m01_couplers/auto_pc/inst/gen_axi4_axi3.axi3_conv_inst/USE_WRITE.write_addr_inst/USE_BURSTS.cmd_queue/inst/s_axi_wready_INST_0/O
                         net (fo=11, routed)          2.219    11.165    design_1_i/ps7_0_axi_periph/m01_couplers/auto_ds/inst/gen_downsizer.gen_cascaded_downsizer.first_downsizer_inst/USE_WRITE.write_addr_inst/cmd_queue/inst/m_axi_wready
    SLICE_X12Y32         LUT5 (Prop_lut5_I3_O)        0.328    11.493 r  design_1_i/ps7_0_axi_periph/m01_couplers/auto_ds/inst/gen_downsizer.gen_cascaded_downsizer.first_downsizer_inst/USE_WRITE.write_addr_inst/cmd_queue/inst/s_axi_wready_INST_0/O
                         net (fo=3, routed)           1.188    12.681    design_1_i/ps7_0_axi_periph/xbar/inst/gen_samd.crossbar_samd/gen_slave_slots[0].gen_si_write.wdata_router_w/wrouter_aw_fifo/m_axi_wready[1]
    SLICE_X14Y49         LUT6 (Prop_lut6_I3_O)        0.124    12.805 r  design_1_i/ps7_0_axi_periph/xbar/inst/gen_samd.crossbar_samd/gen_slave_slots[0].gen_si_write.wdata_router_w/wrouter_aw_fifo/s_axi_wready[0]_INST_0_i_2/O
                         net (fo=1, routed)           0.483    13.288    design_1_i/ps7_0_axi_periph/xbar/inst/gen_samd.crossbar_samd/gen_slave_slots[0].gen_si_write.wdata_router_w/wrouter_aw_fifo/s_axi_wready[0]_INST_0_i_2_n_0
    SLICE_X15Y50         LUT6 (Prop_lut6_I0_O)        0.124    13.412 r  design_1_i/ps7_0_axi_periph/xbar/inst/gen_samd.crossbar_samd/gen_slave_slots[0].gen_si_write.wdata_router_w/wrouter_aw_fifo/s_axi_wready[0]_INST_0_i_1/O
                         net (fo=1, routed)           0.679    14.091    design_1_i/ps7_0_axi_periph/xbar/inst/gen_samd.crossbar_samd/gen_slave_slots[0].gen_si_write.wdata_router_w/wrouter_aw_fifo/m_aready0
    SLICE_X13Y49         LUT2 (Prop_lut2_I1_O)        0.118    14.209 r  design_1_i/ps7_0_axi_periph/xbar/inst/gen_samd.crossbar_samd/gen_slave_slots[0].gen_si_write.wdata_router_w/wrouter_aw_fifo/s_axi_wready[0]_INST_0/O
                         net (fo=38, routed)          0.779    14.988    design_1_i/ps7_0_axi_periph/s00_couplers/auto_us/inst/gen_upsizer.gen_full_upsizer.axi_upsizer_inst/USE_WRITE.gen_non_fifo_w_upsizer.write_data_inst/m_axi_wready
    SLICE_X8Y39          LUT6 (Prop_lut6_I0_O)        0.326    15.314 r  design_1_i/ps7_0_axi_periph/s00_couplers/auto_us/inst/gen_upsizer.gen_full_upsizer.axi_upsizer_inst/USE_WRITE.gen_non_fifo_w_upsizer.write_data_inst/USE_RTL_LENGTH.first_mi_word_q_i_2/O
                         net (fo=36, routed)          1.677    16.990    design_1_i/ps7_0_axi_periph/s00_couplers/auto_us/inst/gen_upsizer.gen_full_upsizer.axi_upsizer_inst/USE_WRITE.write_addr_inst/GEN_CMD_QUEUE.cmd_queue/USE_FF_OUT.USE_RTL_OUTPUT_PIPELINE.M_MESG_Q_reg[0]_0
    SLICE_X4Y25          LUT4 (Prop_lut4_I2_O)        0.152    17.142 r  design_1_i/ps7_0_axi_periph/s00_couplers/auto_us/inst/gen_upsizer.gen_full_upsizer.axi_upsizer_inst/USE_WRITE.write_addr_inst/GEN_CMD_QUEUE.cmd_queue/WORD_LANE[3].USE_ALWAYS_PACKER.BYTE_LANE[3].USE_RTL_DATA.USE_REGISTER.M_AXI_WDATA_I[127]_i_4/O
                         net (fo=9, routed)           0.627    17.769    design_1_i/ps7_0_axi_periph/s00_couplers/auto_us/inst/gen_upsizer.gen_full_upsizer.axi_upsizer_inst/USE_WRITE.gen_non_fifo_w_upsizer.write_data_inst/WORD_LANE[3].USE_ALWAYS_PACKER.BYTE_LANE[3].USE_RTL_DATA.USE_REGISTER.M_AXI_WDATA_I_reg[120]_0
    SLICE_X0Y28          LUT5 (Prop_lut5_I4_O)        0.348    18.117 r  design_1_i/ps7_0_axi_periph/s00_couplers/auto_us/inst/gen_upsizer.gen_full_upsizer.axi_upsizer_inst/USE_WRITE.gen_non_fifo_w_upsizer.write_data_inst/WORD_LANE[3].USE_ALWAYS_PACKER.BYTE_LANE[3].USE_RTL_DATA.USE_REGISTER.M_AXI_WDATA_I[127]_i_1/O
                         net (fo=8, routed)           0.508    18.625    design_1_i/ps7_0_axi_periph/s00_couplers/auto_us/inst/gen_upsizer.gen_full_upsizer.axi_upsizer_inst/USE_WRITE.gen_non_fifo_w_upsizer.write_data_inst/WORD_LANE[3].USE_ALWAYS_PACKER.BYTE_LANE[3].USE_RTL_DATA.USE_REGISTER.M_AXI_WDATA_I[127]_i_1_n_0
    SLICE_X1Y28          FDRE                                         r  design_1_i/ps7_0_axi_periph/s00_couplers/auto_us/inst/gen_upsizer.gen_full_upsizer.axi_upsizer_inst/USE_WRITE.gen_non_fifo_w_upsizer.write_data_inst/WORD_LANE[3].USE_ALWAYS_PACKER.BYTE_LANE[3].USE_RTL_DATA.USE_REGISTER.M_AXI_WDATA_I_reg[124]/CE
  -------------------------------------------------------------------    -------------------

                         (clock clk_fpga_0 rise edge)
                                                     40.000    40.000 r  
    PS7_X0Y0             PS7                          0.000    40.000 r  design_1_i/processing_system7_0/inst/PS7_i/FCLKCLK[0]
                         net (fo=1, routed)           1.101    41.101    design_1_i/processing_system7_0/inst/FCLK_CLK_unbuffered[0]
    BUFGCTRL_X0Y0        BUFG (Prop_bufg_I_O)         0.091    41.192 r  design_1_i/processing_system7_0/inst/buffer_fclk_clk_0.FCLK_CLK_0_BUFG/O
                         net (fo=6928, routed)        1.535    42.728    design_1_i/ps7_0_axi_periph/s00_couplers/auto_us/inst/gen_upsizer.gen_full_upsizer.axi_upsizer_inst/USE_WRITE.gen_non_fifo_w_upsizer.write_data_inst/USE_RTL_LENGTH.length_counter_q_reg[0]_0
    SLICE_X1Y28          FDRE                                         r  design_1_i/ps7_0_axi_periph/s00_couplers/auto_us/inst/gen_upsizer.gen_full_upsizer.axi_upsizer_inst/USE_WRITE.gen_non_fifo_w_upsizer.write_data_inst/WORD_LANE[3].USE_ALWAYS_PACKER.BYTE_LANE[3].USE_RTL_DATA.USE_REGISTER.M_AXI_WDATA_I_reg[124]/C
                         clock pessimism              0.230    42.958    
                         clock uncertainty           -0.601    42.357    
    SLICE_X1Y28          FDRE (Setup_fdre_C_CE)      -0.205    42.152    design_1_i/ps7_0_axi_periph/s00_couplers/auto_us/inst/gen_upsizer.gen_full_upsizer.axi_upsizer_inst/USE_WRITE.gen_non_fifo_w_upsizer.write_data_inst/WORD_LANE[3].USE_ALWAYS_PACKER.BYTE_LANE[3].USE_RTL_DATA.USE_REGISTER.M_AXI_WDATA_I_reg[124]
  -------------------------------------------------------------------
                         required time                         42.152    
                         arrival time                         -18.625    
  -------------------------------------------------------------------
                         slack                                 23.527    

Slack (MET) :             23.527ns  (required time - arrival time)
  Source:                 design_1_i/ps7_0_axi_periph/s00_couplers/auto_us/inst/gen_upsizer.gen_full_upsizer.axi_upsizer_inst/USE_WRITE.gen_non_fifo_w_upsizer.write_data_inst/USE_REGISTER.M_AXI_WVALID_q_reg/C
                            (rising edge-triggered cell FDRE clocked by clk_fpga_0  {rise@0.000ns fall@20.000ns period=40.000ns})
  Destination:            design_1_i/ps7_0_axi_periph/s00_couplers/auto_us/inst/gen_upsizer.gen_full_upsizer.axi_upsizer_inst/USE_WRITE.gen_non_fifo_w_upsizer.write_data_inst/WORD_LANE[3].USE_ALWAYS_PACKER.BYTE_LANE[3].USE_RTL_DATA.USE_REGISTER.M_AXI_WDATA_I_reg[126]/CE
                            (rising edge-triggered cell FDRE clocked by clk_fpga_0  {rise@0.000ns fall@20.000ns period=40.000ns})
  Path Group:             clk_fpga_0
  Path Type:              Setup (Max at Slow Process Corner)
  Requirement:            40.000ns  (clk_fpga_0 rise@40.000ns - clk_fpga_0 rise@0.000ns)
  Data Path Delay:        15.644ns  (logic 2.558ns (16.351%)  route 13.086ns (83.649%))
  Logic Levels:           11  (LUT2=2 LUT3=2 LUT4=1 LUT5=3 LUT6=3)
  Clock Path Skew:        -0.023ns (DCD - SCD + CPR)
    Destination Clock Delay (DCD):    2.727ns = ( 42.728 - 40.000 ) 
    Source Clock Delay      (SCD):    2.981ns
    Clock Pessimism Removal (CPR):    0.230ns
  Clock Uncertainty:      0.601ns  ((TSJ^2 + TIJ^2)^1/2 + DJ) / 2 + PE
    Total System Jitter     (TSJ):    0.071ns
    Total Input Jitter      (TIJ):    1.200ns
    Discrete Jitter          (DJ):    0.000ns
    Phase Error              (PE):    0.000ns

    Location             Delay type                Incr(ns)  Path(ns)    Netlist Resource(s)
  -------------------------------------------------------------------    -------------------
                         (clock clk_fpga_0 rise edge)
                                                      0.000     0.000 r  
    PS7_X0Y0             PS7                          0.000     0.000 r  design_1_i/processing_system7_0/inst/PS7_i/FCLKCLK[0]
                         net (fo=1, routed)           1.207     1.207    design_1_i/processing_system7_0/inst/FCLK_CLK_unbuffered[0]
    BUFGCTRL_X0Y0        BUFG (Prop_bufg_I_O)         0.101     1.308 r  design_1_i/processing_system7_0/inst/buffer_fclk_clk_0.FCLK_CLK_0_BUFG/O
                         net (fo=6928, routed)        1.673     2.981    design_1_i/ps7_0_axi_periph/s00_couplers/auto_us/inst/gen_upsizer.gen_full_upsizer.axi_upsizer_inst/USE_WRITE.gen_non_fifo_w_upsizer.write_data_inst/USE_RTL_LENGTH.length_counter_q_reg[0]_0
    SLICE_X6Y33          FDRE                                         r  design_1_i/ps7_0_axi_periph/s00_couplers/auto_us/inst/gen_upsizer.gen_full_upsizer.axi_upsizer_inst/USE_WRITE.gen_non_fifo_w_upsizer.write_data_inst/USE_REGISTER.M_AXI_WVALID_q_reg/C
  -------------------------------------------------------------------    -------------------
    SLICE_X6Y33          FDRE (Prop_fdre_C_Q)         0.518     3.499 r  design_1_i/ps7_0_axi_periph/s00_couplers/auto_us/inst/gen_upsizer.gen_full_upsizer.axi_upsizer_inst/USE_WRITE.gen_non_fifo_w_upsizer.write_data_inst/USE_REGISTER.M_AXI_WVALID_q_reg/Q
                         net (fo=40, routed)          1.314     4.813    design_1_i/ps7_0_axi_periph/xbar/inst/gen_samd.crossbar_samd/gen_slave_slots[0].gen_si_write.wdata_router_w/wrouter_aw_fifo/s_axi_wvalid[0]
    SLICE_X13Y49         LUT2 (Prop_lut2_I1_O)        0.124     4.937 r  design_1_i/ps7_0_axi_periph/xbar/inst/gen_samd.crossbar_samd/gen_slave_slots[0].gen_si_write.wdata_router_w/wrouter_aw_fifo/m_axi_wvalid[1]_INST_0_i_2/O
                         net (fo=3, routed)           0.425     5.362    design_1_i/ps7_0_axi_periph/xbar/inst/gen_samd.crossbar_samd/gen_slave_slots[0].gen_si_write.wdata_router_w/wrouter_aw_fifo/m_axi_wvalid[1]_INST_0_i_2_n_0
    SLICE_X13Y49         LUT5 (Prop_lut5_I0_O)        0.124     5.486 r  design_1_i/ps7_0_axi_periph/xbar/inst/gen_samd.crossbar_samd/gen_slave_slots[0].gen_si_write.wdata_router_w/wrouter_aw_fifo/m_axi_wvalid[1]_INST_0/O
                         net (fo=5, routed)           1.447     6.932    design_1_i/ps7_0_axi_periph/m01_couplers/auto_ds/inst/gen_downsizer.gen_cascaded_downsizer.gen_axi3_conv.axi3_conv_inst/gen_axi4_axi3.axi3_conv_inst/USE_WRITE.write_addr_inst/USE_BURSTS.cmd_queue/inst/s_axi_wvalid
    SLICE_X12Y32         LUT3 (Prop_lut3_I1_O)        0.124     7.056 r  design_1_i/ps7_0_axi_periph/m01_couplers/auto_ds/inst/gen_downsizer.gen_cascaded_downsizer.gen_axi3_conv.axi3_conv_inst/gen_axi4_axi3.axi3_conv_inst/USE_WRITE.write_addr_inst/USE_BURSTS.cmd_queue/inst/m_axi_wvalid_INST_0/O
                         net (fo=4, routed)           1.742     8.799    design_1_i/ps7_0_axi_periph/m01_couplers/auto_pc/inst/gen_axi4_axi3.axi3_conv_inst/USE_WRITE.write_addr_inst/USE_BURSTS.cmd_queue/inst/s_axi_wvalid
    SLICE_X4Y2           LUT3 (Prop_lut3_I1_O)        0.148     8.947 r  design_1_i/ps7_0_axi_periph/m01_couplers/auto_pc/inst/gen_axi4_axi3.axi3_conv_inst/USE_WRITE.write_addr_inst/USE_BURSTS.cmd_queue/inst/s_axi_wready_INST_0/O
                         net (fo=11, routed)          2.219    11.165    design_1_i/ps7_0_axi_periph/m01_couplers/auto_ds/inst/gen_downsizer.gen_cascaded_downsizer.first_downsizer_inst/USE_WRITE.write_addr_inst/cmd_queue/inst/m_axi_wready
    SLICE_X12Y32         LUT5 (Prop_lut5_I3_O)        0.328    11.493 r  design_1_i/ps7_0_axi_periph/m01_couplers/auto_ds/inst/gen_downsizer.gen_cascaded_downsizer.first_downsizer_inst/USE_WRITE.write_addr_inst/cmd_queue/inst/s_axi_wready_INST_0/O
                         net (fo=3, routed)           1.188    12.681    design_1_i/ps7_0_axi_periph/xbar/inst/gen_samd.crossbar_samd/gen_slave_slots[0].gen_si_write.wdata_router_w/wrouter_aw_fifo/m_axi_wready[1]
    SLICE_X14Y49         LUT6 (Prop_lut6_I3_O)        0.124    12.805 r  design_1_i/ps7_0_axi_periph/xbar/inst/gen_samd.crossbar_samd/gen_slave_slots[0].gen_si_write.wdata_router_w/wrouter_aw_fifo/s_axi_wready[0]_INST_0_i_2/O
                         net (fo=1, routed)           0.483    13.288    design_1_i/ps7_0_axi_periph/xbar/inst/gen_samd.crossbar_samd/gen_slave_slots[0].gen_si_write.wdata_router_w/wrouter_aw_fifo/s_axi_wready[0]_INST_0_i_2_n_0
    SLICE_X15Y50         LUT6 (Prop_lut6_I0_O)        0.124    13.412 r  design_1_i/ps7_0_axi_periph/xbar/inst/gen_samd.crossbar_samd/gen_slave_slots[0].gen_si_write.wdata_router_w/wrouter_aw_fifo/s_axi_wready[0]_INST_0_i_1/O
                         net (fo=1, routed)           0.679    14.091    design_1_i/ps7_0_axi_periph/xbar/inst/gen_samd.crossbar_samd/gen_slave_slots[0].gen_si_write.wdata_router_w/wrouter_aw_fifo/m_aready0
    SLICE_X13Y49         LUT2 (Prop_lut2_I1_O)        0.118    14.209 r  design_1_i/ps7_0_axi_periph/xbar/inst/gen_samd.crossbar_samd/gen_slave_slots[0].gen_si_write.wdata_router_w/wrouter_aw_fifo/s_axi_wready[0]_INST_0/O
                         net (fo=38, routed)          0.779    14.988    design_1_i/ps7_0_axi_periph/s00_couplers/auto_us/inst/gen_upsizer.gen_full_upsizer.axi_upsizer_inst/USE_WRITE.gen_non_fifo_w_upsizer.write_data_inst/m_axi_wready
    SLICE_X8Y39          LUT6 (Prop_lut6_I0_O)        0.326    15.314 r  design_1_i/ps7_0_axi_periph/s00_couplers/auto_us/inst/gen_upsizer.gen_full_upsizer.axi_upsizer_inst/USE_WRITE.gen_non_fifo_w_upsizer.write_data_inst/USE_RTL_LENGTH.first_mi_word_q_i_2/O
                         net (fo=36, routed)          1.677    16.990    design_1_i/ps7_0_axi_periph/s00_couplers/auto_us/inst/gen_upsizer.gen_full_upsizer.axi_upsizer_inst/USE_WRITE.write_addr_inst/GEN_CMD_QUEUE.cmd_queue/USE_FF_OUT.USE_RTL_OUTPUT_PIPELINE.M_MESG_Q_reg[0]_0
    SLICE_X4Y25          LUT4 (Prop_lut4_I2_O)        0.152    17.142 r  design_1_i/ps7_0_axi_periph/s00_couplers/auto_us/inst/gen_upsizer.gen_full_upsizer.axi_upsizer_inst/USE_WRITE.write_addr_inst/GEN_CMD_QUEUE.cmd_queue/WORD_LANE[3].USE_ALWAYS_PACKER.BYTE_LANE[3].USE_RTL_DATA.USE_REGISTER.M_AXI_WDATA_I[127]_i_4/O
                         net (fo=9, routed)           0.627    17.769    design_1_i/ps7_0_axi_periph/s00_couplers/auto_us/inst/gen_upsizer.gen_full_upsizer.axi_upsizer_inst/USE_WRITE.gen_non_fifo_w_upsizer.write_data_inst/WORD_LANE[3].USE_ALWAYS_PACKER.BYTE_LANE[3].USE_RTL_DATA.USE_REGISTER.M_AXI_WDATA_I_reg[120]_0
    SLICE_X0Y28          LUT5 (Prop_lut5_I4_O)        0.348    18.117 r  design_1_i/ps7_0_axi_periph/s00_couplers/auto_us/inst/gen_upsizer.gen_full_upsizer.axi_upsizer_inst/USE_WRITE.gen_non_fifo_w_upsizer.write_data_inst/WORD_LANE[3].USE_ALWAYS_PACKER.BYTE_LANE[3].USE_RTL_DATA.USE_REGISTER.M_AXI_WDATA_I[127]_i_1/O
                         net (fo=8, routed)           0.508    18.625    design_1_i/ps7_0_axi_periph/s00_couplers/auto_us/inst/gen_upsizer.gen_full_upsizer.axi_upsizer_inst/USE_WRITE.gen_non_fifo_w_upsizer.write_data_inst/WORD_LANE[3].USE_ALWAYS_PACKER.BYTE_LANE[3].USE_RTL_DATA.USE_REGISTER.M_AXI_WDATA_I[127]_i_1_n_0
    SLICE_X1Y28          FDRE                                         r  design_1_i/ps7_0_axi_periph/s00_couplers/auto_us/inst/gen_upsizer.gen_full_upsizer.axi_upsizer_inst/USE_WRITE.gen_non_fifo_w_upsizer.write_data_inst/WORD_LANE[3].USE_ALWAYS_PACKER.BYTE_LANE[3].USE_RTL_DATA.USE_REGISTER.M_AXI_WDATA_I_reg[126]/CE
  -------------------------------------------------------------------    -------------------

                         (clock clk_fpga_0 rise edge)
                                                     40.000    40.000 r  
    PS7_X0Y0             PS7                          0.000    40.000 r  design_1_i/processing_system7_0/inst/PS7_i/FCLKCLK[0]
                         net (fo=1, routed)           1.101    41.101    design_1_i/processing_system7_0/inst/FCLK_CLK_unbuffered[0]
    BUFGCTRL_X0Y0        BUFG (Prop_bufg_I_O)         0.091    41.192 r  design_1_i/processing_system7_0/inst/buffer_fclk_clk_0.FCLK_CLK_0_BUFG/O
                         net (fo=6928, routed)        1.535    42.728    design_1_i/ps7_0_axi_periph/s00_couplers/auto_us/inst/gen_upsizer.gen_full_upsizer.axi_upsizer_inst/USE_WRITE.gen_non_fifo_w_upsizer.write_data_inst/USE_RTL_LENGTH.length_counter_q_reg[0]_0
    SLICE_X1Y28          FDRE                                         r  design_1_i/ps7_0_axi_periph/s00_couplers/auto_us/inst/gen_upsizer.gen_full_upsizer.axi_upsizer_inst/USE_WRITE.gen_non_fifo_w_upsizer.write_data_inst/WORD_LANE[3].USE_ALWAYS_PACKER.BYTE_LANE[3].USE_RTL_DATA.USE_REGISTER.M_AXI_WDATA_I_reg[126]/C
                         clock pessimism              0.230    42.958    
                         clock uncertainty           -0.601    42.357    
    SLICE_X1Y28          FDRE (Setup_fdre_C_CE)      -0.205    42.152    design_1_i/ps7_0_axi_periph/s00_couplers/auto_us/inst/gen_upsizer.gen_full_upsizer.axi_upsizer_inst/USE_WRITE.gen_non_fifo_w_upsizer.write_data_inst/WORD_LANE[3].USE_ALWAYS_PACKER.BYTE_LANE[3].USE_RTL_DATA.USE_REGISTER.M_AXI_WDATA_I_reg[126]
  -------------------------------------------------------------------
                         required time                         42.152    
                         arrival time                         -18.625    
  -------------------------------------------------------------------
                         slack                                 23.527    

Slack (MET) :             23.570ns  (required time - arrival time)
  Source:                 design_1_i/ps7_0_axi_periph/s00_couplers/auto_us/inst/gen_upsizer.gen_full_upsizer.axi_upsizer_inst/USE_WRITE.gen_non_fifo_w_upsizer.write_data_inst/USE_REGISTER.M_AXI_WVALID_q_reg/C
                            (rising edge-triggered cell FDRE clocked by clk_fpga_0  {rise@0.000ns fall@20.000ns period=40.000ns})
  Destination:            design_1_i/ps7_0_axi_periph/s00_couplers/auto_us/inst/gen_upsizer.gen_full_upsizer.axi_upsizer_inst/USE_WRITE.gen_non_fifo_w_upsizer.write_data_inst/WORD_LANE[3].USE_ALWAYS_PACKER.BYTE_LANE[3].USE_RTL_DATA.USE_REGISTER.M_AXI_WDATA_I_reg[120]/CE
                            (rising edge-triggered cell FDRE clocked by clk_fpga_0  {rise@0.000ns fall@20.000ns period=40.000ns})
  Path Group:             clk_fpga_0
  Path Type:              Setup (Max at Slow Process Corner)
  Requirement:            40.000ns  (clk_fpga_0 rise@40.000ns - clk_fpga_0 rise@0.000ns)
  Data Path Delay:        15.634ns  (logic 2.558ns (16.362%)  route 13.076ns (83.638%))
  Logic Levels:           11  (LUT2=2 LUT3=2 LUT4=1 LUT5=3 LUT6=3)
  Clock Path Skew:        -0.026ns (DCD - SCD + CPR)
    Destination Clock Delay (DCD):    2.724ns = ( 42.724 - 40.000 ) 
    Source Clock Delay      (SCD):    2.981ns
    Clock Pessimism Removal (CPR):    0.230ns
  Clock Uncertainty:      0.601ns  ((TSJ^2 + TIJ^2)^1/2 + DJ) / 2 + PE
    Total System Jitter     (TSJ):    0.071ns
    Total Input Jitter      (TIJ):    1.200ns
    Discrete Jitter          (DJ):    0.000ns
    Phase Error              (PE):    0.000ns

    Location             Delay type                Incr(ns)  Path(ns)    Netlist Resource(s)
  -------------------------------------------------------------------    -------------------
                         (clock clk_fpga_0 rise edge)
                                                      0.000     0.000 r  
    PS7_X0Y0             PS7                          0.000     0.000 r  design_1_i/processing_system7_0/inst/PS7_i/FCLKCLK[0]
                         net (fo=1, routed)           1.207     1.207    design_1_i/processing_system7_0/inst/FCLK_CLK_unbuffered[0]
    BUFGCTRL_X0Y0        BUFG (Prop_bufg_I_O)         0.101     1.308 r  design_1_i/processing_system7_0/inst/buffer_fclk_clk_0.FCLK_CLK_0_BUFG/O
                         net (fo=6928, routed)        1.673     2.981    design_1_i/ps7_0_axi_periph/s00_couplers/auto_us/inst/gen_upsizer.gen_full_upsizer.axi_upsizer_inst/USE_WRITE.gen_non_fifo_w_upsizer.write_data_inst/USE_RTL_LENGTH.length_counter_q_reg[0]_0
    SLICE_X6Y33          FDRE                                         r  design_1_i/ps7_0_axi_periph/s00_couplers/auto_us/inst/gen_upsizer.gen_full_upsizer.axi_upsizer_inst/USE_WRITE.gen_non_fifo_w_upsizer.write_data_inst/USE_REGISTER.M_AXI_WVALID_q_reg/C
  -------------------------------------------------------------------    -------------------
    SLICE_X6Y33          FDRE (Prop_fdre_C_Q)         0.518     3.499 r  design_1_i/ps7_0_axi_periph/s00_couplers/auto_us/inst/gen_upsizer.gen_full_upsizer.axi_upsizer_inst/USE_WRITE.gen_non_fifo_w_upsizer.write_data_inst/USE_REGISTER.M_AXI_WVALID_q_reg/Q
                         net (fo=40, routed)          1.314     4.813    design_1_i/ps7_0_axi_periph/xbar/inst/gen_samd.crossbar_samd/gen_slave_slots[0].gen_si_write.wdata_router_w/wrouter_aw_fifo/s_axi_wvalid[0]
    SLICE_X13Y49         LUT2 (Prop_lut2_I1_O)        0.124     4.937 r  design_1_i/ps7_0_axi_periph/xbar/inst/gen_samd.crossbar_samd/gen_slave_slots[0].gen_si_write.wdata_router_w/wrouter_aw_fifo/m_axi_wvalid[1]_INST_0_i_2/O
                         net (fo=3, routed)           0.425     5.362    design_1_i/ps7_0_axi_periph/xbar/inst/gen_samd.crossbar_samd/gen_slave_slots[0].gen_si_write.wdata_router_w/wrouter_aw_fifo/m_axi_wvalid[1]_INST_0_i_2_n_0
    SLICE_X13Y49         LUT5 (Prop_lut5_I0_O)        0.124     5.486 r  design_1_i/ps7_0_axi_periph/xbar/inst/gen_samd.crossbar_samd/gen_slave_slots[0].gen_si_write.wdata_router_w/wrouter_aw_fifo/m_axi_wvalid[1]_INST_0/O
                         net (fo=5, routed)           1.447     6.932    design_1_i/ps7_0_axi_periph/m01_couplers/auto_ds/inst/gen_downsizer.gen_cascaded_downsizer.gen_axi3_conv.axi3_conv_inst/gen_axi4_axi3.axi3_conv_inst/USE_WRITE.write_addr_inst/USE_BURSTS.cmd_queue/inst/s_axi_wvalid
    SLICE_X12Y32         LUT3 (Prop_lut3_I1_O)        0.124     7.056 r  design_1_i/ps7_0_axi_periph/m01_couplers/auto_ds/inst/gen_downsizer.gen_cascaded_downsizer.gen_axi3_conv.axi3_conv_inst/gen_axi4_axi3.axi3_conv_inst/USE_WRITE.write_addr_inst/USE_BURSTS.cmd_queue/inst/m_axi_wvalid_INST_0/O
                         net (fo=4, routed)           1.742     8.799    design_1_i/ps7_0_axi_periph/m01_couplers/auto_pc/inst/gen_axi4_axi3.axi3_conv_inst/USE_WRITE.write_addr_inst/USE_BURSTS.cmd_queue/inst/s_axi_wvalid
    SLICE_X4Y2           LUT3 (Prop_lut3_I1_O)        0.148     8.947 r  design_1_i/ps7_0_axi_periph/m01_couplers/auto_pc/inst/gen_axi4_axi3.axi3_conv_inst/USE_WRITE.write_addr_inst/USE_BURSTS.cmd_queue/inst/s_axi_wready_INST_0/O
                         net (fo=11, routed)          2.219    11.165    design_1_i/ps7_0_axi_periph/m01_couplers/auto_ds/inst/gen_downsizer.gen_cascaded_downsizer.first_downsizer_inst/USE_WRITE.write_addr_inst/cmd_queue/inst/m_axi_wready
    SLICE_X12Y32         LUT5 (Prop_lut5_I3_O)        0.328    11.493 r  design_1_i/ps7_0_axi_periph/m01_couplers/auto_ds/inst/gen_downsizer.gen_cascaded_downsizer.first_downsizer_inst/USE_WRITE.write_addr_inst/cmd_queue/inst/s_axi_wready_INST_0/O
                         net (fo=3, routed)           1.188    12.681    design_1_i/ps7_0_axi_periph/xbar/inst/gen_samd.crossbar_samd/gen_slave_slots[0].gen_si_write.wdata_router_w/wrouter_aw_fifo/m_axi_wready[1]
    SLICE_X14Y49         LUT6 (Prop_lut6_I3_O)        0.124    12.805 r  design_1_i/ps7_0_axi_periph/xbar/inst/gen_samd.crossbar_samd/gen_slave_slots[0].gen_si_write.wdata_router_w/wrouter_aw_fifo/s_axi_wready[0]_INST_0_i_2/O
                         net (fo=1, routed)           0.483    13.288    design_1_i/ps7_0_axi_periph/xbar/inst/gen_samd.crossbar_samd/gen_slave_slots[0].gen_si_write.wdata_router_w/wrouter_aw_fifo/s_axi_wready[0]_INST_0_i_2_n_0
    SLICE_X15Y50         LUT6 (Prop_lut6_I0_O)        0.124    13.412 r  design_1_i/ps7_0_axi_periph/xbar/inst/gen_samd.crossbar_samd/gen_slave_slots[0].gen_si_write.wdata_router_w/wrouter_aw_fifo/s_axi_wready[0]_INST_0_i_1/O
                         net (fo=1, routed)           0.679    14.091    design_1_i/ps7_0_axi_periph/xbar/inst/gen_samd.crossbar_samd/gen_slave_slots[0].gen_si_write.wdata_router_w/wrouter_aw_fifo/m_aready0
    SLICE_X13Y49         LUT2 (Prop_lut2_I1_O)        0.118    14.209 r  design_1_i/ps7_0_axi_periph/xbar/inst/gen_samd.crossbar_samd/gen_slave_slots[0].gen_si_write.wdata_router_w/wrouter_aw_fifo/s_axi_wready[0]_INST_0/O
                         net (fo=38, routed)          0.779    14.988    design_1_i/ps7_0_axi_periph/s00_couplers/auto_us/inst/gen_upsizer.gen_full_upsizer.axi_upsizer_inst/USE_WRITE.gen_non_fifo_w_upsizer.write_data_inst/m_axi_wready
    SLICE_X8Y39          LUT6 (Prop_lut6_I0_O)        0.326    15.314 r  design_1_i/ps7_0_axi_periph/s00_couplers/auto_us/inst/gen_upsizer.gen_full_upsizer.axi_upsizer_inst/USE_WRITE.gen_non_fifo_w_upsizer.write_data_inst/USE_RTL_LENGTH.first_mi_word_q_i_2/O
                         net (fo=36, routed)          1.677    16.990    design_1_i/ps7_0_axi_periph/s00_couplers/auto_us/inst/gen_upsizer.gen_full_upsizer.axi_upsizer_inst/USE_WRITE.write_addr_inst/GEN_CMD_QUEUE.cmd_queue/USE_FF_OUT.USE_RTL_OUTPUT_PIPELINE.M_MESG_Q_reg[0]_0
    SLICE_X4Y25          LUT4 (Prop_lut4_I2_O)        0.152    17.142 r  design_1_i/ps7_0_axi_periph/s00_couplers/auto_us/inst/gen_upsizer.gen_full_upsizer.axi_upsizer_inst/USE_WRITE.write_addr_inst/GEN_CMD_QUEUE.cmd_queue/WORD_LANE[3].USE_ALWAYS_PACKER.BYTE_LANE[3].USE_RTL_DATA.USE_REGISTER.M_AXI_WDATA_I[127]_i_4/O
                         net (fo=9, routed)           0.627    17.769    design_1_i/ps7_0_axi_periph/s00_couplers/auto_us/inst/gen_upsizer.gen_full_upsizer.axi_upsizer_inst/USE_WRITE.gen_non_fifo_w_upsizer.write_data_inst/WORD_LANE[3].USE_ALWAYS_PACKER.BYTE_LANE[3].USE_RTL_DATA.USE_REGISTER.M_AXI_WDATA_I_reg[120]_0
    SLICE_X0Y28          LUT5 (Prop_lut5_I4_O)        0.348    18.117 r  design_1_i/ps7_0_axi_periph/s00_couplers/auto_us/inst/gen_upsizer.gen_full_upsizer.axi_upsizer_inst/USE_WRITE.gen_non_fifo_w_upsizer.write_data_inst/WORD_LANE[3].USE_ALWAYS_PACKER.BYTE_LANE[3].USE_RTL_DATA.USE_REGISTER.M_AXI_WDATA_I[127]_i_1/O
                         net (fo=8, routed)           0.498    18.615    design_1_i/ps7_0_axi_periph/s00_couplers/auto_us/inst/gen_upsizer.gen_full_upsizer.axi_upsizer_inst/USE_WRITE.gen_non_fifo_w_upsizer.write_data_inst/WORD_LANE[3].USE_ALWAYS_PACKER.BYTE_LANE[3].USE_RTL_DATA.USE_REGISTER.M_AXI_WDATA_I[127]_i_1_n_0
    SLICE_X0Y26          FDRE                                         r  design_1_i/ps7_0_axi_periph/s00_couplers/auto_us/inst/gen_upsizer.gen_full_upsizer.axi_upsizer_inst/USE_WRITE.gen_non_fifo_w_upsizer.write_data_inst/WORD_LANE[3].USE_ALWAYS_PACKER.BYTE_LANE[3].USE_RTL_DATA.USE_REGISTER.M_AXI_WDATA_I_reg[120]/CE
  -------------------------------------------------------------------    -------------------

                         (clock clk_fpga_0 rise edge)
                                                     40.000    40.000 r  
    PS7_X0Y0             PS7                          0.000    40.000 r  design_1_i/processing_system7_0/inst/PS7_i/FCLKCLK[0]
                         net (fo=1, routed)           1.101    41.101    design_1_i/processing_system7_0/inst/FCLK_CLK_unbuffered[0]
    BUFGCTRL_X0Y0        BUFG (Prop_bufg_I_O)         0.091    41.192 r  design_1_i/processing_system7_0/inst/buffer_fclk_clk_0.FCLK_CLK_0_BUFG/O
                         net (fo=6928, routed)        1.532    42.724    design_1_i/ps7_0_axi_periph/s00_couplers/auto_us/inst/gen_upsizer.gen_full_upsizer.axi_upsizer_inst/USE_WRITE.gen_non_fifo_w_upsizer.write_data_inst/USE_RTL_LENGTH.length_counter_q_reg[0]_0
    SLICE_X0Y26          FDRE                                         r  design_1_i/ps7_0_axi_periph/s00_couplers/auto_us/inst/gen_upsizer.gen_full_upsizer.axi_upsizer_inst/USE_WRITE.gen_non_fifo_w_upsizer.write_data_inst/WORD_LANE[3].USE_ALWAYS_PACKER.BYTE_LANE[3].USE_RTL_DATA.USE_REGISTER.M_AXI_WDATA_I_reg[120]/C
                         clock pessimism              0.230    42.955    
                         clock uncertainty           -0.601    42.354    
    SLICE_X0Y26          FDRE (Setup_fdre_C_CE)      -0.169    42.185    design_1_i/ps7_0_axi_periph/s00_couplers/auto_us/inst/gen_upsizer.gen_full_upsizer.axi_upsizer_inst/USE_WRITE.gen_non_fifo_w_upsizer.write_data_inst/WORD_LANE[3].USE_ALWAYS_PACKER.BYTE_LANE[3].USE_RTL_DATA.USE_REGISTER.M_AXI_WDATA_I_reg[120]
  -------------------------------------------------------------------
                         required time                         42.185    
                         arrival time                         -18.615    
  -------------------------------------------------------------------
                         slack                                 23.570    

Slack (MET) :             23.570ns  (required time - arrival time)
  Source:                 design_1_i/ps7_0_axi_periph/s00_couplers/auto_us/inst/gen_upsizer.gen_full_upsizer.axi_upsizer_inst/USE_WRITE.gen_non_fifo_w_upsizer.write_data_inst/USE_REGISTER.M_AXI_WVALID_q_reg/C
                            (rising edge-triggered cell FDRE clocked by clk_fpga_0  {rise@0.000ns fall@20.000ns period=40.000ns})
  Destination:            design_1_i/ps7_0_axi_periph/s00_couplers/auto_us/inst/gen_upsizer.gen_full_upsizer.axi_upsizer_inst/USE_WRITE.gen_non_fifo_w_upsizer.write_data_inst/WORD_LANE[3].USE_ALWAYS_PACKER.BYTE_LANE[3].USE_RTL_DATA.USE_REGISTER.M_AXI_WDATA_I_reg[121]/CE
                            (rising edge-triggered cell FDRE clocked by clk_fpga_0  {rise@0.000ns fall@20.000ns period=40.000ns})
  Path Group:             clk_fpga_0
  Path Type:              Setup (Max at Slow Process Corner)
  Requirement:            40.000ns  (clk_fpga_0 rise@40.000ns - clk_fpga_0 rise@0.000ns)
  Data Path Delay:        15.634ns  (logic 2.558ns (16.362%)  route 13.076ns (83.638%))
  Logic Levels:           11  (LUT2=2 LUT3=2 LUT4=1 LUT5=3 LUT6=3)
  Clock Path Skew:        -0.026ns (DCD - SCD + CPR)
    Destination Clock Delay (DCD):    2.724ns = ( 42.724 - 40.000 ) 
    Source Clock Delay      (SCD):    2.981ns
    Clock Pessimism Removal (CPR):    0.230ns
  Clock Uncertainty:      0.601ns  ((TSJ^2 + TIJ^2)^1/2 + DJ) / 2 + PE
    Total System Jitter     (TSJ):    0.071ns
    Total Input Jitter      (TIJ):    1.200ns
    Discrete Jitter          (DJ):    0.000ns
    Phase Error              (PE):    0.000ns

    Location             Delay type                Incr(ns)  Path(ns)    Netlist Resource(s)
  -------------------------------------------------------------------    -------------------
                         (clock clk_fpga_0 rise edge)
                                                      0.000     0.000 r  
    PS7_X0Y0             PS7                          0.000     0.000 r  design_1_i/processing_system7_0/inst/PS7_i/FCLKCLK[0]
                         net (fo=1, routed)           1.207     1.207    design_1_i/processing_system7_0/inst/FCLK_CLK_unbuffered[0]
    BUFGCTRL_X0Y0        BUFG (Prop_bufg_I_O)         0.101     1.308 r  design_1_i/processing_system7_0/inst/buffer_fclk_clk_0.FCLK_CLK_0_BUFG/O
                         net (fo=6928, routed)        1.673     2.981    design_1_i/ps7_0_axi_periph/s00_couplers/auto_us/inst/gen_upsizer.gen_full_upsizer.axi_upsizer_inst/USE_WRITE.gen_non_fifo_w_upsizer.write_data_inst/USE_RTL_LENGTH.length_counter_q_reg[0]_0
    SLICE_X6Y33          FDRE                                         r  design_1_i/ps7_0_axi_periph/s00_couplers/auto_us/inst/gen_upsizer.gen_full_upsizer.axi_upsizer_inst/USE_WRITE.gen_non_fifo_w_upsizer.write_data_inst/USE_REGISTER.M_AXI_WVALID_q_reg/C
  -------------------------------------------------------------------    -------------------
    SLICE_X6Y33          FDRE (Prop_fdre_C_Q)         0.518     3.499 r  design_1_i/ps7_0_axi_periph/s00_couplers/auto_us/inst/gen_upsizer.gen_full_upsizer.axi_upsizer_inst/USE_WRITE.gen_non_fifo_w_upsizer.write_data_inst/USE_REGISTER.M_AXI_WVALID_q_reg/Q
                         net (fo=40, routed)          1.314     4.813    design_1_i/ps7_0_axi_periph/xbar/inst/gen_samd.crossbar_samd/gen_slave_slots[0].gen_si_write.wdata_router_w/wrouter_aw_fifo/s_axi_wvalid[0]
    SLICE_X13Y49         LUT2 (Prop_lut2_I1_O)        0.124     4.937 r  design_1_i/ps7_0_axi_periph/xbar/inst/gen_samd.crossbar_samd/gen_slave_slots[0].gen_si_write.wdata_router_w/wrouter_aw_fifo/m_axi_wvalid[1]_INST_0_i_2/O
                         net (fo=3, routed)           0.425     5.362    design_1_i/ps7_0_axi_periph/xbar/inst/gen_samd.crossbar_samd/gen_slave_slots[0].gen_si_write.wdata_router_w/wrouter_aw_fifo/m_axi_wvalid[1]_INST_0_i_2_n_0
    SLICE_X13Y49         LUT5 (Prop_lut5_I0_O)        0.124     5.486 r  design_1_i/ps7_0_axi_periph/xbar/inst/gen_samd.crossbar_samd/gen_slave_slots[0].gen_si_write.wdata_router_w/wrouter_aw_fifo/m_axi_wvalid[1]_INST_0/O
                         net (fo=5, routed)           1.447     6.932    design_1_i/ps7_0_axi_periph/m01_couplers/auto_ds/inst/gen_downsizer.gen_cascaded_downsizer.gen_axi3_conv.axi3_conv_inst/gen_axi4_axi3.axi3_conv_inst/USE_WRITE.write_addr_inst/USE_BURSTS.cmd_queue/inst/s_axi_wvalid
    SLICE_X12Y32         LUT3 (Prop_lut3_I1_O)        0.124     7.056 r  design_1_i/ps7_0_axi_periph/m01_couplers/auto_ds/inst/gen_downsizer.gen_cascaded_downsizer.gen_axi3_conv.axi3_conv_inst/gen_axi4_axi3.axi3_conv_inst/USE_WRITE.write_addr_inst/USE_BURSTS.cmd_queue/inst/m_axi_wvalid_INST_0/O
                         net (fo=4, routed)           1.742     8.799    design_1_i/ps7_0_axi_periph/m01_couplers/auto_pc/inst/gen_axi4_axi3.axi3_conv_inst/USE_WRITE.write_addr_inst/USE_BURSTS.cmd_queue/inst/s_axi_wvalid
    SLICE_X4Y2           LUT3 (Prop_lut3_I1_O)        0.148     8.947 r  design_1_i/ps7_0_axi_periph/m01_couplers/auto_pc/inst/gen_axi4_axi3.axi3_conv_inst/USE_WRITE.write_addr_inst/USE_BURSTS.cmd_queue/inst/s_axi_wready_INST_0/O
                         net (fo=11, routed)          2.219    11.165    design_1_i/ps7_0_axi_periph/m01_couplers/auto_ds/inst/gen_downsizer.gen_cascaded_downsizer.first_downsizer_inst/USE_WRITE.write_addr_inst/cmd_queue/inst/m_axi_wready
    SLICE_X12Y32         LUT5 (Prop_lut5_I3_O)        0.328    11.493 r  design_1_i/ps7_0_axi_periph/m01_couplers/auto_ds/inst/gen_downsizer.gen_cascaded_downsizer.first_downsizer_inst/USE_WRITE.write_addr_inst/cmd_queue/inst/s_axi_wready_INST_0/O
                         net (fo=3, routed)           1.188    12.681    design_1_i/ps7_0_axi_periph/xbar/inst/gen_samd.crossbar_samd/gen_slave_slots[0].gen_si_write.wdata_router_w/wrouter_aw_fifo/m_axi_wready[1]
    SLICE_X14Y49         LUT6 (Prop_lut6_I3_O)        0.124    12.805 r  design_1_i/ps7_0_axi_periph/xbar/inst/gen_samd.crossbar_samd/gen_slave_slots[0].gen_si_write.wdata_router_w/wrouter_aw_fifo/s_axi_wready[0]_INST_0_i_2/O
                         net (fo=1, routed)           0.483    13.288    design_1_i/ps7_0_axi_periph/xbar/inst/gen_samd.crossbar_samd/gen_slave_slots[0].gen_si_write.wdata_router_w/wrouter_aw_fifo/s_axi_wready[0]_INST_0_i_2_n_0
    SLICE_X15Y50         LUT6 (Prop_lut6_I0_O)        0.124    13.412 r  design_1_i/ps7_0_axi_periph/xbar/inst/gen_samd.crossbar_samd/gen_slave_slots[0].gen_si_write.wdata_router_w/wrouter_aw_fifo/s_axi_wready[0]_INST_0_i_1/O
                         net (fo=1, routed)           0.679    14.091    design_1_i/ps7_0_axi_periph/xbar/inst/gen_samd.crossbar_samd/gen_slave_slots[0].gen_si_write.wdata_router_w/wrouter_aw_fifo/m_aready0
    SLICE_X13Y49         LUT2 (Prop_lut2_I1_O)        0.118    14.209 r  design_1_i/ps7_0_axi_periph/xbar/inst/gen_samd.crossbar_samd/gen_slave_slots[0].gen_si_write.wdata_router_w/wrouter_aw_fifo/s_axi_wready[0]_INST_0/O
                         net (fo=38, routed)          0.779    14.988    design_1_i/ps7_0_axi_periph/s00_couplers/auto_us/inst/gen_upsizer.gen_full_upsizer.axi_upsizer_inst/USE_WRITE.gen_non_fifo_w_upsizer.write_data_inst/m_axi_wready
    SLICE_X8Y39          LUT6 (Prop_lut6_I0_O)        0.326    15.314 r  design_1_i/ps7_0_axi_periph/s00_couplers/auto_us/inst/gen_upsizer.gen_full_upsizer.axi_upsizer_inst/USE_WRITE.gen_non_fifo_w_upsizer.write_data_inst/USE_RTL_LENGTH.first_mi_word_q_i_2/O
                         net (fo=36, routed)          1.677    16.990    design_1_i/ps7_0_axi_periph/s00_couplers/auto_us/inst/gen_upsizer.gen_full_upsizer.axi_upsizer_inst/USE_WRITE.write_addr_inst/GEN_CMD_QUEUE.cmd_queue/USE_FF_OUT.USE_RTL_OUTPUT_PIPELINE.M_MESG_Q_reg[0]_0
    SLICE_X4Y25          LUT4 (Prop_lut4_I2_O)        0.152    17.142 r  design_1_i/ps7_0_axi_periph/s00_couplers/auto_us/inst/gen_upsizer.gen_full_upsizer.axi_upsizer_inst/USE_WRITE.write_addr_inst/GEN_CMD_QUEUE.cmd_queue/WORD_LANE[3].USE_ALWAYS_PACKER.BYTE_LANE[3].USE_RTL_DATA.USE_REGISTER.M_AXI_WDATA_I[127]_i_4/O
                         net (fo=9, routed)           0.627    17.769    design_1_i/ps7_0_axi_periph/s00_couplers/auto_us/inst/gen_upsizer.gen_full_upsizer.axi_upsizer_inst/USE_WRITE.gen_non_fifo_w_upsizer.write_data_inst/WORD_LANE[3].USE_ALWAYS_PACKER.BYTE_LANE[3].USE_RTL_DATA.USE_REGISTER.M_AXI_WDATA_I_reg[120]_0
    SLICE_X0Y28          LUT5 (Prop_lut5_I4_O)        0.348    18.117 r  design_1_i/ps7_0_axi_periph/s00_couplers/auto_us/inst/gen_upsizer.gen_full_upsizer.axi_upsizer_inst/USE_WRITE.gen_non_fifo_w_upsizer.write_data_inst/WORD_LANE[3].USE_ALWAYS_PACKER.BYTE_LANE[3].USE_RTL_DATA.USE_REGISTER.M_AXI_WDATA_I[127]_i_1/O
                         net (fo=8, routed)           0.498    18.615    design_1_i/ps7_0_axi_periph/s00_couplers/auto_us/inst/gen_upsizer.gen_full_upsizer.axi_upsizer_inst/USE_WRITE.gen_non_fifo_w_upsizer.write_data_inst/WORD_LANE[3].USE_ALWAYS_PACKER.BYTE_LANE[3].USE_RTL_DATA.USE_REGISTER.M_AXI_WDATA_I[127]_i_1_n_0
    SLICE_X0Y26          FDRE                                         r  design_1_i/ps7_0_axi_periph/s00_couplers/auto_us/inst/gen_upsizer.gen_full_upsizer.axi_upsizer_inst/USE_WRITE.gen_non_fifo_w_upsizer.write_data_inst/WORD_LANE[3].USE_ALWAYS_PACKER.BYTE_LANE[3].USE_RTL_DATA.USE_REGISTER.M_AXI_WDATA_I_reg[121]/CE
  -------------------------------------------------------------------    -------------------

                         (clock clk_fpga_0 rise edge)
                                                     40.000    40.000 r  
    PS7_X0Y0             PS7                          0.000    40.000 r  design_1_i/processing_system7_0/inst/PS7_i/FCLKCLK[0]
                         net (fo=1, routed)           1.101    41.101    design_1_i/processing_system7_0/inst/FCLK_CLK_unbuffered[0]
    BUFGCTRL_X0Y0        BUFG (Prop_bufg_I_O)         0.091    41.192 r  design_1_i/processing_system7_0/inst/buffer_fclk_clk_0.FCLK_CLK_0_BUFG/O
                         net (fo=6928, routed)        1.532    42.724    design_1_i/ps7_0_axi_periph/s00_couplers/auto_us/inst/gen_upsizer.gen_full_upsizer.axi_upsizer_inst/USE_WRITE.gen_non_fifo_w_upsizer.write_data_inst/USE_RTL_LENGTH.length_counter_q_reg[0]_0
    SLICE_X0Y26          FDRE                                         r  design_1_i/ps7_0_axi_periph/s00_couplers/auto_us/inst/gen_upsizer.gen_full_upsizer.axi_upsizer_inst/USE_WRITE.gen_non_fifo_w_upsizer.write_data_inst/WORD_LANE[3].USE_ALWAYS_PACKER.BYTE_LANE[3].USE_RTL_DATA.USE_REGISTER.M_AXI_WDATA_I_reg[121]/C
                         clock pessimism              0.230    42.955    
                         clock uncertainty           -0.601    42.354    
    SLICE_X0Y26          FDRE (Setup_fdre_C_CE)      -0.169    42.185    design_1_i/ps7_0_axi_periph/s00_couplers/auto_us/inst/gen_upsizer.gen_full_upsizer.axi_upsizer_inst/USE_WRITE.gen_non_fifo_w_upsizer.write_data_inst/WORD_LANE[3].USE_ALWAYS_PACKER.BYTE_LANE[3].USE_RTL_DATA.USE_REGISTER.M_AXI_WDATA_I_reg[121]
  -------------------------------------------------------------------
                         required time                         42.185    
                         arrival time                         -18.615    
  -------------------------------------------------------------------
                         slack                                 23.570    

Slack (MET) :             23.570ns  (required time - arrival time)
  Source:                 design_1_i/ps7_0_axi_periph/s00_couplers/auto_us/inst/gen_upsizer.gen_full_upsizer.axi_upsizer_inst/USE_WRITE.gen_non_fifo_w_upsizer.write_data_inst/USE_REGISTER.M_AXI_WVALID_q_reg/C
                            (rising edge-triggered cell FDRE clocked by clk_fpga_0  {rise@0.000ns fall@20.000ns period=40.000ns})
  Destination:            design_1_i/ps7_0_axi_periph/s00_couplers/auto_us/inst/gen_upsizer.gen_full_upsizer.axi_upsizer_inst/USE_WRITE.gen_non_fifo_w_upsizer.write_data_inst/WORD_LANE[3].USE_ALWAYS_PACKER.BYTE_LANE[3].USE_RTL_DATA.USE_REGISTER.M_AXI_WDATA_I_reg[122]/CE
                            (rising edge-triggered cell FDRE clocked by clk_fpga_0  {rise@0.000ns fall@20.000ns period=40.000ns})
  Path Group:             clk_fpga_0
  Path Type:              Setup (Max at Slow Process Corner)
  Requirement:            40.000ns  (clk_fpga_0 rise@40.000ns - clk_fpga_0 rise@0.000ns)
  Data Path Delay:        15.634ns  (logic 2.558ns (16.362%)  route 13.076ns (83.638%))
  Logic Levels:           11  (LUT2=2 LUT3=2 LUT4=1 LUT5=3 LUT6=3)
  Clock Path Skew:        -0.026ns (DCD - SCD + CPR)
    Destination Clock Delay (DCD):    2.724ns = ( 42.724 - 40.000 ) 
    Source Clock Delay      (SCD):    2.981ns
    Clock Pessimism Removal (CPR):    0.230ns
  Clock Uncertainty:      0.601ns  ((TSJ^2 + TIJ^2)^1/2 + DJ) / 2 + PE
    Total System Jitter     (TSJ):    0.071ns
    Total Input Jitter      (TIJ):    1.200ns
    Discrete Jitter          (DJ):    0.000ns
    Phase Error              (PE):    0.000ns

    Location             Delay type                Incr(ns)  Path(ns)    Netlist Resource(s)
  -------------------------------------------------------------------    -------------------
                         (clock clk_fpga_0 rise edge)
                                                      0.000     0.000 r  
    PS7_X0Y0             PS7                          0.000     0.000 r  design_1_i/processing_system7_0/inst/PS7_i/FCLKCLK[0]
                         net (fo=1, routed)           1.207     1.207    design_1_i/processing_system7_0/inst/FCLK_CLK_unbuffered[0]
    BUFGCTRL_X0Y0        BUFG (Prop_bufg_I_O)         0.101     1.308 r  design_1_i/processing_system7_0/inst/buffer_fclk_clk_0.FCLK_CLK_0_BUFG/O
                         net (fo=6928, routed)        1.673     2.981    design_1_i/ps7_0_axi_periph/s00_couplers/auto_us/inst/gen_upsizer.gen_full_upsizer.axi_upsizer_inst/USE_WRITE.gen_non_fifo_w_upsizer.write_data_inst/USE_RTL_LENGTH.length_counter_q_reg[0]_0
    SLICE_X6Y33          FDRE                                         r  design_1_i/ps7_0_axi_periph/s00_couplers/auto_us/inst/gen_upsizer.gen_full_upsizer.axi_upsizer_inst/USE_WRITE.gen_non_fifo_w_upsizer.write_data_inst/USE_REGISTER.M_AXI_WVALID_q_reg/C
  -------------------------------------------------------------------    -------------------
    SLICE_X6Y33          FDRE (Prop_fdre_C_Q)         0.518     3.499 r  design_1_i/ps7_0_axi_periph/s00_couplers/auto_us/inst/gen_upsizer.gen_full_upsizer.axi_upsizer_inst/USE_WRITE.gen_non_fifo_w_upsizer.write_data_inst/USE_REGISTER.M_AXI_WVALID_q_reg/Q
                         net (fo=40, routed)          1.314     4.813    design_1_i/ps7_0_axi_periph/xbar/inst/gen_samd.crossbar_samd/gen_slave_slots[0].gen_si_write.wdata_router_w/wrouter_aw_fifo/s_axi_wvalid[0]
    SLICE_X13Y49         LUT2 (Prop_lut2_I1_O)        0.124     4.937 r  design_1_i/ps7_0_axi_periph/xbar/inst/gen_samd.crossbar_samd/gen_slave_slots[0].gen_si_write.wdata_router_w/wrouter_aw_fifo/m_axi_wvalid[1]_INST_0_i_2/O
                         net (fo=3, routed)           0.425     5.362    design_1_i/ps7_0_axi_periph/xbar/inst/gen_samd.crossbar_samd/gen_slave_slots[0].gen_si_write.wdata_router_w/wrouter_aw_fifo/m_axi_wvalid[1]_INST_0_i_2_n_0
    SLICE_X13Y49         LUT5 (Prop_lut5_I0_O)        0.124     5.486 r  design_1_i/ps7_0_axi_periph/xbar/inst/gen_samd.crossbar_samd/gen_slave_slots[0].gen_si_write.wdata_router_w/wrouter_aw_fifo/m_axi_wvalid[1]_INST_0/O
                         net (fo=5, routed)           1.447     6.932    design_1_i/ps7_0_axi_periph/m01_couplers/auto_ds/inst/gen_downsizer.gen_cascaded_downsizer.gen_axi3_conv.axi3_conv_inst/gen_axi4_axi3.axi3_conv_inst/USE_WRITE.write_addr_inst/USE_BURSTS.cmd_queue/inst/s_axi_wvalid
    SLICE_X12Y32         LUT3 (Prop_lut3_I1_O)        0.124     7.056 r  design_1_i/ps7_0_axi_periph/m01_couplers/auto_ds/inst/gen_downsizer.gen_cascaded_downsizer.gen_axi3_conv.axi3_conv_inst/gen_axi4_axi3.axi3_conv_inst/USE_WRITE.write_addr_inst/USE_BURSTS.cmd_queue/inst/m_axi_wvalid_INST_0/O
                         net (fo=4, routed)           1.742     8.799    design_1_i/ps7_0_axi_periph/m01_couplers/auto_pc/inst/gen_axi4_axi3.axi3_conv_inst/USE_WRITE.write_addr_inst/USE_BURSTS.cmd_queue/inst/s_axi_wvalid
    SLICE_X4Y2           LUT3 (Prop_lut3_I1_O)        0.148     8.947 r  design_1_i/ps7_0_axi_periph/m01_couplers/auto_pc/inst/gen_axi4_axi3.axi3_conv_inst/USE_WRITE.write_addr_inst/USE_BURSTS.cmd_queue/inst/s_axi_wready_INST_0/O
                         net (fo=11, routed)          2.219    11.165    design_1_i/ps7_0_axi_periph/m01_couplers/auto_ds/inst/gen_downsizer.gen_cascaded_downsizer.first_downsizer_inst/USE_WRITE.write_addr_inst/cmd_queue/inst/m_axi_wready
    SLICE_X12Y32         LUT5 (Prop_lut5_I3_O)        0.328    11.493 r  design_1_i/ps7_0_axi_periph/m01_couplers/auto_ds/inst/gen_downsizer.gen_cascaded_downsizer.first_downsizer_inst/USE_WRITE.write_addr_inst/cmd_queue/inst/s_axi_wready_INST_0/O
                         net (fo=3, routed)           1.188    12.681    design_1_i/ps7_0_axi_periph/xbar/inst/gen_samd.crossbar_samd/gen_slave_slots[0].gen_si_write.wdata_router_w/wrouter_aw_fifo/m_axi_wready[1]
    SLICE_X14Y49         LUT6 (Prop_lut6_I3_O)        0.124    12.805 r  design_1_i/ps7_0_axi_periph/xbar/inst/gen_samd.crossbar_samd/gen_slave_slots[0].gen_si_write.wdata_router_w/wrouter_aw_fifo/s_axi_wready[0]_INST_0_i_2/O
                         net (fo=1, routed)           0.483    13.288    design_1_i/ps7_0_axi_periph/xbar/inst/gen_samd.crossbar_samd/gen_slave_slots[0].gen_si_write.wdata_router_w/wrouter_aw_fifo/s_axi_wready[0]_INST_0_i_2_n_0
    SLICE_X15Y50         LUT6 (Prop_lut6_I0_O)        0.124    13.412 r  design_1_i/ps7_0_axi_periph/xbar/inst/gen_samd.crossbar_samd/gen_slave_slots[0].gen_si_write.wdata_router_w/wrouter_aw_fifo/s_axi_wready[0]_INST_0_i_1/O
                         net (fo=1, routed)           0.679    14.091    design_1_i/ps7_0_axi_periph/xbar/inst/gen_samd.crossbar_samd/gen_slave_slots[0].gen_si_write.wdata_router_w/wrouter_aw_fifo/m_aready0
    SLICE_X13Y49         LUT2 (Prop_lut2_I1_O)        0.118    14.209 r  design_1_i/ps7_0_axi_periph/xbar/inst/gen_samd.crossbar_samd/gen_slave_slots[0].gen_si_write.wdata_router_w/wrouter_aw_fifo/s_axi_wready[0]_INST_0/O
                         net (fo=38, routed)          0.779    14.988    design_1_i/ps7_0_axi_periph/s00_couplers/auto_us/inst/gen_upsizer.gen_full_upsizer.axi_upsizer_inst/USE_WRITE.gen_non_fifo_w_upsizer.write_data_inst/m_axi_wready
    SLICE_X8Y39          LUT6 (Prop_lut6_I0_O)        0.326    15.314 r  design_1_i/ps7_0_axi_periph/s00_couplers/auto_us/inst/gen_upsizer.gen_full_upsizer.axi_upsizer_inst/USE_WRITE.gen_non_fifo_w_upsizer.write_data_inst/USE_RTL_LENGTH.first_mi_word_q_i_2/O
                         net (fo=36, routed)          1.677    16.990    design_1_i/ps7_0_axi_periph/s00_couplers/auto_us/inst/gen_upsizer.gen_full_upsizer.axi_upsizer_inst/USE_WRITE.write_addr_inst/GEN_CMD_QUEUE.cmd_queue/USE_FF_OUT.USE_RTL_OUTPUT_PIPELINE.M_MESG_Q_reg[0]_0
    SLICE_X4Y25          LUT4 (Prop_lut4_I2_O)        0.152    17.142 r  design_1_i/ps7_0_axi_periph/s00_couplers/auto_us/inst/gen_upsizer.gen_full_upsizer.axi_upsizer_inst/USE_WRITE.write_addr_inst/GEN_CMD_QUEUE.cmd_queue/WORD_LANE[3].USE_ALWAYS_PACKER.BYTE_LANE[3].USE_RTL_DATA.USE_REGISTER.M_AXI_WDATA_I[127]_i_4/O
                         net (fo=9, routed)           0.627    17.769    design_1_i/ps7_0_axi_periph/s00_couplers/auto_us/inst/gen_upsizer.gen_full_upsizer.axi_upsizer_inst/USE_WRITE.gen_non_fifo_w_upsizer.write_data_inst/WORD_LANE[3].USE_ALWAYS_PACKER.BYTE_LANE[3].USE_RTL_DATA.USE_REGISTER.M_AXI_WDATA_I_reg[120]_0
    SLICE_X0Y28          LUT5 (Prop_lut5_I4_O)        0.348    18.117 r  design_1_i/ps7_0_axi_periph/s00_couplers/auto_us/inst/gen_upsizer.gen_full_upsizer.axi_upsizer_inst/USE_WRITE.gen_non_fifo_w_upsizer.write_data_inst/WORD_LANE[3].USE_ALWAYS_PACKER.BYTE_LANE[3].USE_RTL_DATA.USE_REGISTER.M_AXI_WDATA_I[127]_i_1/O
                         net (fo=8, routed)           0.498    18.615    design_1_i/ps7_0_axi_periph/s00_couplers/auto_us/inst/gen_upsizer.gen_full_upsizer.axi_upsizer_inst/USE_WRITE.gen_non_fifo_w_upsizer.write_data_inst/WORD_LANE[3].USE_ALWAYS_PACKER.BYTE_LANE[3].USE_RTL_DATA.USE_REGISTER.M_AXI_WDATA_I[127]_i_1_n_0
    SLICE_X0Y26          FDRE                                         r  design_1_i/ps7_0_axi_periph/s00_couplers/auto_us/inst/gen_upsizer.gen_full_upsizer.axi_upsizer_inst/USE_WRITE.gen_non_fifo_w_upsizer.write_data_inst/WORD_LANE[3].USE_ALWAYS_PACKER.BYTE_LANE[3].USE_RTL_DATA.USE_REGISTER.M_AXI_WDATA_I_reg[122]/CE
  -------------------------------------------------------------------    -------------------

                         (clock clk_fpga_0 rise edge)
                                                     40.000    40.000 r  
    PS7_X0Y0             PS7                          0.000    40.000 r  design_1_i/processing_system7_0/inst/PS7_i/FCLKCLK[0]
                         net (fo=1, routed)           1.101    41.101    design_1_i/processing_system7_0/inst/FCLK_CLK_unbuffered[0]
    BUFGCTRL_X0Y0        BUFG (Prop_bufg_I_O)         0.091    41.192 r  design_1_i/processing_system7_0/inst/buffer_fclk_clk_0.FCLK_CLK_0_BUFG/O
                         net (fo=6928, routed)        1.532    42.724    design_1_i/ps7_0_axi_periph/s00_couplers/auto_us/inst/gen_upsizer.gen_full_upsizer.axi_upsizer_inst/USE_WRITE.gen_non_fifo_w_upsizer.write_data_inst/USE_RTL_LENGTH.length_counter_q_reg[0]_0
    SLICE_X0Y26          FDRE                                         r  design_1_i/ps7_0_axi_periph/s00_couplers/auto_us/inst/gen_upsizer.gen_full_upsizer.axi_upsizer_inst/USE_WRITE.gen_non_fifo_w_upsizer.write_data_inst/WORD_LANE[3].USE_ALWAYS_PACKER.BYTE_LANE[3].USE_RTL_DATA.USE_REGISTER.M_AXI_WDATA_I_reg[122]/C
                         clock pessimism              0.230    42.955    
                         clock uncertainty           -0.601    42.354    
    SLICE_X0Y26          FDRE (Setup_fdre_C_CE)      -0.169    42.185    design_1_i/ps7_0_axi_periph/s00_couplers/auto_us/inst/gen_upsizer.gen_full_upsizer.axi_upsizer_inst/USE_WRITE.gen_non_fifo_w_upsizer.write_data_inst/WORD_LANE[3].USE_ALWAYS_PACKER.BYTE_LANE[3].USE_RTL_DATA.USE_REGISTER.M_AXI_WDATA_I_reg[122]
  -------------------------------------------------------------------
                         required time                         42.185    
                         arrival time                         -18.615    
  -------------------------------------------------------------------
                         slack                                 23.570    

Slack (MET) :             23.606ns  (required time - arrival time)
  Source:                 design_1_i/ps7_0_axi_periph/s00_couplers/auto_us/inst/gen_upsizer.gen_full_upsizer.axi_upsizer_inst/USE_WRITE.gen_non_fifo_w_upsizer.write_data_inst/USE_REGISTER.M_AXI_WVALID_q_reg/C
                            (rising edge-triggered cell FDRE clocked by clk_fpga_0  {rise@0.000ns fall@20.000ns period=40.000ns})
  Destination:            design_1_i/ps7_0_axi_periph/s00_couplers/auto_us/inst/gen_upsizer.gen_full_upsizer.axi_upsizer_inst/USE_WRITE.gen_non_fifo_w_upsizer.write_data_inst/WORD_LANE[0].USE_ALWAYS_PACKER.BYTE_LANE[3].USE_RTL_DATA.USE_REGISTER.M_AXI_WDATA_I_reg[27]/CE
                            (rising edge-triggered cell FDRE clocked by clk_fpga_0  {rise@0.000ns fall@20.000ns period=40.000ns})
  Path Group:             clk_fpga_0
  Path Type:              Setup (Max at Slow Process Corner)
  Requirement:            40.000ns  (clk_fpga_0 rise@40.000ns - clk_fpga_0 rise@0.000ns)
  Data Path Delay:        15.569ns  (logic 2.534ns (16.276%)  route 13.035ns (83.724%))
  Logic Levels:           11  (LUT2=2 LUT3=2 LUT4=1 LUT5=4 LUT6=2)
  Clock Path Skew:        -0.019ns (DCD - SCD + CPR)
    Destination Clock Delay (DCD):    2.731ns = ( 42.731 - 40.000 ) 
    Source Clock Delay      (SCD):    2.981ns
    Clock Pessimism Removal (CPR):    0.230ns
  Clock Uncertainty:      0.601ns  ((TSJ^2 + TIJ^2)^1/2 + DJ) / 2 + PE
    Total System Jitter     (TSJ):    0.071ns
    Total Input Jitter      (TIJ):    1.200ns
    Discrete Jitter          (DJ):    0.000ns
    Phase Error              (PE):    0.000ns

    Location             Delay type                Incr(ns)  Path(ns)    Netlist Resource(s)
  -------------------------------------------------------------------    -------------------
                         (clock clk_fpga_0 rise edge)
                                                      0.000     0.000 r  
    PS7_X0Y0             PS7                          0.000     0.000 r  design_1_i/processing_system7_0/inst/PS7_i/FCLKCLK[0]
                         net (fo=1, routed)           1.207     1.207    design_1_i/processing_system7_0/inst/FCLK_CLK_unbuffered[0]
    BUFGCTRL_X0Y0        BUFG (Prop_bufg_I_O)         0.101     1.308 r  design_1_i/processing_system7_0/inst/buffer_fclk_clk_0.FCLK_CLK_0_BUFG/O
                         net (fo=6928, routed)        1.673     2.981    design_1_i/ps7_0_axi_periph/s00_couplers/auto_us/inst/gen_upsizer.gen_full_upsizer.axi_upsizer_inst/USE_WRITE.gen_non_fifo_w_upsizer.write_data_inst/USE_RTL_LENGTH.length_counter_q_reg[0]_0
    SLICE_X6Y33          FDRE                                         r  design_1_i/ps7_0_axi_periph/s00_couplers/auto_us/inst/gen_upsizer.gen_full_upsizer.axi_upsizer_inst/USE_WRITE.gen_non_fifo_w_upsizer.write_data_inst/USE_REGISTER.M_AXI_WVALID_q_reg/C
  -------------------------------------------------------------------    -------------------
    SLICE_X6Y33          FDRE (Prop_fdre_C_Q)         0.518     3.499 r  design_1_i/ps7_0_axi_periph/s00_couplers/auto_us/inst/gen_upsizer.gen_full_upsizer.axi_upsizer_inst/USE_WRITE.gen_non_fifo_w_upsizer.write_data_inst/USE_REGISTER.M_AXI_WVALID_q_reg/Q
                         net (fo=40, routed)          1.314     4.813    design_1_i/ps7_0_axi_periph/xbar/inst/gen_samd.crossbar_samd/gen_slave_slots[0].gen_si_write.wdata_router_w/wrouter_aw_fifo/s_axi_wvalid[0]
    SLICE_X13Y49         LUT2 (Prop_lut2_I1_O)        0.124     4.937 r  design_1_i/ps7_0_axi_periph/xbar/inst/gen_samd.crossbar_samd/gen_slave_slots[0].gen_si_write.wdata_router_w/wrouter_aw_fifo/m_axi_wvalid[1]_INST_0_i_2/O
                         net (fo=3, routed)           0.425     5.362    design_1_i/ps7_0_axi_periph/xbar/inst/gen_samd.crossbar_samd/gen_slave_slots[0].gen_si_write.wdata_router_w/wrouter_aw_fifo/m_axi_wvalid[1]_INST_0_i_2_n_0
    SLICE_X13Y49         LUT5 (Prop_lut5_I0_O)        0.124     5.486 r  design_1_i/ps7_0_axi_periph/xbar/inst/gen_samd.crossbar_samd/gen_slave_slots[0].gen_si_write.wdata_router_w/wrouter_aw_fifo/m_axi_wvalid[1]_INST_0/O
                         net (fo=5, routed)           1.447     6.932    design_1_i/ps7_0_axi_periph/m01_couplers/auto_ds/inst/gen_downsizer.gen_cascaded_downsizer.gen_axi3_conv.axi3_conv_inst/gen_axi4_axi3.axi3_conv_inst/USE_WRITE.write_addr_inst/USE_BURSTS.cmd_queue/inst/s_axi_wvalid
    SLICE_X12Y32         LUT3 (Prop_lut3_I1_O)        0.124     7.056 r  design_1_i/ps7_0_axi_periph/m01_couplers/auto_ds/inst/gen_downsizer.gen_cascaded_downsizer.gen_axi3_conv.axi3_conv_inst/gen_axi4_axi3.axi3_conv_inst/USE_WRITE.write_addr_inst/USE_BURSTS.cmd_queue/inst/m_axi_wvalid_INST_0/O
                         net (fo=4, routed)           1.742     8.799    design_1_i/ps7_0_axi_periph/m01_couplers/auto_pc/inst/gen_axi4_axi3.axi3_conv_inst/USE_WRITE.write_addr_inst/USE_BURSTS.cmd_queue/inst/s_axi_wvalid
    SLICE_X4Y2           LUT3 (Prop_lut3_I1_O)        0.148     8.947 r  design_1_i/ps7_0_axi_periph/m01_couplers/auto_pc/inst/gen_axi4_axi3.axi3_conv_inst/USE_WRITE.write_addr_inst/USE_BURSTS.cmd_queue/inst/s_axi_wready_INST_0/O
                         net (fo=11, routed)          2.219    11.165    design_1_i/ps7_0_axi_periph/m01_couplers/auto_ds/inst/gen_downsizer.gen_cascaded_downsizer.first_downsizer_inst/USE_WRITE.write_addr_inst/cmd_queue/inst/m_axi_wready
    SLICE_X12Y32         LUT5 (Prop_lut5_I3_O)        0.328    11.493 r  design_1_i/ps7_0_axi_periph/m01_couplers/auto_ds/inst/gen_downsizer.gen_cascaded_downsizer.first_downsizer_inst/USE_WRITE.write_addr_inst/cmd_queue/inst/s_axi_wready_INST_0/O
                         net (fo=3, routed)           1.188    12.681    design_1_i/ps7_0_axi_periph/xbar/inst/gen_samd.crossbar_samd/gen_slave_slots[0].gen_si_write.wdata_router_w/wrouter_aw_fifo/m_axi_wready[1]
    SLICE_X14Y49         LUT6 (Prop_lut6_I3_O)        0.124    12.805 r  design_1_i/ps7_0_axi_periph/xbar/inst/gen_samd.crossbar_samd/gen_slave_slots[0].gen_si_write.wdata_router_w/wrouter_aw_fifo/s_axi_wready[0]_INST_0_i_2/O
                         net (fo=1, routed)           0.483    13.288    design_1_i/ps7_0_axi_periph/xbar/inst/gen_samd.crossbar_samd/gen_slave_slots[0].gen_si_write.wdata_router_w/wrouter_aw_fifo/s_axi_wready[0]_INST_0_i_2_n_0
    SLICE_X15Y50         LUT6 (Prop_lut6_I0_O)        0.124    13.412 r  design_1_i/ps7_0_axi_periph/xbar/inst/gen_samd.crossbar_samd/gen_slave_slots[0].gen_si_write.wdata_router_w/wrouter_aw_fifo/s_axi_wready[0]_INST_0_i_1/O
                         net (fo=1, routed)           0.679    14.091    design_1_i/ps7_0_axi_periph/xbar/inst/gen_samd.crossbar_samd/gen_slave_slots[0].gen_si_write.wdata_router_w/wrouter_aw_fifo/m_aready0
    SLICE_X13Y49         LUT2 (Prop_lut2_I1_O)        0.118    14.209 r  design_1_i/ps7_0_axi_periph/xbar/inst/gen_samd.crossbar_samd/gen_slave_slots[0].gen_si_write.wdata_router_w/wrouter_aw_fifo/s_axi_wready[0]_INST_0/O
                         net (fo=38, routed)          1.352    15.561    design_1_i/ps7_0_axi_periph/s00_couplers/auto_us/inst/gen_upsizer.gen_full_upsizer.axi_upsizer_inst/USE_WRITE.write_addr_inst/GEN_CMD_QUEUE.cmd_queue/m_axi_wready
    SLICE_X6Y33          LUT5 (Prop_lut5_I2_O)        0.326    15.887 r  design_1_i/ps7_0_axi_periph/s00_couplers/auto_us/inst/gen_upsizer.gen_full_upsizer.axi_upsizer_inst/USE_WRITE.write_addr_inst/GEN_CMD_QUEUE.cmd_queue/WORD_LANE[3].USE_ALWAYS_PACKER.BYTE_LANE[3].USE_RTL_DATA.USE_REGISTER.M_AXI_WDATA_I[127]_i_8/O
                         net (fo=16, routed)          1.042    16.928    design_1_i/ps7_0_axi_periph/s00_couplers/auto_us/inst/gen_upsizer.gen_full_upsizer.axi_upsizer_inst/USE_WRITE.write_addr_inst/GEN_CMD_QUEUE.cmd_queue/WORD_LANE[3].USE_ALWAYS_PACKER.BYTE_LANE[3].USE_RTL_DATA.USE_REGISTER.M_AXI_WDATA_I[127]_i_8_n_0
    SLICE_X5Y27          LUT4 (Prop_lut4_I3_O)        0.150    17.078 r  design_1_i/ps7_0_axi_periph/s00_couplers/auto_us/inst/gen_upsizer.gen_full_upsizer.axi_upsizer_inst/USE_WRITE.write_addr_inst/GEN_CMD_QUEUE.cmd_queue/WORD_LANE[0].USE_ALWAYS_PACKER.BYTE_LANE[3].USE_RTL_DATA.USE_REGISTER.M_AXI_WDATA_I[31]_i_3/O
                         net (fo=9, routed)           0.553    17.632    design_1_i/ps7_0_axi_periph/s00_couplers/auto_us/inst/gen_upsizer.gen_full_upsizer.axi_upsizer_inst/USE_WRITE.gen_non_fifo_w_upsizer.write_data_inst/WORD_LANE[0].USE_ALWAYS_PACKER.BYTE_LANE[3].USE_RTL_DATA.USE_REGISTER.M_AXI_WDATA_I_reg[24]_0
    SLICE_X4Y28          LUT5 (Prop_lut5_I4_O)        0.326    17.958 r  design_1_i/ps7_0_axi_periph/s00_couplers/auto_us/inst/gen_upsizer.gen_full_upsizer.axi_upsizer_inst/USE_WRITE.gen_non_fifo_w_upsizer.write_data_inst/WORD_LANE[0].USE_ALWAYS_PACKER.BYTE_LANE[3].USE_RTL_DATA.USE_REGISTER.M_AXI_WDATA_I[31]_i_1/O
                         net (fo=8, routed)           0.592    18.550    design_1_i/ps7_0_axi_periph/s00_couplers/auto_us/inst/gen_upsizer.gen_full_upsizer.axi_upsizer_inst/USE_WRITE.gen_non_fifo_w_upsizer.write_data_inst/WORD_LANE[0].USE_ALWAYS_PACKER.BYTE_LANE[3].USE_RTL_DATA.USE_REGISTER.M_AXI_WDATA_I[31]_i_1_n_0
    SLICE_X5Y28          FDRE                                         r  design_1_i/ps7_0_axi_periph/s00_couplers/auto_us/inst/gen_upsizer.gen_full_upsizer.axi_upsizer_inst/USE_WRITE.gen_non_fifo_w_upsizer.write_data_inst/WORD_LANE[0].USE_ALWAYS_PACKER.BYTE_LANE[3].USE_RTL_DATA.USE_REGISTER.M_AXI_WDATA_I_reg[27]/CE
  -------------------------------------------------------------------    -------------------

                         (clock clk_fpga_0 rise edge)
                                                     40.000    40.000 r  
    PS7_X0Y0             PS7                          0.000    40.000 r  design_1_i/processing_system7_0/inst/PS7_i/FCLKCLK[0]
                         net (fo=1, routed)           1.101    41.101    design_1_i/processing_system7_0/inst/FCLK_CLK_unbuffered[0]
    BUFGCTRL_X0Y0        BUFG (Prop_bufg_I_O)         0.091    41.192 r  design_1_i/processing_system7_0/inst/buffer_fclk_clk_0.FCLK_CLK_0_BUFG/O
                         net (fo=6928, routed)        1.539    42.731    design_1_i/ps7_0_axi_periph/s00_couplers/auto_us/inst/gen_upsizer.gen_full_upsizer.axi_upsizer_inst/USE_WRITE.gen_non_fifo_w_upsizer.write_data_inst/USE_RTL_LENGTH.length_counter_q_reg[0]_0
    SLICE_X5Y28          FDRE                                         r  design_1_i/ps7_0_axi_periph/s00_couplers/auto_us/inst/gen_upsizer.gen_full_upsizer.axi_upsizer_inst/USE_WRITE.gen_non_fifo_w_upsizer.write_data_inst/WORD_LANE[0].USE_ALWAYS_PACKER.BYTE_LANE[3].USE_RTL_DATA.USE_REGISTER.M_AXI_WDATA_I_reg[27]/C
                         clock pessimism              0.230    42.962    
                         clock uncertainty           -0.601    42.361    
    SLICE_X5Y28          FDRE (Setup_fdre_C_CE)      -0.205    42.156    design_1_i/ps7_0_axi_periph/s00_couplers/auto_us/inst/gen_upsizer.gen_full_upsizer.axi_upsizer_inst/USE_WRITE.gen_non_fifo_w_upsizer.write_data_inst/WORD_LANE[0].USE_ALWAYS_PACKER.BYTE_LANE[3].USE_RTL_DATA.USE_REGISTER.M_AXI_WDATA_I_reg[27]
  -------------------------------------------------------------------
                         required time                         42.156    
                         arrival time                         -18.550    
  -------------------------------------------------------------------
                         slack                                 23.606    

Slack (MET) :             23.611ns  (required time - arrival time)
  Source:                 design_1_i/ps7_0_axi_periph/s00_couplers/auto_us/inst/gen_upsizer.gen_full_upsizer.axi_upsizer_inst/USE_WRITE.gen_non_fifo_w_upsizer.write_data_inst/USE_REGISTER.M_AXI_WVALID_q_reg/C
                            (rising edge-triggered cell FDRE clocked by clk_fpga_0  {rise@0.000ns fall@20.000ns period=40.000ns})
  Destination:            design_1_i/ps7_0_axi_periph/s00_couplers/auto_us/inst/gen_upsizer.gen_full_upsizer.axi_upsizer_inst/USE_WRITE.gen_non_fifo_w_upsizer.write_data_inst/WORD_LANE[0].USE_ALWAYS_PACKER.BYTE_LANE[2].USE_RTL_DATA.USE_REGISTER.M_AXI_WDATA_I_reg[16]/CE
                            (rising edge-triggered cell FDRE clocked by clk_fpga_0  {rise@0.000ns fall@20.000ns period=40.000ns})
  Path Group:             clk_fpga_0
  Path Type:              Setup (Max at Slow Process Corner)
  Requirement:            40.000ns  (clk_fpga_0 rise@40.000ns - clk_fpga_0 rise@0.000ns)
  Data Path Delay:        15.564ns  (logic 2.306ns (14.816%)  route 13.258ns (85.184%))
  Logic Levels:           11  (LUT2=2 LUT3=2 LUT4=1 LUT5=4 LUT6=2)
  Clock Path Skew:        -0.019ns (DCD - SCD + CPR)
    Destination Clock Delay (DCD):    2.731ns = ( 42.731 - 40.000 ) 
    Source Clock Delay      (SCD):    2.981ns
    Clock Pessimism Removal (CPR):    0.230ns
  Clock Uncertainty:      0.601ns  ((TSJ^2 + TIJ^2)^1/2 + DJ) / 2 + PE
    Total System Jitter     (TSJ):    0.071ns
    Total Input Jitter      (TIJ):    1.200ns
    Discrete Jitter          (DJ):    0.000ns
    Phase Error              (PE):    0.000ns

    Location             Delay type                Incr(ns)  Path(ns)    Netlist Resource(s)
  -------------------------------------------------------------------    -------------------
                         (clock clk_fpga_0 rise edge)
                                                      0.000     0.000 r  
    PS7_X0Y0             PS7                          0.000     0.000 r  design_1_i/processing_system7_0/inst/PS7_i/FCLKCLK[0]
                         net (fo=1, routed)           1.207     1.207    design_1_i/processing_system7_0/inst/FCLK_CLK_unbuffered[0]
    BUFGCTRL_X0Y0        BUFG (Prop_bufg_I_O)         0.101     1.308 r  design_1_i/processing_system7_0/inst/buffer_fclk_clk_0.FCLK_CLK_0_BUFG/O
                         net (fo=6928, routed)        1.673     2.981    design_1_i/ps7_0_axi_periph/s00_couplers/auto_us/inst/gen_upsizer.gen_full_upsizer.axi_upsizer_inst/USE_WRITE.gen_non_fifo_w_upsizer.write_data_inst/USE_RTL_LENGTH.length_counter_q_reg[0]_0
    SLICE_X6Y33          FDRE                                         r  design_1_i/ps7_0_axi_periph/s00_couplers/auto_us/inst/gen_upsizer.gen_full_upsizer.axi_upsizer_inst/USE_WRITE.gen_non_fifo_w_upsizer.write_data_inst/USE_REGISTER.M_AXI_WVALID_q_reg/C
  -------------------------------------------------------------------    -------------------
    SLICE_X6Y33          FDRE (Prop_fdre_C_Q)         0.518     3.499 r  design_1_i/ps7_0_axi_periph/s00_couplers/auto_us/inst/gen_upsizer.gen_full_upsizer.axi_upsizer_inst/USE_WRITE.gen_non_fifo_w_upsizer.write_data_inst/USE_REGISTER.M_AXI_WVALID_q_reg/Q
                         net (fo=40, routed)          1.314     4.813    design_1_i/ps7_0_axi_periph/xbar/inst/gen_samd.crossbar_samd/gen_slave_slots[0].gen_si_write.wdata_router_w/wrouter_aw_fifo/s_axi_wvalid[0]
    SLICE_X13Y49         LUT2 (Prop_lut2_I1_O)        0.124     4.937 r  design_1_i/ps7_0_axi_periph/xbar/inst/gen_samd.crossbar_samd/gen_slave_slots[0].gen_si_write.wdata_router_w/wrouter_aw_fifo/m_axi_wvalid[1]_INST_0_i_2/O
                         net (fo=3, routed)           0.425     5.362    design_1_i/ps7_0_axi_periph/xbar/inst/gen_samd.crossbar_samd/gen_slave_slots[0].gen_si_write.wdata_router_w/wrouter_aw_fifo/m_axi_wvalid[1]_INST_0_i_2_n_0
    SLICE_X13Y49         LUT5 (Prop_lut5_I0_O)        0.124     5.486 r  design_1_i/ps7_0_axi_periph/xbar/inst/gen_samd.crossbar_samd/gen_slave_slots[0].gen_si_write.wdata_router_w/wrouter_aw_fifo/m_axi_wvalid[1]_INST_0/O
                         net (fo=5, routed)           1.447     6.932    design_1_i/ps7_0_axi_periph/m01_couplers/auto_ds/inst/gen_downsizer.gen_cascaded_downsizer.gen_axi3_conv.axi3_conv_inst/gen_axi4_axi3.axi3_conv_inst/USE_WRITE.write_addr_inst/USE_BURSTS.cmd_queue/inst/s_axi_wvalid
    SLICE_X12Y32         LUT3 (Prop_lut3_I1_O)        0.124     7.056 r  design_1_i/ps7_0_axi_periph/m01_couplers/auto_ds/inst/gen_downsizer.gen_cascaded_downsizer.gen_axi3_conv.axi3_conv_inst/gen_axi4_axi3.axi3_conv_inst/USE_WRITE.write_addr_inst/USE_BURSTS.cmd_queue/inst/m_axi_wvalid_INST_0/O
                         net (fo=4, routed)           1.742     8.799    design_1_i/ps7_0_axi_periph/m01_couplers/auto_pc/inst/gen_axi4_axi3.axi3_conv_inst/USE_WRITE.write_addr_inst/USE_BURSTS.cmd_queue/inst/s_axi_wvalid
    SLICE_X4Y2           LUT3 (Prop_lut3_I1_O)        0.148     8.947 r  design_1_i/ps7_0_axi_periph/m01_couplers/auto_pc/inst/gen_axi4_axi3.axi3_conv_inst/USE_WRITE.write_addr_inst/USE_BURSTS.cmd_queue/inst/s_axi_wready_INST_0/O
                         net (fo=11, routed)          2.219    11.165    design_1_i/ps7_0_axi_periph/m01_couplers/auto_ds/inst/gen_downsizer.gen_cascaded_downsizer.first_downsizer_inst/USE_WRITE.write_addr_inst/cmd_queue/inst/m_axi_wready
    SLICE_X12Y32         LUT5 (Prop_lut5_I3_O)        0.328    11.493 r  design_1_i/ps7_0_axi_periph/m01_couplers/auto_ds/inst/gen_downsizer.gen_cascaded_downsizer.first_downsizer_inst/USE_WRITE.write_addr_inst/cmd_queue/inst/s_axi_wready_INST_0/O
                         net (fo=3, routed)           1.188    12.681    design_1_i/ps7_0_axi_periph/xbar/inst/gen_samd.crossbar_samd/gen_slave_slots[0].gen_si_write.wdata_router_w/wrouter_aw_fifo/m_axi_wready[1]
    SLICE_X14Y49         LUT6 (Prop_lut6_I3_O)        0.124    12.805 r  design_1_i/ps7_0_axi_periph/xbar/inst/gen_samd.crossbar_samd/gen_slave_slots[0].gen_si_write.wdata_router_w/wrouter_aw_fifo/s_axi_wready[0]_INST_0_i_2/O
                         net (fo=1, routed)           0.483    13.288    design_1_i/ps7_0_axi_periph/xbar/inst/gen_samd.crossbar_samd/gen_slave_slots[0].gen_si_write.wdata_router_w/wrouter_aw_fifo/s_axi_wready[0]_INST_0_i_2_n_0
    SLICE_X15Y50         LUT6 (Prop_lut6_I0_O)        0.124    13.412 r  design_1_i/ps7_0_axi_periph/xbar/inst/gen_samd.crossbar_samd/gen_slave_slots[0].gen_si_write.wdata_router_w/wrouter_aw_fifo/s_axi_wready[0]_INST_0_i_1/O
                         net (fo=1, routed)           0.679    14.091    design_1_i/ps7_0_axi_periph/xbar/inst/gen_samd.crossbar_samd/gen_slave_slots[0].gen_si_write.wdata_router_w/wrouter_aw_fifo/m_aready0
    SLICE_X13Y49         LUT2 (Prop_lut2_I1_O)        0.118    14.209 r  design_1_i/ps7_0_axi_periph/xbar/inst/gen_samd.crossbar_samd/gen_slave_slots[0].gen_si_write.wdata_router_w/wrouter_aw_fifo/s_axi_wready[0]_INST_0/O
                         net (fo=38, routed)          1.352    15.561    design_1_i/ps7_0_axi_periph/s00_couplers/auto_us/inst/gen_upsizer.gen_full_upsizer.axi_upsizer_inst/USE_WRITE.write_addr_inst/GEN_CMD_QUEUE.cmd_queue/m_axi_wready
    SLICE_X6Y33          LUT5 (Prop_lut5_I2_O)        0.326    15.887 r  design_1_i/ps7_0_axi_periph/s00_couplers/auto_us/inst/gen_upsizer.gen_full_upsizer.axi_upsizer_inst/USE_WRITE.write_addr_inst/GEN_CMD_QUEUE.cmd_queue/WORD_LANE[3].USE_ALWAYS_PACKER.BYTE_LANE[3].USE_RTL_DATA.USE_REGISTER.M_AXI_WDATA_I[127]_i_8/O
                         net (fo=16, routed)          1.042    16.928    design_1_i/ps7_0_axi_periph/s00_couplers/auto_us/inst/gen_upsizer.gen_full_upsizer.axi_upsizer_inst/USE_WRITE.write_addr_inst/GEN_CMD_QUEUE.cmd_queue/WORD_LANE[3].USE_ALWAYS_PACKER.BYTE_LANE[3].USE_RTL_DATA.USE_REGISTER.M_AXI_WDATA_I[127]_i_8_n_0
    SLICE_X5Y27          LUT4 (Prop_lut4_I3_O)        0.124    17.052 r  design_1_i/ps7_0_axi_periph/s00_couplers/auto_us/inst/gen_upsizer.gen_full_upsizer.axi_upsizer_inst/USE_WRITE.write_addr_inst/GEN_CMD_QUEUE.cmd_queue/WORD_LANE[0].USE_ALWAYS_PACKER.BYTE_LANE[2].USE_RTL_DATA.USE_REGISTER.M_AXI_WDATA_I[23]_i_3/O
                         net (fo=9, routed)           0.765    17.818    design_1_i/ps7_0_axi_periph/s00_couplers/auto_us/inst/gen_upsizer.gen_full_upsizer.axi_upsizer_inst/USE_WRITE.gen_non_fifo_w_upsizer.write_data_inst/WORD_LANE[0].USE_ALWAYS_PACKER.BYTE_LANE[2].USE_RTL_DATA.USE_REGISTER.M_AXI_WDATA_I_reg[16]_0
    SLICE_X5Y21          LUT5 (Prop_lut5_I4_O)        0.124    17.942 r  design_1_i/ps7_0_axi_periph/s00_couplers/auto_us/inst/gen_upsizer.gen_full_upsizer.axi_upsizer_inst/USE_WRITE.gen_non_fifo_w_upsizer.write_data_inst/WORD_LANE[0].USE_ALWAYS_PACKER.BYTE_LANE[2].USE_RTL_DATA.USE_REGISTER.M_AXI_WDATA_I[23]_i_1/O
                         net (fo=8, routed)           0.603    18.545    design_1_i/ps7_0_axi_periph/s00_couplers/auto_us/inst/gen_upsizer.gen_full_upsizer.axi_upsizer_inst/USE_WRITE.gen_non_fifo_w_upsizer.write_data_inst/WORD_LANE[0].USE_ALWAYS_PACKER.BYTE_LANE[2].USE_RTL_DATA.USE_REGISTER.M_AXI_WDATA_I[23]_i_1_n_0
    SLICE_X5Y21          FDRE                                         r  design_1_i/ps7_0_axi_periph/s00_couplers/auto_us/inst/gen_upsizer.gen_full_upsizer.axi_upsizer_inst/USE_WRITE.gen_non_fifo_w_upsizer.write_data_inst/WORD_LANE[0].USE_ALWAYS_PACKER.BYTE_LANE[2].USE_RTL_DATA.USE_REGISTER.M_AXI_WDATA_I_reg[16]/CE
  -------------------------------------------------------------------    -------------------

                         (clock clk_fpga_0 rise edge)
                                                     40.000    40.000 r  
    PS7_X0Y0             PS7                          0.000    40.000 r  design_1_i/processing_system7_0/inst/PS7_i/FCLKCLK[0]
                         net (fo=1, routed)           1.101    41.101    design_1_i/processing_system7_0/inst/FCLK_CLK_unbuffered[0]
    BUFGCTRL_X0Y0        BUFG (Prop_bufg_I_O)         0.091    41.192 r  design_1_i/processing_system7_0/inst/buffer_fclk_clk_0.FCLK_CLK_0_BUFG/O
                         net (fo=6928, routed)        1.539    42.731    design_1_i/ps7_0_axi_periph/s00_couplers/auto_us/inst/gen_upsizer.gen_full_upsizer.axi_upsizer_inst/USE_WRITE.gen_non_fifo_w_upsizer.write_data_inst/USE_RTL_LENGTH.length_counter_q_reg[0]_0
    SLICE_X5Y21          FDRE                                         r  design_1_i/ps7_0_axi_periph/s00_couplers/auto_us/inst/gen_upsizer.gen_full_upsizer.axi_upsizer_inst/USE_WRITE.gen_non_fifo_w_upsizer.write_data_inst/WORD_LANE[0].USE_ALWAYS_PACKER.BYTE_LANE[2].USE_RTL_DATA.USE_REGISTER.M_AXI_WDATA_I_reg[16]/C
                         clock pessimism              0.230    42.962    
                         clock uncertainty           -0.601    42.361    
    SLICE_X5Y21          FDRE (Setup_fdre_C_CE)      -0.205    42.156    design_1_i/ps7_0_axi_periph/s00_couplers/auto_us/inst/gen_upsizer.gen_full_upsizer.axi_upsizer_inst/USE_WRITE.gen_non_fifo_w_upsizer.write_data_inst/WORD_LANE[0].USE_ALWAYS_PACKER.BYTE_LANE[2].USE_RTL_DATA.USE_REGISTER.M_AXI_WDATA_I_reg[16]
  -------------------------------------------------------------------
                         required time                         42.156    
                         arrival time                         -18.545    
  -------------------------------------------------------------------
                         slack                                 23.611    

Slack (MET) :             23.637ns  (required time - arrival time)
  Source:                 design_1_i/ps7_0_axi_periph/s00_couplers/auto_us/inst/gen_upsizer.gen_full_upsizer.axi_upsizer_inst/USE_WRITE.gen_non_fifo_w_upsizer.write_data_inst/USE_REGISTER.M_AXI_WVALID_q_reg/C
                            (rising edge-triggered cell FDRE clocked by clk_fpga_0  {rise@0.000ns fall@20.000ns period=40.000ns})
  Destination:            design_1_i/ps7_0_axi_periph/s00_couplers/auto_us/inst/gen_upsizer.gen_full_upsizer.axi_upsizer_inst/USE_WRITE.gen_non_fifo_w_upsizer.write_data_inst/WORD_LANE[0].USE_ALWAYS_PACKER.BYTE_LANE[3].USE_RTL_DATA.USE_REGISTER.M_AXI_WDATA_I_reg[26]/CE
                            (rising edge-triggered cell FDRE clocked by clk_fpga_0  {rise@0.000ns fall@20.000ns period=40.000ns})
  Path Group:             clk_fpga_0
  Path Type:              Setup (Max at Slow Process Corner)
  Requirement:            40.000ns  (clk_fpga_0 rise@40.000ns - clk_fpga_0 rise@0.000ns)
  Data Path Delay:        15.536ns  (logic 2.534ns (16.311%)  route 13.002ns (83.689%))
  Logic Levels:           11  (LUT2=2 LUT3=2 LUT4=1 LUT5=4 LUT6=2)
  Clock Path Skew:        -0.021ns (DCD - SCD + CPR)
    Destination Clock Delay (DCD):    2.730ns = ( 42.729 - 40.000 ) 
    Source Clock Delay      (SCD):    2.981ns
    Clock Pessimism Removal (CPR):    0.230ns
  Clock Uncertainty:      0.601ns  ((TSJ^2 + TIJ^2)^1/2 + DJ) / 2 + PE
    Total System Jitter     (TSJ):    0.071ns
    Total Input Jitter      (TIJ):    1.200ns
    Discrete Jitter          (DJ):    0.000ns
    Phase Error              (PE):    0.000ns

    Location             Delay type                Incr(ns)  Path(ns)    Netlist Resource(s)
  -------------------------------------------------------------------    -------------------
                         (clock clk_fpga_0 rise edge)
                                                      0.000     0.000 r  
    PS7_X0Y0             PS7                          0.000     0.000 r  design_1_i/processing_system7_0/inst/PS7_i/FCLKCLK[0]
                         net (fo=1, routed)           1.207     1.207    design_1_i/processing_system7_0/inst/FCLK_CLK_unbuffered[0]
    BUFGCTRL_X0Y0        BUFG (Prop_bufg_I_O)         0.101     1.308 r  design_1_i/processing_system7_0/inst/buffer_fclk_clk_0.FCLK_CLK_0_BUFG/O
                         net (fo=6928, routed)        1.673     2.981    design_1_i/ps7_0_axi_periph/s00_couplers/auto_us/inst/gen_upsizer.gen_full_upsizer.axi_upsizer_inst/USE_WRITE.gen_non_fifo_w_upsizer.write_data_inst/USE_RTL_LENGTH.length_counter_q_reg[0]_0
    SLICE_X6Y33          FDRE                                         r  design_1_i/ps7_0_axi_periph/s00_couplers/auto_us/inst/gen_upsizer.gen_full_upsizer.axi_upsizer_inst/USE_WRITE.gen_non_fifo_w_upsizer.write_data_inst/USE_REGISTER.M_AXI_WVALID_q_reg/C
  -------------------------------------------------------------------    -------------------
    SLICE_X6Y33          FDRE (Prop_fdre_C_Q)         0.518     3.499 r  design_1_i/ps7_0_axi_periph/s00_couplers/auto_us/inst/gen_upsizer.gen_full_upsizer.axi_upsizer_inst/USE_WRITE.gen_non_fifo_w_upsizer.write_data_inst/USE_REGISTER.M_AXI_WVALID_q_reg/Q
                         net (fo=40, routed)          1.314     4.813    design_1_i/ps7_0_axi_periph/xbar/inst/gen_samd.crossbar_samd/gen_slave_slots[0].gen_si_write.wdata_router_w/wrouter_aw_fifo/s_axi_wvalid[0]
    SLICE_X13Y49         LUT2 (Prop_lut2_I1_O)        0.124     4.937 r  design_1_i/ps7_0_axi_periph/xbar/inst/gen_samd.crossbar_samd/gen_slave_slots[0].gen_si_write.wdata_router_w/wrouter_aw_fifo/m_axi_wvalid[1]_INST_0_i_2/O
                         net (fo=3, routed)           0.425     5.362    design_1_i/ps7_0_axi_periph/xbar/inst/gen_samd.crossbar_samd/gen_slave_slots[0].gen_si_write.wdata_router_w/wrouter_aw_fifo/m_axi_wvalid[1]_INST_0_i_2_n_0
    SLICE_X13Y49         LUT5 (Prop_lut5_I0_O)        0.124     5.486 r  design_1_i/ps7_0_axi_periph/xbar/inst/gen_samd.crossbar_samd/gen_slave_slots[0].gen_si_write.wdata_router_w/wrouter_aw_fifo/m_axi_wvalid[1]_INST_0/O
                         net (fo=5, routed)           1.447     6.932    design_1_i/ps7_0_axi_periph/m01_couplers/auto_ds/inst/gen_downsizer.gen_cascaded_downsizer.gen_axi3_conv.axi3_conv_inst/gen_axi4_axi3.axi3_conv_inst/USE_WRITE.write_addr_inst/USE_BURSTS.cmd_queue/inst/s_axi_wvalid
    SLICE_X12Y32         LUT3 (Prop_lut3_I1_O)        0.124     7.056 r  design_1_i/ps7_0_axi_periph/m01_couplers/auto_ds/inst/gen_downsizer.gen_cascaded_downsizer.gen_axi3_conv.axi3_conv_inst/gen_axi4_axi3.axi3_conv_inst/USE_WRITE.write_addr_inst/USE_BURSTS.cmd_queue/inst/m_axi_wvalid_INST_0/O
                         net (fo=4, routed)           1.742     8.799    design_1_i/ps7_0_axi_periph/m01_couplers/auto_pc/inst/gen_axi4_axi3.axi3_conv_inst/USE_WRITE.write_addr_inst/USE_BURSTS.cmd_queue/inst/s_axi_wvalid
    SLICE_X4Y2           LUT3 (Prop_lut3_I1_O)        0.148     8.947 r  design_1_i/ps7_0_axi_periph/m01_couplers/auto_pc/inst/gen_axi4_axi3.axi3_conv_inst/USE_WRITE.write_addr_inst/USE_BURSTS.cmd_queue/inst/s_axi_wready_INST_0/O
                         net (fo=11, routed)          2.219    11.165    design_1_i/ps7_0_axi_periph/m01_couplers/auto_ds/inst/gen_downsizer.gen_cascaded_downsizer.first_downsizer_inst/USE_WRITE.write_addr_inst/cmd_queue/inst/m_axi_wready
    SLICE_X12Y32         LUT5 (Prop_lut5_I3_O)        0.328    11.493 r  design_1_i/ps7_0_axi_periph/m01_couplers/auto_ds/inst/gen_downsizer.gen_cascaded_downsizer.first_downsizer_inst/USE_WRITE.write_addr_inst/cmd_queue/inst/s_axi_wready_INST_0/O
                         net (fo=3, routed)           1.188    12.681    design_1_i/ps7_0_axi_periph/xbar/inst/gen_samd.crossbar_samd/gen_slave_slots[0].gen_si_write.wdata_router_w/wrouter_aw_fifo/m_axi_wready[1]
    SLICE_X14Y49         LUT6 (Prop_lut6_I3_O)        0.124    12.805 r  design_1_i/ps7_0_axi_periph/xbar/inst/gen_samd.crossbar_samd/gen_slave_slots[0].gen_si_write.wdata_router_w/wrouter_aw_fifo/s_axi_wready[0]_INST_0_i_2/O
                         net (fo=1, routed)           0.483    13.288    design_1_i/ps7_0_axi_periph/xbar/inst/gen_samd.crossbar_samd/gen_slave_slots[0].gen_si_write.wdata_router_w/wrouter_aw_fifo/s_axi_wready[0]_INST_0_i_2_n_0
    SLICE_X15Y50         LUT6 (Prop_lut6_I0_O)        0.124    13.412 r  design_1_i/ps7_0_axi_periph/xbar/inst/gen_samd.crossbar_samd/gen_slave_slots[0].gen_si_write.wdata_router_w/wrouter_aw_fifo/s_axi_wready[0]_INST_0_i_1/O
                         net (fo=1, routed)           0.679    14.091    design_1_i/ps7_0_axi_periph/xbar/inst/gen_samd.crossbar_samd/gen_slave_slots[0].gen_si_write.wdata_router_w/wrouter_aw_fifo/m_aready0
    SLICE_X13Y49         LUT2 (Prop_lut2_I1_O)        0.118    14.209 r  design_1_i/ps7_0_axi_periph/xbar/inst/gen_samd.crossbar_samd/gen_slave_slots[0].gen_si_write.wdata_router_w/wrouter_aw_fifo/s_axi_wready[0]_INST_0/O
                         net (fo=38, routed)          1.352    15.561    design_1_i/ps7_0_axi_periph/s00_couplers/auto_us/inst/gen_upsizer.gen_full_upsizer.axi_upsizer_inst/USE_WRITE.write_addr_inst/GEN_CMD_QUEUE.cmd_queue/m_axi_wready
    SLICE_X6Y33          LUT5 (Prop_lut5_I2_O)        0.326    15.887 r  design_1_i/ps7_0_axi_periph/s00_couplers/auto_us/inst/gen_upsizer.gen_full_upsizer.axi_upsizer_inst/USE_WRITE.write_addr_inst/GEN_CMD_QUEUE.cmd_queue/WORD_LANE[3].USE_ALWAYS_PACKER.BYTE_LANE[3].USE_RTL_DATA.USE_REGISTER.M_AXI_WDATA_I[127]_i_8/O
                         net (fo=16, routed)          1.042    16.928    design_1_i/ps7_0_axi_periph/s00_couplers/auto_us/inst/gen_upsizer.gen_full_upsizer.axi_upsizer_inst/USE_WRITE.write_addr_inst/GEN_CMD_QUEUE.cmd_queue/WORD_LANE[3].USE_ALWAYS_PACKER.BYTE_LANE[3].USE_RTL_DATA.USE_REGISTER.M_AXI_WDATA_I[127]_i_8_n_0
    SLICE_X5Y27          LUT4 (Prop_lut4_I3_O)        0.150    17.078 r  design_1_i/ps7_0_axi_periph/s00_couplers/auto_us/inst/gen_upsizer.gen_full_upsizer.axi_upsizer_inst/USE_WRITE.write_addr_inst/GEN_CMD_QUEUE.cmd_queue/WORD_LANE[0].USE_ALWAYS_PACKER.BYTE_LANE[3].USE_RTL_DATA.USE_REGISTER.M_AXI_WDATA_I[31]_i_3/O
                         net (fo=9, routed)           0.553    17.632    design_1_i/ps7_0_axi_periph/s00_couplers/auto_us/inst/gen_upsizer.gen_full_upsizer.axi_upsizer_inst/USE_WRITE.gen_non_fifo_w_upsizer.write_data_inst/WORD_LANE[0].USE_ALWAYS_PACKER.BYTE_LANE[3].USE_RTL_DATA.USE_REGISTER.M_AXI_WDATA_I_reg[24]_0
    SLICE_X4Y28          LUT5 (Prop_lut5_I4_O)        0.326    17.958 r  design_1_i/ps7_0_axi_periph/s00_couplers/auto_us/inst/gen_upsizer.gen_full_upsizer.axi_upsizer_inst/USE_WRITE.gen_non_fifo_w_upsizer.write_data_inst/WORD_LANE[0].USE_ALWAYS_PACKER.BYTE_LANE[3].USE_RTL_DATA.USE_REGISTER.M_AXI_WDATA_I[31]_i_1/O
                         net (fo=8, routed)           0.559    18.517    design_1_i/ps7_0_axi_periph/s00_couplers/auto_us/inst/gen_upsizer.gen_full_upsizer.axi_upsizer_inst/USE_WRITE.gen_non_fifo_w_upsizer.write_data_inst/WORD_LANE[0].USE_ALWAYS_PACKER.BYTE_LANE[3].USE_RTL_DATA.USE_REGISTER.M_AXI_WDATA_I[31]_i_1_n_0
    SLICE_X3Y27          FDRE                                         r  design_1_i/ps7_0_axi_periph/s00_couplers/auto_us/inst/gen_upsizer.gen_full_upsizer.axi_upsizer_inst/USE_WRITE.gen_non_fifo_w_upsizer.write_data_inst/WORD_LANE[0].USE_ALWAYS_PACKER.BYTE_LANE[3].USE_RTL_DATA.USE_REGISTER.M_AXI_WDATA_I_reg[26]/CE
  -------------------------------------------------------------------    -------------------

                         (clock clk_fpga_0 rise edge)
                                                     40.000    40.000 r  
    PS7_X0Y0             PS7                          0.000    40.000 r  design_1_i/processing_system7_0/inst/PS7_i/FCLKCLK[0]
                         net (fo=1, routed)           1.101    41.101    design_1_i/processing_system7_0/inst/FCLK_CLK_unbuffered[0]
    BUFGCTRL_X0Y0        BUFG (Prop_bufg_I_O)         0.091    41.192 r  design_1_i/processing_system7_0/inst/buffer_fclk_clk_0.FCLK_CLK_0_BUFG/O
                         net (fo=6928, routed)        1.537    42.729    design_1_i/ps7_0_axi_periph/s00_couplers/auto_us/inst/gen_upsizer.gen_full_upsizer.axi_upsizer_inst/USE_WRITE.gen_non_fifo_w_upsizer.write_data_inst/USE_RTL_LENGTH.length_counter_q_reg[0]_0
    SLICE_X3Y27          FDRE                                         r  design_1_i/ps7_0_axi_periph/s00_couplers/auto_us/inst/gen_upsizer.gen_full_upsizer.axi_upsizer_inst/USE_WRITE.gen_non_fifo_w_upsizer.write_data_inst/WORD_LANE[0].USE_ALWAYS_PACKER.BYTE_LANE[3].USE_RTL_DATA.USE_REGISTER.M_AXI_WDATA_I_reg[26]/C
                         clock pessimism              0.230    42.960    
                         clock uncertainty           -0.601    42.359    
    SLICE_X3Y27          FDRE (Setup_fdre_C_CE)      -0.205    42.154    design_1_i/ps7_0_axi_periph/s00_couplers/auto_us/inst/gen_upsizer.gen_full_upsizer.axi_upsizer_inst/USE_WRITE.gen_non_fifo_w_upsizer.write_data_inst/WORD_LANE[0].USE_ALWAYS_PACKER.BYTE_LANE[3].USE_RTL_DATA.USE_REGISTER.M_AXI_WDATA_I_reg[26]
  -------------------------------------------------------------------
                         required time                         42.154    
                         arrival time                         -18.517    
  -------------------------------------------------------------------
                         slack                                 23.637    





Min Delay Paths
--------------------------------------------------------------------------------------
Slack (MET) :             0.020ns  (arrival time - required time)
  Source:                 design_1_i/ps7_0_axi_periph/m01_couplers/auto_ds/inst/gen_downsizer.gen_cascaded_downsizer.gen_axi3_conv.axi3_conv_inst/gen_axi4_axi3.axi3_conv_inst/USE_WRITE.write_addr_inst/USE_BURSTS.cmd_queue/inst/fifo_gen_inst/inst_fifo_gen/gconvfifo.rf/grf.rf/gntv_or_sync_fifo.gl0.wr/wpntr/gcc0.gc0.count_d1_reg[4]/C
                            (rising edge-triggered cell FDCE clocked by clk_fpga_0  {rise@0.000ns fall@20.000ns period=40.000ns})
  Destination:            design_1_i/ps7_0_axi_periph/m01_couplers/auto_ds/inst/gen_downsizer.gen_cascaded_downsizer.gen_axi3_conv.axi3_conv_inst/gen_axi4_axi3.axi3_conv_inst/USE_WRITE.write_addr_inst/USE_BURSTS.cmd_queue/inst/fifo_gen_inst/inst_fifo_gen/gconvfifo.rf/grf.rf/gntv_or_sync_fifo.mem/gdm.dm_gen.dm/RAM_reg_0_31_0_4/RAMA/WADR4
                            (rising edge-triggered cell RAMD32 clocked by clk_fpga_0  {rise@0.000ns fall@20.000ns period=40.000ns})
  Path Group:             clk_fpga_0
  Path Type:              Hold (Min at Fast Process Corner)
  Requirement:            0.000ns  (clk_fpga_0 rise@0.000ns - clk_fpga_0 rise@0.000ns)
  Data Path Delay:        0.233ns  (logic 0.141ns (60.437%)  route 0.092ns (39.563%))
  Logic Levels:           0  
  Clock Path Skew:        0.013ns (DCD - SCD - CPR)
    Destination Clock Delay (DCD):    1.194ns
    Source Clock Delay      (SCD):    0.899ns
    Clock Pessimism Removal (CPR):    0.282ns

    Location             Delay type                Incr(ns)  Path(ns)    Netlist Resource(s)
  -------------------------------------------------------------------    -------------------
                         (clock clk_fpga_0 rise edge)
                                                      0.000     0.000 r  
    PS7_X0Y0             PS7                          0.000     0.000 r  design_1_i/processing_system7_0/inst/PS7_i/FCLKCLK[0]
                         net (fo=1, routed)           0.315     0.315    design_1_i/processing_system7_0/inst/FCLK_CLK_unbuffered[0]
    BUFGCTRL_X0Y0        BUFG (Prop_bufg_I_O)         0.026     0.341 r  design_1_i/processing_system7_0/inst/buffer_fclk_clk_0.FCLK_CLK_0_BUFG/O
                         net (fo=6928, routed)        0.558     0.899    design_1_i/ps7_0_axi_periph/m01_couplers/auto_ds/inst/gen_downsizer.gen_cascaded_downsizer.gen_axi3_conv.axi3_conv_inst/gen_axi4_axi3.axi3_conv_inst/USE_WRITE.write_addr_inst/USE_BURSTS.cmd_queue/inst/fifo_gen_inst/inst_fifo_gen/gconvfifo.rf/grf.rf/gntv_or_sync_fifo.gl0.wr/wpntr/clk
    SLICE_X13Y30         FDCE                                         r  design_1_i/ps7_0_axi_periph/m01_couplers/auto_ds/inst/gen_downsizer.gen_cascaded_downsizer.gen_axi3_conv.axi3_conv_inst/gen_axi4_axi3.axi3_conv_inst/USE_WRITE.write_addr_inst/USE_BURSTS.cmd_queue/inst/fifo_gen_inst/inst_fifo_gen/gconvfifo.rf/grf.rf/gntv_or_sync_fifo.gl0.wr/wpntr/gcc0.gc0.count_d1_reg[4]/C
  -------------------------------------------------------------------    -------------------
    SLICE_X13Y30         FDCE (Prop_fdce_C_Q)         0.141     1.039 r  design_1_i/ps7_0_axi_periph/m01_couplers/auto_ds/inst/gen_downsizer.gen_cascaded_downsizer.gen_axi3_conv.axi3_conv_inst/gen_axi4_axi3.axi3_conv_inst/USE_WRITE.write_addr_inst/USE_BURSTS.cmd_queue/inst/fifo_gen_inst/inst_fifo_gen/gconvfifo.rf/grf.rf/gntv_or_sync_fifo.gl0.wr/wpntr/gcc0.gc0.count_d1_reg[4]/Q
                         net (fo=10, routed)          0.092     1.132    design_1_i/ps7_0_axi_periph/m01_couplers/auto_ds/inst/gen_downsizer.gen_cascaded_downsizer.gen_axi3_conv.axi3_conv_inst/gen_axi4_axi3.axi3_conv_inst/USE_WRITE.write_addr_inst/USE_BURSTS.cmd_queue/inst/fifo_gen_inst/inst_fifo_gen/gconvfifo.rf/grf.rf/gntv_or_sync_fifo.mem/gdm.dm_gen.dm/RAM_reg_0_31_0_4/ADDRD4
    SLICE_X12Y30         RAMD32                                       r  design_1_i/ps7_0_axi_periph/m01_couplers/auto_ds/inst/gen_downsizer.gen_cascaded_downsizer.gen_axi3_conv.axi3_conv_inst/gen_axi4_axi3.axi3_conv_inst/USE_WRITE.write_addr_inst/USE_BURSTS.cmd_queue/inst/fifo_gen_inst/inst_fifo_gen/gconvfifo.rf/grf.rf/gntv_or_sync_fifo.mem/gdm.dm_gen.dm/RAM_reg_0_31_0_4/RAMA/WADR4
  -------------------------------------------------------------------    -------------------

                         (clock clk_fpga_0 rise edge)
                                                      0.000     0.000 r  
    PS7_X0Y0             PS7                          0.000     0.000 r  design_1_i/processing_system7_0/inst/PS7_i/FCLKCLK[0]
                         net (fo=1, routed)           0.341     0.341    design_1_i/processing_system7_0/inst/FCLK_CLK_unbuffered[0]
    BUFGCTRL_X0Y0        BUFG (Prop_bufg_I_O)         0.029     0.370 r  design_1_i/processing_system7_0/inst/buffer_fclk_clk_0.FCLK_CLK_0_BUFG/O
                         net (fo=6928, routed)        0.824     1.194    design_1_i/ps7_0_axi_periph/m01_couplers/auto_ds/inst/gen_downsizer.gen_cascaded_downsizer.gen_axi3_conv.axi3_conv_inst/gen_axi4_axi3.axi3_conv_inst/USE_WRITE.write_addr_inst/USE_BURSTS.cmd_queue/inst/fifo_gen_inst/inst_fifo_gen/gconvfifo.rf/grf.rf/gntv_or_sync_fifo.mem/gdm.dm_gen.dm/RAM_reg_0_31_0_4/WCLK
    SLICE_X12Y30         RAMD32                                       r  design_1_i/ps7_0_axi_periph/m01_couplers/auto_ds/inst/gen_downsizer.gen_cascaded_downsizer.gen_axi3_conv.axi3_conv_inst/gen_axi4_axi3.axi3_conv_inst/USE_WRITE.write_addr_inst/USE_BURSTS.cmd_queue/inst/fifo_gen_inst/inst_fifo_gen/gconvfifo.rf/grf.rf/gntv_or_sync_fifo.mem/gdm.dm_gen.dm/RAM_reg_0_31_0_4/RAMA/CLK
                         clock pessimism             -0.282     0.912    
    SLICE_X12Y30         RAMD32 (Hold_ramd32_CLK_WADR4)
                                                      0.200     1.112    design_1_i/ps7_0_axi_periph/m01_couplers/auto_ds/inst/gen_downsizer.gen_cascaded_downsizer.gen_axi3_conv.axi3_conv_inst/gen_axi4_axi3.axi3_conv_inst/USE_WRITE.write_addr_inst/USE_BURSTS.cmd_queue/inst/fifo_gen_inst/inst_fifo_gen/gconvfifo.rf/grf.rf/gntv_or_sync_fifo.mem/gdm.dm_gen.dm/RAM_reg_0_31_0_4/RAMA
  -------------------------------------------------------------------
                         required time                         -1.112    
                         arrival time                           1.132    
  -------------------------------------------------------------------
                         slack                                  0.020    

Slack (MET) :             0.020ns  (arrival time - required time)
  Source:                 design_1_i/ps7_0_axi_periph/m01_couplers/auto_ds/inst/gen_downsizer.gen_cascaded_downsizer.gen_axi3_conv.axi3_conv_inst/gen_axi4_axi3.axi3_conv_inst/USE_WRITE.write_addr_inst/USE_BURSTS.cmd_queue/inst/fifo_gen_inst/inst_fifo_gen/gconvfifo.rf/grf.rf/gntv_or_sync_fifo.gl0.wr/wpntr/gcc0.gc0.count_d1_reg[4]/C
                            (rising edge-triggered cell FDCE clocked by clk_fpga_0  {rise@0.000ns fall@20.000ns period=40.000ns})
  Destination:            design_1_i/ps7_0_axi_periph/m01_couplers/auto_ds/inst/gen_downsizer.gen_cascaded_downsizer.gen_axi3_conv.axi3_conv_inst/gen_axi4_axi3.axi3_conv_inst/USE_WRITE.write_addr_inst/USE_BURSTS.cmd_queue/inst/fifo_gen_inst/inst_fifo_gen/gconvfifo.rf/grf.rf/gntv_or_sync_fifo.mem/gdm.dm_gen.dm/RAM_reg_0_31_0_4/RAMA_D1/WADR4
                            (rising edge-triggered cell RAMD32 clocked by clk_fpga_0  {rise@0.000ns fall@20.000ns period=40.000ns})
  Path Group:             clk_fpga_0
  Path Type:              Hold (Min at Fast Process Corner)
  Requirement:            0.000ns  (clk_fpga_0 rise@0.000ns - clk_fpga_0 rise@0.000ns)
  Data Path Delay:        0.233ns  (logic 0.141ns (60.437%)  route 0.092ns (39.563%))
  Logic Levels:           0  
  Clock Path Skew:        0.013ns (DCD - SCD - CPR)
    Destination Clock Delay (DCD):    1.194ns
    Source Clock Delay      (SCD):    0.899ns
    Clock Pessimism Removal (CPR):    0.282ns

    Location             Delay type                Incr(ns)  Path(ns)    Netlist Resource(s)
  -------------------------------------------------------------------    -------------------
                         (clock clk_fpga_0 rise edge)
                                                      0.000     0.000 r  
    PS7_X0Y0             PS7                          0.000     0.000 r  design_1_i/processing_system7_0/inst/PS7_i/FCLKCLK[0]
                         net (fo=1, routed)           0.315     0.315    design_1_i/processing_system7_0/inst/FCLK_CLK_unbuffered[0]
    BUFGCTRL_X0Y0        BUFG (Prop_bufg_I_O)         0.026     0.341 r  design_1_i/processing_system7_0/inst/buffer_fclk_clk_0.FCLK_CLK_0_BUFG/O
                         net (fo=6928, routed)        0.558     0.899    design_1_i/ps7_0_axi_periph/m01_couplers/auto_ds/inst/gen_downsizer.gen_cascaded_downsizer.gen_axi3_conv.axi3_conv_inst/gen_axi4_axi3.axi3_conv_inst/USE_WRITE.write_addr_inst/USE_BURSTS.cmd_queue/inst/fifo_gen_inst/inst_fifo_gen/gconvfifo.rf/grf.rf/gntv_or_sync_fifo.gl0.wr/wpntr/clk
    SLICE_X13Y30         FDCE                                         r  design_1_i/ps7_0_axi_periph/m01_couplers/auto_ds/inst/gen_downsizer.gen_cascaded_downsizer.gen_axi3_conv.axi3_conv_inst/gen_axi4_axi3.axi3_conv_inst/USE_WRITE.write_addr_inst/USE_BURSTS.cmd_queue/inst/fifo_gen_inst/inst_fifo_gen/gconvfifo.rf/grf.rf/gntv_or_sync_fifo.gl0.wr/wpntr/gcc0.gc0.count_d1_reg[4]/C
  -------------------------------------------------------------------    -------------------
    SLICE_X13Y30         FDCE (Prop_fdce_C_Q)         0.141     1.039 r  design_1_i/ps7_0_axi_periph/m01_couplers/auto_ds/inst/gen_downsizer.gen_cascaded_downsizer.gen_axi3_conv.axi3_conv_inst/gen_axi4_axi3.axi3_conv_inst/USE_WRITE.write_addr_inst/USE_BURSTS.cmd_queue/inst/fifo_gen_inst/inst_fifo_gen/gconvfifo.rf/grf.rf/gntv_or_sync_fifo.gl0.wr/wpntr/gcc0.gc0.count_d1_reg[4]/Q
                         net (fo=10, routed)          0.092     1.132    design_1_i/ps7_0_axi_periph/m01_couplers/auto_ds/inst/gen_downsizer.gen_cascaded_downsizer.gen_axi3_conv.axi3_conv_inst/gen_axi4_axi3.axi3_conv_inst/USE_WRITE.write_addr_inst/USE_BURSTS.cmd_queue/inst/fifo_gen_inst/inst_fifo_gen/gconvfifo.rf/grf.rf/gntv_or_sync_fifo.mem/gdm.dm_gen.dm/RAM_reg_0_31_0_4/ADDRD4
    SLICE_X12Y30         RAMD32                                       r  design_1_i/ps7_0_axi_periph/m01_couplers/auto_ds/inst/gen_downsizer.gen_cascaded_downsizer.gen_axi3_conv.axi3_conv_inst/gen_axi4_axi3.axi3_conv_inst/USE_WRITE.write_addr_inst/USE_BURSTS.cmd_queue/inst/fifo_gen_inst/inst_fifo_gen/gconvfifo.rf/grf.rf/gntv_or_sync_fifo.mem/gdm.dm_gen.dm/RAM_reg_0_31_0_4/RAMA_D1/WADR4
  -------------------------------------------------------------------    -------------------

                         (clock clk_fpga_0 rise edge)
                                                      0.000     0.000 r  
    PS7_X0Y0             PS7                          0.000     0.000 r  design_1_i/processing_system7_0/inst/PS7_i/FCLKCLK[0]
                         net (fo=1, routed)           0.341     0.341    design_1_i/processing_system7_0/inst/FCLK_CLK_unbuffered[0]
    BUFGCTRL_X0Y0        BUFG (Prop_bufg_I_O)         0.029     0.370 r  design_1_i/processing_system7_0/inst/buffer_fclk_clk_0.FCLK_CLK_0_BUFG/O
                         net (fo=6928, routed)        0.824     1.194    design_1_i/ps7_0_axi_periph/m01_couplers/auto_ds/inst/gen_downsizer.gen_cascaded_downsizer.gen_axi3_conv.axi3_conv_inst/gen_axi4_axi3.axi3_conv_inst/USE_WRITE.write_addr_inst/USE_BURSTS.cmd_queue/inst/fifo_gen_inst/inst_fifo_gen/gconvfifo.rf/grf.rf/gntv_or_sync_fifo.mem/gdm.dm_gen.dm/RAM_reg_0_31_0_4/WCLK
    SLICE_X12Y30         RAMD32                                       r  design_1_i/ps7_0_axi_periph/m01_couplers/auto_ds/inst/gen_downsizer.gen_cascaded_downsizer.gen_axi3_conv.axi3_conv_inst/gen_axi4_axi3.axi3_conv_inst/USE_WRITE.write_addr_inst/USE_BURSTS.cmd_queue/inst/fifo_gen_inst/inst_fifo_gen/gconvfifo.rf/grf.rf/gntv_or_sync_fifo.mem/gdm.dm_gen.dm/RAM_reg_0_31_0_4/RAMA_D1/CLK
                         clock pessimism             -0.282     0.912    
    SLICE_X12Y30         RAMD32 (Hold_ramd32_CLK_WADR4)
                                                      0.200     1.112    design_1_i/ps7_0_axi_periph/m01_couplers/auto_ds/inst/gen_downsizer.gen_cascaded_downsizer.gen_axi3_conv.axi3_conv_inst/gen_axi4_axi3.axi3_conv_inst/USE_WRITE.write_addr_inst/USE_BURSTS.cmd_queue/inst/fifo_gen_inst/inst_fifo_gen/gconvfifo.rf/grf.rf/gntv_or_sync_fifo.mem/gdm.dm_gen.dm/RAM_reg_0_31_0_4/RAMA_D1
  -------------------------------------------------------------------
                         required time                         -1.112    
                         arrival time                           1.132    
  -------------------------------------------------------------------
                         slack                                  0.020    

Slack (MET) :             0.020ns  (arrival time - required time)
  Source:                 design_1_i/ps7_0_axi_periph/m01_couplers/auto_ds/inst/gen_downsizer.gen_cascaded_downsizer.gen_axi3_conv.axi3_conv_inst/gen_axi4_axi3.axi3_conv_inst/USE_WRITE.write_addr_inst/USE_BURSTS.cmd_queue/inst/fifo_gen_inst/inst_fifo_gen/gconvfifo.rf/grf.rf/gntv_or_sync_fifo.gl0.wr/wpntr/gcc0.gc0.count_d1_reg[4]/C
                            (rising edge-triggered cell FDCE clocked by clk_fpga_0  {rise@0.000ns fall@20.000ns period=40.000ns})
  Destination:            design_1_i/ps7_0_axi_periph/m01_couplers/auto_ds/inst/gen_downsizer.gen_cascaded_downsizer.gen_axi3_conv.axi3_conv_inst/gen_axi4_axi3.axi3_conv_inst/USE_WRITE.write_addr_inst/USE_BURSTS.cmd_queue/inst/fifo_gen_inst/inst_fifo_gen/gconvfifo.rf/grf.rf/gntv_or_sync_fifo.mem/gdm.dm_gen.dm/RAM_reg_0_31_0_4/RAMB/WADR4
                            (rising edge-triggered cell RAMD32 clocked by clk_fpga_0  {rise@0.000ns fall@20.000ns period=40.000ns})
  Path Group:             clk_fpga_0
  Path Type:              Hold (Min at Fast Process Corner)
  Requirement:            0.000ns  (clk_fpga_0 rise@0.000ns - clk_fpga_0 rise@0.000ns)
  Data Path Delay:        0.233ns  (logic 0.141ns (60.437%)  route 0.092ns (39.563%))
  Logic Levels:           0  
  Clock Path Skew:        0.013ns (DCD - SCD - CPR)
    Destination Clock Delay (DCD):    1.194ns
    Source Clock Delay      (SCD):    0.899ns
    Clock Pessimism Removal (CPR):    0.282ns

    Location             Delay type                Incr(ns)  Path(ns)    Netlist Resource(s)
  -------------------------------------------------------------------    -------------------
                         (clock clk_fpga_0 rise edge)
                                                      0.000     0.000 r  
    PS7_X0Y0             PS7                          0.000     0.000 r  design_1_i/processing_system7_0/inst/PS7_i/FCLKCLK[0]
                         net (fo=1, routed)           0.315     0.315    design_1_i/processing_system7_0/inst/FCLK_CLK_unbuffered[0]
    BUFGCTRL_X0Y0        BUFG (Prop_bufg_I_O)         0.026     0.341 r  design_1_i/processing_system7_0/inst/buffer_fclk_clk_0.FCLK_CLK_0_BUFG/O
                         net (fo=6928, routed)        0.558     0.899    design_1_i/ps7_0_axi_periph/m01_couplers/auto_ds/inst/gen_downsizer.gen_cascaded_downsizer.gen_axi3_conv.axi3_conv_inst/gen_axi4_axi3.axi3_conv_inst/USE_WRITE.write_addr_inst/USE_BURSTS.cmd_queue/inst/fifo_gen_inst/inst_fifo_gen/gconvfifo.rf/grf.rf/gntv_or_sync_fifo.gl0.wr/wpntr/clk
    SLICE_X13Y30         FDCE                                         r  design_1_i/ps7_0_axi_periph/m01_couplers/auto_ds/inst/gen_downsizer.gen_cascaded_downsizer.gen_axi3_conv.axi3_conv_inst/gen_axi4_axi3.axi3_conv_inst/USE_WRITE.write_addr_inst/USE_BURSTS.cmd_queue/inst/fifo_gen_inst/inst_fifo_gen/gconvfifo.rf/grf.rf/gntv_or_sync_fifo.gl0.wr/wpntr/gcc0.gc0.count_d1_reg[4]/C
  -------------------------------------------------------------------    -------------------
    SLICE_X13Y30         FDCE (Prop_fdce_C_Q)         0.141     1.039 r  design_1_i/ps7_0_axi_periph/m01_couplers/auto_ds/inst/gen_downsizer.gen_cascaded_downsizer.gen_axi3_conv.axi3_conv_inst/gen_axi4_axi3.axi3_conv_inst/USE_WRITE.write_addr_inst/USE_BURSTS.cmd_queue/inst/fifo_gen_inst/inst_fifo_gen/gconvfifo.rf/grf.rf/gntv_or_sync_fifo.gl0.wr/wpntr/gcc0.gc0.count_d1_reg[4]/Q
                         net (fo=10, routed)          0.092     1.132    design_1_i/ps7_0_axi_periph/m01_couplers/auto_ds/inst/gen_downsizer.gen_cascaded_downsizer.gen_axi3_conv.axi3_conv_inst/gen_axi4_axi3.axi3_conv_inst/USE_WRITE.write_addr_inst/USE_BURSTS.cmd_queue/inst/fifo_gen_inst/inst_fifo_gen/gconvfifo.rf/grf.rf/gntv_or_sync_fifo.mem/gdm.dm_gen.dm/RAM_reg_0_31_0_4/ADDRD4
    SLICE_X12Y30         RAMD32                                       r  design_1_i/ps7_0_axi_periph/m01_couplers/auto_ds/inst/gen_downsizer.gen_cascaded_downsizer.gen_axi3_conv.axi3_conv_inst/gen_axi4_axi3.axi3_conv_inst/USE_WRITE.write_addr_inst/USE_BURSTS.cmd_queue/inst/fifo_gen_inst/inst_fifo_gen/gconvfifo.rf/grf.rf/gntv_or_sync_fifo.mem/gdm.dm_gen.dm/RAM_reg_0_31_0_4/RAMB/WADR4
  -------------------------------------------------------------------    -------------------

                         (clock clk_fpga_0 rise edge)
                                                      0.000     0.000 r  
    PS7_X0Y0             PS7                          0.000     0.000 r  design_1_i/processing_system7_0/inst/PS7_i/FCLKCLK[0]
                         net (fo=1, routed)           0.341     0.341    design_1_i/processing_system7_0/inst/FCLK_CLK_unbuffered[0]
    BUFGCTRL_X0Y0        BUFG (Prop_bufg_I_O)         0.029     0.370 r  design_1_i/processing_system7_0/inst/buffer_fclk_clk_0.FCLK_CLK_0_BUFG/O
                         net (fo=6928, routed)        0.824     1.194    design_1_i/ps7_0_axi_periph/m01_couplers/auto_ds/inst/gen_downsizer.gen_cascaded_downsizer.gen_axi3_conv.axi3_conv_inst/gen_axi4_axi3.axi3_conv_inst/USE_WRITE.write_addr_inst/USE_BURSTS.cmd_queue/inst/fifo_gen_inst/inst_fifo_gen/gconvfifo.rf/grf.rf/gntv_or_sync_fifo.mem/gdm.dm_gen.dm/RAM_reg_0_31_0_4/WCLK
    SLICE_X12Y30         RAMD32                                       r  design_1_i/ps7_0_axi_periph/m01_couplers/auto_ds/inst/gen_downsizer.gen_cascaded_downsizer.gen_axi3_conv.axi3_conv_inst/gen_axi4_axi3.axi3_conv_inst/USE_WRITE.write_addr_inst/USE_BURSTS.cmd_queue/inst/fifo_gen_inst/inst_fifo_gen/gconvfifo.rf/grf.rf/gntv_or_sync_fifo.mem/gdm.dm_gen.dm/RAM_reg_0_31_0_4/RAMB/CLK
                         clock pessimism             -0.282     0.912    
    SLICE_X12Y30         RAMD32 (Hold_ramd32_CLK_WADR4)
                                                      0.200     1.112    design_1_i/ps7_0_axi_periph/m01_couplers/auto_ds/inst/gen_downsizer.gen_cascaded_downsizer.gen_axi3_conv.axi3_conv_inst/gen_axi4_axi3.axi3_conv_inst/USE_WRITE.write_addr_inst/USE_BURSTS.cmd_queue/inst/fifo_gen_inst/inst_fifo_gen/gconvfifo.rf/grf.rf/gntv_or_sync_fifo.mem/gdm.dm_gen.dm/RAM_reg_0_31_0_4/RAMB
  -------------------------------------------------------------------
                         required time                         -1.112    
                         arrival time                           1.132    
  -------------------------------------------------------------------
                         slack                                  0.020    

Slack (MET) :             0.020ns  (arrival time - required time)
  Source:                 design_1_i/ps7_0_axi_periph/m01_couplers/auto_ds/inst/gen_downsizer.gen_cascaded_downsizer.gen_axi3_conv.axi3_conv_inst/gen_axi4_axi3.axi3_conv_inst/USE_WRITE.write_addr_inst/USE_BURSTS.cmd_queue/inst/fifo_gen_inst/inst_fifo_gen/gconvfifo.rf/grf.rf/gntv_or_sync_fifo.gl0.wr/wpntr/gcc0.gc0.count_d1_reg[4]/C
                            (rising edge-triggered cell FDCE clocked by clk_fpga_0  {rise@0.000ns fall@20.000ns period=40.000ns})
  Destination:            design_1_i/ps7_0_axi_periph/m01_couplers/auto_ds/inst/gen_downsizer.gen_cascaded_downsizer.gen_axi3_conv.axi3_conv_inst/gen_axi4_axi3.axi3_conv_inst/USE_WRITE.write_addr_inst/USE_BURSTS.cmd_queue/inst/fifo_gen_inst/inst_fifo_gen/gconvfifo.rf/grf.rf/gntv_or_sync_fifo.mem/gdm.dm_gen.dm/RAM_reg_0_31_0_4/RAMB_D1/WADR4
                            (rising edge-triggered cell RAMD32 clocked by clk_fpga_0  {rise@0.000ns fall@20.000ns period=40.000ns})
  Path Group:             clk_fpga_0
  Path Type:              Hold (Min at Fast Process Corner)
  Requirement:            0.000ns  (clk_fpga_0 rise@0.000ns - clk_fpga_0 rise@0.000ns)
  Data Path Delay:        0.233ns  (logic 0.141ns (60.437%)  route 0.092ns (39.563%))
  Logic Levels:           0  
  Clock Path Skew:        0.013ns (DCD - SCD - CPR)
    Destination Clock Delay (DCD):    1.194ns
    Source Clock Delay      (SCD):    0.899ns
    Clock Pessimism Removal (CPR):    0.282ns

    Location             Delay type                Incr(ns)  Path(ns)    Netlist Resource(s)
  -------------------------------------------------------------------    -------------------
                         (clock clk_fpga_0 rise edge)
                                                      0.000     0.000 r  
    PS7_X0Y0             PS7                          0.000     0.000 r  design_1_i/processing_system7_0/inst/PS7_i/FCLKCLK[0]
                         net (fo=1, routed)           0.315     0.315    design_1_i/processing_system7_0/inst/FCLK_CLK_unbuffered[0]
    BUFGCTRL_X0Y0        BUFG (Prop_bufg_I_O)         0.026     0.341 r  design_1_i/processing_system7_0/inst/buffer_fclk_clk_0.FCLK_CLK_0_BUFG/O
                         net (fo=6928, routed)        0.558     0.899    design_1_i/ps7_0_axi_periph/m01_couplers/auto_ds/inst/gen_downsizer.gen_cascaded_downsizer.gen_axi3_conv.axi3_conv_inst/gen_axi4_axi3.axi3_conv_inst/USE_WRITE.write_addr_inst/USE_BURSTS.cmd_queue/inst/fifo_gen_inst/inst_fifo_gen/gconvfifo.rf/grf.rf/gntv_or_sync_fifo.gl0.wr/wpntr/clk
    SLICE_X13Y30         FDCE                                         r  design_1_i/ps7_0_axi_periph/m01_couplers/auto_ds/inst/gen_downsizer.gen_cascaded_downsizer.gen_axi3_conv.axi3_conv_inst/gen_axi4_axi3.axi3_conv_inst/USE_WRITE.write_addr_inst/USE_BURSTS.cmd_queue/inst/fifo_gen_inst/inst_fifo_gen/gconvfifo.rf/grf.rf/gntv_or_sync_fifo.gl0.wr/wpntr/gcc0.gc0.count_d1_reg[4]/C
  -------------------------------------------------------------------    -------------------
    SLICE_X13Y30         FDCE (Prop_fdce_C_Q)         0.141     1.039 r  design_1_i/ps7_0_axi_periph/m01_couplers/auto_ds/inst/gen_downsizer.gen_cascaded_downsizer.gen_axi3_conv.axi3_conv_inst/gen_axi4_axi3.axi3_conv_inst/USE_WRITE.write_addr_inst/USE_BURSTS.cmd_queue/inst/fifo_gen_inst/inst_fifo_gen/gconvfifo.rf/grf.rf/gntv_or_sync_fifo.gl0.wr/wpntr/gcc0.gc0.count_d1_reg[4]/Q
                         net (fo=10, routed)          0.092     1.132    design_1_i/ps7_0_axi_periph/m01_couplers/auto_ds/inst/gen_downsizer.gen_cascaded_downsizer.gen_axi3_conv.axi3_conv_inst/gen_axi4_axi3.axi3_conv_inst/USE_WRITE.write_addr_inst/USE_BURSTS.cmd_queue/inst/fifo_gen_inst/inst_fifo_gen/gconvfifo.rf/grf.rf/gntv_or_sync_fifo.mem/gdm.dm_gen.dm/RAM_reg_0_31_0_4/ADDRD4
    SLICE_X12Y30         RAMD32                                       r  design_1_i/ps7_0_axi_periph/m01_couplers/auto_ds/inst/gen_downsizer.gen_cascaded_downsizer.gen_axi3_conv.axi3_conv_inst/gen_axi4_axi3.axi3_conv_inst/USE_WRITE.write_addr_inst/USE_BURSTS.cmd_queue/inst/fifo_gen_inst/inst_fifo_gen/gconvfifo.rf/grf.rf/gntv_or_sync_fifo.mem/gdm.dm_gen.dm/RAM_reg_0_31_0_4/RAMB_D1/WADR4
  -------------------------------------------------------------------    -------------------

                         (clock clk_fpga_0 rise edge)
                                                      0.000     0.000 r  
    PS7_X0Y0             PS7                          0.000     0.000 r  design_1_i/processing_system7_0/inst/PS7_i/FCLKCLK[0]
                         net (fo=1, routed)           0.341     0.341    design_1_i/processing_system7_0/inst/FCLK_CLK_unbuffered[0]
    BUFGCTRL_X0Y0        BUFG (Prop_bufg_I_O)         0.029     0.370 r  design_1_i/processing_system7_0/inst/buffer_fclk_clk_0.FCLK_CLK_0_BUFG/O
                         net (fo=6928, routed)        0.824     1.194    design_1_i/ps7_0_axi_periph/m01_couplers/auto_ds/inst/gen_downsizer.gen_cascaded_downsizer.gen_axi3_conv.axi3_conv_inst/gen_axi4_axi3.axi3_conv_inst/USE_WRITE.write_addr_inst/USE_BURSTS.cmd_queue/inst/fifo_gen_inst/inst_fifo_gen/gconvfifo.rf/grf.rf/gntv_or_sync_fifo.mem/gdm.dm_gen.dm/RAM_reg_0_31_0_4/WCLK
    SLICE_X12Y30         RAMD32                                       r  design_1_i/ps7_0_axi_periph/m01_couplers/auto_ds/inst/gen_downsizer.gen_cascaded_downsizer.gen_axi3_conv.axi3_conv_inst/gen_axi4_axi3.axi3_conv_inst/USE_WRITE.write_addr_inst/USE_BURSTS.cmd_queue/inst/fifo_gen_inst/inst_fifo_gen/gconvfifo.rf/grf.rf/gntv_or_sync_fifo.mem/gdm.dm_gen.dm/RAM_reg_0_31_0_4/RAMB_D1/CLK
                         clock pessimism             -0.282     0.912    
    SLICE_X12Y30         RAMD32 (Hold_ramd32_CLK_WADR4)
                                                      0.200     1.112    design_1_i/ps7_0_axi_periph/m01_couplers/auto_ds/inst/gen_downsizer.gen_cascaded_downsizer.gen_axi3_conv.axi3_conv_inst/gen_axi4_axi3.axi3_conv_inst/USE_WRITE.write_addr_inst/USE_BURSTS.cmd_queue/inst/fifo_gen_inst/inst_fifo_gen/gconvfifo.rf/grf.rf/gntv_or_sync_fifo.mem/gdm.dm_gen.dm/RAM_reg_0_31_0_4/RAMB_D1
  -------------------------------------------------------------------
                         required time                         -1.112    
                         arrival time                           1.132    
  -------------------------------------------------------------------
                         slack                                  0.020    

Slack (MET) :             0.020ns  (arrival time - required time)
  Source:                 design_1_i/ps7_0_axi_periph/m01_couplers/auto_ds/inst/gen_downsizer.gen_cascaded_downsizer.gen_axi3_conv.axi3_conv_inst/gen_axi4_axi3.axi3_conv_inst/USE_WRITE.write_addr_inst/USE_BURSTS.cmd_queue/inst/fifo_gen_inst/inst_fifo_gen/gconvfifo.rf/grf.rf/gntv_or_sync_fifo.gl0.wr/wpntr/gcc0.gc0.count_d1_reg[4]/C
                            (rising edge-triggered cell FDCE clocked by clk_fpga_0  {rise@0.000ns fall@20.000ns period=40.000ns})
  Destination:            design_1_i/ps7_0_axi_periph/m01_couplers/auto_ds/inst/gen_downsizer.gen_cascaded_downsizer.gen_axi3_conv.axi3_conv_inst/gen_axi4_axi3.axi3_conv_inst/USE_WRITE.write_addr_inst/USE_BURSTS.cmd_queue/inst/fifo_gen_inst/inst_fifo_gen/gconvfifo.rf/grf.rf/gntv_or_sync_fifo.mem/gdm.dm_gen.dm/RAM_reg_0_31_0_4/RAMC/WADR4
                            (rising edge-triggered cell RAMD32 clocked by clk_fpga_0  {rise@0.000ns fall@20.000ns period=40.000ns})
  Path Group:             clk_fpga_0
  Path Type:              Hold (Min at Fast Process Corner)
  Requirement:            0.000ns  (clk_fpga_0 rise@0.000ns - clk_fpga_0 rise@0.000ns)
  Data Path Delay:        0.233ns  (logic 0.141ns (60.437%)  route 0.092ns (39.563%))
  Logic Levels:           0  
  Clock Path Skew:        0.013ns (DCD - SCD - CPR)
    Destination Clock Delay (DCD):    1.194ns
    Source Clock Delay      (SCD):    0.899ns
    Clock Pessimism Removal (CPR):    0.282ns

    Location             Delay type                Incr(ns)  Path(ns)    Netlist Resource(s)
  -------------------------------------------------------------------    -------------------
                         (clock clk_fpga_0 rise edge)
                                                      0.000     0.000 r  
    PS7_X0Y0             PS7                          0.000     0.000 r  design_1_i/processing_system7_0/inst/PS7_i/FCLKCLK[0]
                         net (fo=1, routed)           0.315     0.315    design_1_i/processing_system7_0/inst/FCLK_CLK_unbuffered[0]
    BUFGCTRL_X0Y0        BUFG (Prop_bufg_I_O)         0.026     0.341 r  design_1_i/processing_system7_0/inst/buffer_fclk_clk_0.FCLK_CLK_0_BUFG/O
                         net (fo=6928, routed)        0.558     0.899    design_1_i/ps7_0_axi_periph/m01_couplers/auto_ds/inst/gen_downsizer.gen_cascaded_downsizer.gen_axi3_conv.axi3_conv_inst/gen_axi4_axi3.axi3_conv_inst/USE_WRITE.write_addr_inst/USE_BURSTS.cmd_queue/inst/fifo_gen_inst/inst_fifo_gen/gconvfifo.rf/grf.rf/gntv_or_sync_fifo.gl0.wr/wpntr/clk
    SLICE_X13Y30         FDCE                                         r  design_1_i/ps7_0_axi_periph/m01_couplers/auto_ds/inst/gen_downsizer.gen_cascaded_downsizer.gen_axi3_conv.axi3_conv_inst/gen_axi4_axi3.axi3_conv_inst/USE_WRITE.write_addr_inst/USE_BURSTS.cmd_queue/inst/fifo_gen_inst/inst_fifo_gen/gconvfifo.rf/grf.rf/gntv_or_sync_fifo.gl0.wr/wpntr/gcc0.gc0.count_d1_reg[4]/C
  -------------------------------------------------------------------    -------------------
    SLICE_X13Y30         FDCE (Prop_fdce_C_Q)         0.141     1.039 r  design_1_i/ps7_0_axi_periph/m01_couplers/auto_ds/inst/gen_downsizer.gen_cascaded_downsizer.gen_axi3_conv.axi3_conv_inst/gen_axi4_axi3.axi3_conv_inst/USE_WRITE.write_addr_inst/USE_BURSTS.cmd_queue/inst/fifo_gen_inst/inst_fifo_gen/gconvfifo.rf/grf.rf/gntv_or_sync_fifo.gl0.wr/wpntr/gcc0.gc0.count_d1_reg[4]/Q
                         net (fo=10, routed)          0.092     1.132    design_1_i/ps7_0_axi_periph/m01_couplers/auto_ds/inst/gen_downsizer.gen_cascaded_downsizer.gen_axi3_conv.axi3_conv_inst/gen_axi4_axi3.axi3_conv_inst/USE_WRITE.write_addr_inst/USE_BURSTS.cmd_queue/inst/fifo_gen_inst/inst_fifo_gen/gconvfifo.rf/grf.rf/gntv_or_sync_fifo.mem/gdm.dm_gen.dm/RAM_reg_0_31_0_4/ADDRD4
    SLICE_X12Y30         RAMD32                                       r  design_1_i/ps7_0_axi_periph/m01_couplers/auto_ds/inst/gen_downsizer.gen_cascaded_downsizer.gen_axi3_conv.axi3_conv_inst/gen_axi4_axi3.axi3_conv_inst/USE_WRITE.write_addr_inst/USE_BURSTS.cmd_queue/inst/fifo_gen_inst/inst_fifo_gen/gconvfifo.rf/grf.rf/gntv_or_sync_fifo.mem/gdm.dm_gen.dm/RAM_reg_0_31_0_4/RAMC/WADR4
  -------------------------------------------------------------------    -------------------

                         (clock clk_fpga_0 rise edge)
                                                      0.000     0.000 r  
    PS7_X0Y0             PS7                          0.000     0.000 r  design_1_i/processing_system7_0/inst/PS7_i/FCLKCLK[0]
                         net (fo=1, routed)           0.341     0.341    design_1_i/processing_system7_0/inst/FCLK_CLK_unbuffered[0]
    BUFGCTRL_X0Y0        BUFG (Prop_bufg_I_O)         0.029     0.370 r  design_1_i/processing_system7_0/inst/buffer_fclk_clk_0.FCLK_CLK_0_BUFG/O
                         net (fo=6928, routed)        0.824     1.194    design_1_i/ps7_0_axi_periph/m01_couplers/auto_ds/inst/gen_downsizer.gen_cascaded_downsizer.gen_axi3_conv.axi3_conv_inst/gen_axi4_axi3.axi3_conv_inst/USE_WRITE.write_addr_inst/USE_BURSTS.cmd_queue/inst/fifo_gen_inst/inst_fifo_gen/gconvfifo.rf/grf.rf/gntv_or_sync_fifo.mem/gdm.dm_gen.dm/RAM_reg_0_31_0_4/WCLK
    SLICE_X12Y30         RAMD32                                       r  design_1_i/ps7_0_axi_periph/m01_couplers/auto_ds/inst/gen_downsizer.gen_cascaded_downsizer.gen_axi3_conv.axi3_conv_inst/gen_axi4_axi3.axi3_conv_inst/USE_WRITE.write_addr_inst/USE_BURSTS.cmd_queue/inst/fifo_gen_inst/inst_fifo_gen/gconvfifo.rf/grf.rf/gntv_or_sync_fifo.mem/gdm.dm_gen.dm/RAM_reg_0_31_0_4/RAMC/CLK
                         clock pessimism             -0.282     0.912    
    SLICE_X12Y30         RAMD32 (Hold_ramd32_CLK_WADR4)
                                                      0.200     1.112    design_1_i/ps7_0_axi_periph/m01_couplers/auto_ds/inst/gen_downsizer.gen_cascaded_downsizer.gen_axi3_conv.axi3_conv_inst/gen_axi4_axi3.axi3_conv_inst/USE_WRITE.write_addr_inst/USE_BURSTS.cmd_queue/inst/fifo_gen_inst/inst_fifo_gen/gconvfifo.rf/grf.rf/gntv_or_sync_fifo.mem/gdm.dm_gen.dm/RAM_reg_0_31_0_4/RAMC
  -------------------------------------------------------------------
                         required time                         -1.112    
                         arrival time                           1.132    
  -------------------------------------------------------------------
                         slack                                  0.020    

Slack (MET) :             0.020ns  (arrival time - required time)
  Source:                 design_1_i/ps7_0_axi_periph/m01_couplers/auto_ds/inst/gen_downsizer.gen_cascaded_downsizer.gen_axi3_conv.axi3_conv_inst/gen_axi4_axi3.axi3_conv_inst/USE_WRITE.write_addr_inst/USE_BURSTS.cmd_queue/inst/fifo_gen_inst/inst_fifo_gen/gconvfifo.rf/grf.rf/gntv_or_sync_fifo.gl0.wr/wpntr/gcc0.gc0.count_d1_reg[4]/C
                            (rising edge-triggered cell FDCE clocked by clk_fpga_0  {rise@0.000ns fall@20.000ns period=40.000ns})
  Destination:            design_1_i/ps7_0_axi_periph/m01_couplers/auto_ds/inst/gen_downsizer.gen_cascaded_downsizer.gen_axi3_conv.axi3_conv_inst/gen_axi4_axi3.axi3_conv_inst/USE_WRITE.write_addr_inst/USE_BURSTS.cmd_queue/inst/fifo_gen_inst/inst_fifo_gen/gconvfifo.rf/grf.rf/gntv_or_sync_fifo.mem/gdm.dm_gen.dm/RAM_reg_0_31_0_4/RAMC_D1/WADR4
                            (rising edge-triggered cell RAMD32 clocked by clk_fpga_0  {rise@0.000ns fall@20.000ns period=40.000ns})
  Path Group:             clk_fpga_0
  Path Type:              Hold (Min at Fast Process Corner)
  Requirement:            0.000ns  (clk_fpga_0 rise@0.000ns - clk_fpga_0 rise@0.000ns)
  Data Path Delay:        0.233ns  (logic 0.141ns (60.437%)  route 0.092ns (39.563%))
  Logic Levels:           0  
  Clock Path Skew:        0.013ns (DCD - SCD - CPR)
    Destination Clock Delay (DCD):    1.194ns
    Source Clock Delay      (SCD):    0.899ns
    Clock Pessimism Removal (CPR):    0.282ns

    Location             Delay type                Incr(ns)  Path(ns)    Netlist Resource(s)
  -------------------------------------------------------------------    -------------------
                         (clock clk_fpga_0 rise edge)
                                                      0.000     0.000 r  
    PS7_X0Y0             PS7                          0.000     0.000 r  design_1_i/processing_system7_0/inst/PS7_i/FCLKCLK[0]
                         net (fo=1, routed)           0.315     0.315    design_1_i/processing_system7_0/inst/FCLK_CLK_unbuffered[0]
    BUFGCTRL_X0Y0        BUFG (Prop_bufg_I_O)         0.026     0.341 r  design_1_i/processing_system7_0/inst/buffer_fclk_clk_0.FCLK_CLK_0_BUFG/O
                         net (fo=6928, routed)        0.558     0.899    design_1_i/ps7_0_axi_periph/m01_couplers/auto_ds/inst/gen_downsizer.gen_cascaded_downsizer.gen_axi3_conv.axi3_conv_inst/gen_axi4_axi3.axi3_conv_inst/USE_WRITE.write_addr_inst/USE_BURSTS.cmd_queue/inst/fifo_gen_inst/inst_fifo_gen/gconvfifo.rf/grf.rf/gntv_or_sync_fifo.gl0.wr/wpntr/clk
    SLICE_X13Y30         FDCE                                         r  design_1_i/ps7_0_axi_periph/m01_couplers/auto_ds/inst/gen_downsizer.gen_cascaded_downsizer.gen_axi3_conv.axi3_conv_inst/gen_axi4_axi3.axi3_conv_inst/USE_WRITE.write_addr_inst/USE_BURSTS.cmd_queue/inst/fifo_gen_inst/inst_fifo_gen/gconvfifo.rf/grf.rf/gntv_or_sync_fifo.gl0.wr/wpntr/gcc0.gc0.count_d1_reg[4]/C
  -------------------------------------------------------------------    -------------------
    SLICE_X13Y30         FDCE (Prop_fdce_C_Q)         0.141     1.039 r  design_1_i/ps7_0_axi_periph/m01_couplers/auto_ds/inst/gen_downsizer.gen_cascaded_downsizer.gen_axi3_conv.axi3_conv_inst/gen_axi4_axi3.axi3_conv_inst/USE_WRITE.write_addr_inst/USE_BURSTS.cmd_queue/inst/fifo_gen_inst/inst_fifo_gen/gconvfifo.rf/grf.rf/gntv_or_sync_fifo.gl0.wr/wpntr/gcc0.gc0.count_d1_reg[4]/Q
                         net (fo=10, routed)          0.092     1.132    design_1_i/ps7_0_axi_periph/m01_couplers/auto_ds/inst/gen_downsizer.gen_cascaded_downsizer.gen_axi3_conv.axi3_conv_inst/gen_axi4_axi3.axi3_conv_inst/USE_WRITE.write_addr_inst/USE_BURSTS.cmd_queue/inst/fifo_gen_inst/inst_fifo_gen/gconvfifo.rf/grf.rf/gntv_or_sync_fifo.mem/gdm.dm_gen.dm/RAM_reg_0_31_0_4/ADDRD4
    SLICE_X12Y30         RAMD32                                       r  design_1_i/ps7_0_axi_periph/m01_couplers/auto_ds/inst/gen_downsizer.gen_cascaded_downsizer.gen_axi3_conv.axi3_conv_inst/gen_axi4_axi3.axi3_conv_inst/USE_WRITE.write_addr_inst/USE_BURSTS.cmd_queue/inst/fifo_gen_inst/inst_fifo_gen/gconvfifo.rf/grf.rf/gntv_or_sync_fifo.mem/gdm.dm_gen.dm/RAM_reg_0_31_0_4/RAMC_D1/WADR4
  -------------------------------------------------------------------    -------------------

                         (clock clk_fpga_0 rise edge)
                                                      0.000     0.000 r  
    PS7_X0Y0             PS7                          0.000     0.000 r  design_1_i/processing_system7_0/inst/PS7_i/FCLKCLK[0]
                         net (fo=1, routed)           0.341     0.341    design_1_i/processing_system7_0/inst/FCLK_CLK_unbuffered[0]
    BUFGCTRL_X0Y0        BUFG (Prop_bufg_I_O)         0.029     0.370 r  design_1_i/processing_system7_0/inst/buffer_fclk_clk_0.FCLK_CLK_0_BUFG/O
                         net (fo=6928, routed)        0.824     1.194    design_1_i/ps7_0_axi_periph/m01_couplers/auto_ds/inst/gen_downsizer.gen_cascaded_downsizer.gen_axi3_conv.axi3_conv_inst/gen_axi4_axi3.axi3_conv_inst/USE_WRITE.write_addr_inst/USE_BURSTS.cmd_queue/inst/fifo_gen_inst/inst_fifo_gen/gconvfifo.rf/grf.rf/gntv_or_sync_fifo.mem/gdm.dm_gen.dm/RAM_reg_0_31_0_4/WCLK
    SLICE_X12Y30         RAMD32                                       r  design_1_i/ps7_0_axi_periph/m01_couplers/auto_ds/inst/gen_downsizer.gen_cascaded_downsizer.gen_axi3_conv.axi3_conv_inst/gen_axi4_axi3.axi3_conv_inst/USE_WRITE.write_addr_inst/USE_BURSTS.cmd_queue/inst/fifo_gen_inst/inst_fifo_gen/gconvfifo.rf/grf.rf/gntv_or_sync_fifo.mem/gdm.dm_gen.dm/RAM_reg_0_31_0_4/RAMC_D1/CLK
                         clock pessimism             -0.282     0.912    
    SLICE_X12Y30         RAMD32 (Hold_ramd32_CLK_WADR4)
                                                      0.200     1.112    design_1_i/ps7_0_axi_periph/m01_couplers/auto_ds/inst/gen_downsizer.gen_cascaded_downsizer.gen_axi3_conv.axi3_conv_inst/gen_axi4_axi3.axi3_conv_inst/USE_WRITE.write_addr_inst/USE_BURSTS.cmd_queue/inst/fifo_gen_inst/inst_fifo_gen/gconvfifo.rf/grf.rf/gntv_or_sync_fifo.mem/gdm.dm_gen.dm/RAM_reg_0_31_0_4/RAMC_D1
  -------------------------------------------------------------------
                         required time                         -1.112    
                         arrival time                           1.132    
  -------------------------------------------------------------------
                         slack                                  0.020    

Slack (MET) :             0.020ns  (arrival time - required time)
  Source:                 design_1_i/ps7_0_axi_periph/m01_couplers/auto_ds/inst/gen_downsizer.gen_cascaded_downsizer.gen_axi3_conv.axi3_conv_inst/gen_axi4_axi3.axi3_conv_inst/USE_WRITE.write_addr_inst/USE_BURSTS.cmd_queue/inst/fifo_gen_inst/inst_fifo_gen/gconvfifo.rf/grf.rf/gntv_or_sync_fifo.gl0.wr/wpntr/gcc0.gc0.count_d1_reg[4]/C
                            (rising edge-triggered cell FDCE clocked by clk_fpga_0  {rise@0.000ns fall@20.000ns period=40.000ns})
  Destination:            design_1_i/ps7_0_axi_periph/m01_couplers/auto_ds/inst/gen_downsizer.gen_cascaded_downsizer.gen_axi3_conv.axi3_conv_inst/gen_axi4_axi3.axi3_conv_inst/USE_WRITE.write_addr_inst/USE_BURSTS.cmd_queue/inst/fifo_gen_inst/inst_fifo_gen/gconvfifo.rf/grf.rf/gntv_or_sync_fifo.mem/gdm.dm_gen.dm/RAM_reg_0_31_0_4/RAMD/ADR4
                            (rising edge-triggered cell RAMS32 clocked by clk_fpga_0  {rise@0.000ns fall@20.000ns period=40.000ns})
  Path Group:             clk_fpga_0
  Path Type:              Hold (Min at Fast Process Corner)
  Requirement:            0.000ns  (clk_fpga_0 rise@0.000ns - clk_fpga_0 rise@0.000ns)
  Data Path Delay:        0.233ns  (logic 0.141ns (60.437%)  route 0.092ns (39.563%))
  Logic Levels:           0  
  Clock Path Skew:        0.013ns (DCD - SCD - CPR)
    Destination Clock Delay (DCD):    1.194ns
    Source Clock Delay      (SCD):    0.899ns
    Clock Pessimism Removal (CPR):    0.282ns

    Location             Delay type                Incr(ns)  Path(ns)    Netlist Resource(s)
  -------------------------------------------------------------------    -------------------
                         (clock clk_fpga_0 rise edge)
                                                      0.000     0.000 r  
    PS7_X0Y0             PS7                          0.000     0.000 r  design_1_i/processing_system7_0/inst/PS7_i/FCLKCLK[0]
                         net (fo=1, routed)           0.315     0.315    design_1_i/processing_system7_0/inst/FCLK_CLK_unbuffered[0]
    BUFGCTRL_X0Y0        BUFG (Prop_bufg_I_O)         0.026     0.341 r  design_1_i/processing_system7_0/inst/buffer_fclk_clk_0.FCLK_CLK_0_BUFG/O
                         net (fo=6928, routed)        0.558     0.899    design_1_i/ps7_0_axi_periph/m01_couplers/auto_ds/inst/gen_downsizer.gen_cascaded_downsizer.gen_axi3_conv.axi3_conv_inst/gen_axi4_axi3.axi3_conv_inst/USE_WRITE.write_addr_inst/USE_BURSTS.cmd_queue/inst/fifo_gen_inst/inst_fifo_gen/gconvfifo.rf/grf.rf/gntv_or_sync_fifo.gl0.wr/wpntr/clk
    SLICE_X13Y30         FDCE                                         r  design_1_i/ps7_0_axi_periph/m01_couplers/auto_ds/inst/gen_downsizer.gen_cascaded_downsizer.gen_axi3_conv.axi3_conv_inst/gen_axi4_axi3.axi3_conv_inst/USE_WRITE.write_addr_inst/USE_BURSTS.cmd_queue/inst/fifo_gen_inst/inst_fifo_gen/gconvfifo.rf/grf.rf/gntv_or_sync_fifo.gl0.wr/wpntr/gcc0.gc0.count_d1_reg[4]/C
  -------------------------------------------------------------------    -------------------
    SLICE_X13Y30         FDCE (Prop_fdce_C_Q)         0.141     1.039 r  design_1_i/ps7_0_axi_periph/m01_couplers/auto_ds/inst/gen_downsizer.gen_cascaded_downsizer.gen_axi3_conv.axi3_conv_inst/gen_axi4_axi3.axi3_conv_inst/USE_WRITE.write_addr_inst/USE_BURSTS.cmd_queue/inst/fifo_gen_inst/inst_fifo_gen/gconvfifo.rf/grf.rf/gntv_or_sync_fifo.gl0.wr/wpntr/gcc0.gc0.count_d1_reg[4]/Q
                         net (fo=10, routed)          0.092     1.132    design_1_i/ps7_0_axi_periph/m01_couplers/auto_ds/inst/gen_downsizer.gen_cascaded_downsizer.gen_axi3_conv.axi3_conv_inst/gen_axi4_axi3.axi3_conv_inst/USE_WRITE.write_addr_inst/USE_BURSTS.cmd_queue/inst/fifo_gen_inst/inst_fifo_gen/gconvfifo.rf/grf.rf/gntv_or_sync_fifo.mem/gdm.dm_gen.dm/RAM_reg_0_31_0_4/ADDRD4
    SLICE_X12Y30         RAMS32                                       r  design_1_i/ps7_0_axi_periph/m01_couplers/auto_ds/inst/gen_downsizer.gen_cascaded_downsizer.gen_axi3_conv.axi3_conv_inst/gen_axi4_axi3.axi3_conv_inst/USE_WRITE.write_addr_inst/USE_BURSTS.cmd_queue/inst/fifo_gen_inst/inst_fifo_gen/gconvfifo.rf/grf.rf/gntv_or_sync_fifo.mem/gdm.dm_gen.dm/RAM_reg_0_31_0_4/RAMD/ADR4
  -------------------------------------------------------------------    -------------------

                         (clock clk_fpga_0 rise edge)
                                                      0.000     0.000 r  
    PS7_X0Y0             PS7                          0.000     0.000 r  design_1_i/processing_system7_0/inst/PS7_i/FCLKCLK[0]
                         net (fo=1, routed)           0.341     0.341    design_1_i/processing_system7_0/inst/FCLK_CLK_unbuffered[0]
    BUFGCTRL_X0Y0        BUFG (Prop_bufg_I_O)         0.029     0.370 r  design_1_i/processing_system7_0/inst/buffer_fclk_clk_0.FCLK_CLK_0_BUFG/O
                         net (fo=6928, routed)        0.824     1.194    design_1_i/ps7_0_axi_periph/m01_couplers/auto_ds/inst/gen_downsizer.gen_cascaded_downsizer.gen_axi3_conv.axi3_conv_inst/gen_axi4_axi3.axi3_conv_inst/USE_WRITE.write_addr_inst/USE_BURSTS.cmd_queue/inst/fifo_gen_inst/inst_fifo_gen/gconvfifo.rf/grf.rf/gntv_or_sync_fifo.mem/gdm.dm_gen.dm/RAM_reg_0_31_0_4/WCLK
    SLICE_X12Y30         RAMS32                                       r  design_1_i/ps7_0_axi_periph/m01_couplers/auto_ds/inst/gen_downsizer.gen_cascaded_downsizer.gen_axi3_conv.axi3_conv_inst/gen_axi4_axi3.axi3_conv_inst/USE_WRITE.write_addr_inst/USE_BURSTS.cmd_queue/inst/fifo_gen_inst/inst_fifo_gen/gconvfifo.rf/grf.rf/gntv_or_sync_fifo.mem/gdm.dm_gen.dm/RAM_reg_0_31_0_4/RAMD/CLK
                         clock pessimism             -0.282     0.912    
    SLICE_X12Y30         RAMS32 (Hold_rams32_CLK_ADR4)
                                                      0.200     1.112    design_1_i/ps7_0_axi_periph/m01_couplers/auto_ds/inst/gen_downsizer.gen_cascaded_downsizer.gen_axi3_conv.axi3_conv_inst/gen_axi4_axi3.axi3_conv_inst/USE_WRITE.write_addr_inst/USE_BURSTS.cmd_queue/inst/fifo_gen_inst/inst_fifo_gen/gconvfifo.rf/grf.rf/gntv_or_sync_fifo.mem/gdm.dm_gen.dm/RAM_reg_0_31_0_4/RAMD
  -------------------------------------------------------------------
                         required time                         -1.112    
                         arrival time                           1.132    
  -------------------------------------------------------------------
                         slack                                  0.020    

Slack (MET) :             0.020ns  (arrival time - required time)
  Source:                 design_1_i/ps7_0_axi_periph/m01_couplers/auto_ds/inst/gen_downsizer.gen_cascaded_downsizer.gen_axi3_conv.axi3_conv_inst/gen_axi4_axi3.axi3_conv_inst/USE_WRITE.write_addr_inst/USE_BURSTS.cmd_queue/inst/fifo_gen_inst/inst_fifo_gen/gconvfifo.rf/grf.rf/gntv_or_sync_fifo.gl0.wr/wpntr/gcc0.gc0.count_d1_reg[4]/C
                            (rising edge-triggered cell FDCE clocked by clk_fpga_0  {rise@0.000ns fall@20.000ns period=40.000ns})
  Destination:            design_1_i/ps7_0_axi_periph/m01_couplers/auto_ds/inst/gen_downsizer.gen_cascaded_downsizer.gen_axi3_conv.axi3_conv_inst/gen_axi4_axi3.axi3_conv_inst/USE_WRITE.write_addr_inst/USE_BURSTS.cmd_queue/inst/fifo_gen_inst/inst_fifo_gen/gconvfifo.rf/grf.rf/gntv_or_sync_fifo.mem/gdm.dm_gen.dm/RAM_reg_0_31_0_4/RAMD_D1/ADR4
                            (rising edge-triggered cell RAMS32 clocked by clk_fpga_0  {rise@0.000ns fall@20.000ns period=40.000ns})
  Path Group:             clk_fpga_0
  Path Type:              Hold (Min at Fast Process Corner)
  Requirement:            0.000ns  (clk_fpga_0 rise@0.000ns - clk_fpga_0 rise@0.000ns)
  Data Path Delay:        0.233ns  (logic 0.141ns (60.437%)  route 0.092ns (39.563%))
  Logic Levels:           0  
  Clock Path Skew:        0.013ns (DCD - SCD - CPR)
    Destination Clock Delay (DCD):    1.194ns
    Source Clock Delay      (SCD):    0.899ns
    Clock Pessimism Removal (CPR):    0.282ns

    Location             Delay type                Incr(ns)  Path(ns)    Netlist Resource(s)
  -------------------------------------------------------------------    -------------------
                         (clock clk_fpga_0 rise edge)
                                                      0.000     0.000 r  
    PS7_X0Y0             PS7                          0.000     0.000 r  design_1_i/processing_system7_0/inst/PS7_i/FCLKCLK[0]
                         net (fo=1, routed)           0.315     0.315    design_1_i/processing_system7_0/inst/FCLK_CLK_unbuffered[0]
    BUFGCTRL_X0Y0        BUFG (Prop_bufg_I_O)         0.026     0.341 r  design_1_i/processing_system7_0/inst/buffer_fclk_clk_0.FCLK_CLK_0_BUFG/O
                         net (fo=6928, routed)        0.558     0.899    design_1_i/ps7_0_axi_periph/m01_couplers/auto_ds/inst/gen_downsizer.gen_cascaded_downsizer.gen_axi3_conv.axi3_conv_inst/gen_axi4_axi3.axi3_conv_inst/USE_WRITE.write_addr_inst/USE_BURSTS.cmd_queue/inst/fifo_gen_inst/inst_fifo_gen/gconvfifo.rf/grf.rf/gntv_or_sync_fifo.gl0.wr/wpntr/clk
    SLICE_X13Y30         FDCE                                         r  design_1_i/ps7_0_axi_periph/m01_couplers/auto_ds/inst/gen_downsizer.gen_cascaded_downsizer.gen_axi3_conv.axi3_conv_inst/gen_axi4_axi3.axi3_conv_inst/USE_WRITE.write_addr_inst/USE_BURSTS.cmd_queue/inst/fifo_gen_inst/inst_fifo_gen/gconvfifo.rf/grf.rf/gntv_or_sync_fifo.gl0.wr/wpntr/gcc0.gc0.count_d1_reg[4]/C
  -------------------------------------------------------------------    -------------------
    SLICE_X13Y30         FDCE (Prop_fdce_C_Q)         0.141     1.039 r  design_1_i/ps7_0_axi_periph/m01_couplers/auto_ds/inst/gen_downsizer.gen_cascaded_downsizer.gen_axi3_conv.axi3_conv_inst/gen_axi4_axi3.axi3_conv_inst/USE_WRITE.write_addr_inst/USE_BURSTS.cmd_queue/inst/fifo_gen_inst/inst_fifo_gen/gconvfifo.rf/grf.rf/gntv_or_sync_fifo.gl0.wr/wpntr/gcc0.gc0.count_d1_reg[4]/Q
                         net (fo=10, routed)          0.092     1.132    design_1_i/ps7_0_axi_periph/m01_couplers/auto_ds/inst/gen_downsizer.gen_cascaded_downsizer.gen_axi3_conv.axi3_conv_inst/gen_axi4_axi3.axi3_conv_inst/USE_WRITE.write_addr_inst/USE_BURSTS.cmd_queue/inst/fifo_gen_inst/inst_fifo_gen/gconvfifo.rf/grf.rf/gntv_or_sync_fifo.mem/gdm.dm_gen.dm/RAM_reg_0_31_0_4/ADDRD4
    SLICE_X12Y30         RAMS32                                       r  design_1_i/ps7_0_axi_periph/m01_couplers/auto_ds/inst/gen_downsizer.gen_cascaded_downsizer.gen_axi3_conv.axi3_conv_inst/gen_axi4_axi3.axi3_conv_inst/USE_WRITE.write_addr_inst/USE_BURSTS.cmd_queue/inst/fifo_gen_inst/inst_fifo_gen/gconvfifo.rf/grf.rf/gntv_or_sync_fifo.mem/gdm.dm_gen.dm/RAM_reg_0_31_0_4/RAMD_D1/ADR4
  -------------------------------------------------------------------    -------------------

                         (clock clk_fpga_0 rise edge)
                                                      0.000     0.000 r  
    PS7_X0Y0             PS7                          0.000     0.000 r  design_1_i/processing_system7_0/inst/PS7_i/FCLKCLK[0]
                         net (fo=1, routed)           0.341     0.341    design_1_i/processing_system7_0/inst/FCLK_CLK_unbuffered[0]
    BUFGCTRL_X0Y0        BUFG (Prop_bufg_I_O)         0.029     0.370 r  design_1_i/processing_system7_0/inst/buffer_fclk_clk_0.FCLK_CLK_0_BUFG/O
                         net (fo=6928, routed)        0.824     1.194    design_1_i/ps7_0_axi_periph/m01_couplers/auto_ds/inst/gen_downsizer.gen_cascaded_downsizer.gen_axi3_conv.axi3_conv_inst/gen_axi4_axi3.axi3_conv_inst/USE_WRITE.write_addr_inst/USE_BURSTS.cmd_queue/inst/fifo_gen_inst/inst_fifo_gen/gconvfifo.rf/grf.rf/gntv_or_sync_fifo.mem/gdm.dm_gen.dm/RAM_reg_0_31_0_4/WCLK
    SLICE_X12Y30         RAMS32                                       r  design_1_i/ps7_0_axi_periph/m01_couplers/auto_ds/inst/gen_downsizer.gen_cascaded_downsizer.gen_axi3_conv.axi3_conv_inst/gen_axi4_axi3.axi3_conv_inst/USE_WRITE.write_addr_inst/USE_BURSTS.cmd_queue/inst/fifo_gen_inst/inst_fifo_gen/gconvfifo.rf/grf.rf/gntv_or_sync_fifo.mem/gdm.dm_gen.dm/RAM_reg_0_31_0_4/RAMD_D1/CLK
                         clock pessimism             -0.282     0.912    
    SLICE_X12Y30         RAMS32 (Hold_rams32_CLK_ADR4)
                                                      0.200     1.112    design_1_i/ps7_0_axi_periph/m01_couplers/auto_ds/inst/gen_downsizer.gen_cascaded_downsizer.gen_axi3_conv.axi3_conv_inst/gen_axi4_axi3.axi3_conv_inst/USE_WRITE.write_addr_inst/USE_BURSTS.cmd_queue/inst/fifo_gen_inst/inst_fifo_gen/gconvfifo.rf/grf.rf/gntv_or_sync_fifo.mem/gdm.dm_gen.dm/RAM_reg_0_31_0_4/RAMD_D1
  -------------------------------------------------------------------
                         required time                         -1.112    
                         arrival time                           1.132    
  -------------------------------------------------------------------
                         slack                                  0.020    

Slack (MET) :             0.022ns  (arrival time - required time)
  Source:                 design_1_i/ps7_0_axi_periph/m01_couplers/auto_ds/inst/gen_downsizer.gen_cascaded_downsizer.gen_axi3_conv.axi3_conv_inst/gen_axi4_axi3.axi3_conv_inst/USE_WRITE.write_addr_inst/USE_BURSTS.cmd_queue/inst/fifo_gen_inst/inst_fifo_gen/gconvfifo.rf/grf.rf/gntv_or_sync_fifo.gl0.wr/wpntr/gcc0.gc0.count_d1_reg[3]/C
                            (rising edge-triggered cell FDCE clocked by clk_fpga_0  {rise@0.000ns fall@20.000ns period=40.000ns})
  Destination:            design_1_i/ps7_0_axi_periph/m01_couplers/auto_ds/inst/gen_downsizer.gen_cascaded_downsizer.gen_axi3_conv.axi3_conv_inst/gen_axi4_axi3.axi3_conv_inst/USE_WRITE.write_addr_inst/USE_BURSTS.cmd_queue/inst/fifo_gen_inst/inst_fifo_gen/gconvfifo.rf/grf.rf/gntv_or_sync_fifo.mem/gdm.dm_gen.dm/RAM_reg_0_31_0_4/RAMA/WADR3
                            (rising edge-triggered cell RAMD32 clocked by clk_fpga_0  {rise@0.000ns fall@20.000ns period=40.000ns})
  Path Group:             clk_fpga_0
  Path Type:              Hold (Min at Fast Process Corner)
  Requirement:            0.000ns  (clk_fpga_0 rise@0.000ns - clk_fpga_0 rise@0.000ns)
  Data Path Delay:        0.275ns  (logic 0.141ns (51.216%)  route 0.134ns (48.784%))
  Logic Levels:           0  
  Clock Path Skew:        0.013ns (DCD - SCD - CPR)
    Destination Clock Delay (DCD):    1.194ns
    Source Clock Delay      (SCD):    0.899ns
    Clock Pessimism Removal (CPR):    0.282ns

    Location             Delay type                Incr(ns)  Path(ns)    Netlist Resource(s)
  -------------------------------------------------------------------    -------------------
                         (clock clk_fpga_0 rise edge)
                                                      0.000     0.000 r  
    PS7_X0Y0             PS7                          0.000     0.000 r  design_1_i/processing_system7_0/inst/PS7_i/FCLKCLK[0]
                         net (fo=1, routed)           0.315     0.315    design_1_i/processing_system7_0/inst/FCLK_CLK_unbuffered[0]
    BUFGCTRL_X0Y0        BUFG (Prop_bufg_I_O)         0.026     0.341 r  design_1_i/processing_system7_0/inst/buffer_fclk_clk_0.FCLK_CLK_0_BUFG/O
                         net (fo=6928, routed)        0.558     0.899    design_1_i/ps7_0_axi_periph/m01_couplers/auto_ds/inst/gen_downsizer.gen_cascaded_downsizer.gen_axi3_conv.axi3_conv_inst/gen_axi4_axi3.axi3_conv_inst/USE_WRITE.write_addr_inst/USE_BURSTS.cmd_queue/inst/fifo_gen_inst/inst_fifo_gen/gconvfifo.rf/grf.rf/gntv_or_sync_fifo.gl0.wr/wpntr/clk
    SLICE_X13Y30         FDCE                                         r  design_1_i/ps7_0_axi_periph/m01_couplers/auto_ds/inst/gen_downsizer.gen_cascaded_downsizer.gen_axi3_conv.axi3_conv_inst/gen_axi4_axi3.axi3_conv_inst/USE_WRITE.write_addr_inst/USE_BURSTS.cmd_queue/inst/fifo_gen_inst/inst_fifo_gen/gconvfifo.rf/grf.rf/gntv_or_sync_fifo.gl0.wr/wpntr/gcc0.gc0.count_d1_reg[3]/C
  -------------------------------------------------------------------    -------------------
    SLICE_X13Y30         FDCE (Prop_fdce_C_Q)         0.141     1.039 r  design_1_i/ps7_0_axi_periph/m01_couplers/auto_ds/inst/gen_downsizer.gen_cascaded_downsizer.gen_axi3_conv.axi3_conv_inst/gen_axi4_axi3.axi3_conv_inst/USE_WRITE.write_addr_inst/USE_BURSTS.cmd_queue/inst/fifo_gen_inst/inst_fifo_gen/gconvfifo.rf/grf.rf/gntv_or_sync_fifo.gl0.wr/wpntr/gcc0.gc0.count_d1_reg[3]/Q
                         net (fo=10, routed)          0.134     1.174    design_1_i/ps7_0_axi_periph/m01_couplers/auto_ds/inst/gen_downsizer.gen_cascaded_downsizer.gen_axi3_conv.axi3_conv_inst/gen_axi4_axi3.axi3_conv_inst/USE_WRITE.write_addr_inst/USE_BURSTS.cmd_queue/inst/fifo_gen_inst/inst_fifo_gen/gconvfifo.rf/grf.rf/gntv_or_sync_fifo.mem/gdm.dm_gen.dm/RAM_reg_0_31_0_4/ADDRD3
    SLICE_X12Y30         RAMD32                                       r  design_1_i/ps7_0_axi_periph/m01_couplers/auto_ds/inst/gen_downsizer.gen_cascaded_downsizer.gen_axi3_conv.axi3_conv_inst/gen_axi4_axi3.axi3_conv_inst/USE_WRITE.write_addr_inst/USE_BURSTS.cmd_queue/inst/fifo_gen_inst/inst_fifo_gen/gconvfifo.rf/grf.rf/gntv_or_sync_fifo.mem/gdm.dm_gen.dm/RAM_reg_0_31_0_4/RAMA/WADR3
  -------------------------------------------------------------------    -------------------

                         (clock clk_fpga_0 rise edge)
                                                      0.000     0.000 r  
    PS7_X0Y0             PS7                          0.000     0.000 r  design_1_i/processing_system7_0/inst/PS7_i/FCLKCLK[0]
                         net (fo=1, routed)           0.341     0.341    design_1_i/processing_system7_0/inst/FCLK_CLK_unbuffered[0]
    BUFGCTRL_X0Y0        BUFG (Prop_bufg_I_O)         0.029     0.370 r  design_1_i/processing_system7_0/inst/buffer_fclk_clk_0.FCLK_CLK_0_BUFG/O
                         net (fo=6928, routed)        0.824     1.194    design_1_i/ps7_0_axi_periph/m01_couplers/auto_ds/inst/gen_downsizer.gen_cascaded_downsizer.gen_axi3_conv.axi3_conv_inst/gen_axi4_axi3.axi3_conv_inst/USE_WRITE.write_addr_inst/USE_BURSTS.cmd_queue/inst/fifo_gen_inst/inst_fifo_gen/gconvfifo.rf/grf.rf/gntv_or_sync_fifo.mem/gdm.dm_gen.dm/RAM_reg_0_31_0_4/WCLK
    SLICE_X12Y30         RAMD32                                       r  design_1_i/ps7_0_axi_periph/m01_couplers/auto_ds/inst/gen_downsizer.gen_cascaded_downsizer.gen_axi3_conv.axi3_conv_inst/gen_axi4_axi3.axi3_conv_inst/USE_WRITE.write_addr_inst/USE_BURSTS.cmd_queue/inst/fifo_gen_inst/inst_fifo_gen/gconvfifo.rf/grf.rf/gntv_or_sync_fifo.mem/gdm.dm_gen.dm/RAM_reg_0_31_0_4/RAMA/CLK
                         clock pessimism             -0.282     0.912    
    SLICE_X12Y30         RAMD32 (Hold_ramd32_CLK_WADR3)
                                                      0.240     1.152    design_1_i/ps7_0_axi_periph/m01_couplers/auto_ds/inst/gen_downsizer.gen_cascaded_downsizer.gen_axi3_conv.axi3_conv_inst/gen_axi4_axi3.axi3_conv_inst/USE_WRITE.write_addr_inst/USE_BURSTS.cmd_queue/inst/fifo_gen_inst/inst_fifo_gen/gconvfifo.rf/grf.rf/gntv_or_sync_fifo.mem/gdm.dm_gen.dm/RAM_reg_0_31_0_4/RAMA
  -------------------------------------------------------------------
                         required time                         -1.152    
                         arrival time                           1.174    
  -------------------------------------------------------------------
                         slack                                  0.022    

Slack (MET) :             0.022ns  (arrival time - required time)
  Source:                 design_1_i/ps7_0_axi_periph/m01_couplers/auto_ds/inst/gen_downsizer.gen_cascaded_downsizer.gen_axi3_conv.axi3_conv_inst/gen_axi4_axi3.axi3_conv_inst/USE_WRITE.write_addr_inst/USE_BURSTS.cmd_queue/inst/fifo_gen_inst/inst_fifo_gen/gconvfifo.rf/grf.rf/gntv_or_sync_fifo.gl0.wr/wpntr/gcc0.gc0.count_d1_reg[3]/C
                            (rising edge-triggered cell FDCE clocked by clk_fpga_0  {rise@0.000ns fall@20.000ns period=40.000ns})
  Destination:            design_1_i/ps7_0_axi_periph/m01_couplers/auto_ds/inst/gen_downsizer.gen_cascaded_downsizer.gen_axi3_conv.axi3_conv_inst/gen_axi4_axi3.axi3_conv_inst/USE_WRITE.write_addr_inst/USE_BURSTS.cmd_queue/inst/fifo_gen_inst/inst_fifo_gen/gconvfifo.rf/grf.rf/gntv_or_sync_fifo.mem/gdm.dm_gen.dm/RAM_reg_0_31_0_4/RAMA_D1/WADR3
                            (rising edge-triggered cell RAMD32 clocked by clk_fpga_0  {rise@0.000ns fall@20.000ns period=40.000ns})
  Path Group:             clk_fpga_0
  Path Type:              Hold (Min at Fast Process Corner)
  Requirement:            0.000ns  (clk_fpga_0 rise@0.000ns - clk_fpga_0 rise@0.000ns)
  Data Path Delay:        0.275ns  (logic 0.141ns (51.216%)  route 0.134ns (48.784%))
  Logic Levels:           0  
  Clock Path Skew:        0.013ns (DCD - SCD - CPR)
    Destination Clock Delay (DCD):    1.194ns
    Source Clock Delay      (SCD):    0.899ns
    Clock Pessimism Removal (CPR):    0.282ns

    Location             Delay type                Incr(ns)  Path(ns)    Netlist Resource(s)
  -------------------------------------------------------------------    -------------------
                         (clock clk_fpga_0 rise edge)
                                                      0.000     0.000 r  
    PS7_X0Y0             PS7                          0.000     0.000 r  design_1_i/processing_system7_0/inst/PS7_i/FCLKCLK[0]
                         net (fo=1, routed)           0.315     0.315    design_1_i/processing_system7_0/inst/FCLK_CLK_unbuffered[0]
    BUFGCTRL_X0Y0        BUFG (Prop_bufg_I_O)         0.026     0.341 r  design_1_i/processing_system7_0/inst/buffer_fclk_clk_0.FCLK_CLK_0_BUFG/O
                         net (fo=6928, routed)        0.558     0.899    design_1_i/ps7_0_axi_periph/m01_couplers/auto_ds/inst/gen_downsizer.gen_cascaded_downsizer.gen_axi3_conv.axi3_conv_inst/gen_axi4_axi3.axi3_conv_inst/USE_WRITE.write_addr_inst/USE_BURSTS.cmd_queue/inst/fifo_gen_inst/inst_fifo_gen/gconvfifo.rf/grf.rf/gntv_or_sync_fifo.gl0.wr/wpntr/clk
    SLICE_X13Y30         FDCE                                         r  design_1_i/ps7_0_axi_periph/m01_couplers/auto_ds/inst/gen_downsizer.gen_cascaded_downsizer.gen_axi3_conv.axi3_conv_inst/gen_axi4_axi3.axi3_conv_inst/USE_WRITE.write_addr_inst/USE_BURSTS.cmd_queue/inst/fifo_gen_inst/inst_fifo_gen/gconvfifo.rf/grf.rf/gntv_or_sync_fifo.gl0.wr/wpntr/gcc0.gc0.count_d1_reg[3]/C
  -------------------------------------------------------------------    -------------------
    SLICE_X13Y30         FDCE (Prop_fdce_C_Q)         0.141     1.039 r  design_1_i/ps7_0_axi_periph/m01_couplers/auto_ds/inst/gen_downsizer.gen_cascaded_downsizer.gen_axi3_conv.axi3_conv_inst/gen_axi4_axi3.axi3_conv_inst/USE_WRITE.write_addr_inst/USE_BURSTS.cmd_queue/inst/fifo_gen_inst/inst_fifo_gen/gconvfifo.rf/grf.rf/gntv_or_sync_fifo.gl0.wr/wpntr/gcc0.gc0.count_d1_reg[3]/Q
                         net (fo=10, routed)          0.134     1.174    design_1_i/ps7_0_axi_periph/m01_couplers/auto_ds/inst/gen_downsizer.gen_cascaded_downsizer.gen_axi3_conv.axi3_conv_inst/gen_axi4_axi3.axi3_conv_inst/USE_WRITE.write_addr_inst/USE_BURSTS.cmd_queue/inst/fifo_gen_inst/inst_fifo_gen/gconvfifo.rf/grf.rf/gntv_or_sync_fifo.mem/gdm.dm_gen.dm/RAM_reg_0_31_0_4/ADDRD3
    SLICE_X12Y30         RAMD32                                       r  design_1_i/ps7_0_axi_periph/m01_couplers/auto_ds/inst/gen_downsizer.gen_cascaded_downsizer.gen_axi3_conv.axi3_conv_inst/gen_axi4_axi3.axi3_conv_inst/USE_WRITE.write_addr_inst/USE_BURSTS.cmd_queue/inst/fifo_gen_inst/inst_fifo_gen/gconvfifo.rf/grf.rf/gntv_or_sync_fifo.mem/gdm.dm_gen.dm/RAM_reg_0_31_0_4/RAMA_D1/WADR3
  -------------------------------------------------------------------    -------------------

                         (clock clk_fpga_0 rise edge)
                                                      0.000     0.000 r  
    PS7_X0Y0             PS7                          0.000     0.000 r  design_1_i/processing_system7_0/inst/PS7_i/FCLKCLK[0]
                         net (fo=1, routed)           0.341     0.341    design_1_i/processing_system7_0/inst/FCLK_CLK_unbuffered[0]
    BUFGCTRL_X0Y0        BUFG (Prop_bufg_I_O)         0.029     0.370 r  design_1_i/processing_system7_0/inst/buffer_fclk_clk_0.FCLK_CLK_0_BUFG/O
                         net (fo=6928, routed)        0.824     1.194    design_1_i/ps7_0_axi_periph/m01_couplers/auto_ds/inst/gen_downsizer.gen_cascaded_downsizer.gen_axi3_conv.axi3_conv_inst/gen_axi4_axi3.axi3_conv_inst/USE_WRITE.write_addr_inst/USE_BURSTS.cmd_queue/inst/fifo_gen_inst/inst_fifo_gen/gconvfifo.rf/grf.rf/gntv_or_sync_fifo.mem/gdm.dm_gen.dm/RAM_reg_0_31_0_4/WCLK
    SLICE_X12Y30         RAMD32                                       r  design_1_i/ps7_0_axi_periph/m01_couplers/auto_ds/inst/gen_downsizer.gen_cascaded_downsizer.gen_axi3_conv.axi3_conv_inst/gen_axi4_axi3.axi3_conv_inst/USE_WRITE.write_addr_inst/USE_BURSTS.cmd_queue/inst/fifo_gen_inst/inst_fifo_gen/gconvfifo.rf/grf.rf/gntv_or_sync_fifo.mem/gdm.dm_gen.dm/RAM_reg_0_31_0_4/RAMA_D1/CLK
                         clock pessimism             -0.282     0.912    
    SLICE_X12Y30         RAMD32 (Hold_ramd32_CLK_WADR3)
                                                      0.240     1.152    design_1_i/ps7_0_axi_periph/m01_couplers/auto_ds/inst/gen_downsizer.gen_cascaded_downsizer.gen_axi3_conv.axi3_conv_inst/gen_axi4_axi3.axi3_conv_inst/USE_WRITE.write_addr_inst/USE_BURSTS.cmd_queue/inst/fifo_gen_inst/inst_fifo_gen/gconvfifo.rf/grf.rf/gntv_or_sync_fifo.mem/gdm.dm_gen.dm/RAM_reg_0_31_0_4/RAMA_D1
  -------------------------------------------------------------------
                         required time                         -1.152    
                         arrival time                           1.174    
  -------------------------------------------------------------------
                         slack                                  0.022    





Pulse Width Checks
--------------------------------------------------------------------------------------
Clock Name:         clk_fpga_0
Waveform(ns):       { 0.000 20.000 }
Period(ns):         40.000
Sources:            { design_1_i/processing_system7_0/inst/PS7_i/FCLKCLK[0] }

Check Type        Corner  Lib Pin             Reference Pin  Required(ns)  Actual(ns)  Slack(ns)  Location      Pin
Min Period        n/a     RAMB36E1/CLKARDCLK  n/a            2.944         40.000      37.056     RAMB36_X1Y0   design_1_i/DMA24bUnit_mm2s_0/U0/gmem_m_axi_U/bus_read/fifo_rdata/mem_reg_3/CLKARDCLK
Min Period        n/a     RAMB36E1/CLKARDCLK  n/a            2.944         40.000      37.056     RAMB36_X2Y2   design_1_i/DMA24bUnit_mm2s_0/U0/grp_DMA24b_mm2s_fu_78/mm_fifo_U/U_DMA24bUnit_mm2s_fifo_w128_d256_A_ram/mem_reg_0/CLKARDCLK
Min Period        n/a     RAMB36E1/CLKBWRCLK  n/a            2.944         40.000      37.056     RAMB36_X2Y2   design_1_i/DMA24bUnit_mm2s_0/U0/grp_DMA24b_mm2s_fu_78/mm_fifo_U/U_DMA24bUnit_mm2s_fifo_w128_d256_A_ram/mem_reg_0/CLKBWRCLK
Min Period        n/a     RAMB36E1/CLKARDCLK  n/a            2.944         40.000      37.056     RAMB36_X2Y0   design_1_i/DMA24bUnit_mm2s_0/U0/grp_DMA24b_mm2s_fu_78/mm_fifo_U/U_DMA24bUnit_mm2s_fifo_w128_d256_A_ram/mem_reg_1/CLKARDCLK
Min Period        n/a     RAMB36E1/CLKBWRCLK  n/a            2.944         40.000      37.056     RAMB36_X2Y0   design_1_i/DMA24bUnit_mm2s_0/U0/grp_DMA24b_mm2s_fu_78/mm_fifo_U/U_DMA24bUnit_mm2s_fifo_w128_d256_A_ram/mem_reg_1/CLKBWRCLK
Min Period        n/a     RAMB36E1/CLKARDCLK  n/a            2.944         40.000      37.056     RAMB36_X1Y2   design_1_i/DMA24bUnit_mm2s_0/U0/gmem_m_axi_U/bus_read/fifo_rdata/mem_reg_0/CLKARDCLK
Min Period        n/a     RAMB36E1/CLKARDCLK  n/a            2.944         40.000      37.056     RAMB36_X1Y1   design_1_i/DMA24bUnit_mm2s_0/U0/gmem_m_axi_U/bus_read/fifo_rdata/mem_reg_1/CLKARDCLK
Min Period        n/a     RAMB36E1/CLKARDCLK  n/a            2.944         40.000      37.056     RAMB36_X2Y1   design_1_i/DMA24bUnit_mm2s_0/U0/gmem_m_axi_U/bus_read/fifo_rdata/mem_reg_2/CLKARDCLK
Min Period        n/a     RAMB36E1/CLKBWRCLK  n/a            2.576         40.000      37.424     RAMB36_X1Y0   design_1_i/DMA24bUnit_mm2s_0/U0/gmem_m_axi_U/bus_read/fifo_rdata/mem_reg_3/CLKBWRCLK
Min Period        n/a     RAMB36E1/CLKBWRCLK  n/a            2.576         40.000      37.424     RAMB36_X1Y2   design_1_i/DMA24bUnit_mm2s_0/U0/gmem_m_axi_U/bus_read/fifo_rdata/mem_reg_0/CLKBWRCLK
Low Pulse Width   Fast    RAMD32/CLK          n/a            1.250         20.000      18.750     SLICE_X24Y53  design_1_i/ps7_0_axi_periph/m00_couplers/auto_ds/inst/gen_downsizer.gen_simple_downsizer.axi_downsizer_inst/USE_WRITE.write_addr_inst/USE_B_CHANNEL.cmd_b_queue/inst/fifo_gen_inst/inst_fifo_gen/gconvfifo.rf/grf.rf/gntv_or_sync_fifo.mem/gdm.dm_gen.dm/RAM_reg_0_31_6_8/RAMA/CLK
Low Pulse Width   Fast    RAMD32/CLK          n/a            1.250         20.000      18.750     SLICE_X24Y53  design_1_i/ps7_0_axi_periph/m00_couplers/auto_ds/inst/gen_downsizer.gen_simple_downsizer.axi_downsizer_inst/USE_WRITE.write_addr_inst/USE_B_CHANNEL.cmd_b_queue/inst/fifo_gen_inst/inst_fifo_gen/gconvfifo.rf/grf.rf/gntv_or_sync_fifo.mem/gdm.dm_gen.dm/RAM_reg_0_31_6_8/RAMA_D1/CLK
Low Pulse Width   Fast    RAMD32/CLK          n/a            1.250         20.000      18.750     SLICE_X24Y53  design_1_i/ps7_0_axi_periph/m00_couplers/auto_ds/inst/gen_downsizer.gen_simple_downsizer.axi_downsizer_inst/USE_WRITE.write_addr_inst/USE_B_CHANNEL.cmd_b_queue/inst/fifo_gen_inst/inst_fifo_gen/gconvfifo.rf/grf.rf/gntv_or_sync_fifo.mem/gdm.dm_gen.dm/RAM_reg_0_31_6_8/RAMB/CLK
Low Pulse Width   Fast    RAMD32/CLK          n/a            1.250         20.000      18.750     SLICE_X24Y53  design_1_i/ps7_0_axi_periph/m00_couplers/auto_ds/inst/gen_downsizer.gen_simple_downsizer.axi_downsizer_inst/USE_WRITE.write_addr_inst/USE_B_CHANNEL.cmd_b_queue/inst/fifo_gen_inst/inst_fifo_gen/gconvfifo.rf/grf.rf/gntv_or_sync_fifo.mem/gdm.dm_gen.dm/RAM_reg_0_31_6_8/RAMB_D1/CLK
Low Pulse Width   Fast    RAMD32/CLK          n/a            1.250         20.000      18.750     SLICE_X24Y53  design_1_i/ps7_0_axi_periph/m00_couplers/auto_ds/inst/gen_downsizer.gen_simple_downsizer.axi_downsizer_inst/USE_WRITE.write_addr_inst/USE_B_CHANNEL.cmd_b_queue/inst/fifo_gen_inst/inst_fifo_gen/gconvfifo.rf/grf.rf/gntv_or_sync_fifo.mem/gdm.dm_gen.dm/RAM_reg_0_31_6_8/RAMC/CLK
Low Pulse Width   Fast    RAMD32/CLK          n/a            1.250         20.000      18.750     SLICE_X24Y53  design_1_i/ps7_0_axi_periph/m00_couplers/auto_ds/inst/gen_downsizer.gen_simple_downsizer.axi_downsizer_inst/USE_WRITE.write_addr_inst/USE_B_CHANNEL.cmd_b_queue/inst/fifo_gen_inst/inst_fifo_gen/gconvfifo.rf/grf.rf/gntv_or_sync_fifo.mem/gdm.dm_gen.dm/RAM_reg_0_31_6_8/RAMC_D1/CLK
Low Pulse Width   Fast    RAMS32/CLK          n/a            1.250         20.000      18.750     SLICE_X24Y53  design_1_i/ps7_0_axi_periph/m00_couplers/auto_ds/inst/gen_downsizer.gen_simple_downsizer.axi_downsizer_inst/USE_WRITE.write_addr_inst/USE_B_CHANNEL.cmd_b_queue/inst/fifo_gen_inst/inst_fifo_gen/gconvfifo.rf/grf.rf/gntv_or_sync_fifo.mem/gdm.dm_gen.dm/RAM_reg_0_31_6_8/RAMD/CLK
Low Pulse Width   Fast    RAMS32/CLK          n/a            1.250         20.000      18.750     SLICE_X24Y53  design_1_i/ps7_0_axi_periph/m00_couplers/auto_ds/inst/gen_downsizer.gen_simple_downsizer.axi_downsizer_inst/USE_WRITE.write_addr_inst/USE_B_CHANNEL.cmd_b_queue/inst/fifo_gen_inst/inst_fifo_gen/gconvfifo.rf/grf.rf/gntv_or_sync_fifo.mem/gdm.dm_gen.dm/RAM_reg_0_31_6_8/RAMD_D1/CLK
Low Pulse Width   Slow    RAMD32/CLK          n/a            1.250         20.000      18.750     SLICE_X12Y30  design_1_i/ps7_0_axi_periph/m01_couplers/auto_ds/inst/gen_downsizer.gen_cascaded_downsizer.gen_axi3_conv.axi3_conv_inst/gen_axi4_axi3.axi3_conv_inst/USE_WRITE.write_addr_inst/USE_BURSTS.cmd_queue/inst/fifo_gen_inst/inst_fifo_gen/gconvfifo.rf/grf.rf/gntv_or_sync_fifo.mem/gdm.dm_gen.dm/RAM_reg_0_31_0_4/RAMA/CLK
Low Pulse Width   Slow    RAMD32/CLK          n/a            1.250         20.000      18.750     SLICE_X12Y30  design_1_i/ps7_0_axi_periph/m01_couplers/auto_ds/inst/gen_downsizer.gen_cascaded_downsizer.gen_axi3_conv.axi3_conv_inst/gen_axi4_axi3.axi3_conv_inst/USE_WRITE.write_addr_inst/USE_BURSTS.cmd_queue/inst/fifo_gen_inst/inst_fifo_gen/gconvfifo.rf/grf.rf/gntv_or_sync_fifo.mem/gdm.dm_gen.dm/RAM_reg_0_31_0_4/RAMA_D1/CLK
High Pulse Width  Slow    RAMD32/CLK          n/a            1.250         20.000      18.750     SLICE_X16Y43  design_1_i/ps7_0_axi_periph/m01_couplers/auto_ds/inst/gen_downsizer.gen_cascaded_downsizer.first_downsizer_inst/USE_WRITE.write_addr_inst/USE_B_CHANNEL.cmd_b_queue/inst/fifo_gen_inst/inst_fifo_gen/gconvfifo.rf/grf.rf/gntv_or_sync_fifo.mem/gdm.dm_gen.dm/RAM_reg_0_31_0_5/RAMA/CLK
High Pulse Width  Fast    RAMD32/CLK          n/a            1.250         20.000      18.750     SLICE_X16Y43  design_1_i/ps7_0_axi_periph/m01_couplers/auto_ds/inst/gen_downsizer.gen_cascaded_downsizer.first_downsizer_inst/USE_WRITE.write_addr_inst/USE_B_CHANNEL.cmd_b_queue/inst/fifo_gen_inst/inst_fifo_gen/gconvfifo.rf/grf.rf/gntv_or_sync_fifo.mem/gdm.dm_gen.dm/RAM_reg_0_31_0_5/RAMA/CLK
High Pulse Width  Slow    RAMD32/CLK          n/a            1.250         20.000      18.750     SLICE_X16Y43  design_1_i/ps7_0_axi_periph/m01_couplers/auto_ds/inst/gen_downsizer.gen_cascaded_downsizer.first_downsizer_inst/USE_WRITE.write_addr_inst/USE_B_CHANNEL.cmd_b_queue/inst/fifo_gen_inst/inst_fifo_gen/gconvfifo.rf/grf.rf/gntv_or_sync_fifo.mem/gdm.dm_gen.dm/RAM_reg_0_31_0_5/RAMA_D1/CLK
High Pulse Width  Fast    RAMD32/CLK          n/a            1.250         20.000      18.750     SLICE_X16Y43  design_1_i/ps7_0_axi_periph/m01_couplers/auto_ds/inst/gen_downsizer.gen_cascaded_downsizer.first_downsizer_inst/USE_WRITE.write_addr_inst/USE_B_CHANNEL.cmd_b_queue/inst/fifo_gen_inst/inst_fifo_gen/gconvfifo.rf/grf.rf/gntv_or_sync_fifo.mem/gdm.dm_gen.dm/RAM_reg_0_31_0_5/RAMA_D1/CLK
High Pulse Width  Slow    RAMD32/CLK          n/a            1.250         20.000      18.750     SLICE_X16Y43  design_1_i/ps7_0_axi_periph/m01_couplers/auto_ds/inst/gen_downsizer.gen_cascaded_downsizer.first_downsizer_inst/USE_WRITE.write_addr_inst/USE_B_CHANNEL.cmd_b_queue/inst/fifo_gen_inst/inst_fifo_gen/gconvfifo.rf/grf.rf/gntv_or_sync_fifo.mem/gdm.dm_gen.dm/RAM_reg_0_31_0_5/RAMB/CLK
High Pulse Width  Fast    RAMD32/CLK          n/a            1.250         20.000      18.750     SLICE_X16Y43  design_1_i/ps7_0_axi_periph/m01_couplers/auto_ds/inst/gen_downsizer.gen_cascaded_downsizer.first_downsizer_inst/USE_WRITE.write_addr_inst/USE_B_CHANNEL.cmd_b_queue/inst/fifo_gen_inst/inst_fifo_gen/gconvfifo.rf/grf.rf/gntv_or_sync_fifo.mem/gdm.dm_gen.dm/RAM_reg_0_31_0_5/RAMB/CLK
High Pulse Width  Slow    RAMD32/CLK          n/a            1.250         20.000      18.750     SLICE_X16Y43  design_1_i/ps7_0_axi_periph/m01_couplers/auto_ds/inst/gen_downsizer.gen_cascaded_downsizer.first_downsizer_inst/USE_WRITE.write_addr_inst/USE_B_CHANNEL.cmd_b_queue/inst/fifo_gen_inst/inst_fifo_gen/gconvfifo.rf/grf.rf/gntv_or_sync_fifo.mem/gdm.dm_gen.dm/RAM_reg_0_31_0_5/RAMB_D1/CLK
High Pulse Width  Fast    RAMD32/CLK          n/a            1.250         20.000      18.750     SLICE_X16Y43  design_1_i/ps7_0_axi_periph/m01_couplers/auto_ds/inst/gen_downsizer.gen_cascaded_downsizer.first_downsizer_inst/USE_WRITE.write_addr_inst/USE_B_CHANNEL.cmd_b_queue/inst/fifo_gen_inst/inst_fifo_gen/gconvfifo.rf/grf.rf/gntv_or_sync_fifo.mem/gdm.dm_gen.dm/RAM_reg_0_31_0_5/RAMB_D1/CLK
High Pulse Width  Slow    RAMD32/CLK          n/a            1.250         20.000      18.750     SLICE_X16Y43  design_1_i/ps7_0_axi_periph/m01_couplers/auto_ds/inst/gen_downsizer.gen_cascaded_downsizer.first_downsizer_inst/USE_WRITE.write_addr_inst/USE_B_CHANNEL.cmd_b_queue/inst/fifo_gen_inst/inst_fifo_gen/gconvfifo.rf/grf.rf/gntv_or_sync_fifo.mem/gdm.dm_gen.dm/RAM_reg_0_31_0_5/RAMC/CLK
High Pulse Width  Fast    RAMD32/CLK          n/a            1.250         20.000      18.750     SLICE_X16Y43  design_1_i/ps7_0_axi_periph/m01_couplers/auto_ds/inst/gen_downsizer.gen_cascaded_downsizer.first_downsizer_inst/USE_WRITE.write_addr_inst/USE_B_CHANNEL.cmd_b_queue/inst/fifo_gen_inst/inst_fifo_gen/gconvfifo.rf/grf.rf/gntv_or_sync_fifo.mem/gdm.dm_gen.dm/RAM_reg_0_31_0_5/RAMC/CLK



---------------------------------------------------------------------------------------------------
From Clock:  sys_clk_pin
  To Clock:  sys_clk_pin

Setup :            0  Failing Endpoints,  Worst Slack        3.761ns,  Total Violation        0.000ns
Hold  :            0  Failing Endpoints,  Worst Slack        0.290ns,  Total Violation        0.000ns
PW    :            0  Failing Endpoints,  Worst Slack        3.500ns,  Total Violation        0.000ns
---------------------------------------------------------------------------------------------------


Max Delay Paths
--------------------------------------------------------------------------------------
Slack (MET) :             3.761ns  (required time - arrival time)
  Source:                 design_1_i/Conv_axis_vga_0/U0/S_CTRL_V_reg[8]/C
                            (rising edge-triggered cell FDCE clocked by sys_clk_pin  {rise@0.000ns fall@4.000ns period=8.000ns})
  Destination:            design_1_i/Conv_axis_vga_0/U0/SV_GREEN_reg_reg[5]/CE
                            (rising edge-triggered cell FDCE clocked by sys_clk_pin  {rise@0.000ns fall@4.000ns period=8.000ns})
  Path Group:             sys_clk_pin
  Path Type:              Setup (Max at Slow Process Corner)
  Requirement:            8.000ns  (sys_clk_pin rise@8.000ns - sys_clk_pin rise@0.000ns)
  Data Path Delay:        3.981ns  (logic 1.164ns (29.242%)  route 2.817ns (70.758%))
  Logic Levels:           3  (CARRY4=1 LUT2=1 LUT3=1)
  Clock Path Skew:        -0.018ns (DCD - SCD + CPR)
    Destination Clock Delay (DCD):    1.570ns = ( 9.570 - 8.000 ) 
    Source Clock Delay      (SCD):    1.741ns
    Clock Pessimism Removal (CPR):    0.153ns
  Clock Uncertainty:      0.035ns  ((TSJ^2 + TIJ^2)^1/2 + DJ) / 2 + PE
    Total System Jitter     (TSJ):    0.071ns
    Total Input Jitter      (TIJ):    0.000ns
    Discrete Jitter          (DJ):    0.000ns
    Phase Error              (PE):    0.000ns

    Location             Delay type                Incr(ns)  Path(ns)    Netlist Resource(s)
  -------------------------------------------------------------------    -------------------
                         (clock sys_clk_pin rise edge)
                                                      0.000     0.000 r  
    BUFGCTRL_X0Y0        BUFG                         0.000     0.000 r  design_1_i/processing_system7_0/inst/buffer_fclk_clk_0.FCLK_CLK_0_BUFG/O
                         net (fo=6928, routed)        1.741     1.741    design_1_i/Conv_axis_vga_0/U0/clk
    SLICE_X42Y20         FDCE                                         r  design_1_i/Conv_axis_vga_0/U0/S_CTRL_V_reg[8]/C
  -------------------------------------------------------------------    -------------------
    SLICE_X42Y20         FDCE (Prop_fdce_C_Q)         0.518     2.259 r  design_1_i/Conv_axis_vga_0/U0/S_CTRL_V_reg[8]/Q
                         net (fo=15, routed)          1.017     3.276    design_1_i/Conv_axis_vga_0/U0/S_CTRL_V_reg[8]
    SLICE_X39Y19         LUT2 (Prop_lut2_I0_O)        0.124     3.400 r  design_1_i/Conv_axis_vga_0/U0/axis_tready_INST_0_i_12/O
                         net (fo=1, routed)           0.000     3.400    design_1_i/Conv_axis_vga_0/U0/axis_tready_INST_0_i_12_n_0
    SLICE_X39Y19         CARRY4 (Prop_carry4_S[2]_CO[3])
                                                      0.398     3.798 r  design_1_i/Conv_axis_vga_0/U0/axis_tready_INST_0_i_2/CO[3]
                         net (fo=14, routed)          1.170     4.968    design_1_i/Conv_axis_vga_0/U0/ltOp3_in
    SLICE_X41Y17         LUT3 (Prop_lut3_I1_O)        0.124     5.092 r  design_1_i/Conv_axis_vga_0/U0/SV_RED_reg[7]_i_1/O
                         net (fo=12, routed)          0.629     5.722    design_1_i/Conv_axis_vga_0/U0/SV_RED_reg0
    SLICE_X41Y15         FDCE                                         r  design_1_i/Conv_axis_vga_0/U0/SV_GREEN_reg_reg[5]/CE
  -------------------------------------------------------------------    -------------------

                         (clock sys_clk_pin rise edge)
                                                      8.000     8.000 r  
    BUFGCTRL_X0Y0        BUFG                         0.000     8.000 r  design_1_i/processing_system7_0/inst/buffer_fclk_clk_0.FCLK_CLK_0_BUFG/O
                         net (fo=6928, routed)        1.570     9.570    design_1_i/Conv_axis_vga_0/U0/clk
    SLICE_X41Y15         FDCE                                         r  design_1_i/Conv_axis_vga_0/U0/SV_GREEN_reg_reg[5]/C
                         clock pessimism              0.153     9.723    
                         clock uncertainty           -0.035     9.688    
    SLICE_X41Y15         FDCE (Setup_fdce_C_CE)      -0.205     9.483    design_1_i/Conv_axis_vga_0/U0/SV_GREEN_reg_reg[5]
  -------------------------------------------------------------------
                         required time                          9.483    
                         arrival time                          -5.722    
  -------------------------------------------------------------------
                         slack                                  3.761    

Slack (MET) :             3.761ns  (required time - arrival time)
  Source:                 design_1_i/Conv_axis_vga_0/U0/S_CTRL_V_reg[8]/C
                            (rising edge-triggered cell FDCE clocked by sys_clk_pin  {rise@0.000ns fall@4.000ns period=8.000ns})
  Destination:            design_1_i/Conv_axis_vga_0/U0/SV_RED_reg_reg[4]/CE
                            (rising edge-triggered cell FDCE clocked by sys_clk_pin  {rise@0.000ns fall@4.000ns period=8.000ns})
  Path Group:             sys_clk_pin
  Path Type:              Setup (Max at Slow Process Corner)
  Requirement:            8.000ns  (sys_clk_pin rise@8.000ns - sys_clk_pin rise@0.000ns)
  Data Path Delay:        3.981ns  (logic 1.164ns (29.242%)  route 2.817ns (70.758%))
  Logic Levels:           3  (CARRY4=1 LUT2=1 LUT3=1)
  Clock Path Skew:        -0.018ns (DCD - SCD + CPR)
    Destination Clock Delay (DCD):    1.570ns = ( 9.570 - 8.000 ) 
    Source Clock Delay      (SCD):    1.741ns
    Clock Pessimism Removal (CPR):    0.153ns
  Clock Uncertainty:      0.035ns  ((TSJ^2 + TIJ^2)^1/2 + DJ) / 2 + PE
    Total System Jitter     (TSJ):    0.071ns
    Total Input Jitter      (TIJ):    0.000ns
    Discrete Jitter          (DJ):    0.000ns
    Phase Error              (PE):    0.000ns

    Location             Delay type                Incr(ns)  Path(ns)    Netlist Resource(s)
  -------------------------------------------------------------------    -------------------
                         (clock sys_clk_pin rise edge)
                                                      0.000     0.000 r  
    BUFGCTRL_X0Y0        BUFG                         0.000     0.000 r  design_1_i/processing_system7_0/inst/buffer_fclk_clk_0.FCLK_CLK_0_BUFG/O
                         net (fo=6928, routed)        1.741     1.741    design_1_i/Conv_axis_vga_0/U0/clk
    SLICE_X42Y20         FDCE                                         r  design_1_i/Conv_axis_vga_0/U0/S_CTRL_V_reg[8]/C
  -------------------------------------------------------------------    -------------------
    SLICE_X42Y20         FDCE (Prop_fdce_C_Q)         0.518     2.259 r  design_1_i/Conv_axis_vga_0/U0/S_CTRL_V_reg[8]/Q
                         net (fo=15, routed)          1.017     3.276    design_1_i/Conv_axis_vga_0/U0/S_CTRL_V_reg[8]
    SLICE_X39Y19         LUT2 (Prop_lut2_I0_O)        0.124     3.400 r  design_1_i/Conv_axis_vga_0/U0/axis_tready_INST_0_i_12/O
                         net (fo=1, routed)           0.000     3.400    design_1_i/Conv_axis_vga_0/U0/axis_tready_INST_0_i_12_n_0
    SLICE_X39Y19         CARRY4 (Prop_carry4_S[2]_CO[3])
                                                      0.398     3.798 r  design_1_i/Conv_axis_vga_0/U0/axis_tready_INST_0_i_2/CO[3]
                         net (fo=14, routed)          1.170     4.968    design_1_i/Conv_axis_vga_0/U0/ltOp3_in
    SLICE_X41Y17         LUT3 (Prop_lut3_I1_O)        0.124     5.092 r  design_1_i/Conv_axis_vga_0/U0/SV_RED_reg[7]_i_1/O
                         net (fo=12, routed)          0.629     5.722    design_1_i/Conv_axis_vga_0/U0/SV_RED_reg0
    SLICE_X41Y15         FDCE                                         r  design_1_i/Conv_axis_vga_0/U0/SV_RED_reg_reg[4]/CE
  -------------------------------------------------------------------    -------------------

                         (clock sys_clk_pin rise edge)
                                                      8.000     8.000 r  
    BUFGCTRL_X0Y0        BUFG                         0.000     8.000 r  design_1_i/processing_system7_0/inst/buffer_fclk_clk_0.FCLK_CLK_0_BUFG/O
                         net (fo=6928, routed)        1.570     9.570    design_1_i/Conv_axis_vga_0/U0/clk
    SLICE_X41Y15         FDCE                                         r  design_1_i/Conv_axis_vga_0/U0/SV_RED_reg_reg[4]/C
                         clock pessimism              0.153     9.723    
                         clock uncertainty           -0.035     9.688    
    SLICE_X41Y15         FDCE (Setup_fdce_C_CE)      -0.205     9.483    design_1_i/Conv_axis_vga_0/U0/SV_RED_reg_reg[4]
  -------------------------------------------------------------------
                         required time                          9.483    
                         arrival time                          -5.722    
  -------------------------------------------------------------------
                         slack                                  3.761    

Slack (MET) :             3.780ns  (required time - arrival time)
  Source:                 design_1_i/Conv_axis_vga_0/U0/S_CTRL_V_reg[8]/C
                            (rising edge-triggered cell FDCE clocked by sys_clk_pin  {rise@0.000ns fall@4.000ns period=8.000ns})
  Destination:            design_1_i/Conv_axis_vga_0/U0/SV_BLUE_reg_reg[6]/CE
                            (rising edge-triggered cell FDCE clocked by sys_clk_pin  {rise@0.000ns fall@4.000ns period=8.000ns})
  Path Group:             sys_clk_pin
  Path Type:              Setup (Max at Slow Process Corner)
  Requirement:            8.000ns  (sys_clk_pin rise@8.000ns - sys_clk_pin rise@0.000ns)
  Data Path Delay:        3.997ns  (logic 1.164ns (29.120%)  route 2.833ns (70.880%))
  Logic Levels:           3  (CARRY4=1 LUT2=1 LUT3=1)
  Clock Path Skew:        -0.018ns (DCD - SCD + CPR)
    Destination Clock Delay (DCD):    1.570ns = ( 9.570 - 8.000 ) 
    Source Clock Delay      (SCD):    1.741ns
    Clock Pessimism Removal (CPR):    0.153ns
  Clock Uncertainty:      0.035ns  ((TSJ^2 + TIJ^2)^1/2 + DJ) / 2 + PE
    Total System Jitter     (TSJ):    0.071ns
    Total Input Jitter      (TIJ):    0.000ns
    Discrete Jitter          (DJ):    0.000ns
    Phase Error              (PE):    0.000ns

    Location             Delay type                Incr(ns)  Path(ns)    Netlist Resource(s)
  -------------------------------------------------------------------    -------------------
                         (clock sys_clk_pin rise edge)
                                                      0.000     0.000 r  
    BUFGCTRL_X0Y0        BUFG                         0.000     0.000 r  design_1_i/processing_system7_0/inst/buffer_fclk_clk_0.FCLK_CLK_0_BUFG/O
                         net (fo=6928, routed)        1.741     1.741    design_1_i/Conv_axis_vga_0/U0/clk
    SLICE_X42Y20         FDCE                                         r  design_1_i/Conv_axis_vga_0/U0/S_CTRL_V_reg[8]/C
  -------------------------------------------------------------------    -------------------
    SLICE_X42Y20         FDCE (Prop_fdce_C_Q)         0.518     2.259 r  design_1_i/Conv_axis_vga_0/U0/S_CTRL_V_reg[8]/Q
                         net (fo=15, routed)          1.017     3.276    design_1_i/Conv_axis_vga_0/U0/S_CTRL_V_reg[8]
    SLICE_X39Y19         LUT2 (Prop_lut2_I0_O)        0.124     3.400 r  design_1_i/Conv_axis_vga_0/U0/axis_tready_INST_0_i_12/O
                         net (fo=1, routed)           0.000     3.400    design_1_i/Conv_axis_vga_0/U0/axis_tready_INST_0_i_12_n_0
    SLICE_X39Y19         CARRY4 (Prop_carry4_S[2]_CO[3])
                                                      0.398     3.798 r  design_1_i/Conv_axis_vga_0/U0/axis_tready_INST_0_i_2/CO[3]
                         net (fo=14, routed)          1.170     4.968    design_1_i/Conv_axis_vga_0/U0/ltOp3_in
    SLICE_X41Y17         LUT3 (Prop_lut3_I1_O)        0.124     5.092 r  design_1_i/Conv_axis_vga_0/U0/SV_RED_reg[7]_i_1/O
                         net (fo=12, routed)          0.646     5.738    design_1_i/Conv_axis_vga_0/U0/SV_RED_reg0
    SLICE_X42Y15         FDCE                                         r  design_1_i/Conv_axis_vga_0/U0/SV_BLUE_reg_reg[6]/CE
  -------------------------------------------------------------------    -------------------

                         (clock sys_clk_pin rise edge)
                                                      8.000     8.000 r  
    BUFGCTRL_X0Y0        BUFG                         0.000     8.000 r  design_1_i/processing_system7_0/inst/buffer_fclk_clk_0.FCLK_CLK_0_BUFG/O
                         net (fo=6928, routed)        1.570     9.570    design_1_i/Conv_axis_vga_0/U0/clk
    SLICE_X42Y15         FDCE                                         r  design_1_i/Conv_axis_vga_0/U0/SV_BLUE_reg_reg[6]/C
                         clock pessimism              0.153     9.723    
                         clock uncertainty           -0.035     9.688    
    SLICE_X42Y15         FDCE (Setup_fdce_C_CE)      -0.169     9.519    design_1_i/Conv_axis_vga_0/U0/SV_BLUE_reg_reg[6]
  -------------------------------------------------------------------
                         required time                          9.519    
                         arrival time                          -5.738    
  -------------------------------------------------------------------
                         slack                                  3.780    

Slack (MET) :             3.780ns  (required time - arrival time)
  Source:                 design_1_i/Conv_axis_vga_0/U0/S_CTRL_V_reg[8]/C
                            (rising edge-triggered cell FDCE clocked by sys_clk_pin  {rise@0.000ns fall@4.000ns period=8.000ns})
  Destination:            design_1_i/Conv_axis_vga_0/U0/SV_BLUE_reg_reg[7]/CE
                            (rising edge-triggered cell FDCE clocked by sys_clk_pin  {rise@0.000ns fall@4.000ns period=8.000ns})
  Path Group:             sys_clk_pin
  Path Type:              Setup (Max at Slow Process Corner)
  Requirement:            8.000ns  (sys_clk_pin rise@8.000ns - sys_clk_pin rise@0.000ns)
  Data Path Delay:        3.997ns  (logic 1.164ns (29.120%)  route 2.833ns (70.880%))
  Logic Levels:           3  (CARRY4=1 LUT2=1 LUT3=1)
  Clock Path Skew:        -0.018ns (DCD - SCD + CPR)
    Destination Clock Delay (DCD):    1.570ns = ( 9.570 - 8.000 ) 
    Source Clock Delay      (SCD):    1.741ns
    Clock Pessimism Removal (CPR):    0.153ns
  Clock Uncertainty:      0.035ns  ((TSJ^2 + TIJ^2)^1/2 + DJ) / 2 + PE
    Total System Jitter     (TSJ):    0.071ns
    Total Input Jitter      (TIJ):    0.000ns
    Discrete Jitter          (DJ):    0.000ns
    Phase Error              (PE):    0.000ns

    Location             Delay type                Incr(ns)  Path(ns)    Netlist Resource(s)
  -------------------------------------------------------------------    -------------------
                         (clock sys_clk_pin rise edge)
                                                      0.000     0.000 r  
    BUFGCTRL_X0Y0        BUFG                         0.000     0.000 r  design_1_i/processing_system7_0/inst/buffer_fclk_clk_0.FCLK_CLK_0_BUFG/O
                         net (fo=6928, routed)        1.741     1.741    design_1_i/Conv_axis_vga_0/U0/clk
    SLICE_X42Y20         FDCE                                         r  design_1_i/Conv_axis_vga_0/U0/S_CTRL_V_reg[8]/C
  -------------------------------------------------------------------    -------------------
    SLICE_X42Y20         FDCE (Prop_fdce_C_Q)         0.518     2.259 r  design_1_i/Conv_axis_vga_0/U0/S_CTRL_V_reg[8]/Q
                         net (fo=15, routed)          1.017     3.276    design_1_i/Conv_axis_vga_0/U0/S_CTRL_V_reg[8]
    SLICE_X39Y19         LUT2 (Prop_lut2_I0_O)        0.124     3.400 r  design_1_i/Conv_axis_vga_0/U0/axis_tready_INST_0_i_12/O
                         net (fo=1, routed)           0.000     3.400    design_1_i/Conv_axis_vga_0/U0/axis_tready_INST_0_i_12_n_0
    SLICE_X39Y19         CARRY4 (Prop_carry4_S[2]_CO[3])
                                                      0.398     3.798 r  design_1_i/Conv_axis_vga_0/U0/axis_tready_INST_0_i_2/CO[3]
                         net (fo=14, routed)          1.170     4.968    design_1_i/Conv_axis_vga_0/U0/ltOp3_in
    SLICE_X41Y17         LUT3 (Prop_lut3_I1_O)        0.124     5.092 r  design_1_i/Conv_axis_vga_0/U0/SV_RED_reg[7]_i_1/O
                         net (fo=12, routed)          0.646     5.738    design_1_i/Conv_axis_vga_0/U0/SV_RED_reg0
    SLICE_X42Y15         FDCE                                         r  design_1_i/Conv_axis_vga_0/U0/SV_BLUE_reg_reg[7]/CE
  -------------------------------------------------------------------    -------------------

                         (clock sys_clk_pin rise edge)
                                                      8.000     8.000 r  
    BUFGCTRL_X0Y0        BUFG                         0.000     8.000 r  design_1_i/processing_system7_0/inst/buffer_fclk_clk_0.FCLK_CLK_0_BUFG/O
                         net (fo=6928, routed)        1.570     9.570    design_1_i/Conv_axis_vga_0/U0/clk
    SLICE_X42Y15         FDCE                                         r  design_1_i/Conv_axis_vga_0/U0/SV_BLUE_reg_reg[7]/C
                         clock pessimism              0.153     9.723    
                         clock uncertainty           -0.035     9.688    
    SLICE_X42Y15         FDCE (Setup_fdce_C_CE)      -0.169     9.519    design_1_i/Conv_axis_vga_0/U0/SV_BLUE_reg_reg[7]
  -------------------------------------------------------------------
                         required time                          9.519    
                         arrival time                          -5.738    
  -------------------------------------------------------------------
                         slack                                  3.780    

Slack (MET) :             3.780ns  (required time - arrival time)
  Source:                 design_1_i/Conv_axis_vga_0/U0/S_CTRL_V_reg[8]/C
                            (rising edge-triggered cell FDCE clocked by sys_clk_pin  {rise@0.000ns fall@4.000ns period=8.000ns})
  Destination:            design_1_i/Conv_axis_vga_0/U0/SV_GREEN_reg_reg[4]/CE
                            (rising edge-triggered cell FDCE clocked by sys_clk_pin  {rise@0.000ns fall@4.000ns period=8.000ns})
  Path Group:             sys_clk_pin
  Path Type:              Setup (Max at Slow Process Corner)
  Requirement:            8.000ns  (sys_clk_pin rise@8.000ns - sys_clk_pin rise@0.000ns)
  Data Path Delay:        3.997ns  (logic 1.164ns (29.120%)  route 2.833ns (70.880%))
  Logic Levels:           3  (CARRY4=1 LUT2=1 LUT3=1)
  Clock Path Skew:        -0.018ns (DCD - SCD + CPR)
    Destination Clock Delay (DCD):    1.570ns = ( 9.570 - 8.000 ) 
    Source Clock Delay      (SCD):    1.741ns
    Clock Pessimism Removal (CPR):    0.153ns
  Clock Uncertainty:      0.035ns  ((TSJ^2 + TIJ^2)^1/2 + DJ) / 2 + PE
    Total System Jitter     (TSJ):    0.071ns
    Total Input Jitter      (TIJ):    0.000ns
    Discrete Jitter          (DJ):    0.000ns
    Phase Error              (PE):    0.000ns

    Location             Delay type                Incr(ns)  Path(ns)    Netlist Resource(s)
  -------------------------------------------------------------------    -------------------
                         (clock sys_clk_pin rise edge)
                                                      0.000     0.000 r  
    BUFGCTRL_X0Y0        BUFG                         0.000     0.000 r  design_1_i/processing_system7_0/inst/buffer_fclk_clk_0.FCLK_CLK_0_BUFG/O
                         net (fo=6928, routed)        1.741     1.741    design_1_i/Conv_axis_vga_0/U0/clk
    SLICE_X42Y20         FDCE                                         r  design_1_i/Conv_axis_vga_0/U0/S_CTRL_V_reg[8]/C
  -------------------------------------------------------------------    -------------------
    SLICE_X42Y20         FDCE (Prop_fdce_C_Q)         0.518     2.259 r  design_1_i/Conv_axis_vga_0/U0/S_CTRL_V_reg[8]/Q
                         net (fo=15, routed)          1.017     3.276    design_1_i/Conv_axis_vga_0/U0/S_CTRL_V_reg[8]
    SLICE_X39Y19         LUT2 (Prop_lut2_I0_O)        0.124     3.400 r  design_1_i/Conv_axis_vga_0/U0/axis_tready_INST_0_i_12/O
                         net (fo=1, routed)           0.000     3.400    design_1_i/Conv_axis_vga_0/U0/axis_tready_INST_0_i_12_n_0
    SLICE_X39Y19         CARRY4 (Prop_carry4_S[2]_CO[3])
                                                      0.398     3.798 r  design_1_i/Conv_axis_vga_0/U0/axis_tready_INST_0_i_2/CO[3]
                         net (fo=14, routed)          1.170     4.968    design_1_i/Conv_axis_vga_0/U0/ltOp3_in
    SLICE_X41Y17         LUT3 (Prop_lut3_I1_O)        0.124     5.092 r  design_1_i/Conv_axis_vga_0/U0/SV_RED_reg[7]_i_1/O
                         net (fo=12, routed)          0.646     5.738    design_1_i/Conv_axis_vga_0/U0/SV_RED_reg0
    SLICE_X42Y15         FDCE                                         r  design_1_i/Conv_axis_vga_0/U0/SV_GREEN_reg_reg[4]/CE
  -------------------------------------------------------------------    -------------------

                         (clock sys_clk_pin rise edge)
                                                      8.000     8.000 r  
    BUFGCTRL_X0Y0        BUFG                         0.000     8.000 r  design_1_i/processing_system7_0/inst/buffer_fclk_clk_0.FCLK_CLK_0_BUFG/O
                         net (fo=6928, routed)        1.570     9.570    design_1_i/Conv_axis_vga_0/U0/clk
    SLICE_X42Y15         FDCE                                         r  design_1_i/Conv_axis_vga_0/U0/SV_GREEN_reg_reg[4]/C
                         clock pessimism              0.153     9.723    
                         clock uncertainty           -0.035     9.688    
    SLICE_X42Y15         FDCE (Setup_fdce_C_CE)      -0.169     9.519    design_1_i/Conv_axis_vga_0/U0/SV_GREEN_reg_reg[4]
  -------------------------------------------------------------------
                         required time                          9.519    
                         arrival time                          -5.738    
  -------------------------------------------------------------------
                         slack                                  3.780    

Slack (MET) :             3.847ns  (required time - arrival time)
  Source:                 design_1_i/Conv_axis_vga_0/U0/S_CTRL_V_reg[8]/C
                            (rising edge-triggered cell FDCE clocked by sys_clk_pin  {rise@0.000ns fall@4.000ns period=8.000ns})
  Destination:            design_1_i/Conv_axis_vga_0/U0/SV_RED_reg_reg[5]/CE
                            (rising edge-triggered cell FDCE clocked by sys_clk_pin  {rise@0.000ns fall@4.000ns period=8.000ns})
  Path Group:             sys_clk_pin
  Path Type:              Setup (Max at Slow Process Corner)
  Requirement:            8.000ns  (sys_clk_pin rise@8.000ns - sys_clk_pin rise@0.000ns)
  Data Path Delay:        3.894ns  (logic 1.164ns (29.892%)  route 2.730ns (70.108%))
  Logic Levels:           3  (CARRY4=1 LUT2=1 LUT3=1)
  Clock Path Skew:        -0.019ns (DCD - SCD + CPR)
    Destination Clock Delay (DCD):    1.569ns = ( 9.569 - 8.000 ) 
    Source Clock Delay      (SCD):    1.741ns
    Clock Pessimism Removal (CPR):    0.153ns
  Clock Uncertainty:      0.035ns  ((TSJ^2 + TIJ^2)^1/2 + DJ) / 2 + PE
    Total System Jitter     (TSJ):    0.071ns
    Total Input Jitter      (TIJ):    0.000ns
    Discrete Jitter          (DJ):    0.000ns
    Phase Error              (PE):    0.000ns

    Location             Delay type                Incr(ns)  Path(ns)    Netlist Resource(s)
  -------------------------------------------------------------------    -------------------
                         (clock sys_clk_pin rise edge)
                                                      0.000     0.000 r  
    BUFGCTRL_X0Y0        BUFG                         0.000     0.000 r  design_1_i/processing_system7_0/inst/buffer_fclk_clk_0.FCLK_CLK_0_BUFG/O
                         net (fo=6928, routed)        1.741     1.741    design_1_i/Conv_axis_vga_0/U0/clk
    SLICE_X42Y20         FDCE                                         r  design_1_i/Conv_axis_vga_0/U0/S_CTRL_V_reg[8]/C
  -------------------------------------------------------------------    -------------------
    SLICE_X42Y20         FDCE (Prop_fdce_C_Q)         0.518     2.259 r  design_1_i/Conv_axis_vga_0/U0/S_CTRL_V_reg[8]/Q
                         net (fo=15, routed)          1.017     3.276    design_1_i/Conv_axis_vga_0/U0/S_CTRL_V_reg[8]
    SLICE_X39Y19         LUT2 (Prop_lut2_I0_O)        0.124     3.400 r  design_1_i/Conv_axis_vga_0/U0/axis_tready_INST_0_i_12/O
                         net (fo=1, routed)           0.000     3.400    design_1_i/Conv_axis_vga_0/U0/axis_tready_INST_0_i_12_n_0
    SLICE_X39Y19         CARRY4 (Prop_carry4_S[2]_CO[3])
                                                      0.398     3.798 r  design_1_i/Conv_axis_vga_0/U0/axis_tready_INST_0_i_2/CO[3]
                         net (fo=14, routed)          1.170     4.968    design_1_i/Conv_axis_vga_0/U0/ltOp3_in
    SLICE_X41Y17         LUT3 (Prop_lut3_I1_O)        0.124     5.092 r  design_1_i/Conv_axis_vga_0/U0/SV_RED_reg[7]_i_1/O
                         net (fo=12, routed)          0.543     5.635    design_1_i/Conv_axis_vga_0/U0/SV_RED_reg0
    SLICE_X40Y16         FDCE                                         r  design_1_i/Conv_axis_vga_0/U0/SV_RED_reg_reg[5]/CE
  -------------------------------------------------------------------    -------------------

                         (clock sys_clk_pin rise edge)
                                                      8.000     8.000 r  
    BUFGCTRL_X0Y0        BUFG                         0.000     8.000 r  design_1_i/processing_system7_0/inst/buffer_fclk_clk_0.FCLK_CLK_0_BUFG/O
                         net (fo=6928, routed)        1.569     9.569    design_1_i/Conv_axis_vga_0/U0/clk
    SLICE_X40Y16         FDCE                                         r  design_1_i/Conv_axis_vga_0/U0/SV_RED_reg_reg[5]/C
                         clock pessimism              0.153     9.722    
                         clock uncertainty           -0.035     9.687    
    SLICE_X40Y16         FDCE (Setup_fdce_C_CE)      -0.205     9.482    design_1_i/Conv_axis_vga_0/U0/SV_RED_reg_reg[5]
  -------------------------------------------------------------------
                         required time                          9.482    
                         arrival time                          -5.635    
  -------------------------------------------------------------------
                         slack                                  3.847    

Slack (MET) :             3.847ns  (required time - arrival time)
  Source:                 design_1_i/Conv_axis_vga_0/U0/S_CTRL_V_reg[8]/C
                            (rising edge-triggered cell FDCE clocked by sys_clk_pin  {rise@0.000ns fall@4.000ns period=8.000ns})
  Destination:            design_1_i/Conv_axis_vga_0/U0/SV_RED_reg_reg[6]/CE
                            (rising edge-triggered cell FDCE clocked by sys_clk_pin  {rise@0.000ns fall@4.000ns period=8.000ns})
  Path Group:             sys_clk_pin
  Path Type:              Setup (Max at Slow Process Corner)
  Requirement:            8.000ns  (sys_clk_pin rise@8.000ns - sys_clk_pin rise@0.000ns)
  Data Path Delay:        3.894ns  (logic 1.164ns (29.892%)  route 2.730ns (70.108%))
  Logic Levels:           3  (CARRY4=1 LUT2=1 LUT3=1)
  Clock Path Skew:        -0.019ns (DCD - SCD + CPR)
    Destination Clock Delay (DCD):    1.569ns = ( 9.569 - 8.000 ) 
    Source Clock Delay      (SCD):    1.741ns
    Clock Pessimism Removal (CPR):    0.153ns
  Clock Uncertainty:      0.035ns  ((TSJ^2 + TIJ^2)^1/2 + DJ) / 2 + PE
    Total System Jitter     (TSJ):    0.071ns
    Total Input Jitter      (TIJ):    0.000ns
    Discrete Jitter          (DJ):    0.000ns
    Phase Error              (PE):    0.000ns

    Location             Delay type                Incr(ns)  Path(ns)    Netlist Resource(s)
  -------------------------------------------------------------------    -------------------
                         (clock sys_clk_pin rise edge)
                                                      0.000     0.000 r  
    BUFGCTRL_X0Y0        BUFG                         0.000     0.000 r  design_1_i/processing_system7_0/inst/buffer_fclk_clk_0.FCLK_CLK_0_BUFG/O
                         net (fo=6928, routed)        1.741     1.741    design_1_i/Conv_axis_vga_0/U0/clk
    SLICE_X42Y20         FDCE                                         r  design_1_i/Conv_axis_vga_0/U0/S_CTRL_V_reg[8]/C
  -------------------------------------------------------------------    -------------------
    SLICE_X42Y20         FDCE (Prop_fdce_C_Q)         0.518     2.259 r  design_1_i/Conv_axis_vga_0/U0/S_CTRL_V_reg[8]/Q
                         net (fo=15, routed)          1.017     3.276    design_1_i/Conv_axis_vga_0/U0/S_CTRL_V_reg[8]
    SLICE_X39Y19         LUT2 (Prop_lut2_I0_O)        0.124     3.400 r  design_1_i/Conv_axis_vga_0/U0/axis_tready_INST_0_i_12/O
                         net (fo=1, routed)           0.000     3.400    design_1_i/Conv_axis_vga_0/U0/axis_tready_INST_0_i_12_n_0
    SLICE_X39Y19         CARRY4 (Prop_carry4_S[2]_CO[3])
                                                      0.398     3.798 r  design_1_i/Conv_axis_vga_0/U0/axis_tready_INST_0_i_2/CO[3]
                         net (fo=14, routed)          1.170     4.968    design_1_i/Conv_axis_vga_0/U0/ltOp3_in
    SLICE_X41Y17         LUT3 (Prop_lut3_I1_O)        0.124     5.092 r  design_1_i/Conv_axis_vga_0/U0/SV_RED_reg[7]_i_1/O
                         net (fo=12, routed)          0.543     5.635    design_1_i/Conv_axis_vga_0/U0/SV_RED_reg0
    SLICE_X40Y16         FDCE                                         r  design_1_i/Conv_axis_vga_0/U0/SV_RED_reg_reg[6]/CE
  -------------------------------------------------------------------    -------------------

                         (clock sys_clk_pin rise edge)
                                                      8.000     8.000 r  
    BUFGCTRL_X0Y0        BUFG                         0.000     8.000 r  design_1_i/processing_system7_0/inst/buffer_fclk_clk_0.FCLK_CLK_0_BUFG/O
                         net (fo=6928, routed)        1.569     9.569    design_1_i/Conv_axis_vga_0/U0/clk
    SLICE_X40Y16         FDCE                                         r  design_1_i/Conv_axis_vga_0/U0/SV_RED_reg_reg[6]/C
                         clock pessimism              0.153     9.722    
                         clock uncertainty           -0.035     9.687    
    SLICE_X40Y16         FDCE (Setup_fdce_C_CE)      -0.205     9.482    design_1_i/Conv_axis_vga_0/U0/SV_RED_reg_reg[6]
  -------------------------------------------------------------------
                         required time                          9.482    
                         arrival time                          -5.635    
  -------------------------------------------------------------------
                         slack                                  3.847    

Slack (MET) :             3.919ns  (required time - arrival time)
  Source:                 design_1_i/Conv_axis_vga_0/U0/S_CTRL_V_reg[8]/C
                            (rising edge-triggered cell FDCE clocked by sys_clk_pin  {rise@0.000ns fall@4.000ns period=8.000ns})
  Destination:            design_1_i/Conv_axis_vga_0/U0/SV_BLUE_reg_reg[5]/CE
                            (rising edge-triggered cell FDCE clocked by sys_clk_pin  {rise@0.000ns fall@4.000ns period=8.000ns})
  Path Group:             sys_clk_pin
  Path Type:              Setup (Max at Slow Process Corner)
  Requirement:            8.000ns  (sys_clk_pin rise@8.000ns - sys_clk_pin rise@0.000ns)
  Data Path Delay:        3.857ns  (logic 1.164ns (30.176%)  route 2.693ns (69.824%))
  Logic Levels:           3  (CARRY4=1 LUT2=1 LUT3=1)
  Clock Path Skew:        -0.019ns (DCD - SCD + CPR)
    Destination Clock Delay (DCD):    1.569ns = ( 9.569 - 8.000 ) 
    Source Clock Delay      (SCD):    1.741ns
    Clock Pessimism Removal (CPR):    0.153ns
  Clock Uncertainty:      0.035ns  ((TSJ^2 + TIJ^2)^1/2 + DJ) / 2 + PE
    Total System Jitter     (TSJ):    0.071ns
    Total Input Jitter      (TIJ):    0.000ns
    Discrete Jitter          (DJ):    0.000ns
    Phase Error              (PE):    0.000ns

    Location             Delay type                Incr(ns)  Path(ns)    Netlist Resource(s)
  -------------------------------------------------------------------    -------------------
                         (clock sys_clk_pin rise edge)
                                                      0.000     0.000 r  
    BUFGCTRL_X0Y0        BUFG                         0.000     0.000 r  design_1_i/processing_system7_0/inst/buffer_fclk_clk_0.FCLK_CLK_0_BUFG/O
                         net (fo=6928, routed)        1.741     1.741    design_1_i/Conv_axis_vga_0/U0/clk
    SLICE_X42Y20         FDCE                                         r  design_1_i/Conv_axis_vga_0/U0/S_CTRL_V_reg[8]/C
  -------------------------------------------------------------------    -------------------
    SLICE_X42Y20         FDCE (Prop_fdce_C_Q)         0.518     2.259 r  design_1_i/Conv_axis_vga_0/U0/S_CTRL_V_reg[8]/Q
                         net (fo=15, routed)          1.017     3.276    design_1_i/Conv_axis_vga_0/U0/S_CTRL_V_reg[8]
    SLICE_X39Y19         LUT2 (Prop_lut2_I0_O)        0.124     3.400 r  design_1_i/Conv_axis_vga_0/U0/axis_tready_INST_0_i_12/O
                         net (fo=1, routed)           0.000     3.400    design_1_i/Conv_axis_vga_0/U0/axis_tready_INST_0_i_12_n_0
    SLICE_X39Y19         CARRY4 (Prop_carry4_S[2]_CO[3])
                                                      0.398     3.798 r  design_1_i/Conv_axis_vga_0/U0/axis_tready_INST_0_i_2/CO[3]
                         net (fo=14, routed)          1.170     4.968    design_1_i/Conv_axis_vga_0/U0/ltOp3_in
    SLICE_X41Y17         LUT3 (Prop_lut3_I1_O)        0.124     5.092 r  design_1_i/Conv_axis_vga_0/U0/SV_RED_reg[7]_i_1/O
                         net (fo=12, routed)          0.506     5.598    design_1_i/Conv_axis_vga_0/U0/SV_RED_reg0
    SLICE_X42Y16         FDCE                                         r  design_1_i/Conv_axis_vga_0/U0/SV_BLUE_reg_reg[5]/CE
  -------------------------------------------------------------------    -------------------

                         (clock sys_clk_pin rise edge)
                                                      8.000     8.000 r  
    BUFGCTRL_X0Y0        BUFG                         0.000     8.000 r  design_1_i/processing_system7_0/inst/buffer_fclk_clk_0.FCLK_CLK_0_BUFG/O
                         net (fo=6928, routed)        1.569     9.569    design_1_i/Conv_axis_vga_0/U0/clk
    SLICE_X42Y16         FDCE                                         r  design_1_i/Conv_axis_vga_0/U0/SV_BLUE_reg_reg[5]/C
                         clock pessimism              0.153     9.722    
                         clock uncertainty           -0.035     9.687    
    SLICE_X42Y16         FDCE (Setup_fdce_C_CE)      -0.169     9.518    design_1_i/Conv_axis_vga_0/U0/SV_BLUE_reg_reg[5]
  -------------------------------------------------------------------
                         required time                          9.518    
                         arrival time                          -5.598    
  -------------------------------------------------------------------
                         slack                                  3.919    

Slack (MET) :             3.919ns  (required time - arrival time)
  Source:                 design_1_i/Conv_axis_vga_0/U0/S_CTRL_V_reg[8]/C
                            (rising edge-triggered cell FDCE clocked by sys_clk_pin  {rise@0.000ns fall@4.000ns period=8.000ns})
  Destination:            design_1_i/Conv_axis_vga_0/U0/SV_RED_reg_reg[7]/CE
                            (rising edge-triggered cell FDCE clocked by sys_clk_pin  {rise@0.000ns fall@4.000ns period=8.000ns})
  Path Group:             sys_clk_pin
  Path Type:              Setup (Max at Slow Process Corner)
  Requirement:            8.000ns  (sys_clk_pin rise@8.000ns - sys_clk_pin rise@0.000ns)
  Data Path Delay:        3.857ns  (logic 1.164ns (30.176%)  route 2.693ns (69.824%))
  Logic Levels:           3  (CARRY4=1 LUT2=1 LUT3=1)
  Clock Path Skew:        -0.019ns (DCD - SCD + CPR)
    Destination Clock Delay (DCD):    1.569ns = ( 9.569 - 8.000 ) 
    Source Clock Delay      (SCD):    1.741ns
    Clock Pessimism Removal (CPR):    0.153ns
  Clock Uncertainty:      0.035ns  ((TSJ^2 + TIJ^2)^1/2 + DJ) / 2 + PE
    Total System Jitter     (TSJ):    0.071ns
    Total Input Jitter      (TIJ):    0.000ns
    Discrete Jitter          (DJ):    0.000ns
    Phase Error              (PE):    0.000ns

    Location             Delay type                Incr(ns)  Path(ns)    Netlist Resource(s)
  -------------------------------------------------------------------    -------------------
                         (clock sys_clk_pin rise edge)
                                                      0.000     0.000 r  
    BUFGCTRL_X0Y0        BUFG                         0.000     0.000 r  design_1_i/processing_system7_0/inst/buffer_fclk_clk_0.FCLK_CLK_0_BUFG/O
                         net (fo=6928, routed)        1.741     1.741    design_1_i/Conv_axis_vga_0/U0/clk
    SLICE_X42Y20         FDCE                                         r  design_1_i/Conv_axis_vga_0/U0/S_CTRL_V_reg[8]/C
  -------------------------------------------------------------------    -------------------
    SLICE_X42Y20         FDCE (Prop_fdce_C_Q)         0.518     2.259 r  design_1_i/Conv_axis_vga_0/U0/S_CTRL_V_reg[8]/Q
                         net (fo=15, routed)          1.017     3.276    design_1_i/Conv_axis_vga_0/U0/S_CTRL_V_reg[8]
    SLICE_X39Y19         LUT2 (Prop_lut2_I0_O)        0.124     3.400 r  design_1_i/Conv_axis_vga_0/U0/axis_tready_INST_0_i_12/O
                         net (fo=1, routed)           0.000     3.400    design_1_i/Conv_axis_vga_0/U0/axis_tready_INST_0_i_12_n_0
    SLICE_X39Y19         CARRY4 (Prop_carry4_S[2]_CO[3])
                                                      0.398     3.798 r  design_1_i/Conv_axis_vga_0/U0/axis_tready_INST_0_i_2/CO[3]
                         net (fo=14, routed)          1.170     4.968    design_1_i/Conv_axis_vga_0/U0/ltOp3_in
    SLICE_X41Y17         LUT3 (Prop_lut3_I1_O)        0.124     5.092 r  design_1_i/Conv_axis_vga_0/U0/SV_RED_reg[7]_i_1/O
                         net (fo=12, routed)          0.506     5.598    design_1_i/Conv_axis_vga_0/U0/SV_RED_reg0
    SLICE_X42Y16         FDCE                                         r  design_1_i/Conv_axis_vga_0/U0/SV_RED_reg_reg[7]/CE
  -------------------------------------------------------------------    -------------------

                         (clock sys_clk_pin rise edge)
                                                      8.000     8.000 r  
    BUFGCTRL_X0Y0        BUFG                         0.000     8.000 r  design_1_i/processing_system7_0/inst/buffer_fclk_clk_0.FCLK_CLK_0_BUFG/O
                         net (fo=6928, routed)        1.569     9.569    design_1_i/Conv_axis_vga_0/U0/clk
    SLICE_X42Y16         FDCE                                         r  design_1_i/Conv_axis_vga_0/U0/SV_RED_reg_reg[7]/C
                         clock pessimism              0.153     9.722    
                         clock uncertainty           -0.035     9.687    
    SLICE_X42Y16         FDCE (Setup_fdce_C_CE)      -0.169     9.518    design_1_i/Conv_axis_vga_0/U0/SV_RED_reg_reg[7]
  -------------------------------------------------------------------
                         required time                          9.518    
                         arrival time                          -5.598    
  -------------------------------------------------------------------
                         slack                                  3.919    

Slack (MET) :             3.986ns  (required time - arrival time)
  Source:                 design_1_i/Conv_axis_vga_0/U0/S_CTRL_V_reg[8]/C
                            (rising edge-triggered cell FDCE clocked by sys_clk_pin  {rise@0.000ns fall@4.000ns period=8.000ns})
  Destination:            design_1_i/Conv_axis_vga_0/U0/SV_BLUE_reg_reg[4]/CE
                            (rising edge-triggered cell FDCE clocked by sys_clk_pin  {rise@0.000ns fall@4.000ns period=8.000ns})
  Path Group:             sys_clk_pin
  Path Type:              Setup (Max at Slow Process Corner)
  Requirement:            8.000ns  (sys_clk_pin rise@8.000ns - sys_clk_pin rise@0.000ns)
  Data Path Delay:        3.754ns  (logic 1.164ns (31.006%)  route 2.590ns (68.994%))
  Logic Levels:           3  (CARRY4=1 LUT2=1 LUT3=1)
  Clock Path Skew:        -0.020ns (DCD - SCD + CPR)
    Destination Clock Delay (DCD):    1.568ns = ( 9.568 - 8.000 ) 
    Source Clock Delay      (SCD):    1.741ns
    Clock Pessimism Removal (CPR):    0.153ns
  Clock Uncertainty:      0.035ns  ((TSJ^2 + TIJ^2)^1/2 + DJ) / 2 + PE
    Total System Jitter     (TSJ):    0.071ns
    Total Input Jitter      (TIJ):    0.000ns
    Discrete Jitter          (DJ):    0.000ns
    Phase Error              (PE):    0.000ns

    Location             Delay type                Incr(ns)  Path(ns)    Netlist Resource(s)
  -------------------------------------------------------------------    -------------------
                         (clock sys_clk_pin rise edge)
                                                      0.000     0.000 r  
    BUFGCTRL_X0Y0        BUFG                         0.000     0.000 r  design_1_i/processing_system7_0/inst/buffer_fclk_clk_0.FCLK_CLK_0_BUFG/O
                         net (fo=6928, routed)        1.741     1.741    design_1_i/Conv_axis_vga_0/U0/clk
    SLICE_X42Y20         FDCE                                         r  design_1_i/Conv_axis_vga_0/U0/S_CTRL_V_reg[8]/C
  -------------------------------------------------------------------    -------------------
    SLICE_X42Y20         FDCE (Prop_fdce_C_Q)         0.518     2.259 r  design_1_i/Conv_axis_vga_0/U0/S_CTRL_V_reg[8]/Q
                         net (fo=15, routed)          1.017     3.276    design_1_i/Conv_axis_vga_0/U0/S_CTRL_V_reg[8]
    SLICE_X39Y19         LUT2 (Prop_lut2_I0_O)        0.124     3.400 r  design_1_i/Conv_axis_vga_0/U0/axis_tready_INST_0_i_12/O
                         net (fo=1, routed)           0.000     3.400    design_1_i/Conv_axis_vga_0/U0/axis_tready_INST_0_i_12_n_0
    SLICE_X39Y19         CARRY4 (Prop_carry4_S[2]_CO[3])
                                                      0.398     3.798 r  design_1_i/Conv_axis_vga_0/U0/axis_tready_INST_0_i_2/CO[3]
                         net (fo=14, routed)          1.170     4.968    design_1_i/Conv_axis_vga_0/U0/ltOp3_in
    SLICE_X41Y17         LUT3 (Prop_lut3_I1_O)        0.124     5.092 r  design_1_i/Conv_axis_vga_0/U0/SV_RED_reg[7]_i_1/O
                         net (fo=12, routed)          0.403     5.495    design_1_i/Conv_axis_vga_0/U0/SV_RED_reg0
    SLICE_X41Y17         FDCE                                         r  design_1_i/Conv_axis_vga_0/U0/SV_BLUE_reg_reg[4]/CE
  -------------------------------------------------------------------    -------------------

                         (clock sys_clk_pin rise edge)
                                                      8.000     8.000 r  
    BUFGCTRL_X0Y0        BUFG                         0.000     8.000 r  design_1_i/processing_system7_0/inst/buffer_fclk_clk_0.FCLK_CLK_0_BUFG/O
                         net (fo=6928, routed)        1.568     9.568    design_1_i/Conv_axis_vga_0/U0/clk
    SLICE_X41Y17         FDCE                                         r  design_1_i/Conv_axis_vga_0/U0/SV_BLUE_reg_reg[4]/C
                         clock pessimism              0.153     9.721    
                         clock uncertainty           -0.035     9.686    
    SLICE_X41Y17         FDCE (Setup_fdce_C_CE)      -0.205     9.481    design_1_i/Conv_axis_vga_0/U0/SV_BLUE_reg_reg[4]
  -------------------------------------------------------------------
                         required time                          9.481    
                         arrival time                          -5.495    
  -------------------------------------------------------------------
                         slack                                  3.986    





Min Delay Paths
--------------------------------------------------------------------------------------
Slack (MET) :             0.290ns  (arrival time - required time)
  Source:                 design_1_i/Conv_axis_vga_0/U0/S_CTRL_V_reg[10]/C
                            (rising edge-triggered cell FDCE clocked by sys_clk_pin  {rise@0.000ns fall@4.000ns period=8.000ns})
  Destination:            design_1_i/Conv_axis_vga_0/U0/S_CTRL_V_reg[10]/D
                            (rising edge-triggered cell FDCE clocked by sys_clk_pin  {rise@0.000ns fall@4.000ns period=8.000ns})
  Path Group:             sys_clk_pin
  Path Type:              Hold (Min at Fast Process Corner)
  Requirement:            0.000ns  (sys_clk_pin rise@0.000ns - sys_clk_pin rise@0.000ns)
  Data Path Delay:        0.424ns  (logic 0.274ns (64.660%)  route 0.150ns (35.340%))
  Logic Levels:           1  (CARRY4=1)
  Clock Path Skew:        0.000ns (DCD - SCD - CPR)
    Destination Clock Delay (DCD):    0.850ns
    Source Clock Delay      (SCD):    0.583ns
    Clock Pessimism Removal (CPR):    0.267ns

    Location             Delay type                Incr(ns)  Path(ns)    Netlist Resource(s)
  -------------------------------------------------------------------    -------------------
                         (clock sys_clk_pin rise edge)
                                                      0.000     0.000 r  
    BUFGCTRL_X0Y0        BUFG                         0.000     0.000 r  design_1_i/processing_system7_0/inst/buffer_fclk_clk_0.FCLK_CLK_0_BUFG/O
                         net (fo=6928, routed)        0.583     0.583    design_1_i/Conv_axis_vga_0/U0/clk
    SLICE_X42Y20         FDCE                                         r  design_1_i/Conv_axis_vga_0/U0/S_CTRL_V_reg[10]/C
  -------------------------------------------------------------------    -------------------
    SLICE_X42Y20         FDCE (Prop_fdce_C_Q)         0.164     0.747 r  design_1_i/Conv_axis_vga_0/U0/S_CTRL_V_reg[10]/Q
                         net (fo=6, routed)           0.150     0.896    design_1_i/Conv_axis_vga_0/U0/S_CTRL_V_reg[10]
    SLICE_X42Y20         CARRY4 (Prop_carry4_S[2]_O[2])
                                                      0.110     1.006 r  design_1_i/Conv_axis_vga_0/U0/S_CTRL_V_reg[8]_i_1/O[2]
                         net (fo=1, routed)           0.000     1.006    design_1_i/Conv_axis_vga_0/U0/S_CTRL_V_reg[8]_i_1_n_5
    SLICE_X42Y20         FDCE                                         r  design_1_i/Conv_axis_vga_0/U0/S_CTRL_V_reg[10]/D
  -------------------------------------------------------------------    -------------------

                         (clock sys_clk_pin rise edge)
                                                      0.000     0.000 r  
    BUFGCTRL_X0Y0        BUFG                         0.000     0.000 r  design_1_i/processing_system7_0/inst/buffer_fclk_clk_0.FCLK_CLK_0_BUFG/O
                         net (fo=6928, routed)        0.850     0.850    design_1_i/Conv_axis_vga_0/U0/clk
    SLICE_X42Y20         FDCE                                         r  design_1_i/Conv_axis_vga_0/U0/S_CTRL_V_reg[10]/C
                         clock pessimism             -0.267     0.583    
    SLICE_X42Y20         FDCE (Hold_fdce_C_D)         0.134     0.717    design_1_i/Conv_axis_vga_0/U0/S_CTRL_V_reg[10]
  -------------------------------------------------------------------
                         required time                         -0.717    
                         arrival time                           1.006    
  -------------------------------------------------------------------
                         slack                                  0.290    

Slack (MET) :             0.290ns  (arrival time - required time)
  Source:                 design_1_i/Conv_axis_vga_0/U0/SV_GREEN_reg_reg[6]/C
                            (rising edge-triggered cell FDCE clocked by sys_clk_pin  {rise@0.000ns fall@4.000ns period=8.000ns})
  Destination:            design_1_i/Conv_axis_vga_0/U0/S_VGA_G_reg[2]/D
                            (rising edge-triggered cell FDCE clocked by sys_clk_pin  {rise@0.000ns fall@4.000ns period=8.000ns})
  Path Group:             sys_clk_pin
  Path Type:              Hold (Min at Fast Process Corner)
  Requirement:            0.000ns  (sys_clk_pin rise@0.000ns - sys_clk_pin rise@0.000ns)
  Data Path Delay:        0.425ns  (logic 0.186ns (43.747%)  route 0.239ns (56.253%))
  Logic Levels:           1  (LUT4=1)
  Clock Path Skew:        0.014ns (DCD - SCD - CPR)
    Destination Clock Delay (DCD):    0.853ns
    Source Clock Delay      (SCD):    0.586ns
    Clock Pessimism Removal (CPR):    0.253ns

    Location             Delay type                Incr(ns)  Path(ns)    Netlist Resource(s)
  -------------------------------------------------------------------    -------------------
                         (clock sys_clk_pin rise edge)
                                                      0.000     0.000 r  
    BUFGCTRL_X0Y0        BUFG                         0.000     0.000 r  design_1_i/processing_system7_0/inst/buffer_fclk_clk_0.FCLK_CLK_0_BUFG/O
                         net (fo=6928, routed)        0.586     0.586    design_1_i/Conv_axis_vga_0/U0/clk
    SLICE_X41Y17         FDCE                                         r  design_1_i/Conv_axis_vga_0/U0/SV_GREEN_reg_reg[6]/C
  -------------------------------------------------------------------    -------------------
    SLICE_X41Y17         FDCE (Prop_fdce_C_Q)         0.141     0.727 r  design_1_i/Conv_axis_vga_0/U0/SV_GREEN_reg_reg[6]/Q
                         net (fo=1, routed)           0.239     0.966    design_1_i/Conv_axis_vga_0/U0/SV_GREEN_reg_reg_n_0_[6]
    SLICE_X42Y17         LUT4 (Prop_lut4_I3_O)        0.045     1.011 r  design_1_i/Conv_axis_vga_0/U0/S_VGA_G[2]_i_1/O
                         net (fo=1, routed)           0.000     1.011    design_1_i/Conv_axis_vga_0/U0/S_VGA_G[2]_i_1_n_0
    SLICE_X42Y17         FDCE                                         r  design_1_i/Conv_axis_vga_0/U0/S_VGA_G_reg[2]/D
  -------------------------------------------------------------------    -------------------

                         (clock sys_clk_pin rise edge)
                                                      0.000     0.000 r  
    BUFGCTRL_X0Y0        BUFG                         0.000     0.000 r  design_1_i/processing_system7_0/inst/buffer_fclk_clk_0.FCLK_CLK_0_BUFG/O
                         net (fo=6928, routed)        0.853     0.853    design_1_i/Conv_axis_vga_0/U0/clk
    SLICE_X42Y17         FDCE                                         r  design_1_i/Conv_axis_vga_0/U0/S_VGA_G_reg[2]/C
                         clock pessimism             -0.253     0.600    
    SLICE_X42Y17         FDCE (Hold_fdce_C_D)         0.121     0.721    design_1_i/Conv_axis_vga_0/U0/S_VGA_G_reg[2]
  -------------------------------------------------------------------
                         required time                         -0.721    
                         arrival time                           1.011    
  -------------------------------------------------------------------
                         slack                                  0.290    

Slack (MET) :             0.300ns  (arrival time - required time)
  Source:                 design_1_i/Conv_axis_vga_0/U0/S_CTRL_V_reg[3]/C
                            (rising edge-triggered cell FDCE clocked by sys_clk_pin  {rise@0.000ns fall@4.000ns period=8.000ns})
  Destination:            design_1_i/Conv_axis_vga_0/U0/S_CTRL_V_reg[3]/D
                            (rising edge-triggered cell FDCE clocked by sys_clk_pin  {rise@0.000ns fall@4.000ns period=8.000ns})
  Path Group:             sys_clk_pin
  Path Type:              Hold (Min at Fast Process Corner)
  Requirement:            0.000ns  (sys_clk_pin rise@0.000ns - sys_clk_pin rise@0.000ns)
  Data Path Delay:        0.434ns  (logic 0.273ns (62.849%)  route 0.161ns (37.151%))
  Logic Levels:           2  (CARRY4=1 LUT6=1)
  Clock Path Skew:        0.000ns (DCD - SCD - CPR)
    Destination Clock Delay (DCD):    0.852ns
    Source Clock Delay      (SCD):    0.585ns
    Clock Pessimism Removal (CPR):    0.267ns

    Location             Delay type                Incr(ns)  Path(ns)    Netlist Resource(s)
  -------------------------------------------------------------------    -------------------
                         (clock sys_clk_pin rise edge)
                                                      0.000     0.000 r  
    BUFGCTRL_X0Y0        BUFG                         0.000     0.000 r  design_1_i/processing_system7_0/inst/buffer_fclk_clk_0.FCLK_CLK_0_BUFG/O
                         net (fo=6928, routed)        0.585     0.585    design_1_i/Conv_axis_vga_0/U0/clk
    SLICE_X42Y18         FDCE                                         r  design_1_i/Conv_axis_vga_0/U0/S_CTRL_V_reg[3]/C
  -------------------------------------------------------------------    -------------------
    SLICE_X42Y18         FDCE (Prop_fdce_C_Q)         0.164     0.749 r  design_1_i/Conv_axis_vga_0/U0/S_CTRL_V_reg[3]/Q
                         net (fo=6, routed)           0.161     0.910    design_1_i/Conv_axis_vga_0/U0/S_CTRL_V_reg[3]
    SLICE_X42Y18         LUT6 (Prop_lut6_I0_O)        0.045     0.955 r  design_1_i/Conv_axis_vga_0/U0/S_CTRL_V[0]_i_6/O
                         net (fo=1, routed)           0.000     0.955    design_1_i/Conv_axis_vga_0/U0/S_CTRL_V[0]_i_6_n_0
    SLICE_X42Y18         CARRY4 (Prop_carry4_S[3]_O[3])
                                                      0.064     1.019 r  design_1_i/Conv_axis_vga_0/U0/S_CTRL_V_reg[0]_i_2/O[3]
                         net (fo=1, routed)           0.000     1.019    design_1_i/Conv_axis_vga_0/U0/S_CTRL_V_reg[0]_i_2_n_4
    SLICE_X42Y18         FDCE                                         r  design_1_i/Conv_axis_vga_0/U0/S_CTRL_V_reg[3]/D
  -------------------------------------------------------------------    -------------------

                         (clock sys_clk_pin rise edge)
                                                      0.000     0.000 r  
    BUFGCTRL_X0Y0        BUFG                         0.000     0.000 r  design_1_i/processing_system7_0/inst/buffer_fclk_clk_0.FCLK_CLK_0_BUFG/O
                         net (fo=6928, routed)        0.852     0.852    design_1_i/Conv_axis_vga_0/U0/clk
    SLICE_X42Y18         FDCE                                         r  design_1_i/Conv_axis_vga_0/U0/S_CTRL_V_reg[3]/C
                         clock pessimism             -0.267     0.585    
    SLICE_X42Y18         FDCE (Hold_fdce_C_D)         0.134     0.719    design_1_i/Conv_axis_vga_0/U0/S_CTRL_V_reg[3]
  -------------------------------------------------------------------
                         required time                         -0.719    
                         arrival time                           1.019    
  -------------------------------------------------------------------
                         slack                                  0.300    

Slack (MET) :             0.312ns  (arrival time - required time)
  Source:                 design_1_i/Conv_axis_vga_0/U0/S_CTRL_V_reg[7]/C
                            (rising edge-triggered cell FDCE clocked by sys_clk_pin  {rise@0.000ns fall@4.000ns period=8.000ns})
  Destination:            design_1_i/Conv_axis_vga_0/U0/S_CTRL_V_reg[7]/D
                            (rising edge-triggered cell FDCE clocked by sys_clk_pin  {rise@0.000ns fall@4.000ns period=8.000ns})
  Path Group:             sys_clk_pin
  Path Type:              Hold (Min at Fast Process Corner)
  Requirement:            0.000ns  (sys_clk_pin rise@0.000ns - sys_clk_pin rise@0.000ns)
  Data Path Delay:        0.446ns  (logic 0.273ns (61.274%)  route 0.173ns (38.726%))
  Logic Levels:           2  (CARRY4=1 LUT6=1)
  Clock Path Skew:        0.000ns (DCD - SCD - CPR)
    Destination Clock Delay (DCD):    0.851ns
    Source Clock Delay      (SCD):    0.584ns
    Clock Pessimism Removal (CPR):    0.267ns

    Location             Delay type                Incr(ns)  Path(ns)    Netlist Resource(s)
  -------------------------------------------------------------------    -------------------
                         (clock sys_clk_pin rise edge)
                                                      0.000     0.000 r  
    BUFGCTRL_X0Y0        BUFG                         0.000     0.000 r  design_1_i/processing_system7_0/inst/buffer_fclk_clk_0.FCLK_CLK_0_BUFG/O
                         net (fo=6928, routed)        0.584     0.584    design_1_i/Conv_axis_vga_0/U0/clk
    SLICE_X42Y19         FDCE                                         r  design_1_i/Conv_axis_vga_0/U0/S_CTRL_V_reg[7]/C
  -------------------------------------------------------------------    -------------------
    SLICE_X42Y19         FDCE (Prop_fdce_C_Q)         0.164     0.748 r  design_1_i/Conv_axis_vga_0/U0/S_CTRL_V_reg[7]/Q
                         net (fo=7, routed)           0.173     0.920    design_1_i/Conv_axis_vga_0/U0/S_CTRL_V_reg[7]
    SLICE_X42Y19         LUT6 (Prop_lut6_I0_O)        0.045     0.965 r  design_1_i/Conv_axis_vga_0/U0/S_CTRL_V[4]_i_2/O
                         net (fo=1, routed)           0.000     0.965    design_1_i/Conv_axis_vga_0/U0/S_CTRL_V[4]_i_2_n_0
    SLICE_X42Y19         CARRY4 (Prop_carry4_S[3]_O[3])
                                                      0.064     1.029 r  design_1_i/Conv_axis_vga_0/U0/S_CTRL_V_reg[4]_i_1/O[3]
                         net (fo=1, routed)           0.000     1.029    design_1_i/Conv_axis_vga_0/U0/S_CTRL_V_reg[4]_i_1_n_4
    SLICE_X42Y19         FDCE                                         r  design_1_i/Conv_axis_vga_0/U0/S_CTRL_V_reg[7]/D
  -------------------------------------------------------------------    -------------------

                         (clock sys_clk_pin rise edge)
                                                      0.000     0.000 r  
    BUFGCTRL_X0Y0        BUFG                         0.000     0.000 r  design_1_i/processing_system7_0/inst/buffer_fclk_clk_0.FCLK_CLK_0_BUFG/O
                         net (fo=6928, routed)        0.851     0.851    design_1_i/Conv_axis_vga_0/U0/clk
    SLICE_X42Y19         FDCE                                         r  design_1_i/Conv_axis_vga_0/U0/S_CTRL_V_reg[7]/C
                         clock pessimism             -0.267     0.584    
    SLICE_X42Y19         FDCE (Hold_fdce_C_D)         0.134     0.718    design_1_i/Conv_axis_vga_0/U0/S_CTRL_V_reg[7]
  -------------------------------------------------------------------
                         required time                         -0.718    
                         arrival time                           1.029    
  -------------------------------------------------------------------
                         slack                                  0.312    

Slack (MET) :             0.326ns  (arrival time - required time)
  Source:                 design_1_i/Conv_axis_vga_0/U0/S_CTRL_V_reg[10]/C
                            (rising edge-triggered cell FDCE clocked by sys_clk_pin  {rise@0.000ns fall@4.000ns period=8.000ns})
  Destination:            design_1_i/Conv_axis_vga_0/U0/S_CTRL_V_reg[11]/D
                            (rising edge-triggered cell FDCE clocked by sys_clk_pin  {rise@0.000ns fall@4.000ns period=8.000ns})
  Path Group:             sys_clk_pin
  Path Type:              Hold (Min at Fast Process Corner)
  Requirement:            0.000ns  (sys_clk_pin rise@0.000ns - sys_clk_pin rise@0.000ns)
  Data Path Delay:        0.460ns  (logic 0.310ns (67.428%)  route 0.150ns (32.572%))
  Logic Levels:           1  (CARRY4=1)
  Clock Path Skew:        0.000ns (DCD - SCD - CPR)
    Destination Clock Delay (DCD):    0.850ns
    Source Clock Delay      (SCD):    0.583ns
    Clock Pessimism Removal (CPR):    0.267ns

    Location             Delay type                Incr(ns)  Path(ns)    Netlist Resource(s)
  -------------------------------------------------------------------    -------------------
                         (clock sys_clk_pin rise edge)
                                                      0.000     0.000 r  
    BUFGCTRL_X0Y0        BUFG                         0.000     0.000 r  design_1_i/processing_system7_0/inst/buffer_fclk_clk_0.FCLK_CLK_0_BUFG/O
                         net (fo=6928, routed)        0.583     0.583    design_1_i/Conv_axis_vga_0/U0/clk
    SLICE_X42Y20         FDCE                                         r  design_1_i/Conv_axis_vga_0/U0/S_CTRL_V_reg[10]/C
  -------------------------------------------------------------------    -------------------
    SLICE_X42Y20         FDCE (Prop_fdce_C_Q)         0.164     0.747 r  design_1_i/Conv_axis_vga_0/U0/S_CTRL_V_reg[10]/Q
                         net (fo=6, routed)           0.150     0.896    design_1_i/Conv_axis_vga_0/U0/S_CTRL_V_reg[10]
    SLICE_X42Y20         CARRY4 (Prop_carry4_S[2]_O[3])
                                                      0.146     1.042 r  design_1_i/Conv_axis_vga_0/U0/S_CTRL_V_reg[8]_i_1/O[3]
                         net (fo=1, routed)           0.000     1.042    design_1_i/Conv_axis_vga_0/U0/S_CTRL_V_reg[8]_i_1_n_4
    SLICE_X42Y20         FDCE                                         r  design_1_i/Conv_axis_vga_0/U0/S_CTRL_V_reg[11]/D
  -------------------------------------------------------------------    -------------------

                         (clock sys_clk_pin rise edge)
                                                      0.000     0.000 r  
    BUFGCTRL_X0Y0        BUFG                         0.000     0.000 r  design_1_i/processing_system7_0/inst/buffer_fclk_clk_0.FCLK_CLK_0_BUFG/O
                         net (fo=6928, routed)        0.850     0.850    design_1_i/Conv_axis_vga_0/U0/clk
    SLICE_X42Y20         FDCE                                         r  design_1_i/Conv_axis_vga_0/U0/S_CTRL_V_reg[11]/C
                         clock pessimism             -0.267     0.583    
    SLICE_X42Y20         FDCE (Hold_fdce_C_D)         0.134     0.717    design_1_i/Conv_axis_vga_0/U0/S_CTRL_V_reg[11]
  -------------------------------------------------------------------
                         required time                         -0.717    
                         arrival time                           1.042    
  -------------------------------------------------------------------
                         slack                                  0.326    

Slack (MET) :             0.328ns  (arrival time - required time)
  Source:                 design_1_i/Conv_axis_vga_0/U0/S_CTRL_V_reg[1]/C
                            (rising edge-triggered cell FDCE clocked by sys_clk_pin  {rise@0.000ns fall@4.000ns period=8.000ns})
  Destination:            design_1_i/Conv_axis_vga_0/U0/S_CTRL_V_reg[1]/D
                            (rising edge-triggered cell FDCE clocked by sys_clk_pin  {rise@0.000ns fall@4.000ns period=8.000ns})
  Path Group:             sys_clk_pin
  Path Type:              Hold (Min at Fast Process Corner)
  Requirement:            0.000ns  (sys_clk_pin rise@0.000ns - sys_clk_pin rise@0.000ns)
  Data Path Delay:        0.462ns  (logic 0.275ns (59.544%)  route 0.187ns (40.456%))
  Logic Levels:           1  (CARRY4=1)
  Clock Path Skew:        0.000ns (DCD - SCD - CPR)
    Destination Clock Delay (DCD):    0.852ns
    Source Clock Delay      (SCD):    0.585ns
    Clock Pessimism Removal (CPR):    0.267ns

    Location             Delay type                Incr(ns)  Path(ns)    Netlist Resource(s)
  -------------------------------------------------------------------    -------------------
                         (clock sys_clk_pin rise edge)
                                                      0.000     0.000 r  
    BUFGCTRL_X0Y0        BUFG                         0.000     0.000 r  design_1_i/processing_system7_0/inst/buffer_fclk_clk_0.FCLK_CLK_0_BUFG/O
                         net (fo=6928, routed)        0.585     0.585    design_1_i/Conv_axis_vga_0/U0/clk
    SLICE_X42Y18         FDCE                                         r  design_1_i/Conv_axis_vga_0/U0/S_CTRL_V_reg[1]/C
  -------------------------------------------------------------------    -------------------
    SLICE_X42Y18         FDCE (Prop_fdce_C_Q)         0.164     0.749 r  design_1_i/Conv_axis_vga_0/U0/S_CTRL_V_reg[1]/Q
                         net (fo=14, routed)          0.187     0.935    design_1_i/Conv_axis_vga_0/U0/S_CTRL_V_reg[1]
    SLICE_X42Y18         CARRY4 (Prop_carry4_S[1]_O[1])
                                                      0.111     1.046 r  design_1_i/Conv_axis_vga_0/U0/S_CTRL_V_reg[0]_i_2/O[1]
                         net (fo=1, routed)           0.000     1.046    design_1_i/Conv_axis_vga_0/U0/S_CTRL_V_reg[0]_i_2_n_6
    SLICE_X42Y18         FDCE                                         r  design_1_i/Conv_axis_vga_0/U0/S_CTRL_V_reg[1]/D
  -------------------------------------------------------------------    -------------------

                         (clock sys_clk_pin rise edge)
                                                      0.000     0.000 r  
    BUFGCTRL_X0Y0        BUFG                         0.000     0.000 r  design_1_i/processing_system7_0/inst/buffer_fclk_clk_0.FCLK_CLK_0_BUFG/O
                         net (fo=6928, routed)        0.852     0.852    design_1_i/Conv_axis_vga_0/U0/clk
    SLICE_X42Y18         FDCE                                         r  design_1_i/Conv_axis_vga_0/U0/S_CTRL_V_reg[1]/C
                         clock pessimism             -0.267     0.585    
    SLICE_X42Y18         FDCE (Hold_fdce_C_D)         0.134     0.719    design_1_i/Conv_axis_vga_0/U0/S_CTRL_V_reg[1]
  -------------------------------------------------------------------
                         required time                         -0.719    
                         arrival time                           1.046    
  -------------------------------------------------------------------
                         slack                                  0.328    

Slack (MET) :             0.328ns  (arrival time - required time)
  Source:                 design_1_i/Conv_axis_vga_0/U0/S_CTRL_H_reg[3]/C
                            (rising edge-triggered cell FDCE clocked by sys_clk_pin  {rise@0.000ns fall@4.000ns period=8.000ns})
  Destination:            design_1_i/Conv_axis_vga_0/U0/S_CTRL_H_reg[3]/D
                            (rising edge-triggered cell FDCE clocked by sys_clk_pin  {rise@0.000ns fall@4.000ns period=8.000ns})
  Path Group:             sys_clk_pin
  Path Type:              Hold (Min at Fast Process Corner)
  Requirement:            0.000ns  (sys_clk_pin rise@0.000ns - sys_clk_pin rise@0.000ns)
  Data Path Delay:        0.433ns  (logic 0.249ns (57.475%)  route 0.184ns (42.525%))
  Logic Levels:           2  (CARRY4=1 LUT2=1)
  Clock Path Skew:        0.000ns (DCD - SCD - CPR)
    Destination Clock Delay (DCD):    0.852ns
    Source Clock Delay      (SCD):    0.585ns
    Clock Pessimism Removal (CPR):    0.267ns

    Location             Delay type                Incr(ns)  Path(ns)    Netlist Resource(s)
  -------------------------------------------------------------------    -------------------
                         (clock sys_clk_pin rise edge)
                                                      0.000     0.000 r  
    BUFGCTRL_X0Y0        BUFG                         0.000     0.000 r  design_1_i/processing_system7_0/inst/buffer_fclk_clk_0.FCLK_CLK_0_BUFG/O
                         net (fo=6928, routed)        0.585     0.585    design_1_i/Conv_axis_vga_0/U0/clk
    SLICE_X36Y16         FDCE                                         r  design_1_i/Conv_axis_vga_0/U0/S_CTRL_H_reg[3]/C
  -------------------------------------------------------------------    -------------------
    SLICE_X36Y16         FDCE (Prop_fdce_C_Q)         0.141     0.726 r  design_1_i/Conv_axis_vga_0/U0/S_CTRL_H_reg[3]/Q
                         net (fo=5, routed)           0.184     0.910    design_1_i/Conv_axis_vga_0/U0/S_CTRL_H_reg[3]
    SLICE_X36Y16         LUT2 (Prop_lut2_I0_O)        0.045     0.955 r  design_1_i/Conv_axis_vga_0/U0/S_CTRL_H[0]_i_3/O
                         net (fo=1, routed)           0.000     0.955    design_1_i/Conv_axis_vga_0/U0/S_CTRL_H[0]_i_3_n_0
    SLICE_X36Y16         CARRY4 (Prop_carry4_S[3]_O[3])
                                                      0.063     1.018 r  design_1_i/Conv_axis_vga_0/U0/S_CTRL_H_reg[0]_i_1/O[3]
                         net (fo=1, routed)           0.000     1.018    design_1_i/Conv_axis_vga_0/U0/S_CTRL_H_reg[0]_i_1_n_4
    SLICE_X36Y16         FDCE                                         r  design_1_i/Conv_axis_vga_0/U0/S_CTRL_H_reg[3]/D
  -------------------------------------------------------------------    -------------------

                         (clock sys_clk_pin rise edge)
                                                      0.000     0.000 r  
    BUFGCTRL_X0Y0        BUFG                         0.000     0.000 r  design_1_i/processing_system7_0/inst/buffer_fclk_clk_0.FCLK_CLK_0_BUFG/O
                         net (fo=6928, routed)        0.852     0.852    design_1_i/Conv_axis_vga_0/U0/clk
    SLICE_X36Y16         FDCE                                         r  design_1_i/Conv_axis_vga_0/U0/S_CTRL_H_reg[3]/C
                         clock pessimism             -0.267     0.585    
    SLICE_X36Y16         FDCE (Hold_fdce_C_D)         0.105     0.690    design_1_i/Conv_axis_vga_0/U0/S_CTRL_H_reg[3]
  -------------------------------------------------------------------
                         required time                         -0.690    
                         arrival time                           1.018    
  -------------------------------------------------------------------
                         slack                                  0.328    

Slack (MET) :             0.341ns  (arrival time - required time)
  Source:                 design_1_i/Conv_axis_vga_0/U0/S_CTRL_H_reg[7]/C
                            (rising edge-triggered cell FDCE clocked by sys_clk_pin  {rise@0.000ns fall@4.000ns period=8.000ns})
  Destination:            design_1_i/Conv_axis_vga_0/U0/S_CTRL_H_reg[7]/D
                            (rising edge-triggered cell FDCE clocked by sys_clk_pin  {rise@0.000ns fall@4.000ns period=8.000ns})
  Path Group:             sys_clk_pin
  Path Type:              Hold (Min at Fast Process Corner)
  Requirement:            0.000ns  (sys_clk_pin rise@0.000ns - sys_clk_pin rise@0.000ns)
  Data Path Delay:        0.446ns  (logic 0.249ns (55.788%)  route 0.197ns (44.212%))
  Logic Levels:           2  (CARRY4=1 LUT2=1)
  Clock Path Skew:        0.000ns (DCD - SCD - CPR)
    Destination Clock Delay (DCD):    0.851ns
    Source Clock Delay      (SCD):    0.584ns
    Clock Pessimism Removal (CPR):    0.267ns

    Location             Delay type                Incr(ns)  Path(ns)    Netlist Resource(s)
  -------------------------------------------------------------------    -------------------
                         (clock sys_clk_pin rise edge)
                                                      0.000     0.000 r  
    BUFGCTRL_X0Y0        BUFG                         0.000     0.000 r  design_1_i/processing_system7_0/inst/buffer_fclk_clk_0.FCLK_CLK_0_BUFG/O
                         net (fo=6928, routed)        0.584     0.584    design_1_i/Conv_axis_vga_0/U0/clk
    SLICE_X36Y17         FDCE                                         r  design_1_i/Conv_axis_vga_0/U0/S_CTRL_H_reg[7]/C
  -------------------------------------------------------------------    -------------------
    SLICE_X36Y17         FDCE (Prop_fdce_C_Q)         0.141     0.725 r  design_1_i/Conv_axis_vga_0/U0/S_CTRL_H_reg[7]/Q
                         net (fo=8, routed)           0.197     0.922    design_1_i/Conv_axis_vga_0/U0/S_CTRL_H_reg[7]
    SLICE_X36Y17         LUT2 (Prop_lut2_I0_O)        0.045     0.967 r  design_1_i/Conv_axis_vga_0/U0/S_CTRL_H[4]_i_2/O
                         net (fo=1, routed)           0.000     0.967    design_1_i/Conv_axis_vga_0/U0/S_CTRL_H[4]_i_2_n_0
    SLICE_X36Y17         CARRY4 (Prop_carry4_S[3]_O[3])
                                                      0.063     1.030 r  design_1_i/Conv_axis_vga_0/U0/S_CTRL_H_reg[4]_i_1/O[3]
                         net (fo=1, routed)           0.000     1.030    design_1_i/Conv_axis_vga_0/U0/S_CTRL_H_reg[4]_i_1_n_4
    SLICE_X36Y17         FDCE                                         r  design_1_i/Conv_axis_vga_0/U0/S_CTRL_H_reg[7]/D
  -------------------------------------------------------------------    -------------------

                         (clock sys_clk_pin rise edge)
                                                      0.000     0.000 r  
    BUFGCTRL_X0Y0        BUFG                         0.000     0.000 r  design_1_i/processing_system7_0/inst/buffer_fclk_clk_0.FCLK_CLK_0_BUFG/O
                         net (fo=6928, routed)        0.851     0.851    design_1_i/Conv_axis_vga_0/U0/clk
    SLICE_X36Y17         FDCE                                         r  design_1_i/Conv_axis_vga_0/U0/S_CTRL_H_reg[7]/C
                         clock pessimism             -0.267     0.584    
    SLICE_X36Y17         FDCE (Hold_fdce_C_D)         0.105     0.689    design_1_i/Conv_axis_vga_0/U0/S_CTRL_H_reg[7]
  -------------------------------------------------------------------
                         required time                         -0.689    
                         arrival time                           1.030    
  -------------------------------------------------------------------
                         slack                                  0.341    

Slack (MET) :             0.341ns  (arrival time - required time)
  Source:                 design_1_i/Conv_axis_vga_0/U0/S_CTRL_H_reg[11]/C
                            (rising edge-triggered cell FDCE clocked by sys_clk_pin  {rise@0.000ns fall@4.000ns period=8.000ns})
  Destination:            design_1_i/Conv_axis_vga_0/U0/S_CTRL_H_reg[11]/D
                            (rising edge-triggered cell FDCE clocked by sys_clk_pin  {rise@0.000ns fall@4.000ns period=8.000ns})
  Path Group:             sys_clk_pin
  Path Type:              Hold (Min at Fast Process Corner)
  Requirement:            0.000ns  (sys_clk_pin rise@0.000ns - sys_clk_pin rise@0.000ns)
  Data Path Delay:        0.446ns  (logic 0.249ns (55.772%)  route 0.197ns (44.228%))
  Logic Levels:           2  (CARRY4=1 LUT2=1)
  Clock Path Skew:        0.000ns (DCD - SCD - CPR)
    Destination Clock Delay (DCD):    0.850ns
    Source Clock Delay      (SCD):    0.583ns
    Clock Pessimism Removal (CPR):    0.267ns

    Location             Delay type                Incr(ns)  Path(ns)    Netlist Resource(s)
  -------------------------------------------------------------------    -------------------
                         (clock sys_clk_pin rise edge)
                                                      0.000     0.000 r  
    BUFGCTRL_X0Y0        BUFG                         0.000     0.000 r  design_1_i/processing_system7_0/inst/buffer_fclk_clk_0.FCLK_CLK_0_BUFG/O
                         net (fo=6928, routed)        0.583     0.583    design_1_i/Conv_axis_vga_0/U0/clk
    SLICE_X36Y18         FDCE                                         r  design_1_i/Conv_axis_vga_0/U0/S_CTRL_H_reg[11]/C
  -------------------------------------------------------------------    -------------------
    SLICE_X36Y18         FDCE (Prop_fdce_C_Q)         0.141     0.724 r  design_1_i/Conv_axis_vga_0/U0/S_CTRL_H_reg[11]/Q
                         net (fo=6, routed)           0.197     0.921    design_1_i/Conv_axis_vga_0/U0/S_CTRL_H_reg[11]
    SLICE_X36Y18         LUT2 (Prop_lut2_I0_O)        0.045     0.966 r  design_1_i/Conv_axis_vga_0/U0/S_CTRL_H[8]_i_2/O
                         net (fo=1, routed)           0.000     0.966    design_1_i/Conv_axis_vga_0/U0/S_CTRL_H[8]_i_2_n_0
    SLICE_X36Y18         CARRY4 (Prop_carry4_S[3]_O[3])
                                                      0.063     1.029 r  design_1_i/Conv_axis_vga_0/U0/S_CTRL_H_reg[8]_i_1/O[3]
                         net (fo=1, routed)           0.000     1.029    design_1_i/Conv_axis_vga_0/U0/S_CTRL_H_reg[8]_i_1_n_4
    SLICE_X36Y18         FDCE                                         r  design_1_i/Conv_axis_vga_0/U0/S_CTRL_H_reg[11]/D
  -------------------------------------------------------------------    -------------------

                         (clock sys_clk_pin rise edge)
                                                      0.000     0.000 r  
    BUFGCTRL_X0Y0        BUFG                         0.000     0.000 r  design_1_i/processing_system7_0/inst/buffer_fclk_clk_0.FCLK_CLK_0_BUFG/O
                         net (fo=6928, routed)        0.850     0.850    design_1_i/Conv_axis_vga_0/U0/clk
    SLICE_X36Y18         FDCE                                         r  design_1_i/Conv_axis_vga_0/U0/S_CTRL_H_reg[11]/C
                         clock pessimism             -0.267     0.583    
    SLICE_X36Y18         FDCE (Hold_fdce_C_D)         0.105     0.688    design_1_i/Conv_axis_vga_0/U0/S_CTRL_H_reg[11]
  -------------------------------------------------------------------
                         required time                         -0.688    
                         arrival time                           1.029    
  -------------------------------------------------------------------
                         slack                                  0.341    

Slack (MET) :             0.345ns  (arrival time - required time)
  Source:                 design_1_i/Conv_axis_vga_0/U0/S_CTRL_V_reg[0]/C
                            (rising edge-triggered cell FDCE clocked by sys_clk_pin  {rise@0.000ns fall@4.000ns period=8.000ns})
  Destination:            design_1_i/Conv_axis_vga_0/U0/S_CTRL_V_reg[0]/D
                            (rising edge-triggered cell FDCE clocked by sys_clk_pin  {rise@0.000ns fall@4.000ns period=8.000ns})
  Path Group:             sys_clk_pin
  Path Type:              Hold (Min at Fast Process Corner)
  Requirement:            0.000ns  (sys_clk_pin rise@0.000ns - sys_clk_pin rise@0.000ns)
  Data Path Delay:        0.479ns  (logic 0.279ns (58.299%)  route 0.200ns (41.702%))
  Logic Levels:           2  (CARRY4=1 LUT6=1)
  Clock Path Skew:        0.000ns (DCD - SCD - CPR)
    Destination Clock Delay (DCD):    0.852ns
    Source Clock Delay      (SCD):    0.585ns
    Clock Pessimism Removal (CPR):    0.267ns

    Location             Delay type                Incr(ns)  Path(ns)    Netlist Resource(s)
  -------------------------------------------------------------------    -------------------
                         (clock sys_clk_pin rise edge)
                                                      0.000     0.000 r  
    BUFGCTRL_X0Y0        BUFG                         0.000     0.000 r  design_1_i/processing_system7_0/inst/buffer_fclk_clk_0.FCLK_CLK_0_BUFG/O
                         net (fo=6928, routed)        0.585     0.585    design_1_i/Conv_axis_vga_0/U0/clk
    SLICE_X42Y18         FDCE                                         r  design_1_i/Conv_axis_vga_0/U0/S_CTRL_V_reg[0]/C
  -------------------------------------------------------------------    -------------------
    SLICE_X42Y18         FDCE (Prop_fdce_C_Q)         0.164     0.749 f  design_1_i/Conv_axis_vga_0/U0/S_CTRL_V_reg[0]/Q
                         net (fo=6, routed)           0.200     0.948    design_1_i/Conv_axis_vga_0/U0/S_CTRL_V_reg[0]
    SLICE_X42Y18         LUT6 (Prop_lut6_I0_O)        0.045     0.993 r  design_1_i/Conv_axis_vga_0/U0/S_CTRL_V[0]_i_9/O
                         net (fo=1, routed)           0.000     0.993    design_1_i/Conv_axis_vga_0/U0/S_CTRL_V[0]_i_9_n_0
    SLICE_X42Y18         CARRY4 (Prop_carry4_S[0]_O[0])
                                                      0.070     1.063 r  design_1_i/Conv_axis_vga_0/U0/S_CTRL_V_reg[0]_i_2/O[0]
                         net (fo=1, routed)           0.000     1.063    design_1_i/Conv_axis_vga_0/U0/S_CTRL_V_reg[0]_i_2_n_7
    SLICE_X42Y18         FDCE                                         r  design_1_i/Conv_axis_vga_0/U0/S_CTRL_V_reg[0]/D
  -------------------------------------------------------------------    -------------------

                         (clock sys_clk_pin rise edge)
                                                      0.000     0.000 r  
    BUFGCTRL_X0Y0        BUFG                         0.000     0.000 r  design_1_i/processing_system7_0/inst/buffer_fclk_clk_0.FCLK_CLK_0_BUFG/O
                         net (fo=6928, routed)        0.852     0.852    design_1_i/Conv_axis_vga_0/U0/clk
    SLICE_X42Y18         FDCE                                         r  design_1_i/Conv_axis_vga_0/U0/S_CTRL_V_reg[0]/C
                         clock pessimism             -0.267     0.585    
    SLICE_X42Y18         FDCE (Hold_fdce_C_D)         0.134     0.719    design_1_i/Conv_axis_vga_0/U0/S_CTRL_V_reg[0]
  -------------------------------------------------------------------
                         required time                         -0.719    
                         arrival time                           1.063    
  -------------------------------------------------------------------
                         slack                                  0.345    





Pulse Width Checks
--------------------------------------------------------------------------------------
Clock Name:         sys_clk_pin
Waveform(ns):       { 0.000 4.000 }
Period(ns):         8.000
Sources:            { design_1_i/Conv_axis_vga_0/U0/clk }

Check Type        Corner  Lib Pin  Reference Pin  Required(ns)  Actual(ns)  Slack(ns)  Location      Pin
Min Period        n/a     FDCE/C   n/a            1.000         8.000       7.000      SLICE_X41Y17  design_1_i/Conv_axis_vga_0/U0/SV_BLUE_reg_reg[4]/C
Min Period        n/a     FDCE/C   n/a            1.000         8.000       7.000      SLICE_X42Y16  design_1_i/Conv_axis_vga_0/U0/SV_BLUE_reg_reg[5]/C
Min Period        n/a     FDCE/C   n/a            1.000         8.000       7.000      SLICE_X42Y15  design_1_i/Conv_axis_vga_0/U0/SV_BLUE_reg_reg[6]/C
Min Period        n/a     FDCE/C   n/a            1.000         8.000       7.000      SLICE_X42Y15  design_1_i/Conv_axis_vga_0/U0/SV_BLUE_reg_reg[7]/C
Min Period        n/a     FDCE/C   n/a            1.000         8.000       7.000      SLICE_X42Y15  design_1_i/Conv_axis_vga_0/U0/SV_GREEN_reg_reg[4]/C
Min Period        n/a     FDCE/C   n/a            1.000         8.000       7.000      SLICE_X41Y15  design_1_i/Conv_axis_vga_0/U0/SV_GREEN_reg_reg[5]/C
Min Period        n/a     FDCE/C   n/a            1.000         8.000       7.000      SLICE_X41Y17  design_1_i/Conv_axis_vga_0/U0/SV_GREEN_reg_reg[6]/C
Min Period        n/a     FDCE/C   n/a            1.000         8.000       7.000      SLICE_X41Y17  design_1_i/Conv_axis_vga_0/U0/SV_GREEN_reg_reg[7]/C
Min Period        n/a     FDCE/C   n/a            1.000         8.000       7.000      SLICE_X41Y15  design_1_i/Conv_axis_vga_0/U0/SV_RED_reg_reg[4]/C
Min Period        n/a     FDCE/C   n/a            1.000         8.000       7.000      SLICE_X40Y16  design_1_i/Conv_axis_vga_0/U0/SV_RED_reg_reg[5]/C
Low Pulse Width   Slow    FDCE/C   n/a            0.500         4.000       3.500      SLICE_X41Y17  design_1_i/Conv_axis_vga_0/U0/SV_BLUE_reg_reg[4]/C
Low Pulse Width   Slow    FDCE/C   n/a            0.500         4.000       3.500      SLICE_X42Y16  design_1_i/Conv_axis_vga_0/U0/SV_BLUE_reg_reg[5]/C
Low Pulse Width   Slow    FDCE/C   n/a            0.500         4.000       3.500      SLICE_X42Y15  design_1_i/Conv_axis_vga_0/U0/SV_BLUE_reg_reg[6]/C
Low Pulse Width   Slow    FDCE/C   n/a            0.500         4.000       3.500      SLICE_X42Y15  design_1_i/Conv_axis_vga_0/U0/SV_BLUE_reg_reg[7]/C
Low Pulse Width   Slow    FDCE/C   n/a            0.500         4.000       3.500      SLICE_X42Y15  design_1_i/Conv_axis_vga_0/U0/SV_GREEN_reg_reg[4]/C
Low Pulse Width   Slow    FDCE/C   n/a            0.500         4.000       3.500      SLICE_X41Y15  design_1_i/Conv_axis_vga_0/U0/SV_GREEN_reg_reg[5]/C
Low Pulse Width   Slow    FDCE/C   n/a            0.500         4.000       3.500      SLICE_X41Y17  design_1_i/Conv_axis_vga_0/U0/SV_GREEN_reg_reg[6]/C
Low Pulse Width   Slow    FDCE/C   n/a            0.500         4.000       3.500      SLICE_X41Y17  design_1_i/Conv_axis_vga_0/U0/SV_GREEN_reg_reg[7]/C
Low Pulse Width   Slow    FDCE/C   n/a            0.500         4.000       3.500      SLICE_X41Y15  design_1_i/Conv_axis_vga_0/U0/SV_RED_reg_reg[4]/C
Low Pulse Width   Slow    FDCE/C   n/a            0.500         4.000       3.500      SLICE_X40Y16  design_1_i/Conv_axis_vga_0/U0/SV_RED_reg_reg[5]/C
High Pulse Width  Slow    FDCE/C   n/a            0.500         4.000       3.500      SLICE_X42Y20  design_1_i/Conv_axis_vga_0/U0/S_CTRL_V_reg[10]/C
High Pulse Width  Slow    FDCE/C   n/a            0.500         4.000       3.500      SLICE_X42Y20  design_1_i/Conv_axis_vga_0/U0/S_CTRL_V_reg[11]/C
High Pulse Width  Slow    FDCE/C   n/a            0.500         4.000       3.500      SLICE_X42Y19  design_1_i/Conv_axis_vga_0/U0/S_CTRL_V_reg[4]/C
High Pulse Width  Slow    FDCE/C   n/a            0.500         4.000       3.500      SLICE_X42Y19  design_1_i/Conv_axis_vga_0/U0/S_CTRL_V_reg[5]/C
High Pulse Width  Slow    FDCE/C   n/a            0.500         4.000       3.500      SLICE_X42Y19  design_1_i/Conv_axis_vga_0/U0/S_CTRL_V_reg[6]/C
High Pulse Width  Slow    FDCE/C   n/a            0.500         4.000       3.500      SLICE_X42Y19  design_1_i/Conv_axis_vga_0/U0/S_CTRL_V_reg[7]/C
High Pulse Width  Slow    FDCE/C   n/a            0.500         4.000       3.500      SLICE_X42Y20  design_1_i/Conv_axis_vga_0/U0/S_CTRL_V_reg[8]/C
High Pulse Width  Slow    FDCE/C   n/a            0.500         4.000       3.500      SLICE_X42Y20  design_1_i/Conv_axis_vga_0/U0/S_CTRL_V_reg[9]/C
High Pulse Width  Slow    FDRE/C   n/a            0.500         4.000       3.500      SLICE_X43Y20  design_1_i/Conv_axis_vga_0/U0/S_VGA_VS_O_reg/C
High Pulse Width  Slow    FDCE/C   n/a            0.500         4.000       3.500      SLICE_X41Y17  design_1_i/Conv_axis_vga_0/U0/SV_BLUE_reg_reg[4]/C



---------------------------------------------------------------------------------------------------
From Clock:  clk_fpga_0
  To Clock:  sys_clk_pin

Setup :            0  Failing Endpoints,  Worst Slack        0.375ns,  Total Violation        0.000ns
Hold  :            0  Failing Endpoints,  Worst Slack        0.034ns,  Total Violation        0.000ns
---------------------------------------------------------------------------------------------------


Max Delay Paths
--------------------------------------------------------------------------------------
Slack (MET) :             0.375ns  (required time - arrival time)
  Source:                 design_1_i/Top_tpg_0/U0/s_box_y_reg_reg[3]/C
                            (rising edge-triggered cell FDCE clocked by clk_fpga_0  {rise@0.000ns fall@20.000ns period=40.000ns})
  Destination:            design_1_i/Conv_axis_vga_0/U0/SV_GREEN_reg_reg[5]/D
                            (rising edge-triggered cell FDCE clocked by sys_clk_pin  {rise@0.000ns fall@4.000ns period=8.000ns})
  Path Group:             sys_clk_pin
  Path Type:              Setup (Max at Slow Process Corner)
  Requirement:            8.000ns  (sys_clk_pin rise@8.000ns - clk_fpga_0 rise@0.000ns)
  Data Path Delay:        5.686ns  (logic 2.442ns (42.951%)  route 3.244ns (57.049%))
  Logic Levels:           7  (CARRY4=3 LUT1=1 LUT2=1 LUT4=2)
  Clock Path Skew:        -1.369ns (DCD - SCD + CPR)
    Destination Clock Delay (DCD):    1.570ns = ( 9.570 - 8.000 ) 
    Source Clock Delay      (SCD):    3.054ns
    Clock Pessimism Removal (CPR):    0.115ns
  Clock Uncertainty:      0.601ns  ((TSJ^2 + TIJ^2)^1/2 + DJ) / 2 + PE
    Total System Jitter     (TSJ):    0.071ns
    Total Input Jitter      (TIJ):    1.200ns
    Discrete Jitter          (DJ):    0.000ns
    Phase Error              (PE):    0.000ns
  Clock Domain Crossing:  Inter clock paths are considered valid unless explicitly excluded by timing constraints such as set_clock_groups or set_false_path.

    Location             Delay type                Incr(ns)  Path(ns)    Netlist Resource(s)
  -------------------------------------------------------------------    -------------------
                         (clock clk_fpga_0 rise edge)
                                                      0.000     0.000 r  
    PS7_X0Y0             PS7                          0.000     0.000 r  design_1_i/processing_system7_0/inst/PS7_i/FCLKCLK[0]
                         net (fo=1, routed)           1.207     1.207    design_1_i/processing_system7_0/inst/FCLK_CLK_unbuffered[0]
    BUFGCTRL_X0Y0        BUFG (Prop_bufg_I_O)         0.101     1.308 r  design_1_i/processing_system7_0/inst/buffer_fclk_clk_0.FCLK_CLK_0_BUFG/O
                         net (fo=6928, routed)        1.746     3.054    design_1_i/Top_tpg_0/U0/Clk
    SLICE_X40Y33         FDCE                                         r  design_1_i/Top_tpg_0/U0/s_box_y_reg_reg[3]/C
  -------------------------------------------------------------------    -------------------
    SLICE_X40Y33         FDCE (Prop_fdce_C_Q)         0.456     3.510 f  design_1_i/Top_tpg_0/U0/s_box_y_reg_reg[3]/Q
                         net (fo=7, routed)           0.687     4.197    design_1_i/Top_tpg_0/U0/s_box_y_reg_reg[3]
    SLICE_X38Y33         LUT1 (Prop_lut1_I0_O)        0.124     4.321 r  design_1_i/Top_tpg_0/U0/_carry_i_6/O
                         net (fo=1, routed)           0.000     4.321    design_1_i/Top_tpg_0/U0/_carry_i_6_n_0
    SLICE_X38Y33         CARRY4 (Prop_carry4_S[1]_O[3])
                                                      0.643     4.964 r  design_1_i/Top_tpg_0/U0/_carry_i_5/O[3]
                         net (fo=1, routed)           0.658     5.622    design_1_i/Top_tpg_0/U0/_carry_i_5_n_4
    SLICE_X39Y33         LUT2 (Prop_lut2_I1_O)        0.307     5.929 r  design_1_i/Top_tpg_0/U0/_carry__0_i_3/O
                         net (fo=1, routed)           0.000     5.929    design_1_i/Top_tpg_0/U0/_carry__0_i_3_n_0
    SLICE_X39Y33         CARRY4 (Prop_carry4_S[1]_CO[3])
                                                      0.550     6.479 r  design_1_i/Top_tpg_0/U0/_carry__0/CO[3]
                         net (fo=1, routed)           0.000     6.479    design_1_i/Top_tpg_0/U0/_carry__0_n_0
    SLICE_X39Y34         CARRY4 (Prop_carry4_CI_CO[3])
                                                      0.114     6.593 f  design_1_i/Top_tpg_0/U0/_carry__1/CO[3]
                         net (fo=1, routed)           0.769     7.362    design_1_i/Top_tpg_0/U0/_carry__1_n_0
    SLICE_X41Y31         LUT4 (Prop_lut4_I3_O)        0.124     7.486 r  design_1_i/Top_tpg_0/U0/axis_tdata[0]_INST_0/O
                         net (fo=12, routed)          1.130     8.616    design_1_i/Switch_flux/U0/Axis_tdata_1[13]
    SLICE_X41Y15         LUT4 (Prop_lut4_I1_O)        0.124     8.740 r  design_1_i/Switch_flux/U0/Axis_tdata_out[13]_INST_0/O
                         net (fo=1, routed)           0.000     8.740    design_1_i/Conv_axis_vga_0/U0/axis_tdata[13]
    SLICE_X41Y15         FDCE                                         r  design_1_i/Conv_axis_vga_0/U0/SV_GREEN_reg_reg[5]/D
  -------------------------------------------------------------------    -------------------

                         (clock sys_clk_pin rise edge)
                                                      8.000     8.000 r  
    BUFGCTRL_X0Y0        BUFG                         0.000     8.000 r  design_1_i/processing_system7_0/inst/buffer_fclk_clk_0.FCLK_CLK_0_BUFG/O
                         net (fo=6928, routed)        1.570     9.570    design_1_i/Conv_axis_vga_0/U0/clk
    SLICE_X41Y15         FDCE                                         r  design_1_i/Conv_axis_vga_0/U0/SV_GREEN_reg_reg[5]/C
                         clock pessimism              0.115     9.685    
                         clock uncertainty           -0.601     9.084    
    SLICE_X41Y15         FDCE (Setup_fdce_C_D)        0.031     9.115    design_1_i/Conv_axis_vga_0/U0/SV_GREEN_reg_reg[5]
  -------------------------------------------------------------------
                         required time                          9.115    
                         arrival time                          -8.740    
  -------------------------------------------------------------------
                         slack                                  0.375    

Slack (MET) :             0.406ns  (required time - arrival time)
  Source:                 design_1_i/Top_tpg_0/U0/s_box_y_reg_reg[3]/C
                            (rising edge-triggered cell FDCE clocked by clk_fpga_0  {rise@0.000ns fall@20.000ns period=40.000ns})
  Destination:            design_1_i/Conv_axis_vga_0/U0/SV_BLUE_reg_reg[5]/D
                            (rising edge-triggered cell FDCE clocked by sys_clk_pin  {rise@0.000ns fall@4.000ns period=8.000ns})
  Path Group:             sys_clk_pin
  Path Type:              Setup (Max at Slow Process Corner)
  Requirement:            8.000ns  (sys_clk_pin rise@8.000ns - clk_fpga_0 rise@0.000ns)
  Data Path Delay:        5.700ns  (logic 2.442ns (42.845%)  route 3.258ns (57.155%))
  Logic Levels:           7  (CARRY4=3 LUT1=1 LUT2=1 LUT4=2)
  Clock Path Skew:        -1.370ns (DCD - SCD + CPR)
    Destination Clock Delay (DCD):    1.569ns = ( 9.569 - 8.000 ) 
    Source Clock Delay      (SCD):    3.054ns
    Clock Pessimism Removal (CPR):    0.115ns
  Clock Uncertainty:      0.601ns  ((TSJ^2 + TIJ^2)^1/2 + DJ) / 2 + PE
    Total System Jitter     (TSJ):    0.071ns
    Total Input Jitter      (TIJ):    1.200ns
    Discrete Jitter          (DJ):    0.000ns
    Phase Error              (PE):    0.000ns
  Clock Domain Crossing:  Inter clock paths are considered valid unless explicitly excluded by timing constraints such as set_clock_groups or set_false_path.

    Location             Delay type                Incr(ns)  Path(ns)    Netlist Resource(s)
  -------------------------------------------------------------------    -------------------
                         (clock clk_fpga_0 rise edge)
                                                      0.000     0.000 r  
    PS7_X0Y0             PS7                          0.000     0.000 r  design_1_i/processing_system7_0/inst/PS7_i/FCLKCLK[0]
                         net (fo=1, routed)           1.207     1.207    design_1_i/processing_system7_0/inst/FCLK_CLK_unbuffered[0]
    BUFGCTRL_X0Y0        BUFG (Prop_bufg_I_O)         0.101     1.308 r  design_1_i/processing_system7_0/inst/buffer_fclk_clk_0.FCLK_CLK_0_BUFG/O
                         net (fo=6928, routed)        1.746     3.054    design_1_i/Top_tpg_0/U0/Clk
    SLICE_X40Y33         FDCE                                         r  design_1_i/Top_tpg_0/U0/s_box_y_reg_reg[3]/C
  -------------------------------------------------------------------    -------------------
    SLICE_X40Y33         FDCE (Prop_fdce_C_Q)         0.456     3.510 f  design_1_i/Top_tpg_0/U0/s_box_y_reg_reg[3]/Q
                         net (fo=7, routed)           0.687     4.197    design_1_i/Top_tpg_0/U0/s_box_y_reg_reg[3]
    SLICE_X38Y33         LUT1 (Prop_lut1_I0_O)        0.124     4.321 r  design_1_i/Top_tpg_0/U0/_carry_i_6/O
                         net (fo=1, routed)           0.000     4.321    design_1_i/Top_tpg_0/U0/_carry_i_6_n_0
    SLICE_X38Y33         CARRY4 (Prop_carry4_S[1]_O[3])
                                                      0.643     4.964 r  design_1_i/Top_tpg_0/U0/_carry_i_5/O[3]
                         net (fo=1, routed)           0.658     5.622    design_1_i/Top_tpg_0/U0/_carry_i_5_n_4
    SLICE_X39Y33         LUT2 (Prop_lut2_I1_O)        0.307     5.929 r  design_1_i/Top_tpg_0/U0/_carry__0_i_3/O
                         net (fo=1, routed)           0.000     5.929    design_1_i/Top_tpg_0/U0/_carry__0_i_3_n_0
    SLICE_X39Y33         CARRY4 (Prop_carry4_S[1]_CO[3])
                                                      0.550     6.479 r  design_1_i/Top_tpg_0/U0/_carry__0/CO[3]
                         net (fo=1, routed)           0.000     6.479    design_1_i/Top_tpg_0/U0/_carry__0_n_0
    SLICE_X39Y34         CARRY4 (Prop_carry4_CI_CO[3])
                                                      0.114     6.593 f  design_1_i/Top_tpg_0/U0/_carry__1/CO[3]
                         net (fo=1, routed)           0.769     7.362    design_1_i/Top_tpg_0/U0/_carry__1_n_0
    SLICE_X41Y31         LUT4 (Prop_lut4_I3_O)        0.124     7.486 r  design_1_i/Top_tpg_0/U0/axis_tdata[0]_INST_0/O
                         net (fo=12, routed)          1.144     8.630    design_1_i/Switch_flux/U0/Axis_tdata_1[21]
    SLICE_X42Y16         LUT4 (Prop_lut4_I1_O)        0.124     8.754 r  design_1_i/Switch_flux/U0/Axis_tdata_out[21]_INST_0/O
                         net (fo=1, routed)           0.000     8.754    design_1_i/Conv_axis_vga_0/U0/axis_tdata[21]
    SLICE_X42Y16         FDCE                                         r  design_1_i/Conv_axis_vga_0/U0/SV_BLUE_reg_reg[5]/D
  -------------------------------------------------------------------    -------------------

                         (clock sys_clk_pin rise edge)
                                                      8.000     8.000 r  
    BUFGCTRL_X0Y0        BUFG                         0.000     8.000 r  design_1_i/processing_system7_0/inst/buffer_fclk_clk_0.FCLK_CLK_0_BUFG/O
                         net (fo=6928, routed)        1.569     9.569    design_1_i/Conv_axis_vga_0/U0/clk
    SLICE_X42Y16         FDCE                                         r  design_1_i/Conv_axis_vga_0/U0/SV_BLUE_reg_reg[5]/C
                         clock pessimism              0.115     9.684    
                         clock uncertainty           -0.601     9.083    
    SLICE_X42Y16         FDCE (Setup_fdce_C_D)        0.077     9.160    design_1_i/Conv_axis_vga_0/U0/SV_BLUE_reg_reg[5]
  -------------------------------------------------------------------
                         required time                          9.160    
                         arrival time                          -8.754    
  -------------------------------------------------------------------
                         slack                                  0.406    

Slack (MET) :             0.413ns  (required time - arrival time)
  Source:                 design_1_i/Top_tpg_0/U0/s_box_y_reg_reg[3]/C
                            (rising edge-triggered cell FDCE clocked by clk_fpga_0  {rise@0.000ns fall@20.000ns period=40.000ns})
  Destination:            design_1_i/Conv_axis_vga_0/U0/SV_RED_reg_reg[7]/D
                            (rising edge-triggered cell FDCE clocked by sys_clk_pin  {rise@0.000ns fall@4.000ns period=8.000ns})
  Path Group:             sys_clk_pin
  Path Type:              Setup (Max at Slow Process Corner)
  Requirement:            8.000ns  (sys_clk_pin rise@8.000ns - clk_fpga_0 rise@0.000ns)
  Data Path Delay:        5.697ns  (logic 2.442ns (42.868%)  route 3.255ns (57.132%))
  Logic Levels:           7  (CARRY4=3 LUT1=1 LUT2=1 LUT4=2)
  Clock Path Skew:        -1.370ns (DCD - SCD + CPR)
    Destination Clock Delay (DCD):    1.569ns = ( 9.569 - 8.000 ) 
    Source Clock Delay      (SCD):    3.054ns
    Clock Pessimism Removal (CPR):    0.115ns
  Clock Uncertainty:      0.601ns  ((TSJ^2 + TIJ^2)^1/2 + DJ) / 2 + PE
    Total System Jitter     (TSJ):    0.071ns
    Total Input Jitter      (TIJ):    1.200ns
    Discrete Jitter          (DJ):    0.000ns
    Phase Error              (PE):    0.000ns
  Clock Domain Crossing:  Inter clock paths are considered valid unless explicitly excluded by timing constraints such as set_clock_groups or set_false_path.

    Location             Delay type                Incr(ns)  Path(ns)    Netlist Resource(s)
  -------------------------------------------------------------------    -------------------
                         (clock clk_fpga_0 rise edge)
                                                      0.000     0.000 r  
    PS7_X0Y0             PS7                          0.000     0.000 r  design_1_i/processing_system7_0/inst/PS7_i/FCLKCLK[0]
                         net (fo=1, routed)           1.207     1.207    design_1_i/processing_system7_0/inst/FCLK_CLK_unbuffered[0]
    BUFGCTRL_X0Y0        BUFG (Prop_bufg_I_O)         0.101     1.308 r  design_1_i/processing_system7_0/inst/buffer_fclk_clk_0.FCLK_CLK_0_BUFG/O
                         net (fo=6928, routed)        1.746     3.054    design_1_i/Top_tpg_0/U0/Clk
    SLICE_X40Y33         FDCE                                         r  design_1_i/Top_tpg_0/U0/s_box_y_reg_reg[3]/C
  -------------------------------------------------------------------    -------------------
    SLICE_X40Y33         FDCE (Prop_fdce_C_Q)         0.456     3.510 f  design_1_i/Top_tpg_0/U0/s_box_y_reg_reg[3]/Q
                         net (fo=7, routed)           0.687     4.197    design_1_i/Top_tpg_0/U0/s_box_y_reg_reg[3]
    SLICE_X38Y33         LUT1 (Prop_lut1_I0_O)        0.124     4.321 r  design_1_i/Top_tpg_0/U0/_carry_i_6/O
                         net (fo=1, routed)           0.000     4.321    design_1_i/Top_tpg_0/U0/_carry_i_6_n_0
    SLICE_X38Y33         CARRY4 (Prop_carry4_S[1]_O[3])
                                                      0.643     4.964 r  design_1_i/Top_tpg_0/U0/_carry_i_5/O[3]
                         net (fo=1, routed)           0.658     5.622    design_1_i/Top_tpg_0/U0/_carry_i_5_n_4
    SLICE_X39Y33         LUT2 (Prop_lut2_I1_O)        0.307     5.929 r  design_1_i/Top_tpg_0/U0/_carry__0_i_3/O
                         net (fo=1, routed)           0.000     5.929    design_1_i/Top_tpg_0/U0/_carry__0_i_3_n_0
    SLICE_X39Y33         CARRY4 (Prop_carry4_S[1]_CO[3])
                                                      0.550     6.479 r  design_1_i/Top_tpg_0/U0/_carry__0/CO[3]
                         net (fo=1, routed)           0.000     6.479    design_1_i/Top_tpg_0/U0/_carry__0_n_0
    SLICE_X39Y34         CARRY4 (Prop_carry4_CI_CO[3])
                                                      0.114     6.593 f  design_1_i/Top_tpg_0/U0/_carry__1/CO[3]
                         net (fo=1, routed)           0.769     7.362    design_1_i/Top_tpg_0/U0/_carry__1_n_0
    SLICE_X41Y31         LUT4 (Prop_lut4_I3_O)        0.124     7.486 r  design_1_i/Top_tpg_0/U0/axis_tdata[0]_INST_0/O
                         net (fo=12, routed)          1.141     8.627    design_1_i/Switch_flux/U0/Axis_tdata_1[7]
    SLICE_X42Y16         LUT4 (Prop_lut4_I1_O)        0.124     8.751 r  design_1_i/Switch_flux/U0/Axis_tdata_out[7]_INST_0/O
                         net (fo=1, routed)           0.000     8.751    design_1_i/Conv_axis_vga_0/U0/axis_tdata[7]
    SLICE_X42Y16         FDCE                                         r  design_1_i/Conv_axis_vga_0/U0/SV_RED_reg_reg[7]/D
  -------------------------------------------------------------------    -------------------

                         (clock sys_clk_pin rise edge)
                                                      8.000     8.000 r  
    BUFGCTRL_X0Y0        BUFG                         0.000     8.000 r  design_1_i/processing_system7_0/inst/buffer_fclk_clk_0.FCLK_CLK_0_BUFG/O
                         net (fo=6928, routed)        1.569     9.569    design_1_i/Conv_axis_vga_0/U0/clk
    SLICE_X42Y16         FDCE                                         r  design_1_i/Conv_axis_vga_0/U0/SV_RED_reg_reg[7]/C
                         clock pessimism              0.115     9.684    
                         clock uncertainty           -0.601     9.083    
    SLICE_X42Y16         FDCE (Setup_fdce_C_D)        0.081     9.164    design_1_i/Conv_axis_vga_0/U0/SV_RED_reg_reg[7]
  -------------------------------------------------------------------
                         required time                          9.164    
                         arrival time                          -8.751    
  -------------------------------------------------------------------
                         slack                                  0.413    

Slack (MET) :             0.437ns  (required time - arrival time)
  Source:                 design_1_i/Top_tpg_0/U0/s_box_y_reg_reg[3]/C
                            (rising edge-triggered cell FDCE clocked by clk_fpga_0  {rise@0.000ns fall@20.000ns period=40.000ns})
  Destination:            design_1_i/Conv_axis_vga_0/U0/SV_RED_reg_reg[5]/D
                            (rising edge-triggered cell FDCE clocked by sys_clk_pin  {rise@0.000ns fall@4.000ns period=8.000ns})
  Path Group:             sys_clk_pin
  Path Type:              Setup (Max at Slow Process Corner)
  Requirement:            8.000ns  (sys_clk_pin rise@8.000ns - clk_fpga_0 rise@0.000ns)
  Data Path Delay:        5.621ns  (logic 2.442ns (43.445%)  route 3.179ns (56.555%))
  Logic Levels:           7  (CARRY4=3 LUT1=1 LUT2=1 LUT4=2)
  Clock Path Skew:        -1.370ns (DCD - SCD + CPR)
    Destination Clock Delay (DCD):    1.569ns = ( 9.569 - 8.000 ) 
    Source Clock Delay      (SCD):    3.054ns
    Clock Pessimism Removal (CPR):    0.115ns
  Clock Uncertainty:      0.601ns  ((TSJ^2 + TIJ^2)^1/2 + DJ) / 2 + PE
    Total System Jitter     (TSJ):    0.071ns
    Total Input Jitter      (TIJ):    1.200ns
    Discrete Jitter          (DJ):    0.000ns
    Phase Error              (PE):    0.000ns
  Clock Domain Crossing:  Inter clock paths are considered valid unless explicitly excluded by timing constraints such as set_clock_groups or set_false_path.

    Location             Delay type                Incr(ns)  Path(ns)    Netlist Resource(s)
  -------------------------------------------------------------------    -------------------
                         (clock clk_fpga_0 rise edge)
                                                      0.000     0.000 r  
    PS7_X0Y0             PS7                          0.000     0.000 r  design_1_i/processing_system7_0/inst/PS7_i/FCLKCLK[0]
                         net (fo=1, routed)           1.207     1.207    design_1_i/processing_system7_0/inst/FCLK_CLK_unbuffered[0]
    BUFGCTRL_X0Y0        BUFG (Prop_bufg_I_O)         0.101     1.308 r  design_1_i/processing_system7_0/inst/buffer_fclk_clk_0.FCLK_CLK_0_BUFG/O
                         net (fo=6928, routed)        1.746     3.054    design_1_i/Top_tpg_0/U0/Clk
    SLICE_X40Y33         FDCE                                         r  design_1_i/Top_tpg_0/U0/s_box_y_reg_reg[3]/C
  -------------------------------------------------------------------    -------------------
    SLICE_X40Y33         FDCE (Prop_fdce_C_Q)         0.456     3.510 f  design_1_i/Top_tpg_0/U0/s_box_y_reg_reg[3]/Q
                         net (fo=7, routed)           0.687     4.197    design_1_i/Top_tpg_0/U0/s_box_y_reg_reg[3]
    SLICE_X38Y33         LUT1 (Prop_lut1_I0_O)        0.124     4.321 r  design_1_i/Top_tpg_0/U0/_carry_i_6/O
                         net (fo=1, routed)           0.000     4.321    design_1_i/Top_tpg_0/U0/_carry_i_6_n_0
    SLICE_X38Y33         CARRY4 (Prop_carry4_S[1]_O[3])
                                                      0.643     4.964 r  design_1_i/Top_tpg_0/U0/_carry_i_5/O[3]
                         net (fo=1, routed)           0.658     5.622    design_1_i/Top_tpg_0/U0/_carry_i_5_n_4
    SLICE_X39Y33         LUT2 (Prop_lut2_I1_O)        0.307     5.929 r  design_1_i/Top_tpg_0/U0/_carry__0_i_3/O
                         net (fo=1, routed)           0.000     5.929    design_1_i/Top_tpg_0/U0/_carry__0_i_3_n_0
    SLICE_X39Y33         CARRY4 (Prop_carry4_S[1]_CO[3])
                                                      0.550     6.479 r  design_1_i/Top_tpg_0/U0/_carry__0/CO[3]
                         net (fo=1, routed)           0.000     6.479    design_1_i/Top_tpg_0/U0/_carry__0_n_0
    SLICE_X39Y34         CARRY4 (Prop_carry4_CI_CO[3])
                                                      0.114     6.593 f  design_1_i/Top_tpg_0/U0/_carry__1/CO[3]
                         net (fo=1, routed)           0.769     7.362    design_1_i/Top_tpg_0/U0/_carry__1_n_0
    SLICE_X41Y31         LUT4 (Prop_lut4_I3_O)        0.124     7.486 r  design_1_i/Top_tpg_0/U0/axis_tdata[0]_INST_0/O
                         net (fo=12, routed)          1.065     8.551    design_1_i/Switch_flux/U0/Axis_tdata_1[5]
    SLICE_X40Y16         LUT4 (Prop_lut4_I1_O)        0.124     8.675 r  design_1_i/Switch_flux/U0/Axis_tdata_out[5]_INST_0/O
                         net (fo=1, routed)           0.000     8.675    design_1_i/Conv_axis_vga_0/U0/axis_tdata[5]
    SLICE_X40Y16         FDCE                                         r  design_1_i/Conv_axis_vga_0/U0/SV_RED_reg_reg[5]/D
  -------------------------------------------------------------------    -------------------

                         (clock sys_clk_pin rise edge)
                                                      8.000     8.000 r  
    BUFGCTRL_X0Y0        BUFG                         0.000     8.000 r  design_1_i/processing_system7_0/inst/buffer_fclk_clk_0.FCLK_CLK_0_BUFG/O
                         net (fo=6928, routed)        1.569     9.569    design_1_i/Conv_axis_vga_0/U0/clk
    SLICE_X40Y16         FDCE                                         r  design_1_i/Conv_axis_vga_0/U0/SV_RED_reg_reg[5]/C
                         clock pessimism              0.115     9.684    
                         clock uncertainty           -0.601     9.083    
    SLICE_X40Y16         FDCE (Setup_fdce_C_D)        0.029     9.112    design_1_i/Conv_axis_vga_0/U0/SV_RED_reg_reg[5]
  -------------------------------------------------------------------
                         required time                          9.112    
                         arrival time                          -8.675    
  -------------------------------------------------------------------
                         slack                                  0.437    

Slack (MET) :             0.453ns  (required time - arrival time)
  Source:                 design_1_i/Top_tpg_0/U0/s_box_y_reg_reg[3]/C
                            (rising edge-triggered cell FDCE clocked by clk_fpga_0  {rise@0.000ns fall@20.000ns period=40.000ns})
  Destination:            design_1_i/Conv_axis_vga_0/U0/SV_RED_reg_reg[4]/D
                            (rising edge-triggered cell FDCE clocked by sys_clk_pin  {rise@0.000ns fall@4.000ns period=8.000ns})
  Path Group:             sys_clk_pin
  Path Type:              Setup (Max at Slow Process Corner)
  Requirement:            8.000ns  (sys_clk_pin rise@8.000ns - clk_fpga_0 rise@0.000ns)
  Data Path Delay:        5.608ns  (logic 2.442ns (43.544%)  route 3.166ns (56.456%))
  Logic Levels:           7  (CARRY4=3 LUT1=1 LUT2=1 LUT4=2)
  Clock Path Skew:        -1.369ns (DCD - SCD + CPR)
    Destination Clock Delay (DCD):    1.570ns = ( 9.570 - 8.000 ) 
    Source Clock Delay      (SCD):    3.054ns
    Clock Pessimism Removal (CPR):    0.115ns
  Clock Uncertainty:      0.601ns  ((TSJ^2 + TIJ^2)^1/2 + DJ) / 2 + PE
    Total System Jitter     (TSJ):    0.071ns
    Total Input Jitter      (TIJ):    1.200ns
    Discrete Jitter          (DJ):    0.000ns
    Phase Error              (PE):    0.000ns
  Clock Domain Crossing:  Inter clock paths are considered valid unless explicitly excluded by timing constraints such as set_clock_groups or set_false_path.

    Location             Delay type                Incr(ns)  Path(ns)    Netlist Resource(s)
  -------------------------------------------------------------------    -------------------
                         (clock clk_fpga_0 rise edge)
                                                      0.000     0.000 r  
    PS7_X0Y0             PS7                          0.000     0.000 r  design_1_i/processing_system7_0/inst/PS7_i/FCLKCLK[0]
                         net (fo=1, routed)           1.207     1.207    design_1_i/processing_system7_0/inst/FCLK_CLK_unbuffered[0]
    BUFGCTRL_X0Y0        BUFG (Prop_bufg_I_O)         0.101     1.308 r  design_1_i/processing_system7_0/inst/buffer_fclk_clk_0.FCLK_CLK_0_BUFG/O
                         net (fo=6928, routed)        1.746     3.054    design_1_i/Top_tpg_0/U0/Clk
    SLICE_X40Y33         FDCE                                         r  design_1_i/Top_tpg_0/U0/s_box_y_reg_reg[3]/C
  -------------------------------------------------------------------    -------------------
    SLICE_X40Y33         FDCE (Prop_fdce_C_Q)         0.456     3.510 f  design_1_i/Top_tpg_0/U0/s_box_y_reg_reg[3]/Q
                         net (fo=7, routed)           0.687     4.197    design_1_i/Top_tpg_0/U0/s_box_y_reg_reg[3]
    SLICE_X38Y33         LUT1 (Prop_lut1_I0_O)        0.124     4.321 r  design_1_i/Top_tpg_0/U0/_carry_i_6/O
                         net (fo=1, routed)           0.000     4.321    design_1_i/Top_tpg_0/U0/_carry_i_6_n_0
    SLICE_X38Y33         CARRY4 (Prop_carry4_S[1]_O[3])
                                                      0.643     4.964 r  design_1_i/Top_tpg_0/U0/_carry_i_5/O[3]
                         net (fo=1, routed)           0.658     5.622    design_1_i/Top_tpg_0/U0/_carry_i_5_n_4
    SLICE_X39Y33         LUT2 (Prop_lut2_I1_O)        0.307     5.929 r  design_1_i/Top_tpg_0/U0/_carry__0_i_3/O
                         net (fo=1, routed)           0.000     5.929    design_1_i/Top_tpg_0/U0/_carry__0_i_3_n_0
    SLICE_X39Y33         CARRY4 (Prop_carry4_S[1]_CO[3])
                                                      0.550     6.479 r  design_1_i/Top_tpg_0/U0/_carry__0/CO[3]
                         net (fo=1, routed)           0.000     6.479    design_1_i/Top_tpg_0/U0/_carry__0_n_0
    SLICE_X39Y34         CARRY4 (Prop_carry4_CI_CO[3])
                                                      0.114     6.593 f  design_1_i/Top_tpg_0/U0/_carry__1/CO[3]
                         net (fo=1, routed)           0.769     7.362    design_1_i/Top_tpg_0/U0/_carry__1_n_0
    SLICE_X41Y31         LUT4 (Prop_lut4_I3_O)        0.124     7.486 r  design_1_i/Top_tpg_0/U0/axis_tdata[0]_INST_0/O
                         net (fo=12, routed)          1.052     8.538    design_1_i/Switch_flux/U0/Axis_tdata_1[4]
    SLICE_X41Y15         LUT4 (Prop_lut4_I1_O)        0.124     8.662 r  design_1_i/Switch_flux/U0/Axis_tdata_out[4]_INST_0/O
                         net (fo=1, routed)           0.000     8.662    design_1_i/Conv_axis_vga_0/U0/axis_tdata[4]
    SLICE_X41Y15         FDCE                                         r  design_1_i/Conv_axis_vga_0/U0/SV_RED_reg_reg[4]/D
  -------------------------------------------------------------------    -------------------

                         (clock sys_clk_pin rise edge)
                                                      8.000     8.000 r  
    BUFGCTRL_X0Y0        BUFG                         0.000     8.000 r  design_1_i/processing_system7_0/inst/buffer_fclk_clk_0.FCLK_CLK_0_BUFG/O
                         net (fo=6928, routed)        1.570     9.570    design_1_i/Conv_axis_vga_0/U0/clk
    SLICE_X41Y15         FDCE                                         r  design_1_i/Conv_axis_vga_0/U0/SV_RED_reg_reg[4]/C
                         clock pessimism              0.115     9.685    
                         clock uncertainty           -0.601     9.084    
    SLICE_X41Y15         FDCE (Setup_fdce_C_D)        0.031     9.115    design_1_i/Conv_axis_vga_0/U0/SV_RED_reg_reg[4]
  -------------------------------------------------------------------
                         required time                          9.115    
                         arrival time                          -8.662    
  -------------------------------------------------------------------
                         slack                                  0.453    

Slack (MET) :             0.466ns  (required time - arrival time)
  Source:                 design_1_i/Top_tpg_0/U0/s_box_y_reg_reg[3]/C
                            (rising edge-triggered cell FDCE clocked by clk_fpga_0  {rise@0.000ns fall@20.000ns period=40.000ns})
  Destination:            design_1_i/Conv_axis_vga_0/U0/SV_GREEN_reg_reg[6]/D
                            (rising edge-triggered cell FDCE clocked by sys_clk_pin  {rise@0.000ns fall@4.000ns period=8.000ns})
  Path Group:             sys_clk_pin
  Path Type:              Setup (Max at Slow Process Corner)
  Requirement:            8.000ns  (sys_clk_pin rise@8.000ns - clk_fpga_0 rise@0.000ns)
  Data Path Delay:        5.593ns  (logic 2.442ns (43.665%)  route 3.151ns (56.335%))
  Logic Levels:           7  (CARRY4=3 LUT1=1 LUT2=1 LUT4=2)
  Clock Path Skew:        -1.371ns (DCD - SCD + CPR)
    Destination Clock Delay (DCD):    1.568ns = ( 9.568 - 8.000 ) 
    Source Clock Delay      (SCD):    3.054ns
    Clock Pessimism Removal (CPR):    0.115ns
  Clock Uncertainty:      0.601ns  ((TSJ^2 + TIJ^2)^1/2 + DJ) / 2 + PE
    Total System Jitter     (TSJ):    0.071ns
    Total Input Jitter      (TIJ):    1.200ns
    Discrete Jitter          (DJ):    0.000ns
    Phase Error              (PE):    0.000ns
  Clock Domain Crossing:  Inter clock paths are considered valid unless explicitly excluded by timing constraints such as set_clock_groups or set_false_path.

    Location             Delay type                Incr(ns)  Path(ns)    Netlist Resource(s)
  -------------------------------------------------------------------    -------------------
                         (clock clk_fpga_0 rise edge)
                                                      0.000     0.000 r  
    PS7_X0Y0             PS7                          0.000     0.000 r  design_1_i/processing_system7_0/inst/PS7_i/FCLKCLK[0]
                         net (fo=1, routed)           1.207     1.207    design_1_i/processing_system7_0/inst/FCLK_CLK_unbuffered[0]
    BUFGCTRL_X0Y0        BUFG (Prop_bufg_I_O)         0.101     1.308 r  design_1_i/processing_system7_0/inst/buffer_fclk_clk_0.FCLK_CLK_0_BUFG/O
                         net (fo=6928, routed)        1.746     3.054    design_1_i/Top_tpg_0/U0/Clk
    SLICE_X40Y33         FDCE                                         r  design_1_i/Top_tpg_0/U0/s_box_y_reg_reg[3]/C
  -------------------------------------------------------------------    -------------------
    SLICE_X40Y33         FDCE (Prop_fdce_C_Q)         0.456     3.510 f  design_1_i/Top_tpg_0/U0/s_box_y_reg_reg[3]/Q
                         net (fo=7, routed)           0.687     4.197    design_1_i/Top_tpg_0/U0/s_box_y_reg_reg[3]
    SLICE_X38Y33         LUT1 (Prop_lut1_I0_O)        0.124     4.321 r  design_1_i/Top_tpg_0/U0/_carry_i_6/O
                         net (fo=1, routed)           0.000     4.321    design_1_i/Top_tpg_0/U0/_carry_i_6_n_0
    SLICE_X38Y33         CARRY4 (Prop_carry4_S[1]_O[3])
                                                      0.643     4.964 r  design_1_i/Top_tpg_0/U0/_carry_i_5/O[3]
                         net (fo=1, routed)           0.658     5.622    design_1_i/Top_tpg_0/U0/_carry_i_5_n_4
    SLICE_X39Y33         LUT2 (Prop_lut2_I1_O)        0.307     5.929 r  design_1_i/Top_tpg_0/U0/_carry__0_i_3/O
                         net (fo=1, routed)           0.000     5.929    design_1_i/Top_tpg_0/U0/_carry__0_i_3_n_0
    SLICE_X39Y33         CARRY4 (Prop_carry4_S[1]_CO[3])
                                                      0.550     6.479 r  design_1_i/Top_tpg_0/U0/_carry__0/CO[3]
                         net (fo=1, routed)           0.000     6.479    design_1_i/Top_tpg_0/U0/_carry__0_n_0
    SLICE_X39Y34         CARRY4 (Prop_carry4_CI_CO[3])
                                                      0.114     6.593 f  design_1_i/Top_tpg_0/U0/_carry__1/CO[3]
                         net (fo=1, routed)           0.769     7.362    design_1_i/Top_tpg_0/U0/_carry__1_n_0
    SLICE_X41Y31         LUT4 (Prop_lut4_I3_O)        0.124     7.486 r  design_1_i/Top_tpg_0/U0/axis_tdata[0]_INST_0/O
                         net (fo=12, routed)          1.037     8.523    design_1_i/Switch_flux/U0/Axis_tdata_1[14]
    SLICE_X41Y17         LUT4 (Prop_lut4_I1_O)        0.124     8.647 r  design_1_i/Switch_flux/U0/Axis_tdata_out[14]_INST_0/O
                         net (fo=1, routed)           0.000     8.647    design_1_i/Conv_axis_vga_0/U0/axis_tdata[14]
    SLICE_X41Y17         FDCE                                         r  design_1_i/Conv_axis_vga_0/U0/SV_GREEN_reg_reg[6]/D
  -------------------------------------------------------------------    -------------------

                         (clock sys_clk_pin rise edge)
                                                      8.000     8.000 r  
    BUFGCTRL_X0Y0        BUFG                         0.000     8.000 r  design_1_i/processing_system7_0/inst/buffer_fclk_clk_0.FCLK_CLK_0_BUFG/O
                         net (fo=6928, routed)        1.568     9.568    design_1_i/Conv_axis_vga_0/U0/clk
    SLICE_X41Y17         FDCE                                         r  design_1_i/Conv_axis_vga_0/U0/SV_GREEN_reg_reg[6]/C
                         clock pessimism              0.115     9.683    
                         clock uncertainty           -0.601     9.082    
    SLICE_X41Y17         FDCE (Setup_fdce_C_D)        0.031     9.113    design_1_i/Conv_axis_vga_0/U0/SV_GREEN_reg_reg[6]
  -------------------------------------------------------------------
                         required time                          9.113    
                         arrival time                          -8.647    
  -------------------------------------------------------------------
                         slack                                  0.466    

Slack (MET) :             0.482ns  (required time - arrival time)
  Source:                 design_1_i/Top_tpg_0/U0/s_box_y_reg_reg[3]/C
                            (rising edge-triggered cell FDCE clocked by clk_fpga_0  {rise@0.000ns fall@20.000ns period=40.000ns})
  Destination:            design_1_i/Conv_axis_vga_0/U0/SV_RED_reg_reg[6]/D
                            (rising edge-triggered cell FDCE clocked by sys_clk_pin  {rise@0.000ns fall@4.000ns period=8.000ns})
  Path Group:             sys_clk_pin
  Path Type:              Setup (Max at Slow Process Corner)
  Requirement:            8.000ns  (sys_clk_pin rise@8.000ns - clk_fpga_0 rise@0.000ns)
  Data Path Delay:        5.578ns  (logic 2.442ns (43.776%)  route 3.136ns (56.224%))
  Logic Levels:           7  (CARRY4=3 LUT1=1 LUT2=1 LUT4=2)
  Clock Path Skew:        -1.370ns (DCD - SCD + CPR)
    Destination Clock Delay (DCD):    1.569ns = ( 9.569 - 8.000 ) 
    Source Clock Delay      (SCD):    3.054ns
    Clock Pessimism Removal (CPR):    0.115ns
  Clock Uncertainty:      0.601ns  ((TSJ^2 + TIJ^2)^1/2 + DJ) / 2 + PE
    Total System Jitter     (TSJ):    0.071ns
    Total Input Jitter      (TIJ):    1.200ns
    Discrete Jitter          (DJ):    0.000ns
    Phase Error              (PE):    0.000ns
  Clock Domain Crossing:  Inter clock paths are considered valid unless explicitly excluded by timing constraints such as set_clock_groups or set_false_path.

    Location             Delay type                Incr(ns)  Path(ns)    Netlist Resource(s)
  -------------------------------------------------------------------    -------------------
                         (clock clk_fpga_0 rise edge)
                                                      0.000     0.000 r  
    PS7_X0Y0             PS7                          0.000     0.000 r  design_1_i/processing_system7_0/inst/PS7_i/FCLKCLK[0]
                         net (fo=1, routed)           1.207     1.207    design_1_i/processing_system7_0/inst/FCLK_CLK_unbuffered[0]
    BUFGCTRL_X0Y0        BUFG (Prop_bufg_I_O)         0.101     1.308 r  design_1_i/processing_system7_0/inst/buffer_fclk_clk_0.FCLK_CLK_0_BUFG/O
                         net (fo=6928, routed)        1.746     3.054    design_1_i/Top_tpg_0/U0/Clk
    SLICE_X40Y33         FDCE                                         r  design_1_i/Top_tpg_0/U0/s_box_y_reg_reg[3]/C
  -------------------------------------------------------------------    -------------------
    SLICE_X40Y33         FDCE (Prop_fdce_C_Q)         0.456     3.510 f  design_1_i/Top_tpg_0/U0/s_box_y_reg_reg[3]/Q
                         net (fo=7, routed)           0.687     4.197    design_1_i/Top_tpg_0/U0/s_box_y_reg_reg[3]
    SLICE_X38Y33         LUT1 (Prop_lut1_I0_O)        0.124     4.321 r  design_1_i/Top_tpg_0/U0/_carry_i_6/O
                         net (fo=1, routed)           0.000     4.321    design_1_i/Top_tpg_0/U0/_carry_i_6_n_0
    SLICE_X38Y33         CARRY4 (Prop_carry4_S[1]_O[3])
                                                      0.643     4.964 r  design_1_i/Top_tpg_0/U0/_carry_i_5/O[3]
                         net (fo=1, routed)           0.658     5.622    design_1_i/Top_tpg_0/U0/_carry_i_5_n_4
    SLICE_X39Y33         LUT2 (Prop_lut2_I1_O)        0.307     5.929 r  design_1_i/Top_tpg_0/U0/_carry__0_i_3/O
                         net (fo=1, routed)           0.000     5.929    design_1_i/Top_tpg_0/U0/_carry__0_i_3_n_0
    SLICE_X39Y33         CARRY4 (Prop_carry4_S[1]_CO[3])
                                                      0.550     6.479 r  design_1_i/Top_tpg_0/U0/_carry__0/CO[3]
                         net (fo=1, routed)           0.000     6.479    design_1_i/Top_tpg_0/U0/_carry__0_n_0
    SLICE_X39Y34         CARRY4 (Prop_carry4_CI_CO[3])
                                                      0.114     6.593 f  design_1_i/Top_tpg_0/U0/_carry__1/CO[3]
                         net (fo=1, routed)           0.769     7.362    design_1_i/Top_tpg_0/U0/_carry__1_n_0
    SLICE_X41Y31         LUT4 (Prop_lut4_I3_O)        0.124     7.486 r  design_1_i/Top_tpg_0/U0/axis_tdata[0]_INST_0/O
                         net (fo=12, routed)          1.023     8.508    design_1_i/Switch_flux/U0/Axis_tdata_1[6]
    SLICE_X40Y16         LUT4 (Prop_lut4_I1_O)        0.124     8.632 r  design_1_i/Switch_flux/U0/Axis_tdata_out[6]_INST_0/O
                         net (fo=1, routed)           0.000     8.632    design_1_i/Conv_axis_vga_0/U0/axis_tdata[6]
    SLICE_X40Y16         FDCE                                         r  design_1_i/Conv_axis_vga_0/U0/SV_RED_reg_reg[6]/D
  -------------------------------------------------------------------    -------------------

                         (clock sys_clk_pin rise edge)
                                                      8.000     8.000 r  
    BUFGCTRL_X0Y0        BUFG                         0.000     8.000 r  design_1_i/processing_system7_0/inst/buffer_fclk_clk_0.FCLK_CLK_0_BUFG/O
                         net (fo=6928, routed)        1.569     9.569    design_1_i/Conv_axis_vga_0/U0/clk
    SLICE_X40Y16         FDCE                                         r  design_1_i/Conv_axis_vga_0/U0/SV_RED_reg_reg[6]/C
                         clock pessimism              0.115     9.684    
                         clock uncertainty           -0.601     9.083    
    SLICE_X40Y16         FDCE (Setup_fdce_C_D)        0.031     9.114    design_1_i/Conv_axis_vga_0/U0/SV_RED_reg_reg[6]
  -------------------------------------------------------------------
                         required time                          9.114    
                         arrival time                          -8.632    
  -------------------------------------------------------------------
                         slack                                  0.482    

Slack (MET) :             0.502ns  (required time - arrival time)
  Source:                 design_1_i/Top_tpg_0/U0/s_box_y_reg_reg[3]/C
                            (rising edge-triggered cell FDCE clocked by clk_fpga_0  {rise@0.000ns fall@20.000ns period=40.000ns})
  Destination:            design_1_i/Conv_axis_vga_0/U0/SV_GREEN_reg_reg[4]/D
                            (rising edge-triggered cell FDCE clocked by sys_clk_pin  {rise@0.000ns fall@4.000ns period=8.000ns})
  Path Group:             sys_clk_pin
  Path Type:              Setup (Max at Slow Process Corner)
  Requirement:            8.000ns  (sys_clk_pin rise@8.000ns - clk_fpga_0 rise@0.000ns)
  Data Path Delay:        5.605ns  (logic 2.442ns (43.565%)  route 3.163ns (56.435%))
  Logic Levels:           7  (CARRY4=3 LUT1=1 LUT2=1 LUT4=2)
  Clock Path Skew:        -1.369ns (DCD - SCD + CPR)
    Destination Clock Delay (DCD):    1.570ns = ( 9.570 - 8.000 ) 
    Source Clock Delay      (SCD):    3.054ns
    Clock Pessimism Removal (CPR):    0.115ns
  Clock Uncertainty:      0.601ns  ((TSJ^2 + TIJ^2)^1/2 + DJ) / 2 + PE
    Total System Jitter     (TSJ):    0.071ns
    Total Input Jitter      (TIJ):    1.200ns
    Discrete Jitter          (DJ):    0.000ns
    Phase Error              (PE):    0.000ns
  Clock Domain Crossing:  Inter clock paths are considered valid unless explicitly excluded by timing constraints such as set_clock_groups or set_false_path.

    Location             Delay type                Incr(ns)  Path(ns)    Netlist Resource(s)
  -------------------------------------------------------------------    -------------------
                         (clock clk_fpga_0 rise edge)
                                                      0.000     0.000 r  
    PS7_X0Y0             PS7                          0.000     0.000 r  design_1_i/processing_system7_0/inst/PS7_i/FCLKCLK[0]
                         net (fo=1, routed)           1.207     1.207    design_1_i/processing_system7_0/inst/FCLK_CLK_unbuffered[0]
    BUFGCTRL_X0Y0        BUFG (Prop_bufg_I_O)         0.101     1.308 r  design_1_i/processing_system7_0/inst/buffer_fclk_clk_0.FCLK_CLK_0_BUFG/O
                         net (fo=6928, routed)        1.746     3.054    design_1_i/Top_tpg_0/U0/Clk
    SLICE_X40Y33         FDCE                                         r  design_1_i/Top_tpg_0/U0/s_box_y_reg_reg[3]/C
  -------------------------------------------------------------------    -------------------
    SLICE_X40Y33         FDCE (Prop_fdce_C_Q)         0.456     3.510 f  design_1_i/Top_tpg_0/U0/s_box_y_reg_reg[3]/Q
                         net (fo=7, routed)           0.687     4.197    design_1_i/Top_tpg_0/U0/s_box_y_reg_reg[3]
    SLICE_X38Y33         LUT1 (Prop_lut1_I0_O)        0.124     4.321 r  design_1_i/Top_tpg_0/U0/_carry_i_6/O
                         net (fo=1, routed)           0.000     4.321    design_1_i/Top_tpg_0/U0/_carry_i_6_n_0
    SLICE_X38Y33         CARRY4 (Prop_carry4_S[1]_O[3])
                                                      0.643     4.964 r  design_1_i/Top_tpg_0/U0/_carry_i_5/O[3]
                         net (fo=1, routed)           0.658     5.622    design_1_i/Top_tpg_0/U0/_carry_i_5_n_4
    SLICE_X39Y33         LUT2 (Prop_lut2_I1_O)        0.307     5.929 r  design_1_i/Top_tpg_0/U0/_carry__0_i_3/O
                         net (fo=1, routed)           0.000     5.929    design_1_i/Top_tpg_0/U0/_carry__0_i_3_n_0
    SLICE_X39Y33         CARRY4 (Prop_carry4_S[1]_CO[3])
                                                      0.550     6.479 r  design_1_i/Top_tpg_0/U0/_carry__0/CO[3]
                         net (fo=1, routed)           0.000     6.479    design_1_i/Top_tpg_0/U0/_carry__0_n_0
    SLICE_X39Y34         CARRY4 (Prop_carry4_CI_CO[3])
                                                      0.114     6.593 f  design_1_i/Top_tpg_0/U0/_carry__1/CO[3]
                         net (fo=1, routed)           0.769     7.362    design_1_i/Top_tpg_0/U0/_carry__1_n_0
    SLICE_X41Y31         LUT4 (Prop_lut4_I3_O)        0.124     7.486 r  design_1_i/Top_tpg_0/U0/axis_tdata[0]_INST_0/O
                         net (fo=12, routed)          1.050     8.535    design_1_i/Switch_flux/U0/Axis_tdata_1[12]
    SLICE_X42Y15         LUT4 (Prop_lut4_I1_O)        0.124     8.659 r  design_1_i/Switch_flux/U0/Axis_tdata_out[12]_INST_0/O
                         net (fo=1, routed)           0.000     8.659    design_1_i/Conv_axis_vga_0/U0/axis_tdata[12]
    SLICE_X42Y15         FDCE                                         r  design_1_i/Conv_axis_vga_0/U0/SV_GREEN_reg_reg[4]/D
  -------------------------------------------------------------------    -------------------

                         (clock sys_clk_pin rise edge)
                                                      8.000     8.000 r  
    BUFGCTRL_X0Y0        BUFG                         0.000     8.000 r  design_1_i/processing_system7_0/inst/buffer_fclk_clk_0.FCLK_CLK_0_BUFG/O
                         net (fo=6928, routed)        1.570     9.570    design_1_i/Conv_axis_vga_0/U0/clk
    SLICE_X42Y15         FDCE                                         r  design_1_i/Conv_axis_vga_0/U0/SV_GREEN_reg_reg[4]/C
                         clock pessimism              0.115     9.685    
                         clock uncertainty           -0.601     9.084    
    SLICE_X42Y15         FDCE (Setup_fdce_C_D)        0.077     9.161    design_1_i/Conv_axis_vga_0/U0/SV_GREEN_reg_reg[4]
  -------------------------------------------------------------------
                         required time                          9.161    
                         arrival time                          -8.659    
  -------------------------------------------------------------------
                         slack                                  0.502    

Slack (MET) :             0.508ns  (required time - arrival time)
  Source:                 design_1_i/Top_tpg_0/U0/s_box_y_reg_reg[3]/C
                            (rising edge-triggered cell FDCE clocked by clk_fpga_0  {rise@0.000ns fall@20.000ns period=40.000ns})
  Destination:            design_1_i/Conv_axis_vga_0/U0/SV_BLUE_reg_reg[7]/D
                            (rising edge-triggered cell FDCE clocked by sys_clk_pin  {rise@0.000ns fall@4.000ns period=8.000ns})
  Path Group:             sys_clk_pin
  Path Type:              Setup (Max at Slow Process Corner)
  Requirement:            8.000ns  (sys_clk_pin rise@8.000ns - clk_fpga_0 rise@0.000ns)
  Data Path Delay:        5.601ns  (logic 2.442ns (43.596%)  route 3.159ns (56.404%))
  Logic Levels:           7  (CARRY4=3 LUT1=1 LUT2=1 LUT4=2)
  Clock Path Skew:        -1.369ns (DCD - SCD + CPR)
    Destination Clock Delay (DCD):    1.570ns = ( 9.570 - 8.000 ) 
    Source Clock Delay      (SCD):    3.054ns
    Clock Pessimism Removal (CPR):    0.115ns
  Clock Uncertainty:      0.601ns  ((TSJ^2 + TIJ^2)^1/2 + DJ) / 2 + PE
    Total System Jitter     (TSJ):    0.071ns
    Total Input Jitter      (TIJ):    1.200ns
    Discrete Jitter          (DJ):    0.000ns
    Phase Error              (PE):    0.000ns
  Clock Domain Crossing:  Inter clock paths are considered valid unless explicitly excluded by timing constraints such as set_clock_groups or set_false_path.

    Location             Delay type                Incr(ns)  Path(ns)    Netlist Resource(s)
  -------------------------------------------------------------------    -------------------
                         (clock clk_fpga_0 rise edge)
                                                      0.000     0.000 r  
    PS7_X0Y0             PS7                          0.000     0.000 r  design_1_i/processing_system7_0/inst/PS7_i/FCLKCLK[0]
                         net (fo=1, routed)           1.207     1.207    design_1_i/processing_system7_0/inst/FCLK_CLK_unbuffered[0]
    BUFGCTRL_X0Y0        BUFG (Prop_bufg_I_O)         0.101     1.308 r  design_1_i/processing_system7_0/inst/buffer_fclk_clk_0.FCLK_CLK_0_BUFG/O
                         net (fo=6928, routed)        1.746     3.054    design_1_i/Top_tpg_0/U0/Clk
    SLICE_X40Y33         FDCE                                         r  design_1_i/Top_tpg_0/U0/s_box_y_reg_reg[3]/C
  -------------------------------------------------------------------    -------------------
    SLICE_X40Y33         FDCE (Prop_fdce_C_Q)         0.456     3.510 f  design_1_i/Top_tpg_0/U0/s_box_y_reg_reg[3]/Q
                         net (fo=7, routed)           0.687     4.197    design_1_i/Top_tpg_0/U0/s_box_y_reg_reg[3]
    SLICE_X38Y33         LUT1 (Prop_lut1_I0_O)        0.124     4.321 r  design_1_i/Top_tpg_0/U0/_carry_i_6/O
                         net (fo=1, routed)           0.000     4.321    design_1_i/Top_tpg_0/U0/_carry_i_6_n_0
    SLICE_X38Y33         CARRY4 (Prop_carry4_S[1]_O[3])
                                                      0.643     4.964 r  design_1_i/Top_tpg_0/U0/_carry_i_5/O[3]
                         net (fo=1, routed)           0.658     5.622    design_1_i/Top_tpg_0/U0/_carry_i_5_n_4
    SLICE_X39Y33         LUT2 (Prop_lut2_I1_O)        0.307     5.929 r  design_1_i/Top_tpg_0/U0/_carry__0_i_3/O
                         net (fo=1, routed)           0.000     5.929    design_1_i/Top_tpg_0/U0/_carry__0_i_3_n_0
    SLICE_X39Y33         CARRY4 (Prop_carry4_S[1]_CO[3])
                                                      0.550     6.479 r  design_1_i/Top_tpg_0/U0/_carry__0/CO[3]
                         net (fo=1, routed)           0.000     6.479    design_1_i/Top_tpg_0/U0/_carry__0_n_0
    SLICE_X39Y34         CARRY4 (Prop_carry4_CI_CO[3])
                                                      0.114     6.593 f  design_1_i/Top_tpg_0/U0/_carry__1/CO[3]
                         net (fo=1, routed)           0.769     7.362    design_1_i/Top_tpg_0/U0/_carry__1_n_0
    SLICE_X41Y31         LUT4 (Prop_lut4_I3_O)        0.124     7.486 r  design_1_i/Top_tpg_0/U0/axis_tdata[0]_INST_0/O
                         net (fo=12, routed)          1.046     8.531    design_1_i/Switch_flux/U0/Axis_tdata_1[23]
    SLICE_X42Y15         LUT4 (Prop_lut4_I1_O)        0.124     8.655 r  design_1_i/Switch_flux/U0/Axis_tdata_out[23]_INST_0/O
                         net (fo=1, routed)           0.000     8.655    design_1_i/Conv_axis_vga_0/U0/axis_tdata[23]
    SLICE_X42Y15         FDCE                                         r  design_1_i/Conv_axis_vga_0/U0/SV_BLUE_reg_reg[7]/D
  -------------------------------------------------------------------    -------------------

                         (clock sys_clk_pin rise edge)
                                                      8.000     8.000 r  
    BUFGCTRL_X0Y0        BUFG                         0.000     8.000 r  design_1_i/processing_system7_0/inst/buffer_fclk_clk_0.FCLK_CLK_0_BUFG/O
                         net (fo=6928, routed)        1.570     9.570    design_1_i/Conv_axis_vga_0/U0/clk
    SLICE_X42Y15         FDCE                                         r  design_1_i/Conv_axis_vga_0/U0/SV_BLUE_reg_reg[7]/C
                         clock pessimism              0.115     9.685    
                         clock uncertainty           -0.601     9.084    
    SLICE_X42Y15         FDCE (Setup_fdce_C_D)        0.079     9.163    design_1_i/Conv_axis_vga_0/U0/SV_BLUE_reg_reg[7]
  -------------------------------------------------------------------
                         required time                          9.163    
                         arrival time                          -8.655    
  -------------------------------------------------------------------
                         slack                                  0.508    

Slack (MET) :             0.509ns  (required time - arrival time)
  Source:                 design_1_i/Top_tpg_0/U0/s_box_y_reg_reg[3]/C
                            (rising edge-triggered cell FDCE clocked by clk_fpga_0  {rise@0.000ns fall@20.000ns period=40.000ns})
  Destination:            design_1_i/Conv_axis_vga_0/U0/SV_BLUE_reg_reg[6]/D
                            (rising edge-triggered cell FDCE clocked by sys_clk_pin  {rise@0.000ns fall@4.000ns period=8.000ns})
  Path Group:             sys_clk_pin
  Path Type:              Setup (Max at Slow Process Corner)
  Requirement:            8.000ns  (sys_clk_pin rise@8.000ns - clk_fpga_0 rise@0.000ns)
  Data Path Delay:        5.602ns  (logic 2.442ns (43.588%)  route 3.160ns (56.412%))
  Logic Levels:           7  (CARRY4=3 LUT1=1 LUT2=1 LUT4=2)
  Clock Path Skew:        -1.369ns (DCD - SCD + CPR)
    Destination Clock Delay (DCD):    1.570ns = ( 9.570 - 8.000 ) 
    Source Clock Delay      (SCD):    3.054ns
    Clock Pessimism Removal (CPR):    0.115ns
  Clock Uncertainty:      0.601ns  ((TSJ^2 + TIJ^2)^1/2 + DJ) / 2 + PE
    Total System Jitter     (TSJ):    0.071ns
    Total Input Jitter      (TIJ):    1.200ns
    Discrete Jitter          (DJ):    0.000ns
    Phase Error              (PE):    0.000ns
  Clock Domain Crossing:  Inter clock paths are considered valid unless explicitly excluded by timing constraints such as set_clock_groups or set_false_path.

    Location             Delay type                Incr(ns)  Path(ns)    Netlist Resource(s)
  -------------------------------------------------------------------    -------------------
                         (clock clk_fpga_0 rise edge)
                                                      0.000     0.000 r  
    PS7_X0Y0             PS7                          0.000     0.000 r  design_1_i/processing_system7_0/inst/PS7_i/FCLKCLK[0]
                         net (fo=1, routed)           1.207     1.207    design_1_i/processing_system7_0/inst/FCLK_CLK_unbuffered[0]
    BUFGCTRL_X0Y0        BUFG (Prop_bufg_I_O)         0.101     1.308 r  design_1_i/processing_system7_0/inst/buffer_fclk_clk_0.FCLK_CLK_0_BUFG/O
                         net (fo=6928, routed)        1.746     3.054    design_1_i/Top_tpg_0/U0/Clk
    SLICE_X40Y33         FDCE                                         r  design_1_i/Top_tpg_0/U0/s_box_y_reg_reg[3]/C
  -------------------------------------------------------------------    -------------------
    SLICE_X40Y33         FDCE (Prop_fdce_C_Q)         0.456     3.510 f  design_1_i/Top_tpg_0/U0/s_box_y_reg_reg[3]/Q
                         net (fo=7, routed)           0.687     4.197    design_1_i/Top_tpg_0/U0/s_box_y_reg_reg[3]
    SLICE_X38Y33         LUT1 (Prop_lut1_I0_O)        0.124     4.321 r  design_1_i/Top_tpg_0/U0/_carry_i_6/O
                         net (fo=1, routed)           0.000     4.321    design_1_i/Top_tpg_0/U0/_carry_i_6_n_0
    SLICE_X38Y33         CARRY4 (Prop_carry4_S[1]_O[3])
                                                      0.643     4.964 r  design_1_i/Top_tpg_0/U0/_carry_i_5/O[3]
                         net (fo=1, routed)           0.658     5.622    design_1_i/Top_tpg_0/U0/_carry_i_5_n_4
    SLICE_X39Y33         LUT2 (Prop_lut2_I1_O)        0.307     5.929 r  design_1_i/Top_tpg_0/U0/_carry__0_i_3/O
                         net (fo=1, routed)           0.000     5.929    design_1_i/Top_tpg_0/U0/_carry__0_i_3_n_0
    SLICE_X39Y33         CARRY4 (Prop_carry4_S[1]_CO[3])
                                                      0.550     6.479 r  design_1_i/Top_tpg_0/U0/_carry__0/CO[3]
                         net (fo=1, routed)           0.000     6.479    design_1_i/Top_tpg_0/U0/_carry__0_n_0
    SLICE_X39Y34         CARRY4 (Prop_carry4_CI_CO[3])
                                                      0.114     6.593 f  design_1_i/Top_tpg_0/U0/_carry__1/CO[3]
                         net (fo=1, routed)           0.769     7.362    design_1_i/Top_tpg_0/U0/_carry__1_n_0
    SLICE_X41Y31         LUT4 (Prop_lut4_I3_O)        0.124     7.486 r  design_1_i/Top_tpg_0/U0/axis_tdata[0]_INST_0/O
                         net (fo=12, routed)          1.047     8.532    design_1_i/Switch_flux/U0/Axis_tdata_1[22]
    SLICE_X42Y15         LUT4 (Prop_lut4_I1_O)        0.124     8.656 r  design_1_i/Switch_flux/U0/Axis_tdata_out[22]_INST_0/O
                         net (fo=1, routed)           0.000     8.656    design_1_i/Conv_axis_vga_0/U0/axis_tdata[22]
    SLICE_X42Y15         FDCE                                         r  design_1_i/Conv_axis_vga_0/U0/SV_BLUE_reg_reg[6]/D
  -------------------------------------------------------------------    -------------------

                         (clock sys_clk_pin rise edge)
                                                      8.000     8.000 r  
    BUFGCTRL_X0Y0        BUFG                         0.000     8.000 r  design_1_i/processing_system7_0/inst/buffer_fclk_clk_0.FCLK_CLK_0_BUFG/O
                         net (fo=6928, routed)        1.570     9.570    design_1_i/Conv_axis_vga_0/U0/clk
    SLICE_X42Y15         FDCE                                         r  design_1_i/Conv_axis_vga_0/U0/SV_BLUE_reg_reg[6]/C
                         clock pessimism              0.115     9.685    
                         clock uncertainty           -0.601     9.084    
    SLICE_X42Y15         FDCE (Setup_fdce_C_D)        0.081     9.165    design_1_i/Conv_axis_vga_0/U0/SV_BLUE_reg_reg[6]
  -------------------------------------------------------------------
                         required time                          9.165    
                         arrival time                          -8.656    
  -------------------------------------------------------------------
                         slack                                  0.509    





Min Delay Paths
--------------------------------------------------------------------------------------
Slack (MET) :             0.034ns  (arrival time - required time)
  Source:                 design_1_i/DMA24bUnit_mm2s_0/U0/regslice_both_STR_video_out_V_data_V_U/B_V_data_1_payload_A_reg[13]/C
                            (rising edge-triggered cell FDRE clocked by clk_fpga_0  {rise@0.000ns fall@20.000ns period=40.000ns})
  Destination:            design_1_i/Conv_axis_vga_0/U0/SV_GREEN_reg_reg[5]/D
                            (rising edge-triggered cell FDCE clocked by sys_clk_pin  {rise@0.000ns fall@4.000ns period=8.000ns})
  Path Group:             sys_clk_pin
  Path Type:              Hold (Min at Fast Process Corner)
  Requirement:            0.000ns  (sys_clk_pin rise@0.000ns - clk_fpga_0 rise@0.000ns)
  Data Path Delay:        0.399ns  (logic 0.231ns (57.896%)  route 0.168ns (42.104%))
  Logic Levels:           2  (LUT3=1 LUT4=1)
  Clock Path Skew:        -0.328ns (DCD - SCD - CPR)
    Destination Clock Delay (DCD):    0.855ns
    Source Clock Delay      (SCD):    0.929ns
    Clock Pessimism Removal (CPR):    0.254ns
  Clock Uncertainty:      0.601ns  ((TSJ^2 + TIJ^2)^1/2 + DJ) / 2 + PE
    Total System Jitter     (TSJ):    0.071ns
    Total Input Jitter      (TIJ):    1.200ns
    Discrete Jitter          (DJ):    0.000ns
    Phase Error              (PE):    0.000ns
  Clock Domain Crossing:  Inter clock paths are considered valid unless explicitly excluded by timing constraints such as set_clock_groups or set_false_path.

    Location             Delay type                Incr(ns)  Path(ns)    Netlist Resource(s)
  -------------------------------------------------------------------    -------------------
                         (clock clk_fpga_0 rise edge)
                                                      0.000     0.000 r  
    PS7_X0Y0             PS7                          0.000     0.000 r  design_1_i/processing_system7_0/inst/PS7_i/FCLKCLK[0]
                         net (fo=1, routed)           0.315     0.315    design_1_i/processing_system7_0/inst/FCLK_CLK_unbuffered[0]
    BUFGCTRL_X0Y0        BUFG (Prop_bufg_I_O)         0.026     0.341 r  design_1_i/processing_system7_0/inst/buffer_fclk_clk_0.FCLK_CLK_0_BUFG/O
                         net (fo=6928, routed)        0.588     0.929    design_1_i/DMA24bUnit_mm2s_0/U0/regslice_both_STR_video_out_V_data_V_U/ap_clk
    SLICE_X40Y15         FDRE                                         r  design_1_i/DMA24bUnit_mm2s_0/U0/regslice_both_STR_video_out_V_data_V_U/B_V_data_1_payload_A_reg[13]/C
  -------------------------------------------------------------------    -------------------
    SLICE_X40Y15         FDRE (Prop_fdre_C_Q)         0.141     1.070 r  design_1_i/DMA24bUnit_mm2s_0/U0/regslice_both_STR_video_out_V_data_V_U/B_V_data_1_payload_A_reg[13]/Q
                         net (fo=1, routed)           0.086     1.155    design_1_i/DMA24bUnit_mm2s_0/U0/regslice_both_STR_video_out_V_data_V_U/B_V_data_1_payload_A_reg_n_2_[13]
    SLICE_X41Y15         LUT3 (Prop_lut3_I1_O)        0.045     1.200 r  design_1_i/DMA24bUnit_mm2s_0/U0/regslice_both_STR_video_out_V_data_V_U/STR_video_out_TDATA[13]_INST_0/O
                         net (fo=1, routed)           0.082     1.282    design_1_i/Switch_flux/U0/Axis_tdata_2[13]
    SLICE_X41Y15         LUT4 (Prop_lut4_I3_O)        0.045     1.327 r  design_1_i/Switch_flux/U0/Axis_tdata_out[13]_INST_0/O
                         net (fo=1, routed)           0.000     1.327    design_1_i/Conv_axis_vga_0/U0/axis_tdata[13]
    SLICE_X41Y15         FDCE                                         r  design_1_i/Conv_axis_vga_0/U0/SV_GREEN_reg_reg[5]/D
  -------------------------------------------------------------------    -------------------

                         (clock sys_clk_pin rise edge)
                                                      0.000     0.000 r  
    BUFGCTRL_X0Y0        BUFG                         0.000     0.000 r  design_1_i/processing_system7_0/inst/buffer_fclk_clk_0.FCLK_CLK_0_BUFG/O
                         net (fo=6928, routed)        0.855     0.855    design_1_i/Conv_axis_vga_0/U0/clk
    SLICE_X41Y15         FDCE                                         r  design_1_i/Conv_axis_vga_0/U0/SV_GREEN_reg_reg[5]/C
                         clock pessimism             -0.254     0.601    
                         clock uncertainty            0.601     1.202    
    SLICE_X41Y15         FDCE (Hold_fdce_C_D)         0.092     1.294    design_1_i/Conv_axis_vga_0/U0/SV_GREEN_reg_reg[5]
  -------------------------------------------------------------------
                         required time                         -1.294    
                         arrival time                           1.327    
  -------------------------------------------------------------------
                         slack                                  0.034    

Slack (MET) :             0.164ns  (arrival time - required time)
  Source:                 design_1_i/DMA24bUnit_mm2s_0/U0/regslice_both_STR_video_out_V_data_V_U/B_V_data_1_payload_A_reg[15]/C
                            (rising edge-triggered cell FDRE clocked by clk_fpga_0  {rise@0.000ns fall@20.000ns period=40.000ns})
  Destination:            design_1_i/Conv_axis_vga_0/U0/SV_GREEN_reg_reg[7]/D
                            (rising edge-triggered cell FDCE clocked by sys_clk_pin  {rise@0.000ns fall@4.000ns period=8.000ns})
  Path Group:             sys_clk_pin
  Path Type:              Hold (Min at Fast Process Corner)
  Requirement:            0.000ns  (sys_clk_pin rise@0.000ns - clk_fpga_0 rise@0.000ns)
  Data Path Delay:        0.529ns  (logic 0.231ns (43.702%)  route 0.298ns (56.298%))
  Logic Levels:           2  (LUT3=1 LUT4=1)
  Clock Path Skew:        -0.329ns (DCD - SCD - CPR)
    Destination Clock Delay (DCD):    0.853ns
    Source Clock Delay      (SCD):    0.929ns
    Clock Pessimism Removal (CPR):    0.253ns
  Clock Uncertainty:      0.601ns  ((TSJ^2 + TIJ^2)^1/2 + DJ) / 2 + PE
    Total System Jitter     (TSJ):    0.071ns
    Total Input Jitter      (TIJ):    1.200ns
    Discrete Jitter          (DJ):    0.000ns
    Phase Error              (PE):    0.000ns
  Clock Domain Crossing:  Inter clock paths are considered valid unless explicitly excluded by timing constraints such as set_clock_groups or set_false_path.

    Location             Delay type                Incr(ns)  Path(ns)    Netlist Resource(s)
  -------------------------------------------------------------------    -------------------
                         (clock clk_fpga_0 rise edge)
                                                      0.000     0.000 r  
    PS7_X0Y0             PS7                          0.000     0.000 r  design_1_i/processing_system7_0/inst/PS7_i/FCLKCLK[0]
                         net (fo=1, routed)           0.315     0.315    design_1_i/processing_system7_0/inst/FCLK_CLK_unbuffered[0]
    BUFGCTRL_X0Y0        BUFG (Prop_bufg_I_O)         0.026     0.341 r  design_1_i/processing_system7_0/inst/buffer_fclk_clk_0.FCLK_CLK_0_BUFG/O
                         net (fo=6928, routed)        0.588     0.929    design_1_i/DMA24bUnit_mm2s_0/U0/regslice_both_STR_video_out_V_data_V_U/ap_clk
    SLICE_X43Y14         FDRE                                         r  design_1_i/DMA24bUnit_mm2s_0/U0/regslice_both_STR_video_out_V_data_V_U/B_V_data_1_payload_A_reg[15]/C
  -------------------------------------------------------------------    -------------------
    SLICE_X43Y14         FDRE (Prop_fdre_C_Q)         0.141     1.070 r  design_1_i/DMA24bUnit_mm2s_0/U0/regslice_both_STR_video_out_V_data_V_U/B_V_data_1_payload_A_reg[15]/Q
                         net (fo=1, routed)           0.087     1.157    design_1_i/DMA24bUnit_mm2s_0/U0/regslice_both_STR_video_out_V_data_V_U/B_V_data_1_payload_A_reg_n_2_[15]
    SLICE_X42Y14         LUT3 (Prop_lut3_I1_O)        0.045     1.202 r  design_1_i/DMA24bUnit_mm2s_0/U0/regslice_both_STR_video_out_V_data_V_U/STR_video_out_TDATA[15]_INST_0/O
                         net (fo=1, routed)           0.210     1.412    design_1_i/Switch_flux/U0/Axis_tdata_2[15]
    SLICE_X41Y17         LUT4 (Prop_lut4_I3_O)        0.045     1.457 r  design_1_i/Switch_flux/U0/Axis_tdata_out[15]_INST_0/O
                         net (fo=1, routed)           0.000     1.457    design_1_i/Conv_axis_vga_0/U0/axis_tdata[15]
    SLICE_X41Y17         FDCE                                         r  design_1_i/Conv_axis_vga_0/U0/SV_GREEN_reg_reg[7]/D
  -------------------------------------------------------------------    -------------------

                         (clock sys_clk_pin rise edge)
                                                      0.000     0.000 r  
    BUFGCTRL_X0Y0        BUFG                         0.000     0.000 r  design_1_i/processing_system7_0/inst/buffer_fclk_clk_0.FCLK_CLK_0_BUFG/O
                         net (fo=6928, routed)        0.853     0.853    design_1_i/Conv_axis_vga_0/U0/clk
    SLICE_X41Y17         FDCE                                         r  design_1_i/Conv_axis_vga_0/U0/SV_GREEN_reg_reg[7]/C
                         clock pessimism             -0.253     0.600    
                         clock uncertainty            0.601     1.201    
    SLICE_X41Y17         FDCE (Hold_fdce_C_D)         0.092     1.293    design_1_i/Conv_axis_vga_0/U0/SV_GREEN_reg_reg[7]
  -------------------------------------------------------------------
                         required time                         -1.293    
                         arrival time                           1.457    
  -------------------------------------------------------------------
                         slack                                  0.164    

Slack (MET) :             0.173ns  (arrival time - required time)
  Source:                 design_1_i/DMA24bUnit_mm2s_0/U0/regslice_both_STR_video_out_V_data_V_U/B_V_data_1_payload_B_reg[21]/C
                            (rising edge-triggered cell FDRE clocked by clk_fpga_0  {rise@0.000ns fall@20.000ns period=40.000ns})
  Destination:            design_1_i/Conv_axis_vga_0/U0/SV_BLUE_reg_reg[5]/D
                            (rising edge-triggered cell FDCE clocked by sys_clk_pin  {rise@0.000ns fall@4.000ns period=8.000ns})
  Path Group:             sys_clk_pin
  Path Type:              Hold (Min at Fast Process Corner)
  Requirement:            0.000ns  (sys_clk_pin rise@0.000ns - clk_fpga_0 rise@0.000ns)
  Data Path Delay:        0.566ns  (logic 0.231ns (40.820%)  route 0.335ns (59.180%))
  Logic Levels:           2  (LUT3=1 LUT4=1)
  Clock Path Skew:        -0.328ns (DCD - SCD - CPR)
    Destination Clock Delay (DCD):    0.854ns
    Source Clock Delay      (SCD):    0.929ns
    Clock Pessimism Removal (CPR):    0.253ns
  Clock Uncertainty:      0.601ns  ((TSJ^2 + TIJ^2)^1/2 + DJ) / 2 + PE
    Total System Jitter     (TSJ):    0.071ns
    Total Input Jitter      (TIJ):    1.200ns
    Discrete Jitter          (DJ):    0.000ns
    Phase Error              (PE):    0.000ns
  Clock Domain Crossing:  Inter clock paths are considered valid unless explicitly excluded by timing constraints such as set_clock_groups or set_false_path.

    Location             Delay type                Incr(ns)  Path(ns)    Netlist Resource(s)
  -------------------------------------------------------------------    -------------------
                         (clock clk_fpga_0 rise edge)
                                                      0.000     0.000 r  
    PS7_X0Y0             PS7                          0.000     0.000 r  design_1_i/processing_system7_0/inst/PS7_i/FCLKCLK[0]
                         net (fo=1, routed)           0.315     0.315    design_1_i/processing_system7_0/inst/FCLK_CLK_unbuffered[0]
    BUFGCTRL_X0Y0        BUFG (Prop_bufg_I_O)         0.026     0.341 r  design_1_i/processing_system7_0/inst/buffer_fclk_clk_0.FCLK_CLK_0_BUFG/O
                         net (fo=6928, routed)        0.588     0.929    design_1_i/DMA24bUnit_mm2s_0/U0/regslice_both_STR_video_out_V_data_V_U/ap_clk
    SLICE_X40Y13         FDRE                                         r  design_1_i/DMA24bUnit_mm2s_0/U0/regslice_both_STR_video_out_V_data_V_U/B_V_data_1_payload_B_reg[21]/C
  -------------------------------------------------------------------    -------------------
    SLICE_X40Y13         FDRE (Prop_fdre_C_Q)         0.141     1.070 r  design_1_i/DMA24bUnit_mm2s_0/U0/regslice_both_STR_video_out_V_data_V_U/B_V_data_1_payload_B_reg[21]/Q
                         net (fo=1, routed)           0.145     1.215    design_1_i/DMA24bUnit_mm2s_0/U0/regslice_both_STR_video_out_V_data_V_U/B_V_data_1_payload_B_reg_n_2_[21]
    SLICE_X41Y13         LUT3 (Prop_lut3_I0_O)        0.045     1.260 r  design_1_i/DMA24bUnit_mm2s_0/U0/regslice_both_STR_video_out_V_data_V_U/STR_video_out_TDATA[21]_INST_0/O
                         net (fo=1, routed)           0.190     1.449    design_1_i/Switch_flux/U0/Axis_tdata_2[21]
    SLICE_X42Y16         LUT4 (Prop_lut4_I3_O)        0.045     1.494 r  design_1_i/Switch_flux/U0/Axis_tdata_out[21]_INST_0/O
                         net (fo=1, routed)           0.000     1.494    design_1_i/Conv_axis_vga_0/U0/axis_tdata[21]
    SLICE_X42Y16         FDCE                                         r  design_1_i/Conv_axis_vga_0/U0/SV_BLUE_reg_reg[5]/D
  -------------------------------------------------------------------    -------------------

                         (clock sys_clk_pin rise edge)
                                                      0.000     0.000 r  
    BUFGCTRL_X0Y0        BUFG                         0.000     0.000 r  design_1_i/processing_system7_0/inst/buffer_fclk_clk_0.FCLK_CLK_0_BUFG/O
                         net (fo=6928, routed)        0.854     0.854    design_1_i/Conv_axis_vga_0/U0/clk
    SLICE_X42Y16         FDCE                                         r  design_1_i/Conv_axis_vga_0/U0/SV_BLUE_reg_reg[5]/C
                         clock pessimism             -0.253     0.601    
                         clock uncertainty            0.601     1.202    
    SLICE_X42Y16         FDCE (Hold_fdce_C_D)         0.120     1.322    design_1_i/Conv_axis_vga_0/U0/SV_BLUE_reg_reg[5]
  -------------------------------------------------------------------
                         required time                         -1.322    
                         arrival time                           1.494    
  -------------------------------------------------------------------
                         slack                                  0.173    

Slack (MET) :             0.181ns  (arrival time - required time)
  Source:                 design_1_i/DMA24bUnit_mm2s_0/U0/regslice_both_STR_video_out_V_data_V_U/B_V_data_1_payload_A_reg[14]/C
                            (rising edge-triggered cell FDRE clocked by clk_fpga_0  {rise@0.000ns fall@20.000ns period=40.000ns})
  Destination:            design_1_i/Conv_axis_vga_0/U0/SV_GREEN_reg_reg[6]/D
                            (rising edge-triggered cell FDCE clocked by sys_clk_pin  {rise@0.000ns fall@4.000ns period=8.000ns})
  Path Group:             sys_clk_pin
  Path Type:              Hold (Min at Fast Process Corner)
  Requirement:            0.000ns  (sys_clk_pin rise@0.000ns - clk_fpga_0 rise@0.000ns)
  Data Path Delay:        0.545ns  (logic 0.294ns (53.948%)  route 0.251ns (46.052%))
  Logic Levels:           2  (LUT3=1 LUT4=1)
  Clock Path Skew:        -0.329ns (DCD - SCD - CPR)
    Destination Clock Delay (DCD):    0.853ns
    Source Clock Delay      (SCD):    0.929ns
    Clock Pessimism Removal (CPR):    0.253ns
  Clock Uncertainty:      0.601ns  ((TSJ^2 + TIJ^2)^1/2 + DJ) / 2 + PE
    Total System Jitter     (TSJ):    0.071ns
    Total Input Jitter      (TIJ):    1.200ns
    Discrete Jitter          (DJ):    0.000ns
    Phase Error              (PE):    0.000ns
  Clock Domain Crossing:  Inter clock paths are considered valid unless explicitly excluded by timing constraints such as set_clock_groups or set_false_path.

    Location             Delay type                Incr(ns)  Path(ns)    Netlist Resource(s)
  -------------------------------------------------------------------    -------------------
                         (clock clk_fpga_0 rise edge)
                                                      0.000     0.000 r  
    PS7_X0Y0             PS7                          0.000     0.000 r  design_1_i/processing_system7_0/inst/PS7_i/FCLKCLK[0]
                         net (fo=1, routed)           0.315     0.315    design_1_i/processing_system7_0/inst/FCLK_CLK_unbuffered[0]
    BUFGCTRL_X0Y0        BUFG (Prop_bufg_I_O)         0.026     0.341 r  design_1_i/processing_system7_0/inst/buffer_fclk_clk_0.FCLK_CLK_0_BUFG/O
                         net (fo=6928, routed)        0.588     0.929    design_1_i/DMA24bUnit_mm2s_0/U0/regslice_both_STR_video_out_V_data_V_U/ap_clk
    SLICE_X40Y15         FDRE                                         r  design_1_i/DMA24bUnit_mm2s_0/U0/regslice_both_STR_video_out_V_data_V_U/B_V_data_1_payload_A_reg[14]/C
  -------------------------------------------------------------------    -------------------
    SLICE_X40Y15         FDRE (Prop_fdre_C_Q)         0.141     1.070 r  design_1_i/DMA24bUnit_mm2s_0/U0/regslice_both_STR_video_out_V_data_V_U/B_V_data_1_payload_A_reg[14]/Q
                         net (fo=1, routed)           0.137     1.206    design_1_i/DMA24bUnit_mm2s_0/U0/regslice_both_STR_video_out_V_data_V_U/B_V_data_1_payload_A_reg_n_2_[14]
    SLICE_X41Y15         LUT3 (Prop_lut3_I1_O)        0.046     1.252 r  design_1_i/DMA24bUnit_mm2s_0/U0/regslice_both_STR_video_out_V_data_V_U/STR_video_out_TDATA[14]_INST_0/O
                         net (fo=1, routed)           0.114     1.366    design_1_i/Switch_flux/U0/Axis_tdata_2[14]
    SLICE_X41Y17         LUT4 (Prop_lut4_I3_O)        0.107     1.473 r  design_1_i/Switch_flux/U0/Axis_tdata_out[14]_INST_0/O
                         net (fo=1, routed)           0.000     1.473    design_1_i/Conv_axis_vga_0/U0/axis_tdata[14]
    SLICE_X41Y17         FDCE                                         r  design_1_i/Conv_axis_vga_0/U0/SV_GREEN_reg_reg[6]/D
  -------------------------------------------------------------------    -------------------

                         (clock sys_clk_pin rise edge)
                                                      0.000     0.000 r  
    BUFGCTRL_X0Y0        BUFG                         0.000     0.000 r  design_1_i/processing_system7_0/inst/buffer_fclk_clk_0.FCLK_CLK_0_BUFG/O
                         net (fo=6928, routed)        0.853     0.853    design_1_i/Conv_axis_vga_0/U0/clk
    SLICE_X41Y17         FDCE                                         r  design_1_i/Conv_axis_vga_0/U0/SV_GREEN_reg_reg[6]/C
                         clock pessimism             -0.253     0.600    
                         clock uncertainty            0.601     1.201    
    SLICE_X41Y17         FDCE (Hold_fdce_C_D)         0.092     1.293    design_1_i/Conv_axis_vga_0/U0/SV_GREEN_reg_reg[6]
  -------------------------------------------------------------------
                         required time                         -1.293    
                         arrival time                           1.473    
  -------------------------------------------------------------------
                         slack                                  0.181    

Slack (MET) :             0.232ns  (arrival time - required time)
  Source:                 design_1_i/DMA24bUnit_mm2s_0/U0/regslice_both_STR_video_out_V_data_V_U/B_V_data_1_payload_A_reg[7]/C
                            (rising edge-triggered cell FDRE clocked by clk_fpga_0  {rise@0.000ns fall@20.000ns period=40.000ns})
  Destination:            design_1_i/Conv_axis_vga_0/U0/SV_RED_reg_reg[7]/D
                            (rising edge-triggered cell FDCE clocked by sys_clk_pin  {rise@0.000ns fall@4.000ns period=8.000ns})
  Path Group:             sys_clk_pin
  Path Type:              Hold (Min at Fast Process Corner)
  Requirement:            0.000ns  (sys_clk_pin rise@0.000ns - clk_fpga_0 rise@0.000ns)
  Data Path Delay:        0.626ns  (logic 0.309ns (49.349%)  route 0.317ns (50.651%))
  Logic Levels:           2  (LUT3=1 LUT4=1)
  Clock Path Skew:        -0.328ns (DCD - SCD - CPR)
    Destination Clock Delay (DCD):    0.854ns
    Source Clock Delay      (SCD):    0.929ns
    Clock Pessimism Removal (CPR):    0.253ns
  Clock Uncertainty:      0.601ns  ((TSJ^2 + TIJ^2)^1/2 + DJ) / 2 + PE
    Total System Jitter     (TSJ):    0.071ns
    Total Input Jitter      (TIJ):    1.200ns
    Discrete Jitter          (DJ):    0.000ns
    Phase Error              (PE):    0.000ns
  Clock Domain Crossing:  Inter clock paths are considered valid unless explicitly excluded by timing constraints such as set_clock_groups or set_false_path.

    Location             Delay type                Incr(ns)  Path(ns)    Netlist Resource(s)
  -------------------------------------------------------------------    -------------------
                         (clock clk_fpga_0 rise edge)
                                                      0.000     0.000 r  
    PS7_X0Y0             PS7                          0.000     0.000 r  design_1_i/processing_system7_0/inst/PS7_i/FCLKCLK[0]
                         net (fo=1, routed)           0.315     0.315    design_1_i/processing_system7_0/inst/FCLK_CLK_unbuffered[0]
    BUFGCTRL_X0Y0        BUFG (Prop_bufg_I_O)         0.026     0.341 r  design_1_i/processing_system7_0/inst/buffer_fclk_clk_0.FCLK_CLK_0_BUFG/O
                         net (fo=6928, routed)        0.588     0.929    design_1_i/DMA24bUnit_mm2s_0/U0/regslice_both_STR_video_out_V_data_V_U/ap_clk
    SLICE_X43Y15         FDRE                                         r  design_1_i/DMA24bUnit_mm2s_0/U0/regslice_both_STR_video_out_V_data_V_U/B_V_data_1_payload_A_reg[7]/C
  -------------------------------------------------------------------    -------------------
    SLICE_X43Y15         FDRE (Prop_fdre_C_Q)         0.141     1.070 r  design_1_i/DMA24bUnit_mm2s_0/U0/regslice_both_STR_video_out_V_data_V_U/B_V_data_1_payload_A_reg[7]/Q
                         net (fo=1, routed)           0.168     1.238    design_1_i/DMA24bUnit_mm2s_0/U0/regslice_both_STR_video_out_V_data_V_U/B_V_data_1_payload_A_reg_n_2_[7]
    SLICE_X42Y15         LUT3 (Prop_lut3_I1_O)        0.049     1.287 r  design_1_i/DMA24bUnit_mm2s_0/U0/regslice_both_STR_video_out_V_data_V_U/STR_video_out_TDATA[7]_INST_0/O
                         net (fo=1, routed)           0.149     1.436    design_1_i/Switch_flux/U0/Axis_tdata_2[7]
    SLICE_X42Y16         LUT4 (Prop_lut4_I3_O)        0.119     1.555 r  design_1_i/Switch_flux/U0/Axis_tdata_out[7]_INST_0/O
                         net (fo=1, routed)           0.000     1.555    design_1_i/Conv_axis_vga_0/U0/axis_tdata[7]
    SLICE_X42Y16         FDCE                                         r  design_1_i/Conv_axis_vga_0/U0/SV_RED_reg_reg[7]/D
  -------------------------------------------------------------------    -------------------

                         (clock sys_clk_pin rise edge)
                                                      0.000     0.000 r  
    BUFGCTRL_X0Y0        BUFG                         0.000     0.000 r  design_1_i/processing_system7_0/inst/buffer_fclk_clk_0.FCLK_CLK_0_BUFG/O
                         net (fo=6928, routed)        0.854     0.854    design_1_i/Conv_axis_vga_0/U0/clk
    SLICE_X42Y16         FDCE                                         r  design_1_i/Conv_axis_vga_0/U0/SV_RED_reg_reg[7]/C
                         clock pessimism             -0.253     0.601    
                         clock uncertainty            0.601     1.202    
    SLICE_X42Y16         FDCE (Hold_fdce_C_D)         0.121     1.323    design_1_i/Conv_axis_vga_0/U0/SV_RED_reg_reg[7]
  -------------------------------------------------------------------
                         required time                         -1.323    
                         arrival time                           1.555    
  -------------------------------------------------------------------
                         slack                                  0.232    

Slack (MET) :             0.232ns  (arrival time - required time)
  Source:                 design_1_i/DMA24bUnit_mm2s_0/U0/regslice_both_STR_video_out_V_data_V_U/B_V_data_1_payload_B_reg[5]/C
                            (rising edge-triggered cell FDRE clocked by clk_fpga_0  {rise@0.000ns fall@20.000ns period=40.000ns})
  Destination:            design_1_i/Conv_axis_vga_0/U0/SV_RED_reg_reg[5]/D
                            (rising edge-triggered cell FDCE clocked by sys_clk_pin  {rise@0.000ns fall@4.000ns period=8.000ns})
  Path Group:             sys_clk_pin
  Path Type:              Hold (Min at Fast Process Corner)
  Requirement:            0.000ns  (sys_clk_pin rise@0.000ns - clk_fpga_0 rise@0.000ns)
  Data Path Delay:        0.597ns  (logic 0.271ns (45.421%)  route 0.326ns (54.579%))
  Logic Levels:           2  (LUT3=1 LUT4=1)
  Clock Path Skew:        -0.328ns (DCD - SCD - CPR)
    Destination Clock Delay (DCD):    0.854ns
    Source Clock Delay      (SCD):    0.929ns
    Clock Pessimism Removal (CPR):    0.253ns
  Clock Uncertainty:      0.601ns  ((TSJ^2 + TIJ^2)^1/2 + DJ) / 2 + PE
    Total System Jitter     (TSJ):    0.071ns
    Total Input Jitter      (TIJ):    1.200ns
    Discrete Jitter          (DJ):    0.000ns
    Phase Error              (PE):    0.000ns
  Clock Domain Crossing:  Inter clock paths are considered valid unless explicitly excluded by timing constraints such as set_clock_groups or set_false_path.

    Location             Delay type                Incr(ns)  Path(ns)    Netlist Resource(s)
  -------------------------------------------------------------------    -------------------
                         (clock clk_fpga_0 rise edge)
                                                      0.000     0.000 r  
    PS7_X0Y0             PS7                          0.000     0.000 r  design_1_i/processing_system7_0/inst/PS7_i/FCLKCLK[0]
                         net (fo=1, routed)           0.315     0.315    design_1_i/processing_system7_0/inst/FCLK_CLK_unbuffered[0]
    BUFGCTRL_X0Y0        BUFG (Prop_bufg_I_O)         0.026     0.341 r  design_1_i/processing_system7_0/inst/buffer_fclk_clk_0.FCLK_CLK_0_BUFG/O
                         net (fo=6928, routed)        0.588     0.929    design_1_i/DMA24bUnit_mm2s_0/U0/regslice_both_STR_video_out_V_data_V_U/ap_clk
    SLICE_X40Y13         FDRE                                         r  design_1_i/DMA24bUnit_mm2s_0/U0/regslice_both_STR_video_out_V_data_V_U/B_V_data_1_payload_B_reg[5]/C
  -------------------------------------------------------------------    -------------------
    SLICE_X40Y13         FDRE (Prop_fdre_C_Q)         0.128     1.057 r  design_1_i/DMA24bUnit_mm2s_0/U0/regslice_both_STR_video_out_V_data_V_U/B_V_data_1_payload_B_reg[5]/Q
                         net (fo=1, routed)           0.100     1.156    design_1_i/DMA24bUnit_mm2s_0/U0/regslice_both_STR_video_out_V_data_V_U/B_V_data_1_payload_B_reg_n_2_[5]
    SLICE_X40Y13         LUT3 (Prop_lut3_I0_O)        0.098     1.254 r  design_1_i/DMA24bUnit_mm2s_0/U0/regslice_both_STR_video_out_V_data_V_U/STR_video_out_TDATA[5]_INST_0/O
                         net (fo=1, routed)           0.226     1.480    design_1_i/Switch_flux/U0/Axis_tdata_2[5]
    SLICE_X40Y16         LUT4 (Prop_lut4_I3_O)        0.045     1.525 r  design_1_i/Switch_flux/U0/Axis_tdata_out[5]_INST_0/O
                         net (fo=1, routed)           0.000     1.525    design_1_i/Conv_axis_vga_0/U0/axis_tdata[5]
    SLICE_X40Y16         FDCE                                         r  design_1_i/Conv_axis_vga_0/U0/SV_RED_reg_reg[5]/D
  -------------------------------------------------------------------    -------------------

                         (clock sys_clk_pin rise edge)
                                                      0.000     0.000 r  
    BUFGCTRL_X0Y0        BUFG                         0.000     0.000 r  design_1_i/processing_system7_0/inst/buffer_fclk_clk_0.FCLK_CLK_0_BUFG/O
                         net (fo=6928, routed)        0.854     0.854    design_1_i/Conv_axis_vga_0/U0/clk
    SLICE_X40Y16         FDCE                                         r  design_1_i/Conv_axis_vga_0/U0/SV_RED_reg_reg[5]/C
                         clock pessimism             -0.253     0.601    
                         clock uncertainty            0.601     1.202    
    SLICE_X40Y16         FDCE (Hold_fdce_C_D)         0.091     1.293    design_1_i/Conv_axis_vga_0/U0/SV_RED_reg_reg[5]
  -------------------------------------------------------------------
                         required time                         -1.293    
                         arrival time                           1.525    
  -------------------------------------------------------------------
                         slack                                  0.232    

Slack (MET) :             0.261ns  (arrival time - required time)
  Source:                 design_1_i/DMA24bUnit_mm2s_0/U0/regslice_both_STR_video_out_V_data_V_U/B_V_data_1_payload_A_reg[12]/C
                            (rising edge-triggered cell FDRE clocked by clk_fpga_0  {rise@0.000ns fall@20.000ns period=40.000ns})
  Destination:            design_1_i/Conv_axis_vga_0/U0/SV_GREEN_reg_reg[4]/D
                            (rising edge-triggered cell FDCE clocked by sys_clk_pin  {rise@0.000ns fall@4.000ns period=8.000ns})
  Path Group:             sys_clk_pin
  Path Type:              Hold (Min at Fast Process Corner)
  Requirement:            0.000ns  (sys_clk_pin rise@0.000ns - clk_fpga_0 rise@0.000ns)
  Data Path Delay:        0.654ns  (logic 0.231ns (35.314%)  route 0.423ns (64.686%))
  Logic Levels:           2  (LUT3=1 LUT4=1)
  Clock Path Skew:        -0.328ns (DCD - SCD - CPR)
    Destination Clock Delay (DCD):    0.855ns
    Source Clock Delay      (SCD):    0.929ns
    Clock Pessimism Removal (CPR):    0.254ns
  Clock Uncertainty:      0.601ns  ((TSJ^2 + TIJ^2)^1/2 + DJ) / 2 + PE
    Total System Jitter     (TSJ):    0.071ns
    Total Input Jitter      (TIJ):    1.200ns
    Discrete Jitter          (DJ):    0.000ns
    Phase Error              (PE):    0.000ns
  Clock Domain Crossing:  Inter clock paths are considered valid unless explicitly excluded by timing constraints such as set_clock_groups or set_false_path.

    Location             Delay type                Incr(ns)  Path(ns)    Netlist Resource(s)
  -------------------------------------------------------------------    -------------------
                         (clock clk_fpga_0 rise edge)
                                                      0.000     0.000 r  
    PS7_X0Y0             PS7                          0.000     0.000 r  design_1_i/processing_system7_0/inst/PS7_i/FCLKCLK[0]
                         net (fo=1, routed)           0.315     0.315    design_1_i/processing_system7_0/inst/FCLK_CLK_unbuffered[0]
    BUFGCTRL_X0Y0        BUFG (Prop_bufg_I_O)         0.026     0.341 r  design_1_i/processing_system7_0/inst/buffer_fclk_clk_0.FCLK_CLK_0_BUFG/O
                         net (fo=6928, routed)        0.588     0.929    design_1_i/DMA24bUnit_mm2s_0/U0/regslice_both_STR_video_out_V_data_V_U/ap_clk
    SLICE_X43Y15         FDRE                                         r  design_1_i/DMA24bUnit_mm2s_0/U0/regslice_both_STR_video_out_V_data_V_U/B_V_data_1_payload_A_reg[12]/C
  -------------------------------------------------------------------    -------------------
    SLICE_X43Y15         FDRE (Prop_fdre_C_Q)         0.141     1.070 r  design_1_i/DMA24bUnit_mm2s_0/U0/regslice_both_STR_video_out_V_data_V_U/B_V_data_1_payload_A_reg[12]/Q
                         net (fo=1, routed)           0.194     1.264    design_1_i/DMA24bUnit_mm2s_0/U0/regslice_both_STR_video_out_V_data_V_U/B_V_data_1_payload_A_reg_n_2_[12]
    SLICE_X42Y15         LUT3 (Prop_lut3_I1_O)        0.045     1.309 r  design_1_i/DMA24bUnit_mm2s_0/U0/regslice_both_STR_video_out_V_data_V_U/STR_video_out_TDATA[12]_INST_0/O
                         net (fo=1, routed)           0.229     1.538    design_1_i/Switch_flux/U0/Axis_tdata_2[12]
    SLICE_X42Y15         LUT4 (Prop_lut4_I3_O)        0.045     1.583 r  design_1_i/Switch_flux/U0/Axis_tdata_out[12]_INST_0/O
                         net (fo=1, routed)           0.000     1.583    design_1_i/Conv_axis_vga_0/U0/axis_tdata[12]
    SLICE_X42Y15         FDCE                                         r  design_1_i/Conv_axis_vga_0/U0/SV_GREEN_reg_reg[4]/D
  -------------------------------------------------------------------    -------------------

                         (clock sys_clk_pin rise edge)
                                                      0.000     0.000 r  
    BUFGCTRL_X0Y0        BUFG                         0.000     0.000 r  design_1_i/processing_system7_0/inst/buffer_fclk_clk_0.FCLK_CLK_0_BUFG/O
                         net (fo=6928, routed)        0.855     0.855    design_1_i/Conv_axis_vga_0/U0/clk
    SLICE_X42Y15         FDCE                                         r  design_1_i/Conv_axis_vga_0/U0/SV_GREEN_reg_reg[4]/C
                         clock pessimism             -0.254     0.601    
                         clock uncertainty            0.601     1.202    
    SLICE_X42Y15         FDCE (Hold_fdce_C_D)         0.120     1.322    design_1_i/Conv_axis_vga_0/U0/SV_GREEN_reg_reg[4]
  -------------------------------------------------------------------
                         required time                         -1.322    
                         arrival time                           1.583    
  -------------------------------------------------------------------
                         slack                                  0.261    

Slack (MET) :             0.366ns  (arrival time - required time)
  Source:                 design_1_i/DMA24bUnit_mm2s_0/U0/regslice_both_STR_video_out_V_data_V_U/B_V_data_1_sel_rd_reg/C
                            (rising edge-triggered cell FDRE clocked by clk_fpga_0  {rise@0.000ns fall@20.000ns period=40.000ns})
  Destination:            design_1_i/Conv_axis_vga_0/U0/SV_BLUE_reg_reg[4]/D
                            (rising edge-triggered cell FDCE clocked by sys_clk_pin  {rise@0.000ns fall@4.000ns period=8.000ns})
  Path Group:             sys_clk_pin
  Path Type:              Hold (Min at Fast Process Corner)
  Requirement:            0.000ns  (sys_clk_pin rise@0.000ns - clk_fpga_0 rise@0.000ns)
  Data Path Delay:        0.751ns  (logic 0.231ns (30.749%)  route 0.520ns (69.251%))
  Logic Levels:           2  (LUT3=1 LUT4=1)
  Clock Path Skew:        -0.307ns (DCD - SCD - CPR)
    Destination Clock Delay (DCD):    0.853ns
    Source Clock Delay      (SCD):    0.927ns
    Clock Pessimism Removal (CPR):    0.233ns
  Clock Uncertainty:      0.601ns  ((TSJ^2 + TIJ^2)^1/2 + DJ) / 2 + PE
    Total System Jitter     (TSJ):    0.071ns
    Total Input Jitter      (TIJ):    1.200ns
    Discrete Jitter          (DJ):    0.000ns
    Phase Error              (PE):    0.000ns
  Clock Domain Crossing:  Inter clock paths are considered valid unless explicitly excluded by timing constraints such as set_clock_groups or set_false_path.

    Location             Delay type                Incr(ns)  Path(ns)    Netlist Resource(s)
  -------------------------------------------------------------------    -------------------
                         (clock clk_fpga_0 rise edge)
                                                      0.000     0.000 r  
    PS7_X0Y0             PS7                          0.000     0.000 r  design_1_i/processing_system7_0/inst/PS7_i/FCLKCLK[0]
                         net (fo=1, routed)           0.315     0.315    design_1_i/processing_system7_0/inst/FCLK_CLK_unbuffered[0]
    BUFGCTRL_X0Y0        BUFG (Prop_bufg_I_O)         0.026     0.341 r  design_1_i/processing_system7_0/inst/buffer_fclk_clk_0.FCLK_CLK_0_BUFG/O
                         net (fo=6928, routed)        0.586     0.927    design_1_i/DMA24bUnit_mm2s_0/U0/regslice_both_STR_video_out_V_data_V_U/ap_clk
    SLICE_X39Y15         FDRE                                         r  design_1_i/DMA24bUnit_mm2s_0/U0/regslice_both_STR_video_out_V_data_V_U/B_V_data_1_sel_rd_reg/C
  -------------------------------------------------------------------    -------------------
    SLICE_X39Y15         FDRE (Prop_fdre_C_Q)         0.141     1.068 r  design_1_i/DMA24bUnit_mm2s_0/U0/regslice_both_STR_video_out_V_data_V_U/B_V_data_1_sel_rd_reg/Q
                         net (fo=13, routed)          0.265     1.332    design_1_i/DMA24bUnit_mm2s_0/U0/regslice_both_STR_video_out_V_data_V_U/B_V_data_1_sel
    SLICE_X41Y13         LUT3 (Prop_lut3_I2_O)        0.045     1.377 r  design_1_i/DMA24bUnit_mm2s_0/U0/regslice_both_STR_video_out_V_data_V_U/STR_video_out_TDATA[20]_INST_0/O
                         net (fo=1, routed)           0.255     1.633    design_1_i/Switch_flux/U0/Axis_tdata_2[20]
    SLICE_X41Y17         LUT4 (Prop_lut4_I3_O)        0.045     1.678 r  design_1_i/Switch_flux/U0/Axis_tdata_out[20]_INST_0/O
                         net (fo=1, routed)           0.000     1.678    design_1_i/Conv_axis_vga_0/U0/axis_tdata[20]
    SLICE_X41Y17         FDCE                                         r  design_1_i/Conv_axis_vga_0/U0/SV_BLUE_reg_reg[4]/D
  -------------------------------------------------------------------    -------------------

                         (clock sys_clk_pin rise edge)
                                                      0.000     0.000 r  
    BUFGCTRL_X0Y0        BUFG                         0.000     0.000 r  design_1_i/processing_system7_0/inst/buffer_fclk_clk_0.FCLK_CLK_0_BUFG/O
                         net (fo=6928, routed)        0.853     0.853    design_1_i/Conv_axis_vga_0/U0/clk
    SLICE_X41Y17         FDCE                                         r  design_1_i/Conv_axis_vga_0/U0/SV_BLUE_reg_reg[4]/C
                         clock pessimism             -0.233     0.620    
                         clock uncertainty            0.601     1.221    
    SLICE_X41Y17         FDCE (Hold_fdce_C_D)         0.091     1.312    design_1_i/Conv_axis_vga_0/U0/SV_BLUE_reg_reg[4]
  -------------------------------------------------------------------
                         required time                         -1.312    
                         arrival time                           1.678    
  -------------------------------------------------------------------
                         slack                                  0.366    

Slack (MET) :             0.373ns  (arrival time - required time)
  Source:                 design_1_i/DMA24bUnit_mm2s_0/U0/regslice_both_STR_video_out_V_data_V_U/B_V_data_1_payload_A_reg[22]/C
                            (rising edge-triggered cell FDRE clocked by clk_fpga_0  {rise@0.000ns fall@20.000ns period=40.000ns})
  Destination:            design_1_i/Conv_axis_vga_0/U0/SV_BLUE_reg_reg[6]/D
                            (rising edge-triggered cell FDCE clocked by sys_clk_pin  {rise@0.000ns fall@4.000ns period=8.000ns})
  Path Group:             sys_clk_pin
  Path Type:              Hold (Min at Fast Process Corner)
  Requirement:            0.000ns  (sys_clk_pin rise@0.000ns - clk_fpga_0 rise@0.000ns)
  Data Path Delay:        0.768ns  (logic 0.290ns (37.755%)  route 0.478ns (62.245%))
  Logic Levels:           2  (LUT3=1 LUT4=1)
  Clock Path Skew:        -0.327ns (DCD - SCD - CPR)
    Destination Clock Delay (DCD):    0.855ns
    Source Clock Delay      (SCD):    0.929ns
    Clock Pessimism Removal (CPR):    0.253ns
  Clock Uncertainty:      0.601ns  ((TSJ^2 + TIJ^2)^1/2 + DJ) / 2 + PE
    Total System Jitter     (TSJ):    0.071ns
    Total Input Jitter      (TIJ):    1.200ns
    Discrete Jitter          (DJ):    0.000ns
    Phase Error              (PE):    0.000ns
  Clock Domain Crossing:  Inter clock paths are considered valid unless explicitly excluded by timing constraints such as set_clock_groups or set_false_path.

    Location             Delay type                Incr(ns)  Path(ns)    Netlist Resource(s)
  -------------------------------------------------------------------    -------------------
                         (clock clk_fpga_0 rise edge)
                                                      0.000     0.000 r  
    PS7_X0Y0             PS7                          0.000     0.000 r  design_1_i/processing_system7_0/inst/PS7_i/FCLKCLK[0]
                         net (fo=1, routed)           0.315     0.315    design_1_i/processing_system7_0/inst/FCLK_CLK_unbuffered[0]
    BUFGCTRL_X0Y0        BUFG (Prop_bufg_I_O)         0.026     0.341 r  design_1_i/processing_system7_0/inst/buffer_fclk_clk_0.FCLK_CLK_0_BUFG/O
                         net (fo=6928, routed)        0.588     0.929    design_1_i/DMA24bUnit_mm2s_0/U0/regslice_both_STR_video_out_V_data_V_U/ap_clk
    SLICE_X41Y13         FDRE                                         r  design_1_i/DMA24bUnit_mm2s_0/U0/regslice_both_STR_video_out_V_data_V_U/B_V_data_1_payload_A_reg[22]/C
  -------------------------------------------------------------------    -------------------
    SLICE_X41Y13         FDRE (Prop_fdre_C_Q)         0.141     1.070 r  design_1_i/DMA24bUnit_mm2s_0/U0/regslice_both_STR_video_out_V_data_V_U/B_V_data_1_payload_A_reg[22]/Q
                         net (fo=1, routed)           0.213     1.283    design_1_i/DMA24bUnit_mm2s_0/U0/regslice_both_STR_video_out_V_data_V_U/B_V_data_1_payload_A_reg_n_2_[22]
    SLICE_X41Y13         LUT3 (Prop_lut3_I1_O)        0.042     1.325 r  design_1_i/DMA24bUnit_mm2s_0/U0/regslice_both_STR_video_out_V_data_V_U/STR_video_out_TDATA[22]_INST_0/O
                         net (fo=1, routed)           0.265     1.590    design_1_i/Switch_flux/U0/Axis_tdata_2[22]
    SLICE_X42Y15         LUT4 (Prop_lut4_I3_O)        0.107     1.697 r  design_1_i/Switch_flux/U0/Axis_tdata_out[22]_INST_0/O
                         net (fo=1, routed)           0.000     1.697    design_1_i/Conv_axis_vga_0/U0/axis_tdata[22]
    SLICE_X42Y15         FDCE                                         r  design_1_i/Conv_axis_vga_0/U0/SV_BLUE_reg_reg[6]/D
  -------------------------------------------------------------------    -------------------

                         (clock sys_clk_pin rise edge)
                                                      0.000     0.000 r  
    BUFGCTRL_X0Y0        BUFG                         0.000     0.000 r  design_1_i/processing_system7_0/inst/buffer_fclk_clk_0.FCLK_CLK_0_BUFG/O
                         net (fo=6928, routed)        0.855     0.855    design_1_i/Conv_axis_vga_0/U0/clk
    SLICE_X42Y15         FDCE                                         r  design_1_i/Conv_axis_vga_0/U0/SV_BLUE_reg_reg[6]/C
                         clock pessimism             -0.253     0.602    
                         clock uncertainty            0.601     1.203    
    SLICE_X42Y15         FDCE (Hold_fdce_C_D)         0.121     1.324    design_1_i/Conv_axis_vga_0/U0/SV_BLUE_reg_reg[6]
  -------------------------------------------------------------------
                         required time                         -1.324    
                         arrival time                           1.697    
  -------------------------------------------------------------------
                         slack                                  0.373    

Slack (MET) :             0.381ns  (arrival time - required time)
  Source:                 design_1_i/DMA24bUnit_mm2s_0/U0/regslice_both_STR_video_out_V_data_V_U/B_V_data_1_state_reg[0]/C
                            (rising edge-triggered cell FDRE clocked by clk_fpga_0  {rise@0.000ns fall@20.000ns period=40.000ns})
  Destination:            design_1_i/Conv_axis_vga_0/U0/S_VGA_B_reg[1]/D
                            (rising edge-triggered cell FDCE clocked by sys_clk_pin  {rise@0.000ns fall@4.000ns period=8.000ns})
  Path Group:             sys_clk_pin
  Path Type:              Hold (Min at Fast Process Corner)
  Requirement:            0.000ns  (sys_clk_pin rise@0.000ns - clk_fpga_0 rise@0.000ns)
  Data Path Delay:        0.791ns  (logic 0.234ns (29.600%)  route 0.557ns (70.400%))
  Logic Levels:           2  (LUT3=1 LUT4=1)
  Clock Path Skew:        -0.323ns (DCD - SCD - CPR)
    Destination Clock Delay (DCD):    0.853ns
    Source Clock Delay      (SCD):    0.923ns
    Clock Pessimism Removal (CPR):    0.253ns
  Clock Uncertainty:      0.601ns  ((TSJ^2 + TIJ^2)^1/2 + DJ) / 2 + PE
    Total System Jitter     (TSJ):    0.071ns
    Total Input Jitter      (TIJ):    1.200ns
    Discrete Jitter          (DJ):    0.000ns
    Phase Error              (PE):    0.000ns
  Clock Domain Crossing:  Inter clock paths are considered valid unless explicitly excluded by timing constraints such as set_clock_groups or set_false_path.

    Location             Delay type                Incr(ns)  Path(ns)    Netlist Resource(s)
  -------------------------------------------------------------------    -------------------
                         (clock clk_fpga_0 rise edge)
                                                      0.000     0.000 r  
    PS7_X0Y0             PS7                          0.000     0.000 r  design_1_i/processing_system7_0/inst/PS7_i/FCLKCLK[0]
                         net (fo=1, routed)           0.315     0.315    design_1_i/processing_system7_0/inst/FCLK_CLK_unbuffered[0]
    BUFGCTRL_X0Y0        BUFG (Prop_bufg_I_O)         0.026     0.341 r  design_1_i/processing_system7_0/inst/buffer_fclk_clk_0.FCLK_CLK_0_BUFG/O
                         net (fo=6928, routed)        0.582     0.923    design_1_i/DMA24bUnit_mm2s_0/U0/regslice_both_STR_video_out_V_data_V_U/ap_clk
    SLICE_X41Y21         FDRE                                         r  design_1_i/DMA24bUnit_mm2s_0/U0/regslice_both_STR_video_out_V_data_V_U/B_V_data_1_state_reg[0]/C
  -------------------------------------------------------------------    -------------------
    SLICE_X41Y21         FDRE (Prop_fdre_C_Q)         0.141     1.064 r  design_1_i/DMA24bUnit_mm2s_0/U0/regslice_both_STR_video_out_V_data_V_U/B_V_data_1_state_reg[0]/Q
                         net (fo=7, routed)           0.381     1.444    design_1_i/Switch_flux/U0/Axis_tvalid_2
    SLICE_X41Y16         LUT3 (Prop_lut3_I2_O)        0.045     1.489 r  design_1_i/Switch_flux/U0/Axis_tvalid_out_INST_0/O
                         net (fo=13, routed)          0.176     1.665    design_1_i/Conv_axis_vga_0/U0/axis_tvalid
    SLICE_X42Y17         LUT4 (Prop_lut4_I2_O)        0.048     1.713 r  design_1_i/Conv_axis_vga_0/U0/S_VGA_B[1]_i_1/O
                         net (fo=1, routed)           0.000     1.713    design_1_i/Conv_axis_vga_0/U0/S_VGA_B[1]_i_1_n_0
    SLICE_X42Y17         FDCE                                         r  design_1_i/Conv_axis_vga_0/U0/S_VGA_B_reg[1]/D
  -------------------------------------------------------------------    -------------------

                         (clock sys_clk_pin rise edge)
                                                      0.000     0.000 r  
    BUFGCTRL_X0Y0        BUFG                         0.000     0.000 r  design_1_i/processing_system7_0/inst/buffer_fclk_clk_0.FCLK_CLK_0_BUFG/O
                         net (fo=6928, routed)        0.853     0.853    design_1_i/Conv_axis_vga_0/U0/clk
    SLICE_X42Y17         FDCE                                         r  design_1_i/Conv_axis_vga_0/U0/S_VGA_B_reg[1]/C
                         clock pessimism             -0.253     0.600    
                         clock uncertainty            0.601     1.201    
    SLICE_X42Y17         FDCE (Hold_fdce_C_D)         0.131     1.332    design_1_i/Conv_axis_vga_0/U0/S_VGA_B_reg[1]
  -------------------------------------------------------------------
                         required time                         -1.332    
                         arrival time                           1.713    
  -------------------------------------------------------------------
                         slack                                  0.381    





---------------------------------------------------------------------------------------------------
Path Group:  **async_default**
From Clock:  clk_fpga_0
  To Clock:  clk_fpga_0

Setup :            0  Failing Endpoints,  Worst Slack       34.439ns,  Total Violation        0.000ns
Hold  :            0  Failing Endpoints,  Worst Slack        0.354ns,  Total Violation        0.000ns
---------------------------------------------------------------------------------------------------


Max Delay Paths
--------------------------------------------------------------------------------------
Slack (MET) :             34.439ns  (required time - arrival time)
  Source:                 design_1_i/proc_sys_reset_0/U0/ACTIVE_LOW_PR_OUT_DFF[0].FDRE_PER_N/C
                            (rising edge-triggered cell FDRE clocked by clk_fpga_0  {rise@0.000ns fall@20.000ns period=40.000ns})
  Destination:            design_1_i/Top_tpg_0/U0/s_box_x_reg_reg[4]/CLR
                            (recovery check against rising-edge clock clk_fpga_0  {rise@0.000ns fall@20.000ns period=40.000ns})
  Path Group:             **async_default**
  Path Type:              Recovery (Max at Slow Process Corner)
  Requirement:            40.000ns  (clk_fpga_0 rise@40.000ns - clk_fpga_0 rise@0.000ns)
  Data Path Delay:        4.278ns  (logic 0.606ns (14.165%)  route 3.672ns (85.835%))
  Logic Levels:           1  (LUT1=1)
  Clock Path Skew:        -0.075ns (DCD - SCD + CPR)
    Destination Clock Delay (DCD):    2.757ns = ( 42.757 - 40.000 ) 
    Source Clock Delay      (SCD):    3.062ns
    Clock Pessimism Removal (CPR):    0.230ns
  Clock Uncertainty:      0.601ns  ((TSJ^2 + TIJ^2)^1/2 + DJ) / 2 + PE
    Total System Jitter     (TSJ):    0.071ns
    Total Input Jitter      (TIJ):    1.200ns
    Discrete Jitter          (DJ):    0.000ns
    Phase Error              (PE):    0.000ns

    Location             Delay type                Incr(ns)  Path(ns)    Netlist Resource(s)
  -------------------------------------------------------------------    -------------------
                         (clock clk_fpga_0 rise edge)
                                                      0.000     0.000 r  
    PS7_X0Y0             PS7                          0.000     0.000 r  design_1_i/processing_system7_0/inst/PS7_i/FCLKCLK[0]
                         net (fo=1, routed)           1.207     1.207    design_1_i/processing_system7_0/inst/FCLK_CLK_unbuffered[0]
    BUFGCTRL_X0Y0        BUFG (Prop_bufg_I_O)         0.101     1.308 r  design_1_i/processing_system7_0/inst/buffer_fclk_clk_0.FCLK_CLK_0_BUFG/O
                         net (fo=6928, routed)        1.754     3.062    design_1_i/proc_sys_reset_0/U0/slowest_sync_clk
    SLICE_X41Y46         FDRE                                         r  design_1_i/proc_sys_reset_0/U0/ACTIVE_LOW_PR_OUT_DFF[0].FDRE_PER_N/C
  -------------------------------------------------------------------    -------------------
    SLICE_X41Y46         FDRE (Prop_fdre_C_Q)         0.456     3.518 r  design_1_i/proc_sys_reset_0/U0/ACTIVE_LOW_PR_OUT_DFF[0].FDRE_PER_N/Q
                         net (fo=72, routed)          1.123     4.641    design_1_i/Top_tpg_0/U0/resetn
    SLICE_X41Y35         LUT1 (Prop_lut1_I0_O)        0.150     4.791 f  design_1_i/Top_tpg_0/U0/v_cntr_reg[11]_i_3/O
                         net (fo=75, routed)          2.549     7.340    design_1_i/Top_tpg_0/U0/v_cntr_reg[11]_i_3_n_0
    SLICE_X39Y29         FDCE                                         f  design_1_i/Top_tpg_0/U0/s_box_x_reg_reg[4]/CLR
  -------------------------------------------------------------------    -------------------

                         (clock clk_fpga_0 rise edge)
                                                     40.000    40.000 r  
    PS7_X0Y0             PS7                          0.000    40.000 r  design_1_i/processing_system7_0/inst/PS7_i/FCLKCLK[0]
                         net (fo=1, routed)           1.101    41.101    design_1_i/processing_system7_0/inst/FCLK_CLK_unbuffered[0]
    BUFGCTRL_X0Y0        BUFG (Prop_bufg_I_O)         0.091    41.192 r  design_1_i/processing_system7_0/inst/buffer_fclk_clk_0.FCLK_CLK_0_BUFG/O
                         net (fo=6928, routed)        1.564    42.757    design_1_i/Top_tpg_0/U0/Clk
    SLICE_X39Y29         FDCE                                         r  design_1_i/Top_tpg_0/U0/s_box_x_reg_reg[4]/C
                         clock pessimism              0.230    42.987    
                         clock uncertainty           -0.601    42.386    
    SLICE_X39Y29         FDCE (Recov_fdce_C_CLR)     -0.607    41.779    design_1_i/Top_tpg_0/U0/s_box_x_reg_reg[4]
  -------------------------------------------------------------------
                         required time                         41.779    
                         arrival time                          -7.340    
  -------------------------------------------------------------------
                         slack                                 34.439    

Slack (MET) :             34.439ns  (required time - arrival time)
  Source:                 design_1_i/proc_sys_reset_0/U0/ACTIVE_LOW_PR_OUT_DFF[0].FDRE_PER_N/C
                            (rising edge-triggered cell FDRE clocked by clk_fpga_0  {rise@0.000ns fall@20.000ns period=40.000ns})
  Destination:            design_1_i/Top_tpg_0/U0/s_box_x_reg_reg[5]/CLR
                            (recovery check against rising-edge clock clk_fpga_0  {rise@0.000ns fall@20.000ns period=40.000ns})
  Path Group:             **async_default**
  Path Type:              Recovery (Max at Slow Process Corner)
  Requirement:            40.000ns  (clk_fpga_0 rise@40.000ns - clk_fpga_0 rise@0.000ns)
  Data Path Delay:        4.278ns  (logic 0.606ns (14.165%)  route 3.672ns (85.835%))
  Logic Levels:           1  (LUT1=1)
  Clock Path Skew:        -0.075ns (DCD - SCD + CPR)
    Destination Clock Delay (DCD):    2.757ns = ( 42.757 - 40.000 ) 
    Source Clock Delay      (SCD):    3.062ns
    Clock Pessimism Removal (CPR):    0.230ns
  Clock Uncertainty:      0.601ns  ((TSJ^2 + TIJ^2)^1/2 + DJ) / 2 + PE
    Total System Jitter     (TSJ):    0.071ns
    Total Input Jitter      (TIJ):    1.200ns
    Discrete Jitter          (DJ):    0.000ns
    Phase Error              (PE):    0.000ns

    Location             Delay type                Incr(ns)  Path(ns)    Netlist Resource(s)
  -------------------------------------------------------------------    -------------------
                         (clock clk_fpga_0 rise edge)
                                                      0.000     0.000 r  
    PS7_X0Y0             PS7                          0.000     0.000 r  design_1_i/processing_system7_0/inst/PS7_i/FCLKCLK[0]
                         net (fo=1, routed)           1.207     1.207    design_1_i/processing_system7_0/inst/FCLK_CLK_unbuffered[0]
    BUFGCTRL_X0Y0        BUFG (Prop_bufg_I_O)         0.101     1.308 r  design_1_i/processing_system7_0/inst/buffer_fclk_clk_0.FCLK_CLK_0_BUFG/O
                         net (fo=6928, routed)        1.754     3.062    design_1_i/proc_sys_reset_0/U0/slowest_sync_clk
    SLICE_X41Y46         FDRE                                         r  design_1_i/proc_sys_reset_0/U0/ACTIVE_LOW_PR_OUT_DFF[0].FDRE_PER_N/C
  -------------------------------------------------------------------    -------------------
    SLICE_X41Y46         FDRE (Prop_fdre_C_Q)         0.456     3.518 r  design_1_i/proc_sys_reset_0/U0/ACTIVE_LOW_PR_OUT_DFF[0].FDRE_PER_N/Q
                         net (fo=72, routed)          1.123     4.641    design_1_i/Top_tpg_0/U0/resetn
    SLICE_X41Y35         LUT1 (Prop_lut1_I0_O)        0.150     4.791 f  design_1_i/Top_tpg_0/U0/v_cntr_reg[11]_i_3/O
                         net (fo=75, routed)          2.549     7.340    design_1_i/Top_tpg_0/U0/v_cntr_reg[11]_i_3_n_0
    SLICE_X39Y29         FDCE                                         f  design_1_i/Top_tpg_0/U0/s_box_x_reg_reg[5]/CLR
  -------------------------------------------------------------------    -------------------

                         (clock clk_fpga_0 rise edge)
                                                     40.000    40.000 r  
    PS7_X0Y0             PS7                          0.000    40.000 r  design_1_i/processing_system7_0/inst/PS7_i/FCLKCLK[0]
                         net (fo=1, routed)           1.101    41.101    design_1_i/processing_system7_0/inst/FCLK_CLK_unbuffered[0]
    BUFGCTRL_X0Y0        BUFG (Prop_bufg_I_O)         0.091    41.192 r  design_1_i/processing_system7_0/inst/buffer_fclk_clk_0.FCLK_CLK_0_BUFG/O
                         net (fo=6928, routed)        1.564    42.757    design_1_i/Top_tpg_0/U0/Clk
    SLICE_X39Y29         FDCE                                         r  design_1_i/Top_tpg_0/U0/s_box_x_reg_reg[5]/C
                         clock pessimism              0.230    42.987    
                         clock uncertainty           -0.601    42.386    
    SLICE_X39Y29         FDCE (Recov_fdce_C_CLR)     -0.607    41.779    design_1_i/Top_tpg_0/U0/s_box_x_reg_reg[5]
  -------------------------------------------------------------------
                         required time                         41.779    
                         arrival time                          -7.340    
  -------------------------------------------------------------------
                         slack                                 34.439    

Slack (MET) :             34.439ns  (required time - arrival time)
  Source:                 design_1_i/proc_sys_reset_0/U0/ACTIVE_LOW_PR_OUT_DFF[0].FDRE_PER_N/C
                            (rising edge-triggered cell FDRE clocked by clk_fpga_0  {rise@0.000ns fall@20.000ns period=40.000ns})
  Destination:            design_1_i/Top_tpg_0/U0/s_box_x_reg_reg[6]/CLR
                            (recovery check against rising-edge clock clk_fpga_0  {rise@0.000ns fall@20.000ns period=40.000ns})
  Path Group:             **async_default**
  Path Type:              Recovery (Max at Slow Process Corner)
  Requirement:            40.000ns  (clk_fpga_0 rise@40.000ns - clk_fpga_0 rise@0.000ns)
  Data Path Delay:        4.278ns  (logic 0.606ns (14.165%)  route 3.672ns (85.835%))
  Logic Levels:           1  (LUT1=1)
  Clock Path Skew:        -0.075ns (DCD - SCD + CPR)
    Destination Clock Delay (DCD):    2.757ns = ( 42.757 - 40.000 ) 
    Source Clock Delay      (SCD):    3.062ns
    Clock Pessimism Removal (CPR):    0.230ns
  Clock Uncertainty:      0.601ns  ((TSJ^2 + TIJ^2)^1/2 + DJ) / 2 + PE
    Total System Jitter     (TSJ):    0.071ns
    Total Input Jitter      (TIJ):    1.200ns
    Discrete Jitter          (DJ):    0.000ns
    Phase Error              (PE):    0.000ns

    Location             Delay type                Incr(ns)  Path(ns)    Netlist Resource(s)
  -------------------------------------------------------------------    -------------------
                         (clock clk_fpga_0 rise edge)
                                                      0.000     0.000 r  
    PS7_X0Y0             PS7                          0.000     0.000 r  design_1_i/processing_system7_0/inst/PS7_i/FCLKCLK[0]
                         net (fo=1, routed)           1.207     1.207    design_1_i/processing_system7_0/inst/FCLK_CLK_unbuffered[0]
    BUFGCTRL_X0Y0        BUFG (Prop_bufg_I_O)         0.101     1.308 r  design_1_i/processing_system7_0/inst/buffer_fclk_clk_0.FCLK_CLK_0_BUFG/O
                         net (fo=6928, routed)        1.754     3.062    design_1_i/proc_sys_reset_0/U0/slowest_sync_clk
    SLICE_X41Y46         FDRE                                         r  design_1_i/proc_sys_reset_0/U0/ACTIVE_LOW_PR_OUT_DFF[0].FDRE_PER_N/C
  -------------------------------------------------------------------    -------------------
    SLICE_X41Y46         FDRE (Prop_fdre_C_Q)         0.456     3.518 r  design_1_i/proc_sys_reset_0/U0/ACTIVE_LOW_PR_OUT_DFF[0].FDRE_PER_N/Q
                         net (fo=72, routed)          1.123     4.641    design_1_i/Top_tpg_0/U0/resetn
    SLICE_X41Y35         LUT1 (Prop_lut1_I0_O)        0.150     4.791 f  design_1_i/Top_tpg_0/U0/v_cntr_reg[11]_i_3/O
                         net (fo=75, routed)          2.549     7.340    design_1_i/Top_tpg_0/U0/v_cntr_reg[11]_i_3_n_0
    SLICE_X39Y29         FDCE                                         f  design_1_i/Top_tpg_0/U0/s_box_x_reg_reg[6]/CLR
  -------------------------------------------------------------------    -------------------

                         (clock clk_fpga_0 rise edge)
                                                     40.000    40.000 r  
    PS7_X0Y0             PS7                          0.000    40.000 r  design_1_i/processing_system7_0/inst/PS7_i/FCLKCLK[0]
                         net (fo=1, routed)           1.101    41.101    design_1_i/processing_system7_0/inst/FCLK_CLK_unbuffered[0]
    BUFGCTRL_X0Y0        BUFG (Prop_bufg_I_O)         0.091    41.192 r  design_1_i/processing_system7_0/inst/buffer_fclk_clk_0.FCLK_CLK_0_BUFG/O
                         net (fo=6928, routed)        1.564    42.757    design_1_i/Top_tpg_0/U0/Clk
    SLICE_X39Y29         FDCE                                         r  design_1_i/Top_tpg_0/U0/s_box_x_reg_reg[6]/C
                         clock pessimism              0.230    42.987    
                         clock uncertainty           -0.601    42.386    
    SLICE_X39Y29         FDCE (Recov_fdce_C_CLR)     -0.607    41.779    design_1_i/Top_tpg_0/U0/s_box_x_reg_reg[6]
  -------------------------------------------------------------------
                         required time                         41.779    
                         arrival time                          -7.340    
  -------------------------------------------------------------------
                         slack                                 34.439    

Slack (MET) :             34.439ns  (required time - arrival time)
  Source:                 design_1_i/proc_sys_reset_0/U0/ACTIVE_LOW_PR_OUT_DFF[0].FDRE_PER_N/C
                            (rising edge-triggered cell FDRE clocked by clk_fpga_0  {rise@0.000ns fall@20.000ns period=40.000ns})
  Destination:            design_1_i/Top_tpg_0/U0/s_box_x_reg_reg[7]/CLR
                            (recovery check against rising-edge clock clk_fpga_0  {rise@0.000ns fall@20.000ns period=40.000ns})
  Path Group:             **async_default**
  Path Type:              Recovery (Max at Slow Process Corner)
  Requirement:            40.000ns  (clk_fpga_0 rise@40.000ns - clk_fpga_0 rise@0.000ns)
  Data Path Delay:        4.278ns  (logic 0.606ns (14.165%)  route 3.672ns (85.835%))
  Logic Levels:           1  (LUT1=1)
  Clock Path Skew:        -0.075ns (DCD - SCD + CPR)
    Destination Clock Delay (DCD):    2.757ns = ( 42.757 - 40.000 ) 
    Source Clock Delay      (SCD):    3.062ns
    Clock Pessimism Removal (CPR):    0.230ns
  Clock Uncertainty:      0.601ns  ((TSJ^2 + TIJ^2)^1/2 + DJ) / 2 + PE
    Total System Jitter     (TSJ):    0.071ns
    Total Input Jitter      (TIJ):    1.200ns
    Discrete Jitter          (DJ):    0.000ns
    Phase Error              (PE):    0.000ns

    Location             Delay type                Incr(ns)  Path(ns)    Netlist Resource(s)
  -------------------------------------------------------------------    -------------------
                         (clock clk_fpga_0 rise edge)
                                                      0.000     0.000 r  
    PS7_X0Y0             PS7                          0.000     0.000 r  design_1_i/processing_system7_0/inst/PS7_i/FCLKCLK[0]
                         net (fo=1, routed)           1.207     1.207    design_1_i/processing_system7_0/inst/FCLK_CLK_unbuffered[0]
    BUFGCTRL_X0Y0        BUFG (Prop_bufg_I_O)         0.101     1.308 r  design_1_i/processing_system7_0/inst/buffer_fclk_clk_0.FCLK_CLK_0_BUFG/O
                         net (fo=6928, routed)        1.754     3.062    design_1_i/proc_sys_reset_0/U0/slowest_sync_clk
    SLICE_X41Y46         FDRE                                         r  design_1_i/proc_sys_reset_0/U0/ACTIVE_LOW_PR_OUT_DFF[0].FDRE_PER_N/C
  -------------------------------------------------------------------    -------------------
    SLICE_X41Y46         FDRE (Prop_fdre_C_Q)         0.456     3.518 r  design_1_i/proc_sys_reset_0/U0/ACTIVE_LOW_PR_OUT_DFF[0].FDRE_PER_N/Q
                         net (fo=72, routed)          1.123     4.641    design_1_i/Top_tpg_0/U0/resetn
    SLICE_X41Y35         LUT1 (Prop_lut1_I0_O)        0.150     4.791 f  design_1_i/Top_tpg_0/U0/v_cntr_reg[11]_i_3/O
                         net (fo=75, routed)          2.549     7.340    design_1_i/Top_tpg_0/U0/v_cntr_reg[11]_i_3_n_0
    SLICE_X39Y29         FDCE                                         f  design_1_i/Top_tpg_0/U0/s_box_x_reg_reg[7]/CLR
  -------------------------------------------------------------------    -------------------

                         (clock clk_fpga_0 rise edge)
                                                     40.000    40.000 r  
    PS7_X0Y0             PS7                          0.000    40.000 r  design_1_i/processing_system7_0/inst/PS7_i/FCLKCLK[0]
                         net (fo=1, routed)           1.101    41.101    design_1_i/processing_system7_0/inst/FCLK_CLK_unbuffered[0]
    BUFGCTRL_X0Y0        BUFG (Prop_bufg_I_O)         0.091    41.192 r  design_1_i/processing_system7_0/inst/buffer_fclk_clk_0.FCLK_CLK_0_BUFG/O
                         net (fo=6928, routed)        1.564    42.757    design_1_i/Top_tpg_0/U0/Clk
    SLICE_X39Y29         FDCE                                         r  design_1_i/Top_tpg_0/U0/s_box_x_reg_reg[7]/C
                         clock pessimism              0.230    42.987    
                         clock uncertainty           -0.601    42.386    
    SLICE_X39Y29         FDCE (Recov_fdce_C_CLR)     -0.607    41.779    design_1_i/Top_tpg_0/U0/s_box_x_reg_reg[7]
  -------------------------------------------------------------------
                         required time                         41.779    
                         arrival time                          -7.340    
  -------------------------------------------------------------------
                         slack                                 34.439    

Slack (MET) :             34.760ns  (required time - arrival time)
  Source:                 design_1_i/proc_sys_reset_0/U0/ACTIVE_LOW_PR_OUT_DFF[0].FDRE_PER_N/C
                            (rising edge-triggered cell FDRE clocked by clk_fpga_0  {rise@0.000ns fall@20.000ns period=40.000ns})
  Destination:            design_1_i/Top_tpg_0/U0/s_box_x_reg_reg[0]/CLR
                            (recovery check against rising-edge clock clk_fpga_0  {rise@0.000ns fall@20.000ns period=40.000ns})
  Path Group:             **async_default**
  Path Type:              Recovery (Max at Slow Process Corner)
  Requirement:            40.000ns  (clk_fpga_0 rise@40.000ns - clk_fpga_0 rise@0.000ns)
  Data Path Delay:        3.956ns  (logic 0.606ns (15.320%)  route 3.350ns (84.680%))
  Logic Levels:           1  (LUT1=1)
  Clock Path Skew:        -0.076ns (DCD - SCD + CPR)
    Destination Clock Delay (DCD):    2.755ns = ( 42.756 - 40.000 ) 
    Source Clock Delay      (SCD):    3.062ns
    Clock Pessimism Removal (CPR):    0.230ns
  Clock Uncertainty:      0.601ns  ((TSJ^2 + TIJ^2)^1/2 + DJ) / 2 + PE
    Total System Jitter     (TSJ):    0.071ns
    Total Input Jitter      (TIJ):    1.200ns
    Discrete Jitter          (DJ):    0.000ns
    Phase Error              (PE):    0.000ns

    Location             Delay type                Incr(ns)  Path(ns)    Netlist Resource(s)
  -------------------------------------------------------------------    -------------------
                         (clock clk_fpga_0 rise edge)
                                                      0.000     0.000 r  
    PS7_X0Y0             PS7                          0.000     0.000 r  design_1_i/processing_system7_0/inst/PS7_i/FCLKCLK[0]
                         net (fo=1, routed)           1.207     1.207    design_1_i/processing_system7_0/inst/FCLK_CLK_unbuffered[0]
    BUFGCTRL_X0Y0        BUFG (Prop_bufg_I_O)         0.101     1.308 r  design_1_i/processing_system7_0/inst/buffer_fclk_clk_0.FCLK_CLK_0_BUFG/O
                         net (fo=6928, routed)        1.754     3.062    design_1_i/proc_sys_reset_0/U0/slowest_sync_clk
    SLICE_X41Y46         FDRE                                         r  design_1_i/proc_sys_reset_0/U0/ACTIVE_LOW_PR_OUT_DFF[0].FDRE_PER_N/C
  -------------------------------------------------------------------    -------------------
    SLICE_X41Y46         FDRE (Prop_fdre_C_Q)         0.456     3.518 r  design_1_i/proc_sys_reset_0/U0/ACTIVE_LOW_PR_OUT_DFF[0].FDRE_PER_N/Q
                         net (fo=72, routed)          1.123     4.641    design_1_i/Top_tpg_0/U0/resetn
    SLICE_X41Y35         LUT1 (Prop_lut1_I0_O)        0.150     4.791 f  design_1_i/Top_tpg_0/U0/v_cntr_reg[11]_i_3/O
                         net (fo=75, routed)          2.227     7.018    design_1_i/Top_tpg_0/U0/v_cntr_reg[11]_i_3_n_0
    SLICE_X39Y28         FDCE                                         f  design_1_i/Top_tpg_0/U0/s_box_x_reg_reg[0]/CLR
  -------------------------------------------------------------------    -------------------

                         (clock clk_fpga_0 rise edge)
                                                     40.000    40.000 r  
    PS7_X0Y0             PS7                          0.000    40.000 r  design_1_i/processing_system7_0/inst/PS7_i/FCLKCLK[0]
                         net (fo=1, routed)           1.101    41.101    design_1_i/processing_system7_0/inst/FCLK_CLK_unbuffered[0]
    BUFGCTRL_X0Y0        BUFG (Prop_bufg_I_O)         0.091    41.192 r  design_1_i/processing_system7_0/inst/buffer_fclk_clk_0.FCLK_CLK_0_BUFG/O
                         net (fo=6928, routed)        1.563    42.756    design_1_i/Top_tpg_0/U0/Clk
    SLICE_X39Y28         FDCE                                         r  design_1_i/Top_tpg_0/U0/s_box_x_reg_reg[0]/C
                         clock pessimism              0.230    42.986    
                         clock uncertainty           -0.601    42.385    
    SLICE_X39Y28         FDCE (Recov_fdce_C_CLR)     -0.607    41.778    design_1_i/Top_tpg_0/U0/s_box_x_reg_reg[0]
  -------------------------------------------------------------------
                         required time                         41.778    
                         arrival time                          -7.018    
  -------------------------------------------------------------------
                         slack                                 34.760    

Slack (MET) :             34.760ns  (required time - arrival time)
  Source:                 design_1_i/proc_sys_reset_0/U0/ACTIVE_LOW_PR_OUT_DFF[0].FDRE_PER_N/C
                            (rising edge-triggered cell FDRE clocked by clk_fpga_0  {rise@0.000ns fall@20.000ns period=40.000ns})
  Destination:            design_1_i/Top_tpg_0/U0/s_box_x_reg_reg[1]/CLR
                            (recovery check against rising-edge clock clk_fpga_0  {rise@0.000ns fall@20.000ns period=40.000ns})
  Path Group:             **async_default**
  Path Type:              Recovery (Max at Slow Process Corner)
  Requirement:            40.000ns  (clk_fpga_0 rise@40.000ns - clk_fpga_0 rise@0.000ns)
  Data Path Delay:        3.956ns  (logic 0.606ns (15.320%)  route 3.350ns (84.680%))
  Logic Levels:           1  (LUT1=1)
  Clock Path Skew:        -0.076ns (DCD - SCD + CPR)
    Destination Clock Delay (DCD):    2.755ns = ( 42.756 - 40.000 ) 
    Source Clock Delay      (SCD):    3.062ns
    Clock Pessimism Removal (CPR):    0.230ns
  Clock Uncertainty:      0.601ns  ((TSJ^2 + TIJ^2)^1/2 + DJ) / 2 + PE
    Total System Jitter     (TSJ):    0.071ns
    Total Input Jitter      (TIJ):    1.200ns
    Discrete Jitter          (DJ):    0.000ns
    Phase Error              (PE):    0.000ns

    Location             Delay type                Incr(ns)  Path(ns)    Netlist Resource(s)
  -------------------------------------------------------------------    -------------------
                         (clock clk_fpga_0 rise edge)
                                                      0.000     0.000 r  
    PS7_X0Y0             PS7                          0.000     0.000 r  design_1_i/processing_system7_0/inst/PS7_i/FCLKCLK[0]
                         net (fo=1, routed)           1.207     1.207    design_1_i/processing_system7_0/inst/FCLK_CLK_unbuffered[0]
    BUFGCTRL_X0Y0        BUFG (Prop_bufg_I_O)         0.101     1.308 r  design_1_i/processing_system7_0/inst/buffer_fclk_clk_0.FCLK_CLK_0_BUFG/O
                         net (fo=6928, routed)        1.754     3.062    design_1_i/proc_sys_reset_0/U0/slowest_sync_clk
    SLICE_X41Y46         FDRE                                         r  design_1_i/proc_sys_reset_0/U0/ACTIVE_LOW_PR_OUT_DFF[0].FDRE_PER_N/C
  -------------------------------------------------------------------    -------------------
    SLICE_X41Y46         FDRE (Prop_fdre_C_Q)         0.456     3.518 r  design_1_i/proc_sys_reset_0/U0/ACTIVE_LOW_PR_OUT_DFF[0].FDRE_PER_N/Q
                         net (fo=72, routed)          1.123     4.641    design_1_i/Top_tpg_0/U0/resetn
    SLICE_X41Y35         LUT1 (Prop_lut1_I0_O)        0.150     4.791 f  design_1_i/Top_tpg_0/U0/v_cntr_reg[11]_i_3/O
                         net (fo=75, routed)          2.227     7.018    design_1_i/Top_tpg_0/U0/v_cntr_reg[11]_i_3_n_0
    SLICE_X39Y28         FDCE                                         f  design_1_i/Top_tpg_0/U0/s_box_x_reg_reg[1]/CLR
  -------------------------------------------------------------------    -------------------

                         (clock clk_fpga_0 rise edge)
                                                     40.000    40.000 r  
    PS7_X0Y0             PS7                          0.000    40.000 r  design_1_i/processing_system7_0/inst/PS7_i/FCLKCLK[0]
                         net (fo=1, routed)           1.101    41.101    design_1_i/processing_system7_0/inst/FCLK_CLK_unbuffered[0]
    BUFGCTRL_X0Y0        BUFG (Prop_bufg_I_O)         0.091    41.192 r  design_1_i/processing_system7_0/inst/buffer_fclk_clk_0.FCLK_CLK_0_BUFG/O
                         net (fo=6928, routed)        1.563    42.756    design_1_i/Top_tpg_0/U0/Clk
    SLICE_X39Y28         FDCE                                         r  design_1_i/Top_tpg_0/U0/s_box_x_reg_reg[1]/C
                         clock pessimism              0.230    42.986    
                         clock uncertainty           -0.601    42.385    
    SLICE_X39Y28         FDCE (Recov_fdce_C_CLR)     -0.607    41.778    design_1_i/Top_tpg_0/U0/s_box_x_reg_reg[1]
  -------------------------------------------------------------------
                         required time                         41.778    
                         arrival time                          -7.018    
  -------------------------------------------------------------------
                         slack                                 34.760    

Slack (MET) :             34.760ns  (required time - arrival time)
  Source:                 design_1_i/proc_sys_reset_0/U0/ACTIVE_LOW_PR_OUT_DFF[0].FDRE_PER_N/C
                            (rising edge-triggered cell FDRE clocked by clk_fpga_0  {rise@0.000ns fall@20.000ns period=40.000ns})
  Destination:            design_1_i/Top_tpg_0/U0/s_box_x_reg_reg[2]/CLR
                            (recovery check against rising-edge clock clk_fpga_0  {rise@0.000ns fall@20.000ns period=40.000ns})
  Path Group:             **async_default**
  Path Type:              Recovery (Max at Slow Process Corner)
  Requirement:            40.000ns  (clk_fpga_0 rise@40.000ns - clk_fpga_0 rise@0.000ns)
  Data Path Delay:        3.956ns  (logic 0.606ns (15.320%)  route 3.350ns (84.680%))
  Logic Levels:           1  (LUT1=1)
  Clock Path Skew:        -0.076ns (DCD - SCD + CPR)
    Destination Clock Delay (DCD):    2.755ns = ( 42.756 - 40.000 ) 
    Source Clock Delay      (SCD):    3.062ns
    Clock Pessimism Removal (CPR):    0.230ns
  Clock Uncertainty:      0.601ns  ((TSJ^2 + TIJ^2)^1/2 + DJ) / 2 + PE
    Total System Jitter     (TSJ):    0.071ns
    Total Input Jitter      (TIJ):    1.200ns
    Discrete Jitter          (DJ):    0.000ns
    Phase Error              (PE):    0.000ns

    Location             Delay type                Incr(ns)  Path(ns)    Netlist Resource(s)
  -------------------------------------------------------------------    -------------------
                         (clock clk_fpga_0 rise edge)
                                                      0.000     0.000 r  
    PS7_X0Y0             PS7                          0.000     0.000 r  design_1_i/processing_system7_0/inst/PS7_i/FCLKCLK[0]
                         net (fo=1, routed)           1.207     1.207    design_1_i/processing_system7_0/inst/FCLK_CLK_unbuffered[0]
    BUFGCTRL_X0Y0        BUFG (Prop_bufg_I_O)         0.101     1.308 r  design_1_i/processing_system7_0/inst/buffer_fclk_clk_0.FCLK_CLK_0_BUFG/O
                         net (fo=6928, routed)        1.754     3.062    design_1_i/proc_sys_reset_0/U0/slowest_sync_clk
    SLICE_X41Y46         FDRE                                         r  design_1_i/proc_sys_reset_0/U0/ACTIVE_LOW_PR_OUT_DFF[0].FDRE_PER_N/C
  -------------------------------------------------------------------    -------------------
    SLICE_X41Y46         FDRE (Prop_fdre_C_Q)         0.456     3.518 r  design_1_i/proc_sys_reset_0/U0/ACTIVE_LOW_PR_OUT_DFF[0].FDRE_PER_N/Q
                         net (fo=72, routed)          1.123     4.641    design_1_i/Top_tpg_0/U0/resetn
    SLICE_X41Y35         LUT1 (Prop_lut1_I0_O)        0.150     4.791 f  design_1_i/Top_tpg_0/U0/v_cntr_reg[11]_i_3/O
                         net (fo=75, routed)          2.227     7.018    design_1_i/Top_tpg_0/U0/v_cntr_reg[11]_i_3_n_0
    SLICE_X39Y28         FDCE                                         f  design_1_i/Top_tpg_0/U0/s_box_x_reg_reg[2]/CLR
  -------------------------------------------------------------------    -------------------

                         (clock clk_fpga_0 rise edge)
                                                     40.000    40.000 r  
    PS7_X0Y0             PS7                          0.000    40.000 r  design_1_i/processing_system7_0/inst/PS7_i/FCLKCLK[0]
                         net (fo=1, routed)           1.101    41.101    design_1_i/processing_system7_0/inst/FCLK_CLK_unbuffered[0]
    BUFGCTRL_X0Y0        BUFG (Prop_bufg_I_O)         0.091    41.192 r  design_1_i/processing_system7_0/inst/buffer_fclk_clk_0.FCLK_CLK_0_BUFG/O
                         net (fo=6928, routed)        1.563    42.756    design_1_i/Top_tpg_0/U0/Clk
    SLICE_X39Y28         FDCE                                         r  design_1_i/Top_tpg_0/U0/s_box_x_reg_reg[2]/C
                         clock pessimism              0.230    42.986    
                         clock uncertainty           -0.601    42.385    
    SLICE_X39Y28         FDCE (Recov_fdce_C_CLR)     -0.607    41.778    design_1_i/Top_tpg_0/U0/s_box_x_reg_reg[2]
  -------------------------------------------------------------------
                         required time                         41.778    
                         arrival time                          -7.018    
  -------------------------------------------------------------------
                         slack                                 34.760    

Slack (MET) :             34.760ns  (required time - arrival time)
  Source:                 design_1_i/proc_sys_reset_0/U0/ACTIVE_LOW_PR_OUT_DFF[0].FDRE_PER_N/C
                            (rising edge-triggered cell FDRE clocked by clk_fpga_0  {rise@0.000ns fall@20.000ns period=40.000ns})
  Destination:            design_1_i/Top_tpg_0/U0/s_box_x_reg_reg[3]/CLR
                            (recovery check against rising-edge clock clk_fpga_0  {rise@0.000ns fall@20.000ns period=40.000ns})
  Path Group:             **async_default**
  Path Type:              Recovery (Max at Slow Process Corner)
  Requirement:            40.000ns  (clk_fpga_0 rise@40.000ns - clk_fpga_0 rise@0.000ns)
  Data Path Delay:        3.956ns  (logic 0.606ns (15.320%)  route 3.350ns (84.680%))
  Logic Levels:           1  (LUT1=1)
  Clock Path Skew:        -0.076ns (DCD - SCD + CPR)
    Destination Clock Delay (DCD):    2.755ns = ( 42.756 - 40.000 ) 
    Source Clock Delay      (SCD):    3.062ns
    Clock Pessimism Removal (CPR):    0.230ns
  Clock Uncertainty:      0.601ns  ((TSJ^2 + TIJ^2)^1/2 + DJ) / 2 + PE
    Total System Jitter     (TSJ):    0.071ns
    Total Input Jitter      (TIJ):    1.200ns
    Discrete Jitter          (DJ):    0.000ns
    Phase Error              (PE):    0.000ns

    Location             Delay type                Incr(ns)  Path(ns)    Netlist Resource(s)
  -------------------------------------------------------------------    -------------------
                         (clock clk_fpga_0 rise edge)
                                                      0.000     0.000 r  
    PS7_X0Y0             PS7                          0.000     0.000 r  design_1_i/processing_system7_0/inst/PS7_i/FCLKCLK[0]
                         net (fo=1, routed)           1.207     1.207    design_1_i/processing_system7_0/inst/FCLK_CLK_unbuffered[0]
    BUFGCTRL_X0Y0        BUFG (Prop_bufg_I_O)         0.101     1.308 r  design_1_i/processing_system7_0/inst/buffer_fclk_clk_0.FCLK_CLK_0_BUFG/O
                         net (fo=6928, routed)        1.754     3.062    design_1_i/proc_sys_reset_0/U0/slowest_sync_clk
    SLICE_X41Y46         FDRE                                         r  design_1_i/proc_sys_reset_0/U0/ACTIVE_LOW_PR_OUT_DFF[0].FDRE_PER_N/C
  -------------------------------------------------------------------    -------------------
    SLICE_X41Y46         FDRE (Prop_fdre_C_Q)         0.456     3.518 r  design_1_i/proc_sys_reset_0/U0/ACTIVE_LOW_PR_OUT_DFF[0].FDRE_PER_N/Q
                         net (fo=72, routed)          1.123     4.641    design_1_i/Top_tpg_0/U0/resetn
    SLICE_X41Y35         LUT1 (Prop_lut1_I0_O)        0.150     4.791 f  design_1_i/Top_tpg_0/U0/v_cntr_reg[11]_i_3/O
                         net (fo=75, routed)          2.227     7.018    design_1_i/Top_tpg_0/U0/v_cntr_reg[11]_i_3_n_0
    SLICE_X39Y28         FDCE                                         f  design_1_i/Top_tpg_0/U0/s_box_x_reg_reg[3]/CLR
  -------------------------------------------------------------------    -------------------

                         (clock clk_fpga_0 rise edge)
                                                     40.000    40.000 r  
    PS7_X0Y0             PS7                          0.000    40.000 r  design_1_i/processing_system7_0/inst/PS7_i/FCLKCLK[0]
                         net (fo=1, routed)           1.101    41.101    design_1_i/processing_system7_0/inst/FCLK_CLK_unbuffered[0]
    BUFGCTRL_X0Y0        BUFG (Prop_bufg_I_O)         0.091    41.192 r  design_1_i/processing_system7_0/inst/buffer_fclk_clk_0.FCLK_CLK_0_BUFG/O
                         net (fo=6928, routed)        1.563    42.756    design_1_i/Top_tpg_0/U0/Clk
    SLICE_X39Y28         FDCE                                         r  design_1_i/Top_tpg_0/U0/s_box_x_reg_reg[3]/C
                         clock pessimism              0.230    42.986    
                         clock uncertainty           -0.601    42.385    
    SLICE_X39Y28         FDCE (Recov_fdce_C_CLR)     -0.607    41.778    design_1_i/Top_tpg_0/U0/s_box_x_reg_reg[3]
  -------------------------------------------------------------------
                         required time                         41.778    
                         arrival time                          -7.018    
  -------------------------------------------------------------------
                         slack                                 34.760    

Slack (MET) :             35.333ns  (required time - arrival time)
  Source:                 design_1_i/proc_sys_reset_0/U0/ACTIVE_LOW_PR_OUT_DFF[0].FDRE_PER_N/C
                            (rising edge-triggered cell FDRE clocked by clk_fpga_0  {rise@0.000ns fall@20.000ns period=40.000ns})
  Destination:            design_1_i/Top_tpg_0/U0/s_box_x_reg_reg[10]/CLR
                            (recovery check against rising-edge clock clk_fpga_0  {rise@0.000ns fall@20.000ns period=40.000ns})
  Path Group:             **async_default**
  Path Type:              Recovery (Max at Slow Process Corner)
  Requirement:            40.000ns  (clk_fpga_0 rise@40.000ns - clk_fpga_0 rise@0.000ns)
  Data Path Delay:        3.384ns  (logic 0.606ns (17.907%)  route 2.778ns (82.093%))
  Logic Levels:           1  (LUT1=1)
  Clock Path Skew:        -0.075ns (DCD - SCD + CPR)
    Destination Clock Delay (DCD):    2.757ns = ( 42.757 - 40.000 ) 
    Source Clock Delay      (SCD):    3.062ns
    Clock Pessimism Removal (CPR):    0.230ns
  Clock Uncertainty:      0.601ns  ((TSJ^2 + TIJ^2)^1/2 + DJ) / 2 + PE
    Total System Jitter     (TSJ):    0.071ns
    Total Input Jitter      (TIJ):    1.200ns
    Discrete Jitter          (DJ):    0.000ns
    Phase Error              (PE):    0.000ns

    Location             Delay type                Incr(ns)  Path(ns)    Netlist Resource(s)
  -------------------------------------------------------------------    -------------------
                         (clock clk_fpga_0 rise edge)
                                                      0.000     0.000 r  
    PS7_X0Y0             PS7                          0.000     0.000 r  design_1_i/processing_system7_0/inst/PS7_i/FCLKCLK[0]
                         net (fo=1, routed)           1.207     1.207    design_1_i/processing_system7_0/inst/FCLK_CLK_unbuffered[0]
    BUFGCTRL_X0Y0        BUFG (Prop_bufg_I_O)         0.101     1.308 r  design_1_i/processing_system7_0/inst/buffer_fclk_clk_0.FCLK_CLK_0_BUFG/O
                         net (fo=6928, routed)        1.754     3.062    design_1_i/proc_sys_reset_0/U0/slowest_sync_clk
    SLICE_X41Y46         FDRE                                         r  design_1_i/proc_sys_reset_0/U0/ACTIVE_LOW_PR_OUT_DFF[0].FDRE_PER_N/C
  -------------------------------------------------------------------    -------------------
    SLICE_X41Y46         FDRE (Prop_fdre_C_Q)         0.456     3.518 r  design_1_i/proc_sys_reset_0/U0/ACTIVE_LOW_PR_OUT_DFF[0].FDRE_PER_N/Q
                         net (fo=72, routed)          1.123     4.641    design_1_i/Top_tpg_0/U0/resetn
    SLICE_X41Y35         LUT1 (Prop_lut1_I0_O)        0.150     4.791 f  design_1_i/Top_tpg_0/U0/v_cntr_reg[11]_i_3/O
                         net (fo=75, routed)          1.655     6.446    design_1_i/Top_tpg_0/U0/v_cntr_reg[11]_i_3_n_0
    SLICE_X39Y30         FDCE                                         f  design_1_i/Top_tpg_0/U0/s_box_x_reg_reg[10]/CLR
  -------------------------------------------------------------------    -------------------

                         (clock clk_fpga_0 rise edge)
                                                     40.000    40.000 r  
    PS7_X0Y0             PS7                          0.000    40.000 r  design_1_i/processing_system7_0/inst/PS7_i/FCLKCLK[0]
                         net (fo=1, routed)           1.101    41.101    design_1_i/processing_system7_0/inst/FCLK_CLK_unbuffered[0]
    BUFGCTRL_X0Y0        BUFG (Prop_bufg_I_O)         0.091    41.192 r  design_1_i/processing_system7_0/inst/buffer_fclk_clk_0.FCLK_CLK_0_BUFG/O
                         net (fo=6928, routed)        1.564    42.757    design_1_i/Top_tpg_0/U0/Clk
    SLICE_X39Y30         FDCE                                         r  design_1_i/Top_tpg_0/U0/s_box_x_reg_reg[10]/C
                         clock pessimism              0.230    42.987    
                         clock uncertainty           -0.601    42.386    
    SLICE_X39Y30         FDCE (Recov_fdce_C_CLR)     -0.607    41.779    design_1_i/Top_tpg_0/U0/s_box_x_reg_reg[10]
  -------------------------------------------------------------------
                         required time                         41.779    
                         arrival time                          -6.446    
  -------------------------------------------------------------------
                         slack                                 35.333    

Slack (MET) :             35.333ns  (required time - arrival time)
  Source:                 design_1_i/proc_sys_reset_0/U0/ACTIVE_LOW_PR_OUT_DFF[0].FDRE_PER_N/C
                            (rising edge-triggered cell FDRE clocked by clk_fpga_0  {rise@0.000ns fall@20.000ns period=40.000ns})
  Destination:            design_1_i/Top_tpg_0/U0/s_box_x_reg_reg[11]/CLR
                            (recovery check against rising-edge clock clk_fpga_0  {rise@0.000ns fall@20.000ns period=40.000ns})
  Path Group:             **async_default**
  Path Type:              Recovery (Max at Slow Process Corner)
  Requirement:            40.000ns  (clk_fpga_0 rise@40.000ns - clk_fpga_0 rise@0.000ns)
  Data Path Delay:        3.384ns  (logic 0.606ns (17.907%)  route 2.778ns (82.093%))
  Logic Levels:           1  (LUT1=1)
  Clock Path Skew:        -0.075ns (DCD - SCD + CPR)
    Destination Clock Delay (DCD):    2.757ns = ( 42.757 - 40.000 ) 
    Source Clock Delay      (SCD):    3.062ns
    Clock Pessimism Removal (CPR):    0.230ns
  Clock Uncertainty:      0.601ns  ((TSJ^2 + TIJ^2)^1/2 + DJ) / 2 + PE
    Total System Jitter     (TSJ):    0.071ns
    Total Input Jitter      (TIJ):    1.200ns
    Discrete Jitter          (DJ):    0.000ns
    Phase Error              (PE):    0.000ns

    Location             Delay type                Incr(ns)  Path(ns)    Netlist Resource(s)
  -------------------------------------------------------------------    -------------------
                         (clock clk_fpga_0 rise edge)
                                                      0.000     0.000 r  
    PS7_X0Y0             PS7                          0.000     0.000 r  design_1_i/processing_system7_0/inst/PS7_i/FCLKCLK[0]
                         net (fo=1, routed)           1.207     1.207    design_1_i/processing_system7_0/inst/FCLK_CLK_unbuffered[0]
    BUFGCTRL_X0Y0        BUFG (Prop_bufg_I_O)         0.101     1.308 r  design_1_i/processing_system7_0/inst/buffer_fclk_clk_0.FCLK_CLK_0_BUFG/O
                         net (fo=6928, routed)        1.754     3.062    design_1_i/proc_sys_reset_0/U0/slowest_sync_clk
    SLICE_X41Y46         FDRE                                         r  design_1_i/proc_sys_reset_0/U0/ACTIVE_LOW_PR_OUT_DFF[0].FDRE_PER_N/C
  -------------------------------------------------------------------    -------------------
    SLICE_X41Y46         FDRE (Prop_fdre_C_Q)         0.456     3.518 r  design_1_i/proc_sys_reset_0/U0/ACTIVE_LOW_PR_OUT_DFF[0].FDRE_PER_N/Q
                         net (fo=72, routed)          1.123     4.641    design_1_i/Top_tpg_0/U0/resetn
    SLICE_X41Y35         LUT1 (Prop_lut1_I0_O)        0.150     4.791 f  design_1_i/Top_tpg_0/U0/v_cntr_reg[11]_i_3/O
                         net (fo=75, routed)          1.655     6.446    design_1_i/Top_tpg_0/U0/v_cntr_reg[11]_i_3_n_0
    SLICE_X39Y30         FDCE                                         f  design_1_i/Top_tpg_0/U0/s_box_x_reg_reg[11]/CLR
  -------------------------------------------------------------------    -------------------

                         (clock clk_fpga_0 rise edge)
                                                     40.000    40.000 r  
    PS7_X0Y0             PS7                          0.000    40.000 r  design_1_i/processing_system7_0/inst/PS7_i/FCLKCLK[0]
                         net (fo=1, routed)           1.101    41.101    design_1_i/processing_system7_0/inst/FCLK_CLK_unbuffered[0]
    BUFGCTRL_X0Y0        BUFG (Prop_bufg_I_O)         0.091    41.192 r  design_1_i/processing_system7_0/inst/buffer_fclk_clk_0.FCLK_CLK_0_BUFG/O
                         net (fo=6928, routed)        1.564    42.757    design_1_i/Top_tpg_0/U0/Clk
    SLICE_X39Y30         FDCE                                         r  design_1_i/Top_tpg_0/U0/s_box_x_reg_reg[11]/C
                         clock pessimism              0.230    42.987    
                         clock uncertainty           -0.601    42.386    
    SLICE_X39Y30         FDCE (Recov_fdce_C_CLR)     -0.607    41.779    design_1_i/Top_tpg_0/U0/s_box_x_reg_reg[11]
  -------------------------------------------------------------------
                         required time                         41.779    
                         arrival time                          -6.446    
  -------------------------------------------------------------------
                         slack                                 35.333    





Min Delay Paths
--------------------------------------------------------------------------------------
Slack (MET) :             0.354ns  (arrival time - required time)
  Source:                 design_1_i/ps7_0_axi_periph/m00_couplers/auto_ds/inst/gen_downsizer.gen_simple_downsizer.axi_downsizer_inst/USE_WRITE.write_addr_inst/cmd_queue/inst/fifo_gen_inst/inst_fifo_gen/gconvfifo.rf/grf.rf/rstblk/ngwrdrst.grst.g7serrst.gnsckt_wrst.gcc_rst.sckt_wr_rst_cc_reg[0]/C
                            (rising edge-triggered cell FDRE clocked by clk_fpga_0  {rise@0.000ns fall@20.000ns period=40.000ns})
  Destination:            design_1_i/ps7_0_axi_periph/m00_couplers/auto_ds/inst/gen_downsizer.gen_simple_downsizer.axi_downsizer_inst/USE_WRITE.write_addr_inst/cmd_queue/inst/fifo_gen_inst/inst_fifo_gen/gconvfifo.rf/grf.rf/gntv_or_sync_fifo.gl0.rd/rpntr/gc0.count_d1_reg[0]/CLR
                            (removal check against rising-edge clock clk_fpga_0  {rise@0.000ns fall@20.000ns period=40.000ns})
  Path Group:             **async_default**
  Path Type:              Removal (Min at Fast Process Corner)
  Requirement:            0.000ns  (clk_fpga_0 rise@0.000ns - clk_fpga_0 rise@0.000ns)
  Data Path Delay:        0.555ns  (logic 0.186ns (33.538%)  route 0.369ns (66.462%))
  Logic Levels:           1  (LUT3=1)
  Clock Path Skew:        0.267ns (DCD - SCD - CPR)
    Destination Clock Delay (DCD):    1.198ns
    Source Clock Delay      (SCD):    0.902ns
    Clock Pessimism Removal (CPR):    0.029ns

    Location             Delay type                Incr(ns)  Path(ns)    Netlist Resource(s)
  -------------------------------------------------------------------    -------------------
                         (clock clk_fpga_0 rise edge)
                                                      0.000     0.000 r  
    PS7_X0Y0             PS7                          0.000     0.000 r  design_1_i/processing_system7_0/inst/PS7_i/FCLKCLK[0]
                         net (fo=1, routed)           0.315     0.315    design_1_i/processing_system7_0/inst/FCLK_CLK_unbuffered[0]
    BUFGCTRL_X0Y0        BUFG (Prop_bufg_I_O)         0.026     0.341 r  design_1_i/processing_system7_0/inst/buffer_fclk_clk_0.FCLK_CLK_0_BUFG/O
                         net (fo=6928, routed)        0.561     0.902    design_1_i/ps7_0_axi_periph/m00_couplers/auto_ds/inst/gen_downsizer.gen_simple_downsizer.axi_downsizer_inst/USE_WRITE.write_addr_inst/cmd_queue/inst/fifo_gen_inst/inst_fifo_gen/gconvfifo.rf/grf.rf/rstblk/clk
    SLICE_X23Y49         FDRE                                         r  design_1_i/ps7_0_axi_periph/m00_couplers/auto_ds/inst/gen_downsizer.gen_simple_downsizer.axi_downsizer_inst/USE_WRITE.write_addr_inst/cmd_queue/inst/fifo_gen_inst/inst_fifo_gen/gconvfifo.rf/grf.rf/rstblk/ngwrdrst.grst.g7serrst.gnsckt_wrst.gcc_rst.sckt_wr_rst_cc_reg[0]/C
  -------------------------------------------------------------------    -------------------
    SLICE_X23Y49         FDRE (Prop_fdre_C_Q)         0.141     1.043 f  design_1_i/ps7_0_axi_periph/m00_couplers/auto_ds/inst/gen_downsizer.gen_simple_downsizer.axi_downsizer_inst/USE_WRITE.write_addr_inst/cmd_queue/inst/fifo_gen_inst/inst_fifo_gen/gconvfifo.rf/grf.rf/rstblk/ngwrdrst.grst.g7serrst.gnsckt_wrst.gcc_rst.sckt_wr_rst_cc_reg[0]/Q
                         net (fo=3, routed)           0.170     1.213    design_1_i/ps7_0_axi_periph/m00_couplers/auto_ds/inst/gen_downsizer.gen_simple_downsizer.axi_downsizer_inst/USE_WRITE.write_addr_inst/cmd_queue/inst/fifo_gen_inst/inst_fifo_gen/gconvfifo.rf/grf.rf/rstblk/sckt_wr_rst_cc[0]
    SLICE_X23Y49         LUT3 (Prop_lut3_I1_O)        0.045     1.258 f  design_1_i/ps7_0_axi_periph/m00_couplers/auto_ds/inst/gen_downsizer.gen_simple_downsizer.axi_downsizer_inst/USE_WRITE.write_addr_inst/cmd_queue/inst/fifo_gen_inst/inst_fifo_gen/gconvfifo.rf/grf.rf/rstblk/gpregsm1.curr_fwft_state[1]_i_2/O
                         net (fo=32, routed)          0.198     1.456    design_1_i/ps7_0_axi_periph/m00_couplers/auto_ds/inst/gen_downsizer.gen_simple_downsizer.axi_downsizer_inst/USE_WRITE.write_addr_inst/cmd_queue/inst/fifo_gen_inst/inst_fifo_gen/gconvfifo.rf/grf.rf/gntv_or_sync_fifo.gl0.rd/rpntr/gc0.count_d1_reg[4]_1
    SLICE_X24Y50         FDCE                                         f  design_1_i/ps7_0_axi_periph/m00_couplers/auto_ds/inst/gen_downsizer.gen_simple_downsizer.axi_downsizer_inst/USE_WRITE.write_addr_inst/cmd_queue/inst/fifo_gen_inst/inst_fifo_gen/gconvfifo.rf/grf.rf/gntv_or_sync_fifo.gl0.rd/rpntr/gc0.count_d1_reg[0]/CLR
  -------------------------------------------------------------------    -------------------

                         (clock clk_fpga_0 rise edge)
                                                      0.000     0.000 r  
    PS7_X0Y0             PS7                          0.000     0.000 r  design_1_i/processing_system7_0/inst/PS7_i/FCLKCLK[0]
                         net (fo=1, routed)           0.341     0.341    design_1_i/processing_system7_0/inst/FCLK_CLK_unbuffered[0]
    BUFGCTRL_X0Y0        BUFG (Prop_bufg_I_O)         0.029     0.370 r  design_1_i/processing_system7_0/inst/buffer_fclk_clk_0.FCLK_CLK_0_BUFG/O
                         net (fo=6928, routed)        0.828     1.198    design_1_i/ps7_0_axi_periph/m00_couplers/auto_ds/inst/gen_downsizer.gen_simple_downsizer.axi_downsizer_inst/USE_WRITE.write_addr_inst/cmd_queue/inst/fifo_gen_inst/inst_fifo_gen/gconvfifo.rf/grf.rf/gntv_or_sync_fifo.gl0.rd/rpntr/clk
    SLICE_X24Y50         FDCE                                         r  design_1_i/ps7_0_axi_periph/m00_couplers/auto_ds/inst/gen_downsizer.gen_simple_downsizer.axi_downsizer_inst/USE_WRITE.write_addr_inst/cmd_queue/inst/fifo_gen_inst/inst_fifo_gen/gconvfifo.rf/grf.rf/gntv_or_sync_fifo.gl0.rd/rpntr/gc0.count_d1_reg[0]/C
                         clock pessimism             -0.029     1.169    
    SLICE_X24Y50         FDCE (Remov_fdce_C_CLR)     -0.067     1.102    design_1_i/ps7_0_axi_periph/m00_couplers/auto_ds/inst/gen_downsizer.gen_simple_downsizer.axi_downsizer_inst/USE_WRITE.write_addr_inst/cmd_queue/inst/fifo_gen_inst/inst_fifo_gen/gconvfifo.rf/grf.rf/gntv_or_sync_fifo.gl0.rd/rpntr/gc0.count_d1_reg[0]
  -------------------------------------------------------------------
                         required time                         -1.102    
                         arrival time                           1.456    
  -------------------------------------------------------------------
                         slack                                  0.354    

Slack (MET) :             0.379ns  (arrival time - required time)
  Source:                 design_1_i/ps7_0_axi_periph/m00_couplers/auto_ds/inst/gen_downsizer.gen_simple_downsizer.axi_downsizer_inst/USE_WRITE.write_addr_inst/cmd_queue/inst/fifo_gen_inst/inst_fifo_gen/gconvfifo.rf/grf.rf/rstblk/ngwrdrst.grst.g7serrst.gnsckt_wrst.gcc_rst.sckt_wr_rst_cc_reg[0]/C
                            (rising edge-triggered cell FDRE clocked by clk_fpga_0  {rise@0.000ns fall@20.000ns period=40.000ns})
  Destination:            design_1_i/ps7_0_axi_periph/m00_couplers/auto_ds/inst/gen_downsizer.gen_simple_downsizer.axi_downsizer_inst/USE_WRITE.write_addr_inst/cmd_queue/inst/fifo_gen_inst/inst_fifo_gen/gconvfifo.rf/grf.rf/gntv_or_sync_fifo.gl0.rd/rpntr/gc0.count_d1_reg[1]/CLR
                            (removal check against rising-edge clock clk_fpga_0  {rise@0.000ns fall@20.000ns period=40.000ns})
  Path Group:             **async_default**
  Path Type:              Removal (Min at Fast Process Corner)
  Requirement:            0.000ns  (clk_fpga_0 rise@0.000ns - clk_fpga_0 rise@0.000ns)
  Data Path Delay:        0.555ns  (logic 0.186ns (33.538%)  route 0.369ns (66.462%))
  Logic Levels:           1  (LUT3=1)
  Clock Path Skew:        0.267ns (DCD - SCD - CPR)
    Destination Clock Delay (DCD):    1.198ns
    Source Clock Delay      (SCD):    0.902ns
    Clock Pessimism Removal (CPR):    0.029ns

    Location             Delay type                Incr(ns)  Path(ns)    Netlist Resource(s)
  -------------------------------------------------------------------    -------------------
                         (clock clk_fpga_0 rise edge)
                                                      0.000     0.000 r  
    PS7_X0Y0             PS7                          0.000     0.000 r  design_1_i/processing_system7_0/inst/PS7_i/FCLKCLK[0]
                         net (fo=1, routed)           0.315     0.315    design_1_i/processing_system7_0/inst/FCLK_CLK_unbuffered[0]
    BUFGCTRL_X0Y0        BUFG (Prop_bufg_I_O)         0.026     0.341 r  design_1_i/processing_system7_0/inst/buffer_fclk_clk_0.FCLK_CLK_0_BUFG/O
                         net (fo=6928, routed)        0.561     0.902    design_1_i/ps7_0_axi_periph/m00_couplers/auto_ds/inst/gen_downsizer.gen_simple_downsizer.axi_downsizer_inst/USE_WRITE.write_addr_inst/cmd_queue/inst/fifo_gen_inst/inst_fifo_gen/gconvfifo.rf/grf.rf/rstblk/clk
    SLICE_X23Y49         FDRE                                         r  design_1_i/ps7_0_axi_periph/m00_couplers/auto_ds/inst/gen_downsizer.gen_simple_downsizer.axi_downsizer_inst/USE_WRITE.write_addr_inst/cmd_queue/inst/fifo_gen_inst/inst_fifo_gen/gconvfifo.rf/grf.rf/rstblk/ngwrdrst.grst.g7serrst.gnsckt_wrst.gcc_rst.sckt_wr_rst_cc_reg[0]/C
  -------------------------------------------------------------------    -------------------
    SLICE_X23Y49         FDRE (Prop_fdre_C_Q)         0.141     1.043 f  design_1_i/ps7_0_axi_periph/m00_couplers/auto_ds/inst/gen_downsizer.gen_simple_downsizer.axi_downsizer_inst/USE_WRITE.write_addr_inst/cmd_queue/inst/fifo_gen_inst/inst_fifo_gen/gconvfifo.rf/grf.rf/rstblk/ngwrdrst.grst.g7serrst.gnsckt_wrst.gcc_rst.sckt_wr_rst_cc_reg[0]/Q
                         net (fo=3, routed)           0.170     1.213    design_1_i/ps7_0_axi_periph/m00_couplers/auto_ds/inst/gen_downsizer.gen_simple_downsizer.axi_downsizer_inst/USE_WRITE.write_addr_inst/cmd_queue/inst/fifo_gen_inst/inst_fifo_gen/gconvfifo.rf/grf.rf/rstblk/sckt_wr_rst_cc[0]
    SLICE_X23Y49         LUT3 (Prop_lut3_I1_O)        0.045     1.258 f  design_1_i/ps7_0_axi_periph/m00_couplers/auto_ds/inst/gen_downsizer.gen_simple_downsizer.axi_downsizer_inst/USE_WRITE.write_addr_inst/cmd_queue/inst/fifo_gen_inst/inst_fifo_gen/gconvfifo.rf/grf.rf/rstblk/gpregsm1.curr_fwft_state[1]_i_2/O
                         net (fo=32, routed)          0.198     1.456    design_1_i/ps7_0_axi_periph/m00_couplers/auto_ds/inst/gen_downsizer.gen_simple_downsizer.axi_downsizer_inst/USE_WRITE.write_addr_inst/cmd_queue/inst/fifo_gen_inst/inst_fifo_gen/gconvfifo.rf/grf.rf/gntv_or_sync_fifo.gl0.rd/rpntr/gc0.count_d1_reg[4]_1
    SLICE_X25Y50         FDCE                                         f  design_1_i/ps7_0_axi_periph/m00_couplers/auto_ds/inst/gen_downsizer.gen_simple_downsizer.axi_downsizer_inst/USE_WRITE.write_addr_inst/cmd_queue/inst/fifo_gen_inst/inst_fifo_gen/gconvfifo.rf/grf.rf/gntv_or_sync_fifo.gl0.rd/rpntr/gc0.count_d1_reg[1]/CLR
  -------------------------------------------------------------------    -------------------

                         (clock clk_fpga_0 rise edge)
                                                      0.000     0.000 r  
    PS7_X0Y0             PS7                          0.000     0.000 r  design_1_i/processing_system7_0/inst/PS7_i/FCLKCLK[0]
                         net (fo=1, routed)           0.341     0.341    design_1_i/processing_system7_0/inst/FCLK_CLK_unbuffered[0]
    BUFGCTRL_X0Y0        BUFG (Prop_bufg_I_O)         0.029     0.370 r  design_1_i/processing_system7_0/inst/buffer_fclk_clk_0.FCLK_CLK_0_BUFG/O
                         net (fo=6928, routed)        0.828     1.198    design_1_i/ps7_0_axi_periph/m00_couplers/auto_ds/inst/gen_downsizer.gen_simple_downsizer.axi_downsizer_inst/USE_WRITE.write_addr_inst/cmd_queue/inst/fifo_gen_inst/inst_fifo_gen/gconvfifo.rf/grf.rf/gntv_or_sync_fifo.gl0.rd/rpntr/clk
    SLICE_X25Y50         FDCE                                         r  design_1_i/ps7_0_axi_periph/m00_couplers/auto_ds/inst/gen_downsizer.gen_simple_downsizer.axi_downsizer_inst/USE_WRITE.write_addr_inst/cmd_queue/inst/fifo_gen_inst/inst_fifo_gen/gconvfifo.rf/grf.rf/gntv_or_sync_fifo.gl0.rd/rpntr/gc0.count_d1_reg[1]/C
                         clock pessimism             -0.029     1.169    
    SLICE_X25Y50         FDCE (Remov_fdce_C_CLR)     -0.092     1.077    design_1_i/ps7_0_axi_periph/m00_couplers/auto_ds/inst/gen_downsizer.gen_simple_downsizer.axi_downsizer_inst/USE_WRITE.write_addr_inst/cmd_queue/inst/fifo_gen_inst/inst_fifo_gen/gconvfifo.rf/grf.rf/gntv_or_sync_fifo.gl0.rd/rpntr/gc0.count_d1_reg[1]
  -------------------------------------------------------------------
                         required time                         -1.077    
                         arrival time                           1.456    
  -------------------------------------------------------------------
                         slack                                  0.379    

Slack (MET) :             0.379ns  (arrival time - required time)
  Source:                 design_1_i/ps7_0_axi_periph/m00_couplers/auto_ds/inst/gen_downsizer.gen_simple_downsizer.axi_downsizer_inst/USE_WRITE.write_addr_inst/cmd_queue/inst/fifo_gen_inst/inst_fifo_gen/gconvfifo.rf/grf.rf/rstblk/ngwrdrst.grst.g7serrst.gnsckt_wrst.gcc_rst.sckt_wr_rst_cc_reg[0]/C
                            (rising edge-triggered cell FDRE clocked by clk_fpga_0  {rise@0.000ns fall@20.000ns period=40.000ns})
  Destination:            design_1_i/ps7_0_axi_periph/m00_couplers/auto_ds/inst/gen_downsizer.gen_simple_downsizer.axi_downsizer_inst/USE_WRITE.write_addr_inst/cmd_queue/inst/fifo_gen_inst/inst_fifo_gen/gconvfifo.rf/grf.rf/gntv_or_sync_fifo.gl0.rd/rpntr/gc0.count_reg[1]/CLR
                            (removal check against rising-edge clock clk_fpga_0  {rise@0.000ns fall@20.000ns period=40.000ns})
  Path Group:             **async_default**
  Path Type:              Removal (Min at Fast Process Corner)
  Requirement:            0.000ns  (clk_fpga_0 rise@0.000ns - clk_fpga_0 rise@0.000ns)
  Data Path Delay:        0.555ns  (logic 0.186ns (33.538%)  route 0.369ns (66.462%))
  Logic Levels:           1  (LUT3=1)
  Clock Path Skew:        0.267ns (DCD - SCD - CPR)
    Destination Clock Delay (DCD):    1.198ns
    Source Clock Delay      (SCD):    0.902ns
    Clock Pessimism Removal (CPR):    0.029ns

    Location             Delay type                Incr(ns)  Path(ns)    Netlist Resource(s)
  -------------------------------------------------------------------    -------------------
                         (clock clk_fpga_0 rise edge)
                                                      0.000     0.000 r  
    PS7_X0Y0             PS7                          0.000     0.000 r  design_1_i/processing_system7_0/inst/PS7_i/FCLKCLK[0]
                         net (fo=1, routed)           0.315     0.315    design_1_i/processing_system7_0/inst/FCLK_CLK_unbuffered[0]
    BUFGCTRL_X0Y0        BUFG (Prop_bufg_I_O)         0.026     0.341 r  design_1_i/processing_system7_0/inst/buffer_fclk_clk_0.FCLK_CLK_0_BUFG/O
                         net (fo=6928, routed)        0.561     0.902    design_1_i/ps7_0_axi_periph/m00_couplers/auto_ds/inst/gen_downsizer.gen_simple_downsizer.axi_downsizer_inst/USE_WRITE.write_addr_inst/cmd_queue/inst/fifo_gen_inst/inst_fifo_gen/gconvfifo.rf/grf.rf/rstblk/clk
    SLICE_X23Y49         FDRE                                         r  design_1_i/ps7_0_axi_periph/m00_couplers/auto_ds/inst/gen_downsizer.gen_simple_downsizer.axi_downsizer_inst/USE_WRITE.write_addr_inst/cmd_queue/inst/fifo_gen_inst/inst_fifo_gen/gconvfifo.rf/grf.rf/rstblk/ngwrdrst.grst.g7serrst.gnsckt_wrst.gcc_rst.sckt_wr_rst_cc_reg[0]/C
  -------------------------------------------------------------------    -------------------
    SLICE_X23Y49         FDRE (Prop_fdre_C_Q)         0.141     1.043 f  design_1_i/ps7_0_axi_periph/m00_couplers/auto_ds/inst/gen_downsizer.gen_simple_downsizer.axi_downsizer_inst/USE_WRITE.write_addr_inst/cmd_queue/inst/fifo_gen_inst/inst_fifo_gen/gconvfifo.rf/grf.rf/rstblk/ngwrdrst.grst.g7serrst.gnsckt_wrst.gcc_rst.sckt_wr_rst_cc_reg[0]/Q
                         net (fo=3, routed)           0.170     1.213    design_1_i/ps7_0_axi_periph/m00_couplers/auto_ds/inst/gen_downsizer.gen_simple_downsizer.axi_downsizer_inst/USE_WRITE.write_addr_inst/cmd_queue/inst/fifo_gen_inst/inst_fifo_gen/gconvfifo.rf/grf.rf/rstblk/sckt_wr_rst_cc[0]
    SLICE_X23Y49         LUT3 (Prop_lut3_I1_O)        0.045     1.258 f  design_1_i/ps7_0_axi_periph/m00_couplers/auto_ds/inst/gen_downsizer.gen_simple_downsizer.axi_downsizer_inst/USE_WRITE.write_addr_inst/cmd_queue/inst/fifo_gen_inst/inst_fifo_gen/gconvfifo.rf/grf.rf/rstblk/gpregsm1.curr_fwft_state[1]_i_2/O
                         net (fo=32, routed)          0.198     1.456    design_1_i/ps7_0_axi_periph/m00_couplers/auto_ds/inst/gen_downsizer.gen_simple_downsizer.axi_downsizer_inst/USE_WRITE.write_addr_inst/cmd_queue/inst/fifo_gen_inst/inst_fifo_gen/gconvfifo.rf/grf.rf/gntv_or_sync_fifo.gl0.rd/rpntr/gc0.count_d1_reg[4]_1
    SLICE_X25Y50         FDCE                                         f  design_1_i/ps7_0_axi_periph/m00_couplers/auto_ds/inst/gen_downsizer.gen_simple_downsizer.axi_downsizer_inst/USE_WRITE.write_addr_inst/cmd_queue/inst/fifo_gen_inst/inst_fifo_gen/gconvfifo.rf/grf.rf/gntv_or_sync_fifo.gl0.rd/rpntr/gc0.count_reg[1]/CLR
  -------------------------------------------------------------------    -------------------

                         (clock clk_fpga_0 rise edge)
                                                      0.000     0.000 r  
    PS7_X0Y0             PS7                          0.000     0.000 r  design_1_i/processing_system7_0/inst/PS7_i/FCLKCLK[0]
                         net (fo=1, routed)           0.341     0.341    design_1_i/processing_system7_0/inst/FCLK_CLK_unbuffered[0]
    BUFGCTRL_X0Y0        BUFG (Prop_bufg_I_O)         0.029     0.370 r  design_1_i/processing_system7_0/inst/buffer_fclk_clk_0.FCLK_CLK_0_BUFG/O
                         net (fo=6928, routed)        0.828     1.198    design_1_i/ps7_0_axi_periph/m00_couplers/auto_ds/inst/gen_downsizer.gen_simple_downsizer.axi_downsizer_inst/USE_WRITE.write_addr_inst/cmd_queue/inst/fifo_gen_inst/inst_fifo_gen/gconvfifo.rf/grf.rf/gntv_or_sync_fifo.gl0.rd/rpntr/clk
    SLICE_X25Y50         FDCE                                         r  design_1_i/ps7_0_axi_periph/m00_couplers/auto_ds/inst/gen_downsizer.gen_simple_downsizer.axi_downsizer_inst/USE_WRITE.write_addr_inst/cmd_queue/inst/fifo_gen_inst/inst_fifo_gen/gconvfifo.rf/grf.rf/gntv_or_sync_fifo.gl0.rd/rpntr/gc0.count_reg[1]/C
                         clock pessimism             -0.029     1.169    
    SLICE_X25Y50         FDCE (Remov_fdce_C_CLR)     -0.092     1.077    design_1_i/ps7_0_axi_periph/m00_couplers/auto_ds/inst/gen_downsizer.gen_simple_downsizer.axi_downsizer_inst/USE_WRITE.write_addr_inst/cmd_queue/inst/fifo_gen_inst/inst_fifo_gen/gconvfifo.rf/grf.rf/gntv_or_sync_fifo.gl0.rd/rpntr/gc0.count_reg[1]
  -------------------------------------------------------------------
                         required time                         -1.077    
                         arrival time                           1.456    
  -------------------------------------------------------------------
                         slack                                  0.379    

Slack (MET) :             0.379ns  (arrival time - required time)
  Source:                 design_1_i/ps7_0_axi_periph/m00_couplers/auto_ds/inst/gen_downsizer.gen_simple_downsizer.axi_downsizer_inst/USE_WRITE.write_addr_inst/cmd_queue/inst/fifo_gen_inst/inst_fifo_gen/gconvfifo.rf/grf.rf/rstblk/ngwrdrst.grst.g7serrst.gnsckt_wrst.gcc_rst.sckt_wr_rst_cc_reg[0]/C
                            (rising edge-triggered cell FDRE clocked by clk_fpga_0  {rise@0.000ns fall@20.000ns period=40.000ns})
  Destination:            design_1_i/ps7_0_axi_periph/m00_couplers/auto_ds/inst/gen_downsizer.gen_simple_downsizer.axi_downsizer_inst/USE_WRITE.write_addr_inst/cmd_queue/inst/fifo_gen_inst/inst_fifo_gen/gconvfifo.rf/grf.rf/gntv_or_sync_fifo.gl0.rd/rpntr/gc0.count_reg[2]/CLR
                            (removal check against rising-edge clock clk_fpga_0  {rise@0.000ns fall@20.000ns period=40.000ns})
  Path Group:             **async_default**
  Path Type:              Removal (Min at Fast Process Corner)
  Requirement:            0.000ns  (clk_fpga_0 rise@0.000ns - clk_fpga_0 rise@0.000ns)
  Data Path Delay:        0.555ns  (logic 0.186ns (33.538%)  route 0.369ns (66.462%))
  Logic Levels:           1  (LUT3=1)
  Clock Path Skew:        0.267ns (DCD - SCD - CPR)
    Destination Clock Delay (DCD):    1.198ns
    Source Clock Delay      (SCD):    0.902ns
    Clock Pessimism Removal (CPR):    0.029ns

    Location             Delay type                Incr(ns)  Path(ns)    Netlist Resource(s)
  -------------------------------------------------------------------    -------------------
                         (clock clk_fpga_0 rise edge)
                                                      0.000     0.000 r  
    PS7_X0Y0             PS7                          0.000     0.000 r  design_1_i/processing_system7_0/inst/PS7_i/FCLKCLK[0]
                         net (fo=1, routed)           0.315     0.315    design_1_i/processing_system7_0/inst/FCLK_CLK_unbuffered[0]
    BUFGCTRL_X0Y0        BUFG (Prop_bufg_I_O)         0.026     0.341 r  design_1_i/processing_system7_0/inst/buffer_fclk_clk_0.FCLK_CLK_0_BUFG/O
                         net (fo=6928, routed)        0.561     0.902    design_1_i/ps7_0_axi_periph/m00_couplers/auto_ds/inst/gen_downsizer.gen_simple_downsizer.axi_downsizer_inst/USE_WRITE.write_addr_inst/cmd_queue/inst/fifo_gen_inst/inst_fifo_gen/gconvfifo.rf/grf.rf/rstblk/clk
    SLICE_X23Y49         FDRE                                         r  design_1_i/ps7_0_axi_periph/m00_couplers/auto_ds/inst/gen_downsizer.gen_simple_downsizer.axi_downsizer_inst/USE_WRITE.write_addr_inst/cmd_queue/inst/fifo_gen_inst/inst_fifo_gen/gconvfifo.rf/grf.rf/rstblk/ngwrdrst.grst.g7serrst.gnsckt_wrst.gcc_rst.sckt_wr_rst_cc_reg[0]/C
  -------------------------------------------------------------------    -------------------
    SLICE_X23Y49         FDRE (Prop_fdre_C_Q)         0.141     1.043 f  design_1_i/ps7_0_axi_periph/m00_couplers/auto_ds/inst/gen_downsizer.gen_simple_downsizer.axi_downsizer_inst/USE_WRITE.write_addr_inst/cmd_queue/inst/fifo_gen_inst/inst_fifo_gen/gconvfifo.rf/grf.rf/rstblk/ngwrdrst.grst.g7serrst.gnsckt_wrst.gcc_rst.sckt_wr_rst_cc_reg[0]/Q
                         net (fo=3, routed)           0.170     1.213    design_1_i/ps7_0_axi_periph/m00_couplers/auto_ds/inst/gen_downsizer.gen_simple_downsizer.axi_downsizer_inst/USE_WRITE.write_addr_inst/cmd_queue/inst/fifo_gen_inst/inst_fifo_gen/gconvfifo.rf/grf.rf/rstblk/sckt_wr_rst_cc[0]
    SLICE_X23Y49         LUT3 (Prop_lut3_I1_O)        0.045     1.258 f  design_1_i/ps7_0_axi_periph/m00_couplers/auto_ds/inst/gen_downsizer.gen_simple_downsizer.axi_downsizer_inst/USE_WRITE.write_addr_inst/cmd_queue/inst/fifo_gen_inst/inst_fifo_gen/gconvfifo.rf/grf.rf/rstblk/gpregsm1.curr_fwft_state[1]_i_2/O
                         net (fo=32, routed)          0.198     1.456    design_1_i/ps7_0_axi_periph/m00_couplers/auto_ds/inst/gen_downsizer.gen_simple_downsizer.axi_downsizer_inst/USE_WRITE.write_addr_inst/cmd_queue/inst/fifo_gen_inst/inst_fifo_gen/gconvfifo.rf/grf.rf/gntv_or_sync_fifo.gl0.rd/rpntr/gc0.count_d1_reg[4]_1
    SLICE_X25Y50         FDCE                                         f  design_1_i/ps7_0_axi_periph/m00_couplers/auto_ds/inst/gen_downsizer.gen_simple_downsizer.axi_downsizer_inst/USE_WRITE.write_addr_inst/cmd_queue/inst/fifo_gen_inst/inst_fifo_gen/gconvfifo.rf/grf.rf/gntv_or_sync_fifo.gl0.rd/rpntr/gc0.count_reg[2]/CLR
  -------------------------------------------------------------------    -------------------

                         (clock clk_fpga_0 rise edge)
                                                      0.000     0.000 r  
    PS7_X0Y0             PS7                          0.000     0.000 r  design_1_i/processing_system7_0/inst/PS7_i/FCLKCLK[0]
                         net (fo=1, routed)           0.341     0.341    design_1_i/processing_system7_0/inst/FCLK_CLK_unbuffered[0]
    BUFGCTRL_X0Y0        BUFG (Prop_bufg_I_O)         0.029     0.370 r  design_1_i/processing_system7_0/inst/buffer_fclk_clk_0.FCLK_CLK_0_BUFG/O
                         net (fo=6928, routed)        0.828     1.198    design_1_i/ps7_0_axi_periph/m00_couplers/auto_ds/inst/gen_downsizer.gen_simple_downsizer.axi_downsizer_inst/USE_WRITE.write_addr_inst/cmd_queue/inst/fifo_gen_inst/inst_fifo_gen/gconvfifo.rf/grf.rf/gntv_or_sync_fifo.gl0.rd/rpntr/clk
    SLICE_X25Y50         FDCE                                         r  design_1_i/ps7_0_axi_periph/m00_couplers/auto_ds/inst/gen_downsizer.gen_simple_downsizer.axi_downsizer_inst/USE_WRITE.write_addr_inst/cmd_queue/inst/fifo_gen_inst/inst_fifo_gen/gconvfifo.rf/grf.rf/gntv_or_sync_fifo.gl0.rd/rpntr/gc0.count_reg[2]/C
                         clock pessimism             -0.029     1.169    
    SLICE_X25Y50         FDCE (Remov_fdce_C_CLR)     -0.092     1.077    design_1_i/ps7_0_axi_periph/m00_couplers/auto_ds/inst/gen_downsizer.gen_simple_downsizer.axi_downsizer_inst/USE_WRITE.write_addr_inst/cmd_queue/inst/fifo_gen_inst/inst_fifo_gen/gconvfifo.rf/grf.rf/gntv_or_sync_fifo.gl0.rd/rpntr/gc0.count_reg[2]
  -------------------------------------------------------------------
                         required time                         -1.077    
                         arrival time                           1.456    
  -------------------------------------------------------------------
                         slack                                  0.379    

Slack (MET) :             0.382ns  (arrival time - required time)
  Source:                 design_1_i/ps7_0_axi_periph/m00_couplers/auto_ds/inst/gen_downsizer.gen_simple_downsizer.axi_downsizer_inst/USE_WRITE.write_addr_inst/cmd_queue/inst/fifo_gen_inst/inst_fifo_gen/gconvfifo.rf/grf.rf/rstblk/ngwrdrst.grst.g7serrst.gnsckt_wrst.gcc_rst.sckt_wr_rst_cc_reg[0]/C
                            (rising edge-triggered cell FDRE clocked by clk_fpga_0  {rise@0.000ns fall@20.000ns period=40.000ns})
  Destination:            design_1_i/ps7_0_axi_periph/m00_couplers/auto_ds/inst/gen_downsizer.gen_simple_downsizer.axi_downsizer_inst/USE_WRITE.write_addr_inst/cmd_queue/inst/fifo_gen_inst/inst_fifo_gen/gconvfifo.rf/grf.rf/gntv_or_sync_fifo.gl0.rd/rpntr/gc0.count_reg[0]/PRE
                            (removal check against rising-edge clock clk_fpga_0  {rise@0.000ns fall@20.000ns period=40.000ns})
  Path Group:             **async_default**
  Path Type:              Removal (Min at Fast Process Corner)
  Requirement:            0.000ns  (clk_fpga_0 rise@0.000ns - clk_fpga_0 rise@0.000ns)
  Data Path Delay:        0.555ns  (logic 0.186ns (33.538%)  route 0.369ns (66.462%))
  Logic Levels:           1  (LUT3=1)
  Clock Path Skew:        0.267ns (DCD - SCD - CPR)
    Destination Clock Delay (DCD):    1.198ns
    Source Clock Delay      (SCD):    0.902ns
    Clock Pessimism Removal (CPR):    0.029ns

    Location             Delay type                Incr(ns)  Path(ns)    Netlist Resource(s)
  -------------------------------------------------------------------    -------------------
                         (clock clk_fpga_0 rise edge)
                                                      0.000     0.000 r  
    PS7_X0Y0             PS7                          0.000     0.000 r  design_1_i/processing_system7_0/inst/PS7_i/FCLKCLK[0]
                         net (fo=1, routed)           0.315     0.315    design_1_i/processing_system7_0/inst/FCLK_CLK_unbuffered[0]
    BUFGCTRL_X0Y0        BUFG (Prop_bufg_I_O)         0.026     0.341 r  design_1_i/processing_system7_0/inst/buffer_fclk_clk_0.FCLK_CLK_0_BUFG/O
                         net (fo=6928, routed)        0.561     0.902    design_1_i/ps7_0_axi_periph/m00_couplers/auto_ds/inst/gen_downsizer.gen_simple_downsizer.axi_downsizer_inst/USE_WRITE.write_addr_inst/cmd_queue/inst/fifo_gen_inst/inst_fifo_gen/gconvfifo.rf/grf.rf/rstblk/clk
    SLICE_X23Y49         FDRE                                         r  design_1_i/ps7_0_axi_periph/m00_couplers/auto_ds/inst/gen_downsizer.gen_simple_downsizer.axi_downsizer_inst/USE_WRITE.write_addr_inst/cmd_queue/inst/fifo_gen_inst/inst_fifo_gen/gconvfifo.rf/grf.rf/rstblk/ngwrdrst.grst.g7serrst.gnsckt_wrst.gcc_rst.sckt_wr_rst_cc_reg[0]/C
  -------------------------------------------------------------------    -------------------
    SLICE_X23Y49         FDRE (Prop_fdre_C_Q)         0.141     1.043 f  design_1_i/ps7_0_axi_periph/m00_couplers/auto_ds/inst/gen_downsizer.gen_simple_downsizer.axi_downsizer_inst/USE_WRITE.write_addr_inst/cmd_queue/inst/fifo_gen_inst/inst_fifo_gen/gconvfifo.rf/grf.rf/rstblk/ngwrdrst.grst.g7serrst.gnsckt_wrst.gcc_rst.sckt_wr_rst_cc_reg[0]/Q
                         net (fo=3, routed)           0.170     1.213    design_1_i/ps7_0_axi_periph/m00_couplers/auto_ds/inst/gen_downsizer.gen_simple_downsizer.axi_downsizer_inst/USE_WRITE.write_addr_inst/cmd_queue/inst/fifo_gen_inst/inst_fifo_gen/gconvfifo.rf/grf.rf/rstblk/sckt_wr_rst_cc[0]
    SLICE_X23Y49         LUT3 (Prop_lut3_I1_O)        0.045     1.258 f  design_1_i/ps7_0_axi_periph/m00_couplers/auto_ds/inst/gen_downsizer.gen_simple_downsizer.axi_downsizer_inst/USE_WRITE.write_addr_inst/cmd_queue/inst/fifo_gen_inst/inst_fifo_gen/gconvfifo.rf/grf.rf/rstblk/gpregsm1.curr_fwft_state[1]_i_2/O
                         net (fo=32, routed)          0.198     1.456    design_1_i/ps7_0_axi_periph/m00_couplers/auto_ds/inst/gen_downsizer.gen_simple_downsizer.axi_downsizer_inst/USE_WRITE.write_addr_inst/cmd_queue/inst/fifo_gen_inst/inst_fifo_gen/gconvfifo.rf/grf.rf/gntv_or_sync_fifo.gl0.rd/rpntr/gc0.count_d1_reg[4]_1
    SLICE_X25Y50         FDPE                                         f  design_1_i/ps7_0_axi_periph/m00_couplers/auto_ds/inst/gen_downsizer.gen_simple_downsizer.axi_downsizer_inst/USE_WRITE.write_addr_inst/cmd_queue/inst/fifo_gen_inst/inst_fifo_gen/gconvfifo.rf/grf.rf/gntv_or_sync_fifo.gl0.rd/rpntr/gc0.count_reg[0]/PRE
  -------------------------------------------------------------------    -------------------

                         (clock clk_fpga_0 rise edge)
                                                      0.000     0.000 r  
    PS7_X0Y0             PS7                          0.000     0.000 r  design_1_i/processing_system7_0/inst/PS7_i/FCLKCLK[0]
                         net (fo=1, routed)           0.341     0.341    design_1_i/processing_system7_0/inst/FCLK_CLK_unbuffered[0]
    BUFGCTRL_X0Y0        BUFG (Prop_bufg_I_O)         0.029     0.370 r  design_1_i/processing_system7_0/inst/buffer_fclk_clk_0.FCLK_CLK_0_BUFG/O
                         net (fo=6928, routed)        0.828     1.198    design_1_i/ps7_0_axi_periph/m00_couplers/auto_ds/inst/gen_downsizer.gen_simple_downsizer.axi_downsizer_inst/USE_WRITE.write_addr_inst/cmd_queue/inst/fifo_gen_inst/inst_fifo_gen/gconvfifo.rf/grf.rf/gntv_or_sync_fifo.gl0.rd/rpntr/clk
    SLICE_X25Y50         FDPE                                         r  design_1_i/ps7_0_axi_periph/m00_couplers/auto_ds/inst/gen_downsizer.gen_simple_downsizer.axi_downsizer_inst/USE_WRITE.write_addr_inst/cmd_queue/inst/fifo_gen_inst/inst_fifo_gen/gconvfifo.rf/grf.rf/gntv_or_sync_fifo.gl0.rd/rpntr/gc0.count_reg[0]/C
                         clock pessimism             -0.029     1.169    
    SLICE_X25Y50         FDPE (Remov_fdpe_C_PRE)     -0.095     1.074    design_1_i/ps7_0_axi_periph/m00_couplers/auto_ds/inst/gen_downsizer.gen_simple_downsizer.axi_downsizer_inst/USE_WRITE.write_addr_inst/cmd_queue/inst/fifo_gen_inst/inst_fifo_gen/gconvfifo.rf/grf.rf/gntv_or_sync_fifo.gl0.rd/rpntr/gc0.count_reg[0]
  -------------------------------------------------------------------
                         required time                         -1.074    
                         arrival time                           1.456    
  -------------------------------------------------------------------
                         slack                                  0.382    

Slack (MET) :             0.483ns  (arrival time - required time)
  Source:                 design_1_i/ps7_0_axi_periph/m01_couplers/auto_ds/inst/gen_downsizer.gen_cascaded_downsizer.first_downsizer_inst/USE_READ.read_addr_inst/cmd_queue/inst/fifo_gen_inst/inst_fifo_gen/gconvfifo.rf/grf.rf/rstblk/ngwrdrst.grst.g7serrst.gnsckt_wrst.gcc_rst.sckt_wr_rst_cc_reg[1]/C
                            (rising edge-triggered cell FDRE clocked by clk_fpga_0  {rise@0.000ns fall@20.000ns period=40.000ns})
  Destination:            design_1_i/ps7_0_axi_periph/m01_couplers/auto_ds/inst/gen_downsizer.gen_cascaded_downsizer.first_downsizer_inst/USE_READ.read_addr_inst/cmd_queue/inst/fifo_gen_inst/inst_fifo_gen/gconvfifo.rf/grf.rf/gntv_or_sync_fifo.gl0.rd/gr1.gr1_int.rfwft/gpregsm1.curr_fwft_state_reg[0]/CLR
                            (removal check against rising-edge clock clk_fpga_0  {rise@0.000ns fall@20.000ns period=40.000ns})
  Path Group:             **async_default**
  Path Type:              Removal (Min at Fast Process Corner)
  Requirement:            0.000ns  (clk_fpga_0 rise@0.000ns - clk_fpga_0 rise@0.000ns)
  Data Path Delay:        0.432ns  (logic 0.186ns (43.077%)  route 0.246ns (56.923%))
  Logic Levels:           1  (LUT3=1)
  Clock Path Skew:        0.016ns (DCD - SCD - CPR)
    Destination Clock Delay (DCD):    1.205ns
    Source Clock Delay      (SCD):    0.908ns
    Clock Pessimism Removal (CPR):    0.281ns

    Location             Delay type                Incr(ns)  Path(ns)    Netlist Resource(s)
  -------------------------------------------------------------------    -------------------
                         (clock clk_fpga_0 rise edge)
                                                      0.000     0.000 r  
    PS7_X0Y0             PS7                          0.000     0.000 r  design_1_i/processing_system7_0/inst/PS7_i/FCLKCLK[0]
                         net (fo=1, routed)           0.315     0.315    design_1_i/processing_system7_0/inst/FCLK_CLK_unbuffered[0]
    BUFGCTRL_X0Y0        BUFG (Prop_bufg_I_O)         0.026     0.341 r  design_1_i/processing_system7_0/inst/buffer_fclk_clk_0.FCLK_CLK_0_BUFG/O
                         net (fo=6928, routed)        0.567     0.908    design_1_i/ps7_0_axi_periph/m01_couplers/auto_ds/inst/gen_downsizer.gen_cascaded_downsizer.first_downsizer_inst/USE_READ.read_addr_inst/cmd_queue/inst/fifo_gen_inst/inst_fifo_gen/gconvfifo.rf/grf.rf/rstblk/clk
    SLICE_X13Y0          FDRE                                         r  design_1_i/ps7_0_axi_periph/m01_couplers/auto_ds/inst/gen_downsizer.gen_cascaded_downsizer.first_downsizer_inst/USE_READ.read_addr_inst/cmd_queue/inst/fifo_gen_inst/inst_fifo_gen/gconvfifo.rf/grf.rf/rstblk/ngwrdrst.grst.g7serrst.gnsckt_wrst.gcc_rst.sckt_wr_rst_cc_reg[1]/C
  -------------------------------------------------------------------    -------------------
    SLICE_X13Y0          FDRE (Prop_fdre_C_Q)         0.141     1.049 f  design_1_i/ps7_0_axi_periph/m01_couplers/auto_ds/inst/gen_downsizer.gen_cascaded_downsizer.first_downsizer_inst/USE_READ.read_addr_inst/cmd_queue/inst/fifo_gen_inst/inst_fifo_gen/gconvfifo.rf/grf.rf/rstblk/ngwrdrst.grst.g7serrst.gnsckt_wrst.gcc_rst.sckt_wr_rst_cc_reg[1]/Q
                         net (fo=2, routed)           0.117     1.166    design_1_i/ps7_0_axi_periph/m01_couplers/auto_ds/inst/gen_downsizer.gen_cascaded_downsizer.first_downsizer_inst/USE_READ.read_addr_inst/cmd_queue/inst/fifo_gen_inst/inst_fifo_gen/gconvfifo.rf/grf.rf/rstblk/sckt_wr_rst_cc[1]
    SLICE_X13Y1          LUT3 (Prop_lut3_I0_O)        0.045     1.211 f  design_1_i/ps7_0_axi_periph/m01_couplers/auto_ds/inst/gen_downsizer.gen_cascaded_downsizer.first_downsizer_inst/USE_READ.read_addr_inst/cmd_queue/inst/fifo_gen_inst/inst_fifo_gen/gconvfifo.rf/grf.rf/rstblk/gpregsm1.curr_fwft_state[1]_i_2/O
                         net (fo=32, routed)          0.129     1.339    design_1_i/ps7_0_axi_periph/m01_couplers/auto_ds/inst/gen_downsizer.gen_cascaded_downsizer.first_downsizer_inst/USE_READ.read_addr_inst/cmd_queue/inst/fifo_gen_inst/inst_fifo_gen/gconvfifo.rf/grf.rf/gntv_or_sync_fifo.gl0.rd/gr1.gr1_int.rfwft/gpregsm1.user_valid_reg_0
    SLICE_X12Y1          FDCE                                         f  design_1_i/ps7_0_axi_periph/m01_couplers/auto_ds/inst/gen_downsizer.gen_cascaded_downsizer.first_downsizer_inst/USE_READ.read_addr_inst/cmd_queue/inst/fifo_gen_inst/inst_fifo_gen/gconvfifo.rf/grf.rf/gntv_or_sync_fifo.gl0.rd/gr1.gr1_int.rfwft/gpregsm1.curr_fwft_state_reg[0]/CLR
  -------------------------------------------------------------------    -------------------

                         (clock clk_fpga_0 rise edge)
                                                      0.000     0.000 r  
    PS7_X0Y0             PS7                          0.000     0.000 r  design_1_i/processing_system7_0/inst/PS7_i/FCLKCLK[0]
                         net (fo=1, routed)           0.341     0.341    design_1_i/processing_system7_0/inst/FCLK_CLK_unbuffered[0]
    BUFGCTRL_X0Y0        BUFG (Prop_bufg_I_O)         0.029     0.370 r  design_1_i/processing_system7_0/inst/buffer_fclk_clk_0.FCLK_CLK_0_BUFG/O
                         net (fo=6928, routed)        0.835     1.205    design_1_i/ps7_0_axi_periph/m01_couplers/auto_ds/inst/gen_downsizer.gen_cascaded_downsizer.first_downsizer_inst/USE_READ.read_addr_inst/cmd_queue/inst/fifo_gen_inst/inst_fifo_gen/gconvfifo.rf/grf.rf/gntv_or_sync_fifo.gl0.rd/gr1.gr1_int.rfwft/clk
    SLICE_X12Y1          FDCE                                         r  design_1_i/ps7_0_axi_periph/m01_couplers/auto_ds/inst/gen_downsizer.gen_cascaded_downsizer.first_downsizer_inst/USE_READ.read_addr_inst/cmd_queue/inst/fifo_gen_inst/inst_fifo_gen/gconvfifo.rf/grf.rf/gntv_or_sync_fifo.gl0.rd/gr1.gr1_int.rfwft/gpregsm1.curr_fwft_state_reg[0]/C
                         clock pessimism             -0.281     0.924    
    SLICE_X12Y1          FDCE (Remov_fdce_C_CLR)     -0.067     0.857    design_1_i/ps7_0_axi_periph/m01_couplers/auto_ds/inst/gen_downsizer.gen_cascaded_downsizer.first_downsizer_inst/USE_READ.read_addr_inst/cmd_queue/inst/fifo_gen_inst/inst_fifo_gen/gconvfifo.rf/grf.rf/gntv_or_sync_fifo.gl0.rd/gr1.gr1_int.rfwft/gpregsm1.curr_fwft_state_reg[0]
  -------------------------------------------------------------------
                         required time                         -0.857    
                         arrival time                           1.339    
  -------------------------------------------------------------------
                         slack                                  0.483    

Slack (MET) :             0.483ns  (arrival time - required time)
  Source:                 design_1_i/ps7_0_axi_periph/m01_couplers/auto_ds/inst/gen_downsizer.gen_cascaded_downsizer.first_downsizer_inst/USE_READ.read_addr_inst/cmd_queue/inst/fifo_gen_inst/inst_fifo_gen/gconvfifo.rf/grf.rf/rstblk/ngwrdrst.grst.g7serrst.gnsckt_wrst.gcc_rst.sckt_wr_rst_cc_reg[1]/C
                            (rising edge-triggered cell FDRE clocked by clk_fpga_0  {rise@0.000ns fall@20.000ns period=40.000ns})
  Destination:            design_1_i/ps7_0_axi_periph/m01_couplers/auto_ds/inst/gen_downsizer.gen_cascaded_downsizer.first_downsizer_inst/USE_READ.read_addr_inst/cmd_queue/inst/fifo_gen_inst/inst_fifo_gen/gconvfifo.rf/grf.rf/gntv_or_sync_fifo.gl0.rd/gr1.gr1_int.rfwft/gpregsm1.curr_fwft_state_reg[1]/CLR
                            (removal check against rising-edge clock clk_fpga_0  {rise@0.000ns fall@20.000ns period=40.000ns})
  Path Group:             **async_default**
  Path Type:              Removal (Min at Fast Process Corner)
  Requirement:            0.000ns  (clk_fpga_0 rise@0.000ns - clk_fpga_0 rise@0.000ns)
  Data Path Delay:        0.432ns  (logic 0.186ns (43.077%)  route 0.246ns (56.923%))
  Logic Levels:           1  (LUT3=1)
  Clock Path Skew:        0.016ns (DCD - SCD - CPR)
    Destination Clock Delay (DCD):    1.205ns
    Source Clock Delay      (SCD):    0.908ns
    Clock Pessimism Removal (CPR):    0.281ns

    Location             Delay type                Incr(ns)  Path(ns)    Netlist Resource(s)
  -------------------------------------------------------------------    -------------------
                         (clock clk_fpga_0 rise edge)
                                                      0.000     0.000 r  
    PS7_X0Y0             PS7                          0.000     0.000 r  design_1_i/processing_system7_0/inst/PS7_i/FCLKCLK[0]
                         net (fo=1, routed)           0.315     0.315    design_1_i/processing_system7_0/inst/FCLK_CLK_unbuffered[0]
    BUFGCTRL_X0Y0        BUFG (Prop_bufg_I_O)         0.026     0.341 r  design_1_i/processing_system7_0/inst/buffer_fclk_clk_0.FCLK_CLK_0_BUFG/O
                         net (fo=6928, routed)        0.567     0.908    design_1_i/ps7_0_axi_periph/m01_couplers/auto_ds/inst/gen_downsizer.gen_cascaded_downsizer.first_downsizer_inst/USE_READ.read_addr_inst/cmd_queue/inst/fifo_gen_inst/inst_fifo_gen/gconvfifo.rf/grf.rf/rstblk/clk
    SLICE_X13Y0          FDRE                                         r  design_1_i/ps7_0_axi_periph/m01_couplers/auto_ds/inst/gen_downsizer.gen_cascaded_downsizer.first_downsizer_inst/USE_READ.read_addr_inst/cmd_queue/inst/fifo_gen_inst/inst_fifo_gen/gconvfifo.rf/grf.rf/rstblk/ngwrdrst.grst.g7serrst.gnsckt_wrst.gcc_rst.sckt_wr_rst_cc_reg[1]/C
  -------------------------------------------------------------------    -------------------
    SLICE_X13Y0          FDRE (Prop_fdre_C_Q)         0.141     1.049 f  design_1_i/ps7_0_axi_periph/m01_couplers/auto_ds/inst/gen_downsizer.gen_cascaded_downsizer.first_downsizer_inst/USE_READ.read_addr_inst/cmd_queue/inst/fifo_gen_inst/inst_fifo_gen/gconvfifo.rf/grf.rf/rstblk/ngwrdrst.grst.g7serrst.gnsckt_wrst.gcc_rst.sckt_wr_rst_cc_reg[1]/Q
                         net (fo=2, routed)           0.117     1.166    design_1_i/ps7_0_axi_periph/m01_couplers/auto_ds/inst/gen_downsizer.gen_cascaded_downsizer.first_downsizer_inst/USE_READ.read_addr_inst/cmd_queue/inst/fifo_gen_inst/inst_fifo_gen/gconvfifo.rf/grf.rf/rstblk/sckt_wr_rst_cc[1]
    SLICE_X13Y1          LUT3 (Prop_lut3_I0_O)        0.045     1.211 f  design_1_i/ps7_0_axi_periph/m01_couplers/auto_ds/inst/gen_downsizer.gen_cascaded_downsizer.first_downsizer_inst/USE_READ.read_addr_inst/cmd_queue/inst/fifo_gen_inst/inst_fifo_gen/gconvfifo.rf/grf.rf/rstblk/gpregsm1.curr_fwft_state[1]_i_2/O
                         net (fo=32, routed)          0.129     1.339    design_1_i/ps7_0_axi_periph/m01_couplers/auto_ds/inst/gen_downsizer.gen_cascaded_downsizer.first_downsizer_inst/USE_READ.read_addr_inst/cmd_queue/inst/fifo_gen_inst/inst_fifo_gen/gconvfifo.rf/grf.rf/gntv_or_sync_fifo.gl0.rd/gr1.gr1_int.rfwft/gpregsm1.user_valid_reg_0
    SLICE_X12Y1          FDCE                                         f  design_1_i/ps7_0_axi_periph/m01_couplers/auto_ds/inst/gen_downsizer.gen_cascaded_downsizer.first_downsizer_inst/USE_READ.read_addr_inst/cmd_queue/inst/fifo_gen_inst/inst_fifo_gen/gconvfifo.rf/grf.rf/gntv_or_sync_fifo.gl0.rd/gr1.gr1_int.rfwft/gpregsm1.curr_fwft_state_reg[1]/CLR
  -------------------------------------------------------------------    -------------------

                         (clock clk_fpga_0 rise edge)
                                                      0.000     0.000 r  
    PS7_X0Y0             PS7                          0.000     0.000 r  design_1_i/processing_system7_0/inst/PS7_i/FCLKCLK[0]
                         net (fo=1, routed)           0.341     0.341    design_1_i/processing_system7_0/inst/FCLK_CLK_unbuffered[0]
    BUFGCTRL_X0Y0        BUFG (Prop_bufg_I_O)         0.029     0.370 r  design_1_i/processing_system7_0/inst/buffer_fclk_clk_0.FCLK_CLK_0_BUFG/O
                         net (fo=6928, routed)        0.835     1.205    design_1_i/ps7_0_axi_periph/m01_couplers/auto_ds/inst/gen_downsizer.gen_cascaded_downsizer.first_downsizer_inst/USE_READ.read_addr_inst/cmd_queue/inst/fifo_gen_inst/inst_fifo_gen/gconvfifo.rf/grf.rf/gntv_or_sync_fifo.gl0.rd/gr1.gr1_int.rfwft/clk
    SLICE_X12Y1          FDCE                                         r  design_1_i/ps7_0_axi_periph/m01_couplers/auto_ds/inst/gen_downsizer.gen_cascaded_downsizer.first_downsizer_inst/USE_READ.read_addr_inst/cmd_queue/inst/fifo_gen_inst/inst_fifo_gen/gconvfifo.rf/grf.rf/gntv_or_sync_fifo.gl0.rd/gr1.gr1_int.rfwft/gpregsm1.curr_fwft_state_reg[1]/C
                         clock pessimism             -0.281     0.924    
    SLICE_X12Y1          FDCE (Remov_fdce_C_CLR)     -0.067     0.857    design_1_i/ps7_0_axi_periph/m01_couplers/auto_ds/inst/gen_downsizer.gen_cascaded_downsizer.first_downsizer_inst/USE_READ.read_addr_inst/cmd_queue/inst/fifo_gen_inst/inst_fifo_gen/gconvfifo.rf/grf.rf/gntv_or_sync_fifo.gl0.rd/gr1.gr1_int.rfwft/gpregsm1.curr_fwft_state_reg[1]
  -------------------------------------------------------------------
                         required time                         -0.857    
                         arrival time                           1.339    
  -------------------------------------------------------------------
                         slack                                  0.483    

Slack (MET) :             0.483ns  (arrival time - required time)
  Source:                 design_1_i/ps7_0_axi_periph/m01_couplers/auto_ds/inst/gen_downsizer.gen_cascaded_downsizer.first_downsizer_inst/USE_READ.read_addr_inst/cmd_queue/inst/fifo_gen_inst/inst_fifo_gen/gconvfifo.rf/grf.rf/rstblk/ngwrdrst.grst.g7serrst.gnsckt_wrst.gcc_rst.sckt_wr_rst_cc_reg[1]/C
                            (rising edge-triggered cell FDRE clocked by clk_fpga_0  {rise@0.000ns fall@20.000ns period=40.000ns})
  Destination:            design_1_i/ps7_0_axi_periph/m01_couplers/auto_ds/inst/gen_downsizer.gen_cascaded_downsizer.first_downsizer_inst/USE_READ.read_addr_inst/cmd_queue/inst/fifo_gen_inst/inst_fifo_gen/gconvfifo.rf/grf.rf/gntv_or_sync_fifo.gl0.rd/gr1.gr1_int.rfwft/gpregsm1.user_valid_reg/CLR
                            (removal check against rising-edge clock clk_fpga_0  {rise@0.000ns fall@20.000ns period=40.000ns})
  Path Group:             **async_default**
  Path Type:              Removal (Min at Fast Process Corner)
  Requirement:            0.000ns  (clk_fpga_0 rise@0.000ns - clk_fpga_0 rise@0.000ns)
  Data Path Delay:        0.432ns  (logic 0.186ns (43.077%)  route 0.246ns (56.923%))
  Logic Levels:           1  (LUT3=1)
  Clock Path Skew:        0.016ns (DCD - SCD - CPR)
    Destination Clock Delay (DCD):    1.205ns
    Source Clock Delay      (SCD):    0.908ns
    Clock Pessimism Removal (CPR):    0.281ns

    Location             Delay type                Incr(ns)  Path(ns)    Netlist Resource(s)
  -------------------------------------------------------------------    -------------------
                         (clock clk_fpga_0 rise edge)
                                                      0.000     0.000 r  
    PS7_X0Y0             PS7                          0.000     0.000 r  design_1_i/processing_system7_0/inst/PS7_i/FCLKCLK[0]
                         net (fo=1, routed)           0.315     0.315    design_1_i/processing_system7_0/inst/FCLK_CLK_unbuffered[0]
    BUFGCTRL_X0Y0        BUFG (Prop_bufg_I_O)         0.026     0.341 r  design_1_i/processing_system7_0/inst/buffer_fclk_clk_0.FCLK_CLK_0_BUFG/O
                         net (fo=6928, routed)        0.567     0.908    design_1_i/ps7_0_axi_periph/m01_couplers/auto_ds/inst/gen_downsizer.gen_cascaded_downsizer.first_downsizer_inst/USE_READ.read_addr_inst/cmd_queue/inst/fifo_gen_inst/inst_fifo_gen/gconvfifo.rf/grf.rf/rstblk/clk
    SLICE_X13Y0          FDRE                                         r  design_1_i/ps7_0_axi_periph/m01_couplers/auto_ds/inst/gen_downsizer.gen_cascaded_downsizer.first_downsizer_inst/USE_READ.read_addr_inst/cmd_queue/inst/fifo_gen_inst/inst_fifo_gen/gconvfifo.rf/grf.rf/rstblk/ngwrdrst.grst.g7serrst.gnsckt_wrst.gcc_rst.sckt_wr_rst_cc_reg[1]/C
  -------------------------------------------------------------------    -------------------
    SLICE_X13Y0          FDRE (Prop_fdre_C_Q)         0.141     1.049 f  design_1_i/ps7_0_axi_periph/m01_couplers/auto_ds/inst/gen_downsizer.gen_cascaded_downsizer.first_downsizer_inst/USE_READ.read_addr_inst/cmd_queue/inst/fifo_gen_inst/inst_fifo_gen/gconvfifo.rf/grf.rf/rstblk/ngwrdrst.grst.g7serrst.gnsckt_wrst.gcc_rst.sckt_wr_rst_cc_reg[1]/Q
                         net (fo=2, routed)           0.117     1.166    design_1_i/ps7_0_axi_periph/m01_couplers/auto_ds/inst/gen_downsizer.gen_cascaded_downsizer.first_downsizer_inst/USE_READ.read_addr_inst/cmd_queue/inst/fifo_gen_inst/inst_fifo_gen/gconvfifo.rf/grf.rf/rstblk/sckt_wr_rst_cc[1]
    SLICE_X13Y1          LUT3 (Prop_lut3_I0_O)        0.045     1.211 f  design_1_i/ps7_0_axi_periph/m01_couplers/auto_ds/inst/gen_downsizer.gen_cascaded_downsizer.first_downsizer_inst/USE_READ.read_addr_inst/cmd_queue/inst/fifo_gen_inst/inst_fifo_gen/gconvfifo.rf/grf.rf/rstblk/gpregsm1.curr_fwft_state[1]_i_2/O
                         net (fo=32, routed)          0.129     1.339    design_1_i/ps7_0_axi_periph/m01_couplers/auto_ds/inst/gen_downsizer.gen_cascaded_downsizer.first_downsizer_inst/USE_READ.read_addr_inst/cmd_queue/inst/fifo_gen_inst/inst_fifo_gen/gconvfifo.rf/grf.rf/gntv_or_sync_fifo.gl0.rd/gr1.gr1_int.rfwft/gpregsm1.user_valid_reg_0
    SLICE_X12Y1          FDCE                                         f  design_1_i/ps7_0_axi_periph/m01_couplers/auto_ds/inst/gen_downsizer.gen_cascaded_downsizer.first_downsizer_inst/USE_READ.read_addr_inst/cmd_queue/inst/fifo_gen_inst/inst_fifo_gen/gconvfifo.rf/grf.rf/gntv_or_sync_fifo.gl0.rd/gr1.gr1_int.rfwft/gpregsm1.user_valid_reg/CLR
  -------------------------------------------------------------------    -------------------

                         (clock clk_fpga_0 rise edge)
                                                      0.000     0.000 r  
    PS7_X0Y0             PS7                          0.000     0.000 r  design_1_i/processing_system7_0/inst/PS7_i/FCLKCLK[0]
                         net (fo=1, routed)           0.341     0.341    design_1_i/processing_system7_0/inst/FCLK_CLK_unbuffered[0]
    BUFGCTRL_X0Y0        BUFG (Prop_bufg_I_O)         0.029     0.370 r  design_1_i/processing_system7_0/inst/buffer_fclk_clk_0.FCLK_CLK_0_BUFG/O
                         net (fo=6928, routed)        0.835     1.205    design_1_i/ps7_0_axi_periph/m01_couplers/auto_ds/inst/gen_downsizer.gen_cascaded_downsizer.first_downsizer_inst/USE_READ.read_addr_inst/cmd_queue/inst/fifo_gen_inst/inst_fifo_gen/gconvfifo.rf/grf.rf/gntv_or_sync_fifo.gl0.rd/gr1.gr1_int.rfwft/clk
    SLICE_X12Y1          FDCE                                         r  design_1_i/ps7_0_axi_periph/m01_couplers/auto_ds/inst/gen_downsizer.gen_cascaded_downsizer.first_downsizer_inst/USE_READ.read_addr_inst/cmd_queue/inst/fifo_gen_inst/inst_fifo_gen/gconvfifo.rf/grf.rf/gntv_or_sync_fifo.gl0.rd/gr1.gr1_int.rfwft/gpregsm1.user_valid_reg/C
                         clock pessimism             -0.281     0.924    
    SLICE_X12Y1          FDCE (Remov_fdce_C_CLR)     -0.067     0.857    design_1_i/ps7_0_axi_periph/m01_couplers/auto_ds/inst/gen_downsizer.gen_cascaded_downsizer.first_downsizer_inst/USE_READ.read_addr_inst/cmd_queue/inst/fifo_gen_inst/inst_fifo_gen/gconvfifo.rf/grf.rf/gntv_or_sync_fifo.gl0.rd/gr1.gr1_int.rfwft/gpregsm1.user_valid_reg
  -------------------------------------------------------------------
                         required time                         -0.857    
                         arrival time                           1.339    
  -------------------------------------------------------------------
                         slack                                  0.483    

Slack (MET) :             0.487ns  (arrival time - required time)
  Source:                 design_1_i/ps7_0_axi_periph/m01_couplers/auto_ds/inst/gen_downsizer.gen_cascaded_downsizer.first_downsizer_inst/USE_READ.read_addr_inst/cmd_queue/inst/fifo_gen_inst/inst_fifo_gen/gconvfifo.rf/grf.rf/rstblk/ngwrdrst.grst.g7serrst.gnsckt_wrst.gcc_rst.sckt_wr_rst_cc_reg[1]/C
                            (rising edge-triggered cell FDRE clocked by clk_fpga_0  {rise@0.000ns fall@20.000ns period=40.000ns})
  Destination:            design_1_i/ps7_0_axi_periph/m01_couplers/auto_ds/inst/gen_downsizer.gen_cascaded_downsizer.first_downsizer_inst/USE_READ.read_addr_inst/cmd_queue/inst/fifo_gen_inst/inst_fifo_gen/gconvfifo.rf/grf.rf/gntv_or_sync_fifo.gl0.rd/gr1.gr1_int.rfwft/empty_fwft_i_reg/PRE
                            (removal check against rising-edge clock clk_fpga_0  {rise@0.000ns fall@20.000ns period=40.000ns})
  Path Group:             **async_default**
  Path Type:              Removal (Min at Fast Process Corner)
  Requirement:            0.000ns  (clk_fpga_0 rise@0.000ns - clk_fpga_0 rise@0.000ns)
  Data Path Delay:        0.432ns  (logic 0.186ns (43.077%)  route 0.246ns (56.923%))
  Logic Levels:           1  (LUT3=1)
  Clock Path Skew:        0.016ns (DCD - SCD - CPR)
    Destination Clock Delay (DCD):    1.205ns
    Source Clock Delay      (SCD):    0.908ns
    Clock Pessimism Removal (CPR):    0.281ns

    Location             Delay type                Incr(ns)  Path(ns)    Netlist Resource(s)
  -------------------------------------------------------------------    -------------------
                         (clock clk_fpga_0 rise edge)
                                                      0.000     0.000 r  
    PS7_X0Y0             PS7                          0.000     0.000 r  design_1_i/processing_system7_0/inst/PS7_i/FCLKCLK[0]
                         net (fo=1, routed)           0.315     0.315    design_1_i/processing_system7_0/inst/FCLK_CLK_unbuffered[0]
    BUFGCTRL_X0Y0        BUFG (Prop_bufg_I_O)         0.026     0.341 r  design_1_i/processing_system7_0/inst/buffer_fclk_clk_0.FCLK_CLK_0_BUFG/O
                         net (fo=6928, routed)        0.567     0.908    design_1_i/ps7_0_axi_periph/m01_couplers/auto_ds/inst/gen_downsizer.gen_cascaded_downsizer.first_downsizer_inst/USE_READ.read_addr_inst/cmd_queue/inst/fifo_gen_inst/inst_fifo_gen/gconvfifo.rf/grf.rf/rstblk/clk
    SLICE_X13Y0          FDRE                                         r  design_1_i/ps7_0_axi_periph/m01_couplers/auto_ds/inst/gen_downsizer.gen_cascaded_downsizer.first_downsizer_inst/USE_READ.read_addr_inst/cmd_queue/inst/fifo_gen_inst/inst_fifo_gen/gconvfifo.rf/grf.rf/rstblk/ngwrdrst.grst.g7serrst.gnsckt_wrst.gcc_rst.sckt_wr_rst_cc_reg[1]/C
  -------------------------------------------------------------------    -------------------
    SLICE_X13Y0          FDRE (Prop_fdre_C_Q)         0.141     1.049 f  design_1_i/ps7_0_axi_periph/m01_couplers/auto_ds/inst/gen_downsizer.gen_cascaded_downsizer.first_downsizer_inst/USE_READ.read_addr_inst/cmd_queue/inst/fifo_gen_inst/inst_fifo_gen/gconvfifo.rf/grf.rf/rstblk/ngwrdrst.grst.g7serrst.gnsckt_wrst.gcc_rst.sckt_wr_rst_cc_reg[1]/Q
                         net (fo=2, routed)           0.117     1.166    design_1_i/ps7_0_axi_periph/m01_couplers/auto_ds/inst/gen_downsizer.gen_cascaded_downsizer.first_downsizer_inst/USE_READ.read_addr_inst/cmd_queue/inst/fifo_gen_inst/inst_fifo_gen/gconvfifo.rf/grf.rf/rstblk/sckt_wr_rst_cc[1]
    SLICE_X13Y1          LUT3 (Prop_lut3_I0_O)        0.045     1.211 f  design_1_i/ps7_0_axi_periph/m01_couplers/auto_ds/inst/gen_downsizer.gen_cascaded_downsizer.first_downsizer_inst/USE_READ.read_addr_inst/cmd_queue/inst/fifo_gen_inst/inst_fifo_gen/gconvfifo.rf/grf.rf/rstblk/gpregsm1.curr_fwft_state[1]_i_2/O
                         net (fo=32, routed)          0.129     1.339    design_1_i/ps7_0_axi_periph/m01_couplers/auto_ds/inst/gen_downsizer.gen_cascaded_downsizer.first_downsizer_inst/USE_READ.read_addr_inst/cmd_queue/inst/fifo_gen_inst/inst_fifo_gen/gconvfifo.rf/grf.rf/gntv_or_sync_fifo.gl0.rd/gr1.gr1_int.rfwft/gpregsm1.user_valid_reg_0
    SLICE_X12Y1          FDPE                                         f  design_1_i/ps7_0_axi_periph/m01_couplers/auto_ds/inst/gen_downsizer.gen_cascaded_downsizer.first_downsizer_inst/USE_READ.read_addr_inst/cmd_queue/inst/fifo_gen_inst/inst_fifo_gen/gconvfifo.rf/grf.rf/gntv_or_sync_fifo.gl0.rd/gr1.gr1_int.rfwft/empty_fwft_i_reg/PRE
  -------------------------------------------------------------------    -------------------

                         (clock clk_fpga_0 rise edge)
                                                      0.000     0.000 r  
    PS7_X0Y0             PS7                          0.000     0.000 r  design_1_i/processing_system7_0/inst/PS7_i/FCLKCLK[0]
                         net (fo=1, routed)           0.341     0.341    design_1_i/processing_system7_0/inst/FCLK_CLK_unbuffered[0]
    BUFGCTRL_X0Y0        BUFG (Prop_bufg_I_O)         0.029     0.370 r  design_1_i/processing_system7_0/inst/buffer_fclk_clk_0.FCLK_CLK_0_BUFG/O
                         net (fo=6928, routed)        0.835     1.205    design_1_i/ps7_0_axi_periph/m01_couplers/auto_ds/inst/gen_downsizer.gen_cascaded_downsizer.first_downsizer_inst/USE_READ.read_addr_inst/cmd_queue/inst/fifo_gen_inst/inst_fifo_gen/gconvfifo.rf/grf.rf/gntv_or_sync_fifo.gl0.rd/gr1.gr1_int.rfwft/clk
    SLICE_X12Y1          FDPE                                         r  design_1_i/ps7_0_axi_periph/m01_couplers/auto_ds/inst/gen_downsizer.gen_cascaded_downsizer.first_downsizer_inst/USE_READ.read_addr_inst/cmd_queue/inst/fifo_gen_inst/inst_fifo_gen/gconvfifo.rf/grf.rf/gntv_or_sync_fifo.gl0.rd/gr1.gr1_int.rfwft/empty_fwft_i_reg/C
                         clock pessimism             -0.281     0.924    
    SLICE_X12Y1          FDPE (Remov_fdpe_C_PRE)     -0.071     0.853    design_1_i/ps7_0_axi_periph/m01_couplers/auto_ds/inst/gen_downsizer.gen_cascaded_downsizer.first_downsizer_inst/USE_READ.read_addr_inst/cmd_queue/inst/fifo_gen_inst/inst_fifo_gen/gconvfifo.rf/grf.rf/gntv_or_sync_fifo.gl0.rd/gr1.gr1_int.rfwft/empty_fwft_i_reg
  -------------------------------------------------------------------
                         required time                         -0.853    
                         arrival time                           1.339    
  -------------------------------------------------------------------
                         slack                                  0.487    

Slack (MET) :             0.511ns  (arrival time - required time)
  Source:                 design_1_i/ps7_0_axi_periph/m01_couplers/auto_ds/inst/gen_downsizer.gen_cascaded_downsizer.first_downsizer_inst/USE_READ.read_addr_inst/cmd_queue/inst/fifo_gen_inst/inst_fifo_gen/gconvfifo.rf/grf.rf/rstblk/ngwrdrst.grst.g7serrst.gnsckt_wrst.gcc_rst.sckt_wr_rst_cc_reg[1]/C
                            (rising edge-triggered cell FDRE clocked by clk_fpga_0  {rise@0.000ns fall@20.000ns period=40.000ns})
  Destination:            design_1_i/ps7_0_axi_periph/m01_couplers/auto_ds/inst/gen_downsizer.gen_cascaded_downsizer.first_downsizer_inst/USE_READ.read_addr_inst/cmd_queue/inst/fifo_gen_inst/inst_fifo_gen/gconvfifo.rf/grf.rf/gntv_or_sync_fifo.gl0.rd/gr1.gr1_int.rfwft/aempty_fwft_fb_i_reg/PRE
                            (removal check against rising-edge clock clk_fpga_0  {rise@0.000ns fall@20.000ns period=40.000ns})
  Path Group:             **async_default**
  Path Type:              Removal (Min at Fast Process Corner)
  Requirement:            0.000ns  (clk_fpga_0 rise@0.000ns - clk_fpga_0 rise@0.000ns)
  Data Path Delay:        0.432ns  (logic 0.186ns (43.077%)  route 0.246ns (56.923%))
  Logic Levels:           1  (LUT3=1)
  Clock Path Skew:        0.016ns (DCD - SCD - CPR)
    Destination Clock Delay (DCD):    1.205ns
    Source Clock Delay      (SCD):    0.908ns
    Clock Pessimism Removal (CPR):    0.281ns

    Location             Delay type                Incr(ns)  Path(ns)    Netlist Resource(s)
  -------------------------------------------------------------------    -------------------
                         (clock clk_fpga_0 rise edge)
                                                      0.000     0.000 r  
    PS7_X0Y0             PS7                          0.000     0.000 r  design_1_i/processing_system7_0/inst/PS7_i/FCLKCLK[0]
                         net (fo=1, routed)           0.315     0.315    design_1_i/processing_system7_0/inst/FCLK_CLK_unbuffered[0]
    BUFGCTRL_X0Y0        BUFG (Prop_bufg_I_O)         0.026     0.341 r  design_1_i/processing_system7_0/inst/buffer_fclk_clk_0.FCLK_CLK_0_BUFG/O
                         net (fo=6928, routed)        0.567     0.908    design_1_i/ps7_0_axi_periph/m01_couplers/auto_ds/inst/gen_downsizer.gen_cascaded_downsizer.first_downsizer_inst/USE_READ.read_addr_inst/cmd_queue/inst/fifo_gen_inst/inst_fifo_gen/gconvfifo.rf/grf.rf/rstblk/clk
    SLICE_X13Y0          FDRE                                         r  design_1_i/ps7_0_axi_periph/m01_couplers/auto_ds/inst/gen_downsizer.gen_cascaded_downsizer.first_downsizer_inst/USE_READ.read_addr_inst/cmd_queue/inst/fifo_gen_inst/inst_fifo_gen/gconvfifo.rf/grf.rf/rstblk/ngwrdrst.grst.g7serrst.gnsckt_wrst.gcc_rst.sckt_wr_rst_cc_reg[1]/C
  -------------------------------------------------------------------    -------------------
    SLICE_X13Y0          FDRE (Prop_fdre_C_Q)         0.141     1.049 f  design_1_i/ps7_0_axi_periph/m01_couplers/auto_ds/inst/gen_downsizer.gen_cascaded_downsizer.first_downsizer_inst/USE_READ.read_addr_inst/cmd_queue/inst/fifo_gen_inst/inst_fifo_gen/gconvfifo.rf/grf.rf/rstblk/ngwrdrst.grst.g7serrst.gnsckt_wrst.gcc_rst.sckt_wr_rst_cc_reg[1]/Q
                         net (fo=2, routed)           0.117     1.166    design_1_i/ps7_0_axi_periph/m01_couplers/auto_ds/inst/gen_downsizer.gen_cascaded_downsizer.first_downsizer_inst/USE_READ.read_addr_inst/cmd_queue/inst/fifo_gen_inst/inst_fifo_gen/gconvfifo.rf/grf.rf/rstblk/sckt_wr_rst_cc[1]
    SLICE_X13Y1          LUT3 (Prop_lut3_I0_O)        0.045     1.211 f  design_1_i/ps7_0_axi_periph/m01_couplers/auto_ds/inst/gen_downsizer.gen_cascaded_downsizer.first_downsizer_inst/USE_READ.read_addr_inst/cmd_queue/inst/fifo_gen_inst/inst_fifo_gen/gconvfifo.rf/grf.rf/rstblk/gpregsm1.curr_fwft_state[1]_i_2/O
                         net (fo=32, routed)          0.129     1.339    design_1_i/ps7_0_axi_periph/m01_couplers/auto_ds/inst/gen_downsizer.gen_cascaded_downsizer.first_downsizer_inst/USE_READ.read_addr_inst/cmd_queue/inst/fifo_gen_inst/inst_fifo_gen/gconvfifo.rf/grf.rf/gntv_or_sync_fifo.gl0.rd/gr1.gr1_int.rfwft/gpregsm1.user_valid_reg_0
    SLICE_X13Y1          FDPE                                         f  design_1_i/ps7_0_axi_periph/m01_couplers/auto_ds/inst/gen_downsizer.gen_cascaded_downsizer.first_downsizer_inst/USE_READ.read_addr_inst/cmd_queue/inst/fifo_gen_inst/inst_fifo_gen/gconvfifo.rf/grf.rf/gntv_or_sync_fifo.gl0.rd/gr1.gr1_int.rfwft/aempty_fwft_fb_i_reg/PRE
  -------------------------------------------------------------------    -------------------

                         (clock clk_fpga_0 rise edge)
                                                      0.000     0.000 r  
    PS7_X0Y0             PS7                          0.000     0.000 r  design_1_i/processing_system7_0/inst/PS7_i/FCLKCLK[0]
                         net (fo=1, routed)           0.341     0.341    design_1_i/processing_system7_0/inst/FCLK_CLK_unbuffered[0]
    BUFGCTRL_X0Y0        BUFG (Prop_bufg_I_O)         0.029     0.370 r  design_1_i/processing_system7_0/inst/buffer_fclk_clk_0.FCLK_CLK_0_BUFG/O
                         net (fo=6928, routed)        0.835     1.205    design_1_i/ps7_0_axi_periph/m01_couplers/auto_ds/inst/gen_downsizer.gen_cascaded_downsizer.first_downsizer_inst/USE_READ.read_addr_inst/cmd_queue/inst/fifo_gen_inst/inst_fifo_gen/gconvfifo.rf/grf.rf/gntv_or_sync_fifo.gl0.rd/gr1.gr1_int.rfwft/clk
    SLICE_X13Y1          FDPE                                         r  design_1_i/ps7_0_axi_periph/m01_couplers/auto_ds/inst/gen_downsizer.gen_cascaded_downsizer.first_downsizer_inst/USE_READ.read_addr_inst/cmd_queue/inst/fifo_gen_inst/inst_fifo_gen/gconvfifo.rf/grf.rf/gntv_or_sync_fifo.gl0.rd/gr1.gr1_int.rfwft/aempty_fwft_fb_i_reg/C
                         clock pessimism             -0.281     0.924    
    SLICE_X13Y1          FDPE (Remov_fdpe_C_PRE)     -0.095     0.829    design_1_i/ps7_0_axi_periph/m01_couplers/auto_ds/inst/gen_downsizer.gen_cascaded_downsizer.first_downsizer_inst/USE_READ.read_addr_inst/cmd_queue/inst/fifo_gen_inst/inst_fifo_gen/gconvfifo.rf/grf.rf/gntv_or_sync_fifo.gl0.rd/gr1.gr1_int.rfwft/aempty_fwft_fb_i_reg
  -------------------------------------------------------------------
                         required time                         -0.829    
                         arrival time                           1.339    
  -------------------------------------------------------------------
                         slack                                  0.511    





---------------------------------------------------------------------------------------------------
Path Group:  **async_default**
From Clock:  clk_fpga_0
  To Clock:  sys_clk_pin

Setup :            0  Failing Endpoints,  Worst Slack        2.275ns,  Total Violation        0.000ns
Hold  :            0  Failing Endpoints,  Worst Slack        0.886ns,  Total Violation        0.000ns
---------------------------------------------------------------------------------------------------


Max Delay Paths
--------------------------------------------------------------------------------------
Slack (MET) :             2.275ns  (required time - arrival time)
  Source:                 design_1_i/proc_sys_reset_0/U0/ACTIVE_LOW_PR_OUT_DFF[0].FDRE_PER_N/C
                            (rising edge-triggered cell FDRE clocked by clk_fpga_0  {rise@0.000ns fall@20.000ns period=40.000ns})
  Destination:            design_1_i/Conv_axis_vga_0/U0/S_CTRL_V_reg[4]/CLR
                            (recovery check against rising-edge clock sys_clk_pin  {rise@0.000ns fall@4.000ns period=8.000ns})
  Path Group:             **async_default**
  Path Type:              Recovery (Max at Slow Process Corner)
  Requirement:            8.000ns  (sys_clk_pin rise@8.000ns - clk_fpga_0 rise@0.000ns)
  Data Path Delay:        3.220ns  (logic 0.609ns (18.912%)  route 2.611ns (81.088%))
  Logic Levels:           1  (LUT1=1)
  Clock Path Skew:        -1.382ns (DCD - SCD + CPR)
    Destination Clock Delay (DCD):    1.565ns = ( 9.565 - 8.000 ) 
    Source Clock Delay      (SCD):    3.062ns
    Clock Pessimism Removal (CPR):    0.115ns
  Clock Uncertainty:      0.601ns  ((TSJ^2 + TIJ^2)^1/2 + DJ) / 2 + PE
    Total System Jitter     (TSJ):    0.071ns
    Total Input Jitter      (TIJ):    1.200ns
    Discrete Jitter          (DJ):    0.000ns
    Phase Error              (PE):    0.000ns
  Clock Domain Crossing:  Inter clock paths are considered valid unless explicitly excluded by timing constraints such as set_clock_groups or set_false_path.

    Location             Delay type                Incr(ns)  Path(ns)    Netlist Resource(s)
  -------------------------------------------------------------------    -------------------
                         (clock clk_fpga_0 rise edge)
                                                      0.000     0.000 r  
    PS7_X0Y0             PS7                          0.000     0.000 r  design_1_i/processing_system7_0/inst/PS7_i/FCLKCLK[0]
                         net (fo=1, routed)           1.207     1.207    design_1_i/processing_system7_0/inst/FCLK_CLK_unbuffered[0]
    BUFGCTRL_X0Y0        BUFG (Prop_bufg_I_O)         0.101     1.308 r  design_1_i/processing_system7_0/inst/buffer_fclk_clk_0.FCLK_CLK_0_BUFG/O
                         net (fo=6928, routed)        1.754     3.062    design_1_i/proc_sys_reset_0/U0/slowest_sync_clk
    SLICE_X41Y46         FDRE                                         r  design_1_i/proc_sys_reset_0/U0/ACTIVE_LOW_PR_OUT_DFF[0].FDRE_PER_N/C
  -------------------------------------------------------------------    -------------------
    SLICE_X41Y46         FDRE (Prop_fdre_C_Q)         0.456     3.518 r  design_1_i/proc_sys_reset_0/U0/ACTIVE_LOW_PR_OUT_DFF[0].FDRE_PER_N/Q
                         net (fo=72, routed)          1.602     5.120    design_1_i/Conv_axis_vga_0/U0/resetn
    SLICE_X41Y16         LUT1 (Prop_lut1_I0_O)        0.153     5.273 f  design_1_i/Conv_axis_vga_0/U0/S_VGA_R[3]_i_2/O
                         net (fo=48, routed)          1.009     6.282    design_1_i/Conv_axis_vga_0/U0/S_VGA_R[3]_i_2_n_0
    SLICE_X42Y19         FDCE                                         f  design_1_i/Conv_axis_vga_0/U0/S_CTRL_V_reg[4]/CLR
  -------------------------------------------------------------------    -------------------

                         (clock sys_clk_pin rise edge)
                                                      8.000     8.000 r  
    BUFGCTRL_X0Y0        BUFG                         0.000     8.000 r  design_1_i/processing_system7_0/inst/buffer_fclk_clk_0.FCLK_CLK_0_BUFG/O
                         net (fo=6928, routed)        1.565     9.565    design_1_i/Conv_axis_vga_0/U0/clk
    SLICE_X42Y19         FDCE                                         r  design_1_i/Conv_axis_vga_0/U0/S_CTRL_V_reg[4]/C
                         clock pessimism              0.115     9.680    
                         clock uncertainty           -0.601     9.079    
    SLICE_X42Y19         FDCE (Recov_fdce_C_CLR)     -0.522     8.557    design_1_i/Conv_axis_vga_0/U0/S_CTRL_V_reg[4]
  -------------------------------------------------------------------
                         required time                          8.557    
                         arrival time                          -6.282    
  -------------------------------------------------------------------
                         slack                                  2.275    

Slack (MET) :             2.275ns  (required time - arrival time)
  Source:                 design_1_i/proc_sys_reset_0/U0/ACTIVE_LOW_PR_OUT_DFF[0].FDRE_PER_N/C
                            (rising edge-triggered cell FDRE clocked by clk_fpga_0  {rise@0.000ns fall@20.000ns period=40.000ns})
  Destination:            design_1_i/Conv_axis_vga_0/U0/S_CTRL_V_reg[5]/CLR
                            (recovery check against rising-edge clock sys_clk_pin  {rise@0.000ns fall@4.000ns period=8.000ns})
  Path Group:             **async_default**
  Path Type:              Recovery (Max at Slow Process Corner)
  Requirement:            8.000ns  (sys_clk_pin rise@8.000ns - clk_fpga_0 rise@0.000ns)
  Data Path Delay:        3.220ns  (logic 0.609ns (18.912%)  route 2.611ns (81.088%))
  Logic Levels:           1  (LUT1=1)
  Clock Path Skew:        -1.382ns (DCD - SCD + CPR)
    Destination Clock Delay (DCD):    1.565ns = ( 9.565 - 8.000 ) 
    Source Clock Delay      (SCD):    3.062ns
    Clock Pessimism Removal (CPR):    0.115ns
  Clock Uncertainty:      0.601ns  ((TSJ^2 + TIJ^2)^1/2 + DJ) / 2 + PE
    Total System Jitter     (TSJ):    0.071ns
    Total Input Jitter      (TIJ):    1.200ns
    Discrete Jitter          (DJ):    0.000ns
    Phase Error              (PE):    0.000ns
  Clock Domain Crossing:  Inter clock paths are considered valid unless explicitly excluded by timing constraints such as set_clock_groups or set_false_path.

    Location             Delay type                Incr(ns)  Path(ns)    Netlist Resource(s)
  -------------------------------------------------------------------    -------------------
                         (clock clk_fpga_0 rise edge)
                                                      0.000     0.000 r  
    PS7_X0Y0             PS7                          0.000     0.000 r  design_1_i/processing_system7_0/inst/PS7_i/FCLKCLK[0]
                         net (fo=1, routed)           1.207     1.207    design_1_i/processing_system7_0/inst/FCLK_CLK_unbuffered[0]
    BUFGCTRL_X0Y0        BUFG (Prop_bufg_I_O)         0.101     1.308 r  design_1_i/processing_system7_0/inst/buffer_fclk_clk_0.FCLK_CLK_0_BUFG/O
                         net (fo=6928, routed)        1.754     3.062    design_1_i/proc_sys_reset_0/U0/slowest_sync_clk
    SLICE_X41Y46         FDRE                                         r  design_1_i/proc_sys_reset_0/U0/ACTIVE_LOW_PR_OUT_DFF[0].FDRE_PER_N/C
  -------------------------------------------------------------------    -------------------
    SLICE_X41Y46         FDRE (Prop_fdre_C_Q)         0.456     3.518 r  design_1_i/proc_sys_reset_0/U0/ACTIVE_LOW_PR_OUT_DFF[0].FDRE_PER_N/Q
                         net (fo=72, routed)          1.602     5.120    design_1_i/Conv_axis_vga_0/U0/resetn
    SLICE_X41Y16         LUT1 (Prop_lut1_I0_O)        0.153     5.273 f  design_1_i/Conv_axis_vga_0/U0/S_VGA_R[3]_i_2/O
                         net (fo=48, routed)          1.009     6.282    design_1_i/Conv_axis_vga_0/U0/S_VGA_R[3]_i_2_n_0
    SLICE_X42Y19         FDCE                                         f  design_1_i/Conv_axis_vga_0/U0/S_CTRL_V_reg[5]/CLR
  -------------------------------------------------------------------    -------------------

                         (clock sys_clk_pin rise edge)
                                                      8.000     8.000 r  
    BUFGCTRL_X0Y0        BUFG                         0.000     8.000 r  design_1_i/processing_system7_0/inst/buffer_fclk_clk_0.FCLK_CLK_0_BUFG/O
                         net (fo=6928, routed)        1.565     9.565    design_1_i/Conv_axis_vga_0/U0/clk
    SLICE_X42Y19         FDCE                                         r  design_1_i/Conv_axis_vga_0/U0/S_CTRL_V_reg[5]/C
                         clock pessimism              0.115     9.680    
                         clock uncertainty           -0.601     9.079    
    SLICE_X42Y19         FDCE (Recov_fdce_C_CLR)     -0.522     8.557    design_1_i/Conv_axis_vga_0/U0/S_CTRL_V_reg[5]
  -------------------------------------------------------------------
                         required time                          8.557    
                         arrival time                          -6.282    
  -------------------------------------------------------------------
                         slack                                  2.275    

Slack (MET) :             2.275ns  (required time - arrival time)
  Source:                 design_1_i/proc_sys_reset_0/U0/ACTIVE_LOW_PR_OUT_DFF[0].FDRE_PER_N/C
                            (rising edge-triggered cell FDRE clocked by clk_fpga_0  {rise@0.000ns fall@20.000ns period=40.000ns})
  Destination:            design_1_i/Conv_axis_vga_0/U0/S_CTRL_V_reg[6]/CLR
                            (recovery check against rising-edge clock sys_clk_pin  {rise@0.000ns fall@4.000ns period=8.000ns})
  Path Group:             **async_default**
  Path Type:              Recovery (Max at Slow Process Corner)
  Requirement:            8.000ns  (sys_clk_pin rise@8.000ns - clk_fpga_0 rise@0.000ns)
  Data Path Delay:        3.220ns  (logic 0.609ns (18.912%)  route 2.611ns (81.088%))
  Logic Levels:           1  (LUT1=1)
  Clock Path Skew:        -1.382ns (DCD - SCD + CPR)
    Destination Clock Delay (DCD):    1.565ns = ( 9.565 - 8.000 ) 
    Source Clock Delay      (SCD):    3.062ns
    Clock Pessimism Removal (CPR):    0.115ns
  Clock Uncertainty:      0.601ns  ((TSJ^2 + TIJ^2)^1/2 + DJ) / 2 + PE
    Total System Jitter     (TSJ):    0.071ns
    Total Input Jitter      (TIJ):    1.200ns
    Discrete Jitter          (DJ):    0.000ns
    Phase Error              (PE):    0.000ns
  Clock Domain Crossing:  Inter clock paths are considered valid unless explicitly excluded by timing constraints such as set_clock_groups or set_false_path.

    Location             Delay type                Incr(ns)  Path(ns)    Netlist Resource(s)
  -------------------------------------------------------------------    -------------------
                         (clock clk_fpga_0 rise edge)
                                                      0.000     0.000 r  
    PS7_X0Y0             PS7                          0.000     0.000 r  design_1_i/processing_system7_0/inst/PS7_i/FCLKCLK[0]
                         net (fo=1, routed)           1.207     1.207    design_1_i/processing_system7_0/inst/FCLK_CLK_unbuffered[0]
    BUFGCTRL_X0Y0        BUFG (Prop_bufg_I_O)         0.101     1.308 r  design_1_i/processing_system7_0/inst/buffer_fclk_clk_0.FCLK_CLK_0_BUFG/O
                         net (fo=6928, routed)        1.754     3.062    design_1_i/proc_sys_reset_0/U0/slowest_sync_clk
    SLICE_X41Y46         FDRE                                         r  design_1_i/proc_sys_reset_0/U0/ACTIVE_LOW_PR_OUT_DFF[0].FDRE_PER_N/C
  -------------------------------------------------------------------    -------------------
    SLICE_X41Y46         FDRE (Prop_fdre_C_Q)         0.456     3.518 r  design_1_i/proc_sys_reset_0/U0/ACTIVE_LOW_PR_OUT_DFF[0].FDRE_PER_N/Q
                         net (fo=72, routed)          1.602     5.120    design_1_i/Conv_axis_vga_0/U0/resetn
    SLICE_X41Y16         LUT1 (Prop_lut1_I0_O)        0.153     5.273 f  design_1_i/Conv_axis_vga_0/U0/S_VGA_R[3]_i_2/O
                         net (fo=48, routed)          1.009     6.282    design_1_i/Conv_axis_vga_0/U0/S_VGA_R[3]_i_2_n_0
    SLICE_X42Y19         FDCE                                         f  design_1_i/Conv_axis_vga_0/U0/S_CTRL_V_reg[6]/CLR
  -------------------------------------------------------------------    -------------------

                         (clock sys_clk_pin rise edge)
                                                      8.000     8.000 r  
    BUFGCTRL_X0Y0        BUFG                         0.000     8.000 r  design_1_i/processing_system7_0/inst/buffer_fclk_clk_0.FCLK_CLK_0_BUFG/O
                         net (fo=6928, routed)        1.565     9.565    design_1_i/Conv_axis_vga_0/U0/clk
    SLICE_X42Y19         FDCE                                         r  design_1_i/Conv_axis_vga_0/U0/S_CTRL_V_reg[6]/C
                         clock pessimism              0.115     9.680    
                         clock uncertainty           -0.601     9.079    
    SLICE_X42Y19         FDCE (Recov_fdce_C_CLR)     -0.522     8.557    design_1_i/Conv_axis_vga_0/U0/S_CTRL_V_reg[6]
  -------------------------------------------------------------------
                         required time                          8.557    
                         arrival time                          -6.282    
  -------------------------------------------------------------------
                         slack                                  2.275    

Slack (MET) :             2.275ns  (required time - arrival time)
  Source:                 design_1_i/proc_sys_reset_0/U0/ACTIVE_LOW_PR_OUT_DFF[0].FDRE_PER_N/C
                            (rising edge-triggered cell FDRE clocked by clk_fpga_0  {rise@0.000ns fall@20.000ns period=40.000ns})
  Destination:            design_1_i/Conv_axis_vga_0/U0/S_CTRL_V_reg[7]/CLR
                            (recovery check against rising-edge clock sys_clk_pin  {rise@0.000ns fall@4.000ns period=8.000ns})
  Path Group:             **async_default**
  Path Type:              Recovery (Max at Slow Process Corner)
  Requirement:            8.000ns  (sys_clk_pin rise@8.000ns - clk_fpga_0 rise@0.000ns)
  Data Path Delay:        3.220ns  (logic 0.609ns (18.912%)  route 2.611ns (81.088%))
  Logic Levels:           1  (LUT1=1)
  Clock Path Skew:        -1.382ns (DCD - SCD + CPR)
    Destination Clock Delay (DCD):    1.565ns = ( 9.565 - 8.000 ) 
    Source Clock Delay      (SCD):    3.062ns
    Clock Pessimism Removal (CPR):    0.115ns
  Clock Uncertainty:      0.601ns  ((TSJ^2 + TIJ^2)^1/2 + DJ) / 2 + PE
    Total System Jitter     (TSJ):    0.071ns
    Total Input Jitter      (TIJ):    1.200ns
    Discrete Jitter          (DJ):    0.000ns
    Phase Error              (PE):    0.000ns
  Clock Domain Crossing:  Inter clock paths are considered valid unless explicitly excluded by timing constraints such as set_clock_groups or set_false_path.

    Location             Delay type                Incr(ns)  Path(ns)    Netlist Resource(s)
  -------------------------------------------------------------------    -------------------
                         (clock clk_fpga_0 rise edge)
                                                      0.000     0.000 r  
    PS7_X0Y0             PS7                          0.000     0.000 r  design_1_i/processing_system7_0/inst/PS7_i/FCLKCLK[0]
                         net (fo=1, routed)           1.207     1.207    design_1_i/processing_system7_0/inst/FCLK_CLK_unbuffered[0]
    BUFGCTRL_X0Y0        BUFG (Prop_bufg_I_O)         0.101     1.308 r  design_1_i/processing_system7_0/inst/buffer_fclk_clk_0.FCLK_CLK_0_BUFG/O
                         net (fo=6928, routed)        1.754     3.062    design_1_i/proc_sys_reset_0/U0/slowest_sync_clk
    SLICE_X41Y46         FDRE                                         r  design_1_i/proc_sys_reset_0/U0/ACTIVE_LOW_PR_OUT_DFF[0].FDRE_PER_N/C
  -------------------------------------------------------------------    -------------------
    SLICE_X41Y46         FDRE (Prop_fdre_C_Q)         0.456     3.518 r  design_1_i/proc_sys_reset_0/U0/ACTIVE_LOW_PR_OUT_DFF[0].FDRE_PER_N/Q
                         net (fo=72, routed)          1.602     5.120    design_1_i/Conv_axis_vga_0/U0/resetn
    SLICE_X41Y16         LUT1 (Prop_lut1_I0_O)        0.153     5.273 f  design_1_i/Conv_axis_vga_0/U0/S_VGA_R[3]_i_2/O
                         net (fo=48, routed)          1.009     6.282    design_1_i/Conv_axis_vga_0/U0/S_VGA_R[3]_i_2_n_0
    SLICE_X42Y19         FDCE                                         f  design_1_i/Conv_axis_vga_0/U0/S_CTRL_V_reg[7]/CLR
  -------------------------------------------------------------------    -------------------

                         (clock sys_clk_pin rise edge)
                                                      8.000     8.000 r  
    BUFGCTRL_X0Y0        BUFG                         0.000     8.000 r  design_1_i/processing_system7_0/inst/buffer_fclk_clk_0.FCLK_CLK_0_BUFG/O
                         net (fo=6928, routed)        1.565     9.565    design_1_i/Conv_axis_vga_0/U0/clk
    SLICE_X42Y19         FDCE                                         r  design_1_i/Conv_axis_vga_0/U0/S_CTRL_V_reg[7]/C
                         clock pessimism              0.115     9.680    
                         clock uncertainty           -0.601     9.079    
    SLICE_X42Y19         FDCE (Recov_fdce_C_CLR)     -0.522     8.557    design_1_i/Conv_axis_vga_0/U0/S_CTRL_V_reg[7]
  -------------------------------------------------------------------
                         required time                          8.557    
                         arrival time                          -6.282    
  -------------------------------------------------------------------
                         slack                                  2.275    

Slack (MET) :             2.378ns  (required time - arrival time)
  Source:                 design_1_i/proc_sys_reset_0/U0/ACTIVE_LOW_PR_OUT_DFF[0].FDRE_PER_N/C
                            (rising edge-triggered cell FDRE clocked by clk_fpga_0  {rise@0.000ns fall@20.000ns period=40.000ns})
  Destination:            design_1_i/Conv_axis_vga_0/U0/S_CTRL_V_reg[10]/CLR
                            (recovery check against rising-edge clock sys_clk_pin  {rise@0.000ns fall@4.000ns period=8.000ns})
  Path Group:             **async_default**
  Path Type:              Recovery (Max at Slow Process Corner)
  Requirement:            8.000ns  (sys_clk_pin rise@8.000ns - clk_fpga_0 rise@0.000ns)
  Data Path Delay:        3.117ns  (logic 0.609ns (19.540%)  route 2.508ns (80.460%))
  Logic Levels:           1  (LUT1=1)
  Clock Path Skew:        -1.382ns (DCD - SCD + CPR)
    Destination Clock Delay (DCD):    1.565ns = ( 9.565 - 8.000 ) 
    Source Clock Delay      (SCD):    3.062ns
    Clock Pessimism Removal (CPR):    0.115ns
  Clock Uncertainty:      0.601ns  ((TSJ^2 + TIJ^2)^1/2 + DJ) / 2 + PE
    Total System Jitter     (TSJ):    0.071ns
    Total Input Jitter      (TIJ):    1.200ns
    Discrete Jitter          (DJ):    0.000ns
    Phase Error              (PE):    0.000ns
  Clock Domain Crossing:  Inter clock paths are considered valid unless explicitly excluded by timing constraints such as set_clock_groups or set_false_path.

    Location             Delay type                Incr(ns)  Path(ns)    Netlist Resource(s)
  -------------------------------------------------------------------    -------------------
                         (clock clk_fpga_0 rise edge)
                                                      0.000     0.000 r  
    PS7_X0Y0             PS7                          0.000     0.000 r  design_1_i/processing_system7_0/inst/PS7_i/FCLKCLK[0]
                         net (fo=1, routed)           1.207     1.207    design_1_i/processing_system7_0/inst/FCLK_CLK_unbuffered[0]
    BUFGCTRL_X0Y0        BUFG (Prop_bufg_I_O)         0.101     1.308 r  design_1_i/processing_system7_0/inst/buffer_fclk_clk_0.FCLK_CLK_0_BUFG/O
                         net (fo=6928, routed)        1.754     3.062    design_1_i/proc_sys_reset_0/U0/slowest_sync_clk
    SLICE_X41Y46         FDRE                                         r  design_1_i/proc_sys_reset_0/U0/ACTIVE_LOW_PR_OUT_DFF[0].FDRE_PER_N/C
  -------------------------------------------------------------------    -------------------
    SLICE_X41Y46         FDRE (Prop_fdre_C_Q)         0.456     3.518 r  design_1_i/proc_sys_reset_0/U0/ACTIVE_LOW_PR_OUT_DFF[0].FDRE_PER_N/Q
                         net (fo=72, routed)          1.602     5.120    design_1_i/Conv_axis_vga_0/U0/resetn
    SLICE_X41Y16         LUT1 (Prop_lut1_I0_O)        0.153     5.273 f  design_1_i/Conv_axis_vga_0/U0/S_VGA_R[3]_i_2/O
                         net (fo=48, routed)          0.906     6.179    design_1_i/Conv_axis_vga_0/U0/S_VGA_R[3]_i_2_n_0
    SLICE_X42Y20         FDCE                                         f  design_1_i/Conv_axis_vga_0/U0/S_CTRL_V_reg[10]/CLR
  -------------------------------------------------------------------    -------------------

                         (clock sys_clk_pin rise edge)
                                                      8.000     8.000 r  
    BUFGCTRL_X0Y0        BUFG                         0.000     8.000 r  design_1_i/processing_system7_0/inst/buffer_fclk_clk_0.FCLK_CLK_0_BUFG/O
                         net (fo=6928, routed)        1.565     9.565    design_1_i/Conv_axis_vga_0/U0/clk
    SLICE_X42Y20         FDCE                                         r  design_1_i/Conv_axis_vga_0/U0/S_CTRL_V_reg[10]/C
                         clock pessimism              0.115     9.680    
                         clock uncertainty           -0.601     9.079    
    SLICE_X42Y20         FDCE (Recov_fdce_C_CLR)     -0.522     8.557    design_1_i/Conv_axis_vga_0/U0/S_CTRL_V_reg[10]
  -------------------------------------------------------------------
                         required time                          8.557    
                         arrival time                          -6.179    
  -------------------------------------------------------------------
                         slack                                  2.378    

Slack (MET) :             2.378ns  (required time - arrival time)
  Source:                 design_1_i/proc_sys_reset_0/U0/ACTIVE_LOW_PR_OUT_DFF[0].FDRE_PER_N/C
                            (rising edge-triggered cell FDRE clocked by clk_fpga_0  {rise@0.000ns fall@20.000ns period=40.000ns})
  Destination:            design_1_i/Conv_axis_vga_0/U0/S_CTRL_V_reg[11]/CLR
                            (recovery check against rising-edge clock sys_clk_pin  {rise@0.000ns fall@4.000ns period=8.000ns})
  Path Group:             **async_default**
  Path Type:              Recovery (Max at Slow Process Corner)
  Requirement:            8.000ns  (sys_clk_pin rise@8.000ns - clk_fpga_0 rise@0.000ns)
  Data Path Delay:        3.117ns  (logic 0.609ns (19.540%)  route 2.508ns (80.460%))
  Logic Levels:           1  (LUT1=1)
  Clock Path Skew:        -1.382ns (DCD - SCD + CPR)
    Destination Clock Delay (DCD):    1.565ns = ( 9.565 - 8.000 ) 
    Source Clock Delay      (SCD):    3.062ns
    Clock Pessimism Removal (CPR):    0.115ns
  Clock Uncertainty:      0.601ns  ((TSJ^2 + TIJ^2)^1/2 + DJ) / 2 + PE
    Total System Jitter     (TSJ):    0.071ns
    Total Input Jitter      (TIJ):    1.200ns
    Discrete Jitter          (DJ):    0.000ns
    Phase Error              (PE):    0.000ns
  Clock Domain Crossing:  Inter clock paths are considered valid unless explicitly excluded by timing constraints such as set_clock_groups or set_false_path.

    Location             Delay type                Incr(ns)  Path(ns)    Netlist Resource(s)
  -------------------------------------------------------------------    -------------------
                         (clock clk_fpga_0 rise edge)
                                                      0.000     0.000 r  
    PS7_X0Y0             PS7                          0.000     0.000 r  design_1_i/processing_system7_0/inst/PS7_i/FCLKCLK[0]
                         net (fo=1, routed)           1.207     1.207    design_1_i/processing_system7_0/inst/FCLK_CLK_unbuffered[0]
    BUFGCTRL_X0Y0        BUFG (Prop_bufg_I_O)         0.101     1.308 r  design_1_i/processing_system7_0/inst/buffer_fclk_clk_0.FCLK_CLK_0_BUFG/O
                         net (fo=6928, routed)        1.754     3.062    design_1_i/proc_sys_reset_0/U0/slowest_sync_clk
    SLICE_X41Y46         FDRE                                         r  design_1_i/proc_sys_reset_0/U0/ACTIVE_LOW_PR_OUT_DFF[0].FDRE_PER_N/C
  -------------------------------------------------------------------    -------------------
    SLICE_X41Y46         FDRE (Prop_fdre_C_Q)         0.456     3.518 r  design_1_i/proc_sys_reset_0/U0/ACTIVE_LOW_PR_OUT_DFF[0].FDRE_PER_N/Q
                         net (fo=72, routed)          1.602     5.120    design_1_i/Conv_axis_vga_0/U0/resetn
    SLICE_X41Y16         LUT1 (Prop_lut1_I0_O)        0.153     5.273 f  design_1_i/Conv_axis_vga_0/U0/S_VGA_R[3]_i_2/O
                         net (fo=48, routed)          0.906     6.179    design_1_i/Conv_axis_vga_0/U0/S_VGA_R[3]_i_2_n_0
    SLICE_X42Y20         FDCE                                         f  design_1_i/Conv_axis_vga_0/U0/S_CTRL_V_reg[11]/CLR
  -------------------------------------------------------------------    -------------------

                         (clock sys_clk_pin rise edge)
                                                      8.000     8.000 r  
    BUFGCTRL_X0Y0        BUFG                         0.000     8.000 r  design_1_i/processing_system7_0/inst/buffer_fclk_clk_0.FCLK_CLK_0_BUFG/O
                         net (fo=6928, routed)        1.565     9.565    design_1_i/Conv_axis_vga_0/U0/clk
    SLICE_X42Y20         FDCE                                         r  design_1_i/Conv_axis_vga_0/U0/S_CTRL_V_reg[11]/C
                         clock pessimism              0.115     9.680    
                         clock uncertainty           -0.601     9.079    
    SLICE_X42Y20         FDCE (Recov_fdce_C_CLR)     -0.522     8.557    design_1_i/Conv_axis_vga_0/U0/S_CTRL_V_reg[11]
  -------------------------------------------------------------------
                         required time                          8.557    
                         arrival time                          -6.179    
  -------------------------------------------------------------------
                         slack                                  2.378    

Slack (MET) :             2.378ns  (required time - arrival time)
  Source:                 design_1_i/proc_sys_reset_0/U0/ACTIVE_LOW_PR_OUT_DFF[0].FDRE_PER_N/C
                            (rising edge-triggered cell FDRE clocked by clk_fpga_0  {rise@0.000ns fall@20.000ns period=40.000ns})
  Destination:            design_1_i/Conv_axis_vga_0/U0/S_CTRL_V_reg[8]/CLR
                            (recovery check against rising-edge clock sys_clk_pin  {rise@0.000ns fall@4.000ns period=8.000ns})
  Path Group:             **async_default**
  Path Type:              Recovery (Max at Slow Process Corner)
  Requirement:            8.000ns  (sys_clk_pin rise@8.000ns - clk_fpga_0 rise@0.000ns)
  Data Path Delay:        3.117ns  (logic 0.609ns (19.540%)  route 2.508ns (80.460%))
  Logic Levels:           1  (LUT1=1)
  Clock Path Skew:        -1.382ns (DCD - SCD + CPR)
    Destination Clock Delay (DCD):    1.565ns = ( 9.565 - 8.000 ) 
    Source Clock Delay      (SCD):    3.062ns
    Clock Pessimism Removal (CPR):    0.115ns
  Clock Uncertainty:      0.601ns  ((TSJ^2 + TIJ^2)^1/2 + DJ) / 2 + PE
    Total System Jitter     (TSJ):    0.071ns
    Total Input Jitter      (TIJ):    1.200ns
    Discrete Jitter          (DJ):    0.000ns
    Phase Error              (PE):    0.000ns
  Clock Domain Crossing:  Inter clock paths are considered valid unless explicitly excluded by timing constraints such as set_clock_groups or set_false_path.

    Location             Delay type                Incr(ns)  Path(ns)    Netlist Resource(s)
  -------------------------------------------------------------------    -------------------
                         (clock clk_fpga_0 rise edge)
                                                      0.000     0.000 r  
    PS7_X0Y0             PS7                          0.000     0.000 r  design_1_i/processing_system7_0/inst/PS7_i/FCLKCLK[0]
                         net (fo=1, routed)           1.207     1.207    design_1_i/processing_system7_0/inst/FCLK_CLK_unbuffered[0]
    BUFGCTRL_X0Y0        BUFG (Prop_bufg_I_O)         0.101     1.308 r  design_1_i/processing_system7_0/inst/buffer_fclk_clk_0.FCLK_CLK_0_BUFG/O
                         net (fo=6928, routed)        1.754     3.062    design_1_i/proc_sys_reset_0/U0/slowest_sync_clk
    SLICE_X41Y46         FDRE                                         r  design_1_i/proc_sys_reset_0/U0/ACTIVE_LOW_PR_OUT_DFF[0].FDRE_PER_N/C
  -------------------------------------------------------------------    -------------------
    SLICE_X41Y46         FDRE (Prop_fdre_C_Q)         0.456     3.518 r  design_1_i/proc_sys_reset_0/U0/ACTIVE_LOW_PR_OUT_DFF[0].FDRE_PER_N/Q
                         net (fo=72, routed)          1.602     5.120    design_1_i/Conv_axis_vga_0/U0/resetn
    SLICE_X41Y16         LUT1 (Prop_lut1_I0_O)        0.153     5.273 f  design_1_i/Conv_axis_vga_0/U0/S_VGA_R[3]_i_2/O
                         net (fo=48, routed)          0.906     6.179    design_1_i/Conv_axis_vga_0/U0/S_VGA_R[3]_i_2_n_0
    SLICE_X42Y20         FDCE                                         f  design_1_i/Conv_axis_vga_0/U0/S_CTRL_V_reg[8]/CLR
  -------------------------------------------------------------------    -------------------

                         (clock sys_clk_pin rise edge)
                                                      8.000     8.000 r  
    BUFGCTRL_X0Y0        BUFG                         0.000     8.000 r  design_1_i/processing_system7_0/inst/buffer_fclk_clk_0.FCLK_CLK_0_BUFG/O
                         net (fo=6928, routed)        1.565     9.565    design_1_i/Conv_axis_vga_0/U0/clk
    SLICE_X42Y20         FDCE                                         r  design_1_i/Conv_axis_vga_0/U0/S_CTRL_V_reg[8]/C
                         clock pessimism              0.115     9.680    
                         clock uncertainty           -0.601     9.079    
    SLICE_X42Y20         FDCE (Recov_fdce_C_CLR)     -0.522     8.557    design_1_i/Conv_axis_vga_0/U0/S_CTRL_V_reg[8]
  -------------------------------------------------------------------
                         required time                          8.557    
                         arrival time                          -6.179    
  -------------------------------------------------------------------
                         slack                                  2.378    

Slack (MET) :             2.378ns  (required time - arrival time)
  Source:                 design_1_i/proc_sys_reset_0/U0/ACTIVE_LOW_PR_OUT_DFF[0].FDRE_PER_N/C
                            (rising edge-triggered cell FDRE clocked by clk_fpga_0  {rise@0.000ns fall@20.000ns period=40.000ns})
  Destination:            design_1_i/Conv_axis_vga_0/U0/S_CTRL_V_reg[9]/CLR
                            (recovery check against rising-edge clock sys_clk_pin  {rise@0.000ns fall@4.000ns period=8.000ns})
  Path Group:             **async_default**
  Path Type:              Recovery (Max at Slow Process Corner)
  Requirement:            8.000ns  (sys_clk_pin rise@8.000ns - clk_fpga_0 rise@0.000ns)
  Data Path Delay:        3.117ns  (logic 0.609ns (19.540%)  route 2.508ns (80.460%))
  Logic Levels:           1  (LUT1=1)
  Clock Path Skew:        -1.382ns (DCD - SCD + CPR)
    Destination Clock Delay (DCD):    1.565ns = ( 9.565 - 8.000 ) 
    Source Clock Delay      (SCD):    3.062ns
    Clock Pessimism Removal (CPR):    0.115ns
  Clock Uncertainty:      0.601ns  ((TSJ^2 + TIJ^2)^1/2 + DJ) / 2 + PE
    Total System Jitter     (TSJ):    0.071ns
    Total Input Jitter      (TIJ):    1.200ns
    Discrete Jitter          (DJ):    0.000ns
    Phase Error              (PE):    0.000ns
  Clock Domain Crossing:  Inter clock paths are considered valid unless explicitly excluded by timing constraints such as set_clock_groups or set_false_path.

    Location             Delay type                Incr(ns)  Path(ns)    Netlist Resource(s)
  -------------------------------------------------------------------    -------------------
                         (clock clk_fpga_0 rise edge)
                                                      0.000     0.000 r  
    PS7_X0Y0             PS7                          0.000     0.000 r  design_1_i/processing_system7_0/inst/PS7_i/FCLKCLK[0]
                         net (fo=1, routed)           1.207     1.207    design_1_i/processing_system7_0/inst/FCLK_CLK_unbuffered[0]
    BUFGCTRL_X0Y0        BUFG (Prop_bufg_I_O)         0.101     1.308 r  design_1_i/processing_system7_0/inst/buffer_fclk_clk_0.FCLK_CLK_0_BUFG/O
                         net (fo=6928, routed)        1.754     3.062    design_1_i/proc_sys_reset_0/U0/slowest_sync_clk
    SLICE_X41Y46         FDRE                                         r  design_1_i/proc_sys_reset_0/U0/ACTIVE_LOW_PR_OUT_DFF[0].FDRE_PER_N/C
  -------------------------------------------------------------------    -------------------
    SLICE_X41Y46         FDRE (Prop_fdre_C_Q)         0.456     3.518 r  design_1_i/proc_sys_reset_0/U0/ACTIVE_LOW_PR_OUT_DFF[0].FDRE_PER_N/Q
                         net (fo=72, routed)          1.602     5.120    design_1_i/Conv_axis_vga_0/U0/resetn
    SLICE_X41Y16         LUT1 (Prop_lut1_I0_O)        0.153     5.273 f  design_1_i/Conv_axis_vga_0/U0/S_VGA_R[3]_i_2/O
                         net (fo=48, routed)          0.906     6.179    design_1_i/Conv_axis_vga_0/U0/S_VGA_R[3]_i_2_n_0
    SLICE_X42Y20         FDCE                                         f  design_1_i/Conv_axis_vga_0/U0/S_CTRL_V_reg[9]/CLR
  -------------------------------------------------------------------    -------------------

                         (clock sys_clk_pin rise edge)
                                                      8.000     8.000 r  
    BUFGCTRL_X0Y0        BUFG                         0.000     8.000 r  design_1_i/processing_system7_0/inst/buffer_fclk_clk_0.FCLK_CLK_0_BUFG/O
                         net (fo=6928, routed)        1.565     9.565    design_1_i/Conv_axis_vga_0/U0/clk
    SLICE_X42Y20         FDCE                                         r  design_1_i/Conv_axis_vga_0/U0/S_CTRL_V_reg[9]/C
                         clock pessimism              0.115     9.680    
                         clock uncertainty           -0.601     9.079    
    SLICE_X42Y20         FDCE (Recov_fdce_C_CLR)     -0.522     8.557    design_1_i/Conv_axis_vga_0/U0/S_CTRL_V_reg[9]
  -------------------------------------------------------------------
                         required time                          8.557    
                         arrival time                          -6.179    
  -------------------------------------------------------------------
                         slack                                  2.378    

Slack (MET) :             2.414ns  (required time - arrival time)
  Source:                 design_1_i/proc_sys_reset_0/U0/ACTIVE_LOW_PR_OUT_DFF[0].FDRE_PER_N/C
                            (rising edge-triggered cell FDRE clocked by clk_fpga_0  {rise@0.000ns fall@20.000ns period=40.000ns})
  Destination:            design_1_i/Conv_axis_vga_0/U0/S_CTRL_V_reg[0]/CLR
                            (recovery check against rising-edge clock sys_clk_pin  {rise@0.000ns fall@4.000ns period=8.000ns})
  Path Group:             **async_default**
  Path Type:              Recovery (Max at Slow Process Corner)
  Requirement:            8.000ns  (sys_clk_pin rise@8.000ns - clk_fpga_0 rise@0.000ns)
  Data Path Delay:        3.082ns  (logic 0.609ns (19.761%)  route 2.473ns (80.239%))
  Logic Levels:           1  (LUT1=1)
  Clock Path Skew:        -1.381ns (DCD - SCD + CPR)
    Destination Clock Delay (DCD):    1.566ns = ( 9.566 - 8.000 ) 
    Source Clock Delay      (SCD):    3.062ns
    Clock Pessimism Removal (CPR):    0.115ns
  Clock Uncertainty:      0.601ns  ((TSJ^2 + TIJ^2)^1/2 + DJ) / 2 + PE
    Total System Jitter     (TSJ):    0.071ns
    Total Input Jitter      (TIJ):    1.200ns
    Discrete Jitter          (DJ):    0.000ns
    Phase Error              (PE):    0.000ns
  Clock Domain Crossing:  Inter clock paths are considered valid unless explicitly excluded by timing constraints such as set_clock_groups or set_false_path.

    Location             Delay type                Incr(ns)  Path(ns)    Netlist Resource(s)
  -------------------------------------------------------------------    -------------------
                         (clock clk_fpga_0 rise edge)
                                                      0.000     0.000 r  
    PS7_X0Y0             PS7                          0.000     0.000 r  design_1_i/processing_system7_0/inst/PS7_i/FCLKCLK[0]
                         net (fo=1, routed)           1.207     1.207    design_1_i/processing_system7_0/inst/FCLK_CLK_unbuffered[0]
    BUFGCTRL_X0Y0        BUFG (Prop_bufg_I_O)         0.101     1.308 r  design_1_i/processing_system7_0/inst/buffer_fclk_clk_0.FCLK_CLK_0_BUFG/O
                         net (fo=6928, routed)        1.754     3.062    design_1_i/proc_sys_reset_0/U0/slowest_sync_clk
    SLICE_X41Y46         FDRE                                         r  design_1_i/proc_sys_reset_0/U0/ACTIVE_LOW_PR_OUT_DFF[0].FDRE_PER_N/C
  -------------------------------------------------------------------    -------------------
    SLICE_X41Y46         FDRE (Prop_fdre_C_Q)         0.456     3.518 r  design_1_i/proc_sys_reset_0/U0/ACTIVE_LOW_PR_OUT_DFF[0].FDRE_PER_N/Q
                         net (fo=72, routed)          1.602     5.120    design_1_i/Conv_axis_vga_0/U0/resetn
    SLICE_X41Y16         LUT1 (Prop_lut1_I0_O)        0.153     5.273 f  design_1_i/Conv_axis_vga_0/U0/S_VGA_R[3]_i_2/O
                         net (fo=48, routed)          0.871     6.144    design_1_i/Conv_axis_vga_0/U0/S_VGA_R[3]_i_2_n_0
    SLICE_X42Y18         FDCE                                         f  design_1_i/Conv_axis_vga_0/U0/S_CTRL_V_reg[0]/CLR
  -------------------------------------------------------------------    -------------------

                         (clock sys_clk_pin rise edge)
                                                      8.000     8.000 r  
    BUFGCTRL_X0Y0        BUFG                         0.000     8.000 r  design_1_i/processing_system7_0/inst/buffer_fclk_clk_0.FCLK_CLK_0_BUFG/O
                         net (fo=6928, routed)        1.566     9.566    design_1_i/Conv_axis_vga_0/U0/clk
    SLICE_X42Y18         FDCE                                         r  design_1_i/Conv_axis_vga_0/U0/S_CTRL_V_reg[0]/C
                         clock pessimism              0.115     9.681    
                         clock uncertainty           -0.601     9.080    
    SLICE_X42Y18         FDCE (Recov_fdce_C_CLR)     -0.522     8.558    design_1_i/Conv_axis_vga_0/U0/S_CTRL_V_reg[0]
  -------------------------------------------------------------------
                         required time                          8.558    
                         arrival time                          -6.144    
  -------------------------------------------------------------------
                         slack                                  2.414    

Slack (MET) :             2.414ns  (required time - arrival time)
  Source:                 design_1_i/proc_sys_reset_0/U0/ACTIVE_LOW_PR_OUT_DFF[0].FDRE_PER_N/C
                            (rising edge-triggered cell FDRE clocked by clk_fpga_0  {rise@0.000ns fall@20.000ns period=40.000ns})
  Destination:            design_1_i/Conv_axis_vga_0/U0/S_CTRL_V_reg[1]/CLR
                            (recovery check against rising-edge clock sys_clk_pin  {rise@0.000ns fall@4.000ns period=8.000ns})
  Path Group:             **async_default**
  Path Type:              Recovery (Max at Slow Process Corner)
  Requirement:            8.000ns  (sys_clk_pin rise@8.000ns - clk_fpga_0 rise@0.000ns)
  Data Path Delay:        3.082ns  (logic 0.609ns (19.761%)  route 2.473ns (80.239%))
  Logic Levels:           1  (LUT1=1)
  Clock Path Skew:        -1.381ns (DCD - SCD + CPR)
    Destination Clock Delay (DCD):    1.566ns = ( 9.566 - 8.000 ) 
    Source Clock Delay      (SCD):    3.062ns
    Clock Pessimism Removal (CPR):    0.115ns
  Clock Uncertainty:      0.601ns  ((TSJ^2 + TIJ^2)^1/2 + DJ) / 2 + PE
    Total System Jitter     (TSJ):    0.071ns
    Total Input Jitter      (TIJ):    1.200ns
    Discrete Jitter          (DJ):    0.000ns
    Phase Error              (PE):    0.000ns
  Clock Domain Crossing:  Inter clock paths are considered valid unless explicitly excluded by timing constraints such as set_clock_groups or set_false_path.

    Location             Delay type                Incr(ns)  Path(ns)    Netlist Resource(s)
  -------------------------------------------------------------------    -------------------
                         (clock clk_fpga_0 rise edge)
                                                      0.000     0.000 r  
    PS7_X0Y0             PS7                          0.000     0.000 r  design_1_i/processing_system7_0/inst/PS7_i/FCLKCLK[0]
                         net (fo=1, routed)           1.207     1.207    design_1_i/processing_system7_0/inst/FCLK_CLK_unbuffered[0]
    BUFGCTRL_X0Y0        BUFG (Prop_bufg_I_O)         0.101     1.308 r  design_1_i/processing_system7_0/inst/buffer_fclk_clk_0.FCLK_CLK_0_BUFG/O
                         net (fo=6928, routed)        1.754     3.062    design_1_i/proc_sys_reset_0/U0/slowest_sync_clk
    SLICE_X41Y46         FDRE                                         r  design_1_i/proc_sys_reset_0/U0/ACTIVE_LOW_PR_OUT_DFF[0].FDRE_PER_N/C
  -------------------------------------------------------------------    -------------------
    SLICE_X41Y46         FDRE (Prop_fdre_C_Q)         0.456     3.518 r  design_1_i/proc_sys_reset_0/U0/ACTIVE_LOW_PR_OUT_DFF[0].FDRE_PER_N/Q
                         net (fo=72, routed)          1.602     5.120    design_1_i/Conv_axis_vga_0/U0/resetn
    SLICE_X41Y16         LUT1 (Prop_lut1_I0_O)        0.153     5.273 f  design_1_i/Conv_axis_vga_0/U0/S_VGA_R[3]_i_2/O
                         net (fo=48, routed)          0.871     6.144    design_1_i/Conv_axis_vga_0/U0/S_VGA_R[3]_i_2_n_0
    SLICE_X42Y18         FDCE                                         f  design_1_i/Conv_axis_vga_0/U0/S_CTRL_V_reg[1]/CLR
  -------------------------------------------------------------------    -------------------

                         (clock sys_clk_pin rise edge)
                                                      8.000     8.000 r  
    BUFGCTRL_X0Y0        BUFG                         0.000     8.000 r  design_1_i/processing_system7_0/inst/buffer_fclk_clk_0.FCLK_CLK_0_BUFG/O
                         net (fo=6928, routed)        1.566     9.566    design_1_i/Conv_axis_vga_0/U0/clk
    SLICE_X42Y18         FDCE                                         r  design_1_i/Conv_axis_vga_0/U0/S_CTRL_V_reg[1]/C
                         clock pessimism              0.115     9.681    
                         clock uncertainty           -0.601     9.080    
    SLICE_X42Y18         FDCE (Recov_fdce_C_CLR)     -0.522     8.558    design_1_i/Conv_axis_vga_0/U0/S_CTRL_V_reg[1]
  -------------------------------------------------------------------
                         required time                          8.558    
                         arrival time                          -6.144    
  -------------------------------------------------------------------
                         slack                                  2.414    





Min Delay Paths
--------------------------------------------------------------------------------------
Slack (MET) :             0.886ns  (arrival time - required time)
  Source:                 design_1_i/proc_sys_reset_0/U0/ACTIVE_LOW_PR_OUT_DFF[0].FDRE_PER_N/C
                            (rising edge-triggered cell FDRE clocked by clk_fpga_0  {rise@0.000ns fall@20.000ns period=40.000ns})
  Destination:            design_1_i/Conv_axis_vga_0/U0/SV_BLUE_reg_reg[6]/CLR
                            (removal check against rising-edge clock sys_clk_pin  {rise@0.000ns fall@4.000ns period=8.000ns})
  Path Group:             **async_default**
  Path Type:              Removal (Min at Fast Process Corner)
  Requirement:            0.000ns  (sys_clk_pin rise@0.000ns - clk_fpga_0 rise@0.000ns)
  Data Path Delay:        1.044ns  (logic 0.183ns (17.523%)  route 0.861ns (82.477%))
  Logic Levels:           1  (LUT1=1)
  Clock Path Skew:        -0.311ns (DCD - SCD - CPR)
    Destination Clock Delay (DCD):    0.855ns
    Source Clock Delay      (SCD):    0.933ns
    Clock Pessimism Removal (CPR):    0.233ns
  Clock Uncertainty:      0.601ns  ((TSJ^2 + TIJ^2)^1/2 + DJ) / 2 + PE
    Total System Jitter     (TSJ):    0.071ns
    Total Input Jitter      (TIJ):    1.200ns
    Discrete Jitter          (DJ):    0.000ns
    Phase Error              (PE):    0.000ns
  Clock Domain Crossing:  Inter clock paths are considered valid unless explicitly excluded by timing constraints such as set_clock_groups or set_false_path.

    Location             Delay type                Incr(ns)  Path(ns)    Netlist Resource(s)
  -------------------------------------------------------------------    -------------------
                         (clock clk_fpga_0 rise edge)
                                                      0.000     0.000 r  
    PS7_X0Y0             PS7                          0.000     0.000 r  design_1_i/processing_system7_0/inst/PS7_i/FCLKCLK[0]
                         net (fo=1, routed)           0.315     0.315    design_1_i/processing_system7_0/inst/FCLK_CLK_unbuffered[0]
    BUFGCTRL_X0Y0        BUFG (Prop_bufg_I_O)         0.026     0.341 r  design_1_i/processing_system7_0/inst/buffer_fclk_clk_0.FCLK_CLK_0_BUFG/O
                         net (fo=6928, routed)        0.592     0.933    design_1_i/proc_sys_reset_0/U0/slowest_sync_clk
    SLICE_X41Y46         FDRE                                         r  design_1_i/proc_sys_reset_0/U0/ACTIVE_LOW_PR_OUT_DFF[0].FDRE_PER_N/C
  -------------------------------------------------------------------    -------------------
    SLICE_X41Y46         FDRE (Prop_fdre_C_Q)         0.141     1.074 r  design_1_i/proc_sys_reset_0/U0/ACTIVE_LOW_PR_OUT_DFF[0].FDRE_PER_N/Q
                         net (fo=72, routed)          0.602     1.676    design_1_i/Conv_axis_vga_0/U0/resetn
    SLICE_X41Y16         LUT1 (Prop_lut1_I0_O)        0.042     1.718 f  design_1_i/Conv_axis_vga_0/U0/S_VGA_R[3]_i_2/O
                         net (fo=48, routed)          0.259     1.977    design_1_i/Conv_axis_vga_0/U0/S_VGA_R[3]_i_2_n_0
    SLICE_X42Y15         FDCE                                         f  design_1_i/Conv_axis_vga_0/U0/SV_BLUE_reg_reg[6]/CLR
  -------------------------------------------------------------------    -------------------

                         (clock sys_clk_pin rise edge)
                                                      0.000     0.000 r  
    BUFGCTRL_X0Y0        BUFG                         0.000     0.000 r  design_1_i/processing_system7_0/inst/buffer_fclk_clk_0.FCLK_CLK_0_BUFG/O
                         net (fo=6928, routed)        0.855     0.855    design_1_i/Conv_axis_vga_0/U0/clk
    SLICE_X42Y15         FDCE                                         r  design_1_i/Conv_axis_vga_0/U0/SV_BLUE_reg_reg[6]/C
                         clock pessimism             -0.233     0.622    
                         clock uncertainty            0.601     1.223    
    SLICE_X42Y15         FDCE (Remov_fdce_C_CLR)     -0.132     1.091    design_1_i/Conv_axis_vga_0/U0/SV_BLUE_reg_reg[6]
  -------------------------------------------------------------------
                         required time                         -1.091    
                         arrival time                           1.977    
  -------------------------------------------------------------------
                         slack                                  0.886    

Slack (MET) :             0.886ns  (arrival time - required time)
  Source:                 design_1_i/proc_sys_reset_0/U0/ACTIVE_LOW_PR_OUT_DFF[0].FDRE_PER_N/C
                            (rising edge-triggered cell FDRE clocked by clk_fpga_0  {rise@0.000ns fall@20.000ns period=40.000ns})
  Destination:            design_1_i/Conv_axis_vga_0/U0/SV_BLUE_reg_reg[7]/CLR
                            (removal check against rising-edge clock sys_clk_pin  {rise@0.000ns fall@4.000ns period=8.000ns})
  Path Group:             **async_default**
  Path Type:              Removal (Min at Fast Process Corner)
  Requirement:            0.000ns  (sys_clk_pin rise@0.000ns - clk_fpga_0 rise@0.000ns)
  Data Path Delay:        1.044ns  (logic 0.183ns (17.523%)  route 0.861ns (82.477%))
  Logic Levels:           1  (LUT1=1)
  Clock Path Skew:        -0.311ns (DCD - SCD - CPR)
    Destination Clock Delay (DCD):    0.855ns
    Source Clock Delay      (SCD):    0.933ns
    Clock Pessimism Removal (CPR):    0.233ns
  Clock Uncertainty:      0.601ns  ((TSJ^2 + TIJ^2)^1/2 + DJ) / 2 + PE
    Total System Jitter     (TSJ):    0.071ns
    Total Input Jitter      (TIJ):    1.200ns
    Discrete Jitter          (DJ):    0.000ns
    Phase Error              (PE):    0.000ns
  Clock Domain Crossing:  Inter clock paths are considered valid unless explicitly excluded by timing constraints such as set_clock_groups or set_false_path.

    Location             Delay type                Incr(ns)  Path(ns)    Netlist Resource(s)
  -------------------------------------------------------------------    -------------------
                         (clock clk_fpga_0 rise edge)
                                                      0.000     0.000 r  
    PS7_X0Y0             PS7                          0.000     0.000 r  design_1_i/processing_system7_0/inst/PS7_i/FCLKCLK[0]
                         net (fo=1, routed)           0.315     0.315    design_1_i/processing_system7_0/inst/FCLK_CLK_unbuffered[0]
    BUFGCTRL_X0Y0        BUFG (Prop_bufg_I_O)         0.026     0.341 r  design_1_i/processing_system7_0/inst/buffer_fclk_clk_0.FCLK_CLK_0_BUFG/O
                         net (fo=6928, routed)        0.592     0.933    design_1_i/proc_sys_reset_0/U0/slowest_sync_clk
    SLICE_X41Y46         FDRE                                         r  design_1_i/proc_sys_reset_0/U0/ACTIVE_LOW_PR_OUT_DFF[0].FDRE_PER_N/C
  -------------------------------------------------------------------    -------------------
    SLICE_X41Y46         FDRE (Prop_fdre_C_Q)         0.141     1.074 r  design_1_i/proc_sys_reset_0/U0/ACTIVE_LOW_PR_OUT_DFF[0].FDRE_PER_N/Q
                         net (fo=72, routed)          0.602     1.676    design_1_i/Conv_axis_vga_0/U0/resetn
    SLICE_X41Y16         LUT1 (Prop_lut1_I0_O)        0.042     1.718 f  design_1_i/Conv_axis_vga_0/U0/S_VGA_R[3]_i_2/O
                         net (fo=48, routed)          0.259     1.977    design_1_i/Conv_axis_vga_0/U0/S_VGA_R[3]_i_2_n_0
    SLICE_X42Y15         FDCE                                         f  design_1_i/Conv_axis_vga_0/U0/SV_BLUE_reg_reg[7]/CLR
  -------------------------------------------------------------------    -------------------

                         (clock sys_clk_pin rise edge)
                                                      0.000     0.000 r  
    BUFGCTRL_X0Y0        BUFG                         0.000     0.000 r  design_1_i/processing_system7_0/inst/buffer_fclk_clk_0.FCLK_CLK_0_BUFG/O
                         net (fo=6928, routed)        0.855     0.855    design_1_i/Conv_axis_vga_0/U0/clk
    SLICE_X42Y15         FDCE                                         r  design_1_i/Conv_axis_vga_0/U0/SV_BLUE_reg_reg[7]/C
                         clock pessimism             -0.233     0.622    
                         clock uncertainty            0.601     1.223    
    SLICE_X42Y15         FDCE (Remov_fdce_C_CLR)     -0.132     1.091    design_1_i/Conv_axis_vga_0/U0/SV_BLUE_reg_reg[7]
  -------------------------------------------------------------------
                         required time                         -1.091    
                         arrival time                           1.977    
  -------------------------------------------------------------------
                         slack                                  0.886    

Slack (MET) :             0.886ns  (arrival time - required time)
  Source:                 design_1_i/proc_sys_reset_0/U0/ACTIVE_LOW_PR_OUT_DFF[0].FDRE_PER_N/C
                            (rising edge-triggered cell FDRE clocked by clk_fpga_0  {rise@0.000ns fall@20.000ns period=40.000ns})
  Destination:            design_1_i/Conv_axis_vga_0/U0/SV_GREEN_reg_reg[4]/CLR
                            (removal check against rising-edge clock sys_clk_pin  {rise@0.000ns fall@4.000ns period=8.000ns})
  Path Group:             **async_default**
  Path Type:              Removal (Min at Fast Process Corner)
  Requirement:            0.000ns  (sys_clk_pin rise@0.000ns - clk_fpga_0 rise@0.000ns)
  Data Path Delay:        1.044ns  (logic 0.183ns (17.523%)  route 0.861ns (82.477%))
  Logic Levels:           1  (LUT1=1)
  Clock Path Skew:        -0.311ns (DCD - SCD - CPR)
    Destination Clock Delay (DCD):    0.855ns
    Source Clock Delay      (SCD):    0.933ns
    Clock Pessimism Removal (CPR):    0.233ns
  Clock Uncertainty:      0.601ns  ((TSJ^2 + TIJ^2)^1/2 + DJ) / 2 + PE
    Total System Jitter     (TSJ):    0.071ns
    Total Input Jitter      (TIJ):    1.200ns
    Discrete Jitter          (DJ):    0.000ns
    Phase Error              (PE):    0.000ns
  Clock Domain Crossing:  Inter clock paths are considered valid unless explicitly excluded by timing constraints such as set_clock_groups or set_false_path.

    Location             Delay type                Incr(ns)  Path(ns)    Netlist Resource(s)
  -------------------------------------------------------------------    -------------------
                         (clock clk_fpga_0 rise edge)
                                                      0.000     0.000 r  
    PS7_X0Y0             PS7                          0.000     0.000 r  design_1_i/processing_system7_0/inst/PS7_i/FCLKCLK[0]
                         net (fo=1, routed)           0.315     0.315    design_1_i/processing_system7_0/inst/FCLK_CLK_unbuffered[0]
    BUFGCTRL_X0Y0        BUFG (Prop_bufg_I_O)         0.026     0.341 r  design_1_i/processing_system7_0/inst/buffer_fclk_clk_0.FCLK_CLK_0_BUFG/O
                         net (fo=6928, routed)        0.592     0.933    design_1_i/proc_sys_reset_0/U0/slowest_sync_clk
    SLICE_X41Y46         FDRE                                         r  design_1_i/proc_sys_reset_0/U0/ACTIVE_LOW_PR_OUT_DFF[0].FDRE_PER_N/C
  -------------------------------------------------------------------    -------------------
    SLICE_X41Y46         FDRE (Prop_fdre_C_Q)         0.141     1.074 r  design_1_i/proc_sys_reset_0/U0/ACTIVE_LOW_PR_OUT_DFF[0].FDRE_PER_N/Q
                         net (fo=72, routed)          0.602     1.676    design_1_i/Conv_axis_vga_0/U0/resetn
    SLICE_X41Y16         LUT1 (Prop_lut1_I0_O)        0.042     1.718 f  design_1_i/Conv_axis_vga_0/U0/S_VGA_R[3]_i_2/O
                         net (fo=48, routed)          0.259     1.977    design_1_i/Conv_axis_vga_0/U0/S_VGA_R[3]_i_2_n_0
    SLICE_X42Y15         FDCE                                         f  design_1_i/Conv_axis_vga_0/U0/SV_GREEN_reg_reg[4]/CLR
  -------------------------------------------------------------------    -------------------

                         (clock sys_clk_pin rise edge)
                                                      0.000     0.000 r  
    BUFGCTRL_X0Y0        BUFG                         0.000     0.000 r  design_1_i/processing_system7_0/inst/buffer_fclk_clk_0.FCLK_CLK_0_BUFG/O
                         net (fo=6928, routed)        0.855     0.855    design_1_i/Conv_axis_vga_0/U0/clk
    SLICE_X42Y15         FDCE                                         r  design_1_i/Conv_axis_vga_0/U0/SV_GREEN_reg_reg[4]/C
                         clock pessimism             -0.233     0.622    
                         clock uncertainty            0.601     1.223    
    SLICE_X42Y15         FDCE (Remov_fdce_C_CLR)     -0.132     1.091    design_1_i/Conv_axis_vga_0/U0/SV_GREEN_reg_reg[4]
  -------------------------------------------------------------------
                         required time                         -1.091    
                         arrival time                           1.977    
  -------------------------------------------------------------------
                         slack                                  0.886    

Slack (MET) :             0.901ns  (arrival time - required time)
  Source:                 design_1_i/proc_sys_reset_0/U0/ACTIVE_LOW_PR_OUT_DFF[0].FDRE_PER_N/C
                            (rising edge-triggered cell FDRE clocked by clk_fpga_0  {rise@0.000ns fall@20.000ns period=40.000ns})
  Destination:            design_1_i/Conv_axis_vga_0/U0/SV_BLUE_reg_reg[5]/CLR
                            (removal check against rising-edge clock sys_clk_pin  {rise@0.000ns fall@4.000ns period=8.000ns})
  Path Group:             **async_default**
  Path Type:              Removal (Min at Fast Process Corner)
  Requirement:            0.000ns  (sys_clk_pin rise@0.000ns - clk_fpga_0 rise@0.000ns)
  Data Path Delay:        1.058ns  (logic 0.183ns (17.294%)  route 0.875ns (82.706%))
  Logic Levels:           1  (LUT1=1)
  Clock Path Skew:        -0.312ns (DCD - SCD - CPR)
    Destination Clock Delay (DCD):    0.854ns
    Source Clock Delay      (SCD):    0.933ns
    Clock Pessimism Removal (CPR):    0.233ns
  Clock Uncertainty:      0.601ns  ((TSJ^2 + TIJ^2)^1/2 + DJ) / 2 + PE
    Total System Jitter     (TSJ):    0.071ns
    Total Input Jitter      (TIJ):    1.200ns
    Discrete Jitter          (DJ):    0.000ns
    Phase Error              (PE):    0.000ns
  Clock Domain Crossing:  Inter clock paths are considered valid unless explicitly excluded by timing constraints such as set_clock_groups or set_false_path.

    Location             Delay type                Incr(ns)  Path(ns)    Netlist Resource(s)
  -------------------------------------------------------------------    -------------------
                         (clock clk_fpga_0 rise edge)
                                                      0.000     0.000 r  
    PS7_X0Y0             PS7                          0.000     0.000 r  design_1_i/processing_system7_0/inst/PS7_i/FCLKCLK[0]
                         net (fo=1, routed)           0.315     0.315    design_1_i/processing_system7_0/inst/FCLK_CLK_unbuffered[0]
    BUFGCTRL_X0Y0        BUFG (Prop_bufg_I_O)         0.026     0.341 r  design_1_i/processing_system7_0/inst/buffer_fclk_clk_0.FCLK_CLK_0_BUFG/O
                         net (fo=6928, routed)        0.592     0.933    design_1_i/proc_sys_reset_0/U0/slowest_sync_clk
    SLICE_X41Y46         FDRE                                         r  design_1_i/proc_sys_reset_0/U0/ACTIVE_LOW_PR_OUT_DFF[0].FDRE_PER_N/C
  -------------------------------------------------------------------    -------------------
    SLICE_X41Y46         FDRE (Prop_fdre_C_Q)         0.141     1.074 r  design_1_i/proc_sys_reset_0/U0/ACTIVE_LOW_PR_OUT_DFF[0].FDRE_PER_N/Q
                         net (fo=72, routed)          0.602     1.676    design_1_i/Conv_axis_vga_0/U0/resetn
    SLICE_X41Y16         LUT1 (Prop_lut1_I0_O)        0.042     1.718 f  design_1_i/Conv_axis_vga_0/U0/S_VGA_R[3]_i_2/O
                         net (fo=48, routed)          0.273     1.991    design_1_i/Conv_axis_vga_0/U0/S_VGA_R[3]_i_2_n_0
    SLICE_X42Y16         FDCE                                         f  design_1_i/Conv_axis_vga_0/U0/SV_BLUE_reg_reg[5]/CLR
  -------------------------------------------------------------------    -------------------

                         (clock sys_clk_pin rise edge)
                                                      0.000     0.000 r  
    BUFGCTRL_X0Y0        BUFG                         0.000     0.000 r  design_1_i/processing_system7_0/inst/buffer_fclk_clk_0.FCLK_CLK_0_BUFG/O
                         net (fo=6928, routed)        0.854     0.854    design_1_i/Conv_axis_vga_0/U0/clk
    SLICE_X42Y16         FDCE                                         r  design_1_i/Conv_axis_vga_0/U0/SV_BLUE_reg_reg[5]/C
                         clock pessimism             -0.233     0.621    
                         clock uncertainty            0.601     1.222    
    SLICE_X42Y16         FDCE (Remov_fdce_C_CLR)     -0.132     1.090    design_1_i/Conv_axis_vga_0/U0/SV_BLUE_reg_reg[5]
  -------------------------------------------------------------------
                         required time                         -1.090    
                         arrival time                           1.991    
  -------------------------------------------------------------------
                         slack                                  0.901    

Slack (MET) :             0.901ns  (arrival time - required time)
  Source:                 design_1_i/proc_sys_reset_0/U0/ACTIVE_LOW_PR_OUT_DFF[0].FDRE_PER_N/C
                            (rising edge-triggered cell FDRE clocked by clk_fpga_0  {rise@0.000ns fall@20.000ns period=40.000ns})
  Destination:            design_1_i/Conv_axis_vga_0/U0/SV_RED_reg_reg[7]/CLR
                            (removal check against rising-edge clock sys_clk_pin  {rise@0.000ns fall@4.000ns period=8.000ns})
  Path Group:             **async_default**
  Path Type:              Removal (Min at Fast Process Corner)
  Requirement:            0.000ns  (sys_clk_pin rise@0.000ns - clk_fpga_0 rise@0.000ns)
  Data Path Delay:        1.058ns  (logic 0.183ns (17.294%)  route 0.875ns (82.706%))
  Logic Levels:           1  (LUT1=1)
  Clock Path Skew:        -0.312ns (DCD - SCD - CPR)
    Destination Clock Delay (DCD):    0.854ns
    Source Clock Delay      (SCD):    0.933ns
    Clock Pessimism Removal (CPR):    0.233ns
  Clock Uncertainty:      0.601ns  ((TSJ^2 + TIJ^2)^1/2 + DJ) / 2 + PE
    Total System Jitter     (TSJ):    0.071ns
    Total Input Jitter      (TIJ):    1.200ns
    Discrete Jitter          (DJ):    0.000ns
    Phase Error              (PE):    0.000ns
  Clock Domain Crossing:  Inter clock paths are considered valid unless explicitly excluded by timing constraints such as set_clock_groups or set_false_path.

    Location             Delay type                Incr(ns)  Path(ns)    Netlist Resource(s)
  -------------------------------------------------------------------    -------------------
                         (clock clk_fpga_0 rise edge)
                                                      0.000     0.000 r  
    PS7_X0Y0             PS7                          0.000     0.000 r  design_1_i/processing_system7_0/inst/PS7_i/FCLKCLK[0]
                         net (fo=1, routed)           0.315     0.315    design_1_i/processing_system7_0/inst/FCLK_CLK_unbuffered[0]
    BUFGCTRL_X0Y0        BUFG (Prop_bufg_I_O)         0.026     0.341 r  design_1_i/processing_system7_0/inst/buffer_fclk_clk_0.FCLK_CLK_0_BUFG/O
                         net (fo=6928, routed)        0.592     0.933    design_1_i/proc_sys_reset_0/U0/slowest_sync_clk
    SLICE_X41Y46         FDRE                                         r  design_1_i/proc_sys_reset_0/U0/ACTIVE_LOW_PR_OUT_DFF[0].FDRE_PER_N/C
  -------------------------------------------------------------------    -------------------
    SLICE_X41Y46         FDRE (Prop_fdre_C_Q)         0.141     1.074 r  design_1_i/proc_sys_reset_0/U0/ACTIVE_LOW_PR_OUT_DFF[0].FDRE_PER_N/Q
                         net (fo=72, routed)          0.602     1.676    design_1_i/Conv_axis_vga_0/U0/resetn
    SLICE_X41Y16         LUT1 (Prop_lut1_I0_O)        0.042     1.718 f  design_1_i/Conv_axis_vga_0/U0/S_VGA_R[3]_i_2/O
                         net (fo=48, routed)          0.273     1.991    design_1_i/Conv_axis_vga_0/U0/S_VGA_R[3]_i_2_n_0
    SLICE_X42Y16         FDCE                                         f  design_1_i/Conv_axis_vga_0/U0/SV_RED_reg_reg[7]/CLR
  -------------------------------------------------------------------    -------------------

                         (clock sys_clk_pin rise edge)
                                                      0.000     0.000 r  
    BUFGCTRL_X0Y0        BUFG                         0.000     0.000 r  design_1_i/processing_system7_0/inst/buffer_fclk_clk_0.FCLK_CLK_0_BUFG/O
                         net (fo=6928, routed)        0.854     0.854    design_1_i/Conv_axis_vga_0/U0/clk
    SLICE_X42Y16         FDCE                                         r  design_1_i/Conv_axis_vga_0/U0/SV_RED_reg_reg[7]/C
                         clock pessimism             -0.233     0.621    
                         clock uncertainty            0.601     1.222    
    SLICE_X42Y16         FDCE (Remov_fdce_C_CLR)     -0.132     1.090    design_1_i/Conv_axis_vga_0/U0/SV_RED_reg_reg[7]
  -------------------------------------------------------------------
                         required time                         -1.090    
                         arrival time                           1.991    
  -------------------------------------------------------------------
                         slack                                  0.901    

Slack (MET) :             0.931ns  (arrival time - required time)
  Source:                 design_1_i/proc_sys_reset_0/U0/ACTIVE_LOW_PR_OUT_DFF[0].FDRE_PER_N/C
                            (rising edge-triggered cell FDRE clocked by clk_fpga_0  {rise@0.000ns fall@20.000ns period=40.000ns})
  Destination:            design_1_i/Conv_axis_vga_0/U0/SV_GREEN_reg_reg[5]/CLR
                            (removal check against rising-edge clock sys_clk_pin  {rise@0.000ns fall@4.000ns period=8.000ns})
  Path Group:             **async_default**
  Path Type:              Removal (Min at Fast Process Corner)
  Requirement:            0.000ns  (sys_clk_pin rise@0.000ns - clk_fpga_0 rise@0.000ns)
  Data Path Delay:        1.064ns  (logic 0.183ns (17.204%)  route 0.881ns (82.796%))
  Logic Levels:           1  (LUT1=1)
  Clock Path Skew:        -0.311ns (DCD - SCD - CPR)
    Destination Clock Delay (DCD):    0.855ns
    Source Clock Delay      (SCD):    0.933ns
    Clock Pessimism Removal (CPR):    0.233ns
  Clock Uncertainty:      0.601ns  ((TSJ^2 + TIJ^2)^1/2 + DJ) / 2 + PE
    Total System Jitter     (TSJ):    0.071ns
    Total Input Jitter      (TIJ):    1.200ns
    Discrete Jitter          (DJ):    0.000ns
    Phase Error              (PE):    0.000ns
  Clock Domain Crossing:  Inter clock paths are considered valid unless explicitly excluded by timing constraints such as set_clock_groups or set_false_path.

    Location             Delay type                Incr(ns)  Path(ns)    Netlist Resource(s)
  -------------------------------------------------------------------    -------------------
                         (clock clk_fpga_0 rise edge)
                                                      0.000     0.000 r  
    PS7_X0Y0             PS7                          0.000     0.000 r  design_1_i/processing_system7_0/inst/PS7_i/FCLKCLK[0]
                         net (fo=1, routed)           0.315     0.315    design_1_i/processing_system7_0/inst/FCLK_CLK_unbuffered[0]
    BUFGCTRL_X0Y0        BUFG (Prop_bufg_I_O)         0.026     0.341 r  design_1_i/processing_system7_0/inst/buffer_fclk_clk_0.FCLK_CLK_0_BUFG/O
                         net (fo=6928, routed)        0.592     0.933    design_1_i/proc_sys_reset_0/U0/slowest_sync_clk
    SLICE_X41Y46         FDRE                                         r  design_1_i/proc_sys_reset_0/U0/ACTIVE_LOW_PR_OUT_DFF[0].FDRE_PER_N/C
  -------------------------------------------------------------------    -------------------
    SLICE_X41Y46         FDRE (Prop_fdre_C_Q)         0.141     1.074 r  design_1_i/proc_sys_reset_0/U0/ACTIVE_LOW_PR_OUT_DFF[0].FDRE_PER_N/Q
                         net (fo=72, routed)          0.602     1.676    design_1_i/Conv_axis_vga_0/U0/resetn
    SLICE_X41Y16         LUT1 (Prop_lut1_I0_O)        0.042     1.718 f  design_1_i/Conv_axis_vga_0/U0/S_VGA_R[3]_i_2/O
                         net (fo=48, routed)          0.279     1.996    design_1_i/Conv_axis_vga_0/U0/S_VGA_R[3]_i_2_n_0
    SLICE_X41Y15         FDCE                                         f  design_1_i/Conv_axis_vga_0/U0/SV_GREEN_reg_reg[5]/CLR
  -------------------------------------------------------------------    -------------------

                         (clock sys_clk_pin rise edge)
                                                      0.000     0.000 r  
    BUFGCTRL_X0Y0        BUFG                         0.000     0.000 r  design_1_i/processing_system7_0/inst/buffer_fclk_clk_0.FCLK_CLK_0_BUFG/O
                         net (fo=6928, routed)        0.855     0.855    design_1_i/Conv_axis_vga_0/U0/clk
    SLICE_X41Y15         FDCE                                         r  design_1_i/Conv_axis_vga_0/U0/SV_GREEN_reg_reg[5]/C
                         clock pessimism             -0.233     0.622    
                         clock uncertainty            0.601     1.223    
    SLICE_X41Y15         FDCE (Remov_fdce_C_CLR)     -0.157     1.066    design_1_i/Conv_axis_vga_0/U0/SV_GREEN_reg_reg[5]
  -------------------------------------------------------------------
                         required time                         -1.066    
                         arrival time                           1.996    
  -------------------------------------------------------------------
                         slack                                  0.931    

Slack (MET) :             0.931ns  (arrival time - required time)
  Source:                 design_1_i/proc_sys_reset_0/U0/ACTIVE_LOW_PR_OUT_DFF[0].FDRE_PER_N/C
                            (rising edge-triggered cell FDRE clocked by clk_fpga_0  {rise@0.000ns fall@20.000ns period=40.000ns})
  Destination:            design_1_i/Conv_axis_vga_0/U0/SV_RED_reg_reg[4]/CLR
                            (removal check against rising-edge clock sys_clk_pin  {rise@0.000ns fall@4.000ns period=8.000ns})
  Path Group:             **async_default**
  Path Type:              Removal (Min at Fast Process Corner)
  Requirement:            0.000ns  (sys_clk_pin rise@0.000ns - clk_fpga_0 rise@0.000ns)
  Data Path Delay:        1.064ns  (logic 0.183ns (17.204%)  route 0.881ns (82.796%))
  Logic Levels:           1  (LUT1=1)
  Clock Path Skew:        -0.311ns (DCD - SCD - CPR)
    Destination Clock Delay (DCD):    0.855ns
    Source Clock Delay      (SCD):    0.933ns
    Clock Pessimism Removal (CPR):    0.233ns
  Clock Uncertainty:      0.601ns  ((TSJ^2 + TIJ^2)^1/2 + DJ) / 2 + PE
    Total System Jitter     (TSJ):    0.071ns
    Total Input Jitter      (TIJ):    1.200ns
    Discrete Jitter          (DJ):    0.000ns
    Phase Error              (PE):    0.000ns
  Clock Domain Crossing:  Inter clock paths are considered valid unless explicitly excluded by timing constraints such as set_clock_groups or set_false_path.

    Location             Delay type                Incr(ns)  Path(ns)    Netlist Resource(s)
  -------------------------------------------------------------------    -------------------
                         (clock clk_fpga_0 rise edge)
                                                      0.000     0.000 r  
    PS7_X0Y0             PS7                          0.000     0.000 r  design_1_i/processing_system7_0/inst/PS7_i/FCLKCLK[0]
                         net (fo=1, routed)           0.315     0.315    design_1_i/processing_system7_0/inst/FCLK_CLK_unbuffered[0]
    BUFGCTRL_X0Y0        BUFG (Prop_bufg_I_O)         0.026     0.341 r  design_1_i/processing_system7_0/inst/buffer_fclk_clk_0.FCLK_CLK_0_BUFG/O
                         net (fo=6928, routed)        0.592     0.933    design_1_i/proc_sys_reset_0/U0/slowest_sync_clk
    SLICE_X41Y46         FDRE                                         r  design_1_i/proc_sys_reset_0/U0/ACTIVE_LOW_PR_OUT_DFF[0].FDRE_PER_N/C
  -------------------------------------------------------------------    -------------------
    SLICE_X41Y46         FDRE (Prop_fdre_C_Q)         0.141     1.074 r  design_1_i/proc_sys_reset_0/U0/ACTIVE_LOW_PR_OUT_DFF[0].FDRE_PER_N/Q
                         net (fo=72, routed)          0.602     1.676    design_1_i/Conv_axis_vga_0/U0/resetn
    SLICE_X41Y16         LUT1 (Prop_lut1_I0_O)        0.042     1.718 f  design_1_i/Conv_axis_vga_0/U0/S_VGA_R[3]_i_2/O
                         net (fo=48, routed)          0.279     1.996    design_1_i/Conv_axis_vga_0/U0/S_VGA_R[3]_i_2_n_0
    SLICE_X41Y15         FDCE                                         f  design_1_i/Conv_axis_vga_0/U0/SV_RED_reg_reg[4]/CLR
  -------------------------------------------------------------------    -------------------

                         (clock sys_clk_pin rise edge)
                                                      0.000     0.000 r  
    BUFGCTRL_X0Y0        BUFG                         0.000     0.000 r  design_1_i/processing_system7_0/inst/buffer_fclk_clk_0.FCLK_CLK_0_BUFG/O
                         net (fo=6928, routed)        0.855     0.855    design_1_i/Conv_axis_vga_0/U0/clk
    SLICE_X41Y15         FDCE                                         r  design_1_i/Conv_axis_vga_0/U0/SV_RED_reg_reg[4]/C
                         clock pessimism             -0.233     0.622    
                         clock uncertainty            0.601     1.223    
    SLICE_X41Y15         FDCE (Remov_fdce_C_CLR)     -0.157     1.066    design_1_i/Conv_axis_vga_0/U0/SV_RED_reg_reg[4]
  -------------------------------------------------------------------
                         required time                         -1.066    
                         arrival time                           1.996    
  -------------------------------------------------------------------
                         slack                                  0.931    

Slack (MET) :             0.933ns  (arrival time - required time)
  Source:                 design_1_i/proc_sys_reset_0/U0/ACTIVE_LOW_PR_OUT_DFF[0].FDRE_PER_N/C
                            (rising edge-triggered cell FDRE clocked by clk_fpga_0  {rise@0.000ns fall@20.000ns period=40.000ns})
  Destination:            design_1_i/Conv_axis_vga_0/U0/S_CTRL_H_reg[0]/CLR
                            (removal check against rising-edge clock sys_clk_pin  {rise@0.000ns fall@4.000ns period=8.000ns})
  Path Group:             **async_default**
  Path Type:              Removal (Min at Fast Process Corner)
  Requirement:            0.000ns  (sys_clk_pin rise@0.000ns - clk_fpga_0 rise@0.000ns)
  Data Path Delay:        1.063ns  (logic 0.183ns (17.214%)  route 0.880ns (82.786%))
  Logic Levels:           1  (LUT1=1)
  Clock Path Skew:        -0.314ns (DCD - SCD - CPR)
    Destination Clock Delay (DCD):    0.852ns
    Source Clock Delay      (SCD):    0.933ns
    Clock Pessimism Removal (CPR):    0.233ns
  Clock Uncertainty:      0.601ns  ((TSJ^2 + TIJ^2)^1/2 + DJ) / 2 + PE
    Total System Jitter     (TSJ):    0.071ns
    Total Input Jitter      (TIJ):    1.200ns
    Discrete Jitter          (DJ):    0.000ns
    Phase Error              (PE):    0.000ns
  Clock Domain Crossing:  Inter clock paths are considered valid unless explicitly excluded by timing constraints such as set_clock_groups or set_false_path.

    Location             Delay type                Incr(ns)  Path(ns)    Netlist Resource(s)
  -------------------------------------------------------------------    -------------------
                         (clock clk_fpga_0 rise edge)
                                                      0.000     0.000 r  
    PS7_X0Y0             PS7                          0.000     0.000 r  design_1_i/processing_system7_0/inst/PS7_i/FCLKCLK[0]
                         net (fo=1, routed)           0.315     0.315    design_1_i/processing_system7_0/inst/FCLK_CLK_unbuffered[0]
    BUFGCTRL_X0Y0        BUFG (Prop_bufg_I_O)         0.026     0.341 r  design_1_i/processing_system7_0/inst/buffer_fclk_clk_0.FCLK_CLK_0_BUFG/O
                         net (fo=6928, routed)        0.592     0.933    design_1_i/proc_sys_reset_0/U0/slowest_sync_clk
    SLICE_X41Y46         FDRE                                         r  design_1_i/proc_sys_reset_0/U0/ACTIVE_LOW_PR_OUT_DFF[0].FDRE_PER_N/C
  -------------------------------------------------------------------    -------------------
    SLICE_X41Y46         FDRE (Prop_fdre_C_Q)         0.141     1.074 r  design_1_i/proc_sys_reset_0/U0/ACTIVE_LOW_PR_OUT_DFF[0].FDRE_PER_N/Q
                         net (fo=72, routed)          0.602     1.676    design_1_i/Conv_axis_vga_0/U0/resetn
    SLICE_X41Y16         LUT1 (Prop_lut1_I0_O)        0.042     1.718 f  design_1_i/Conv_axis_vga_0/U0/S_VGA_R[3]_i_2/O
                         net (fo=48, routed)          0.278     1.996    design_1_i/Conv_axis_vga_0/U0/S_VGA_R[3]_i_2_n_0
    SLICE_X36Y16         FDCE                                         f  design_1_i/Conv_axis_vga_0/U0/S_CTRL_H_reg[0]/CLR
  -------------------------------------------------------------------    -------------------

                         (clock sys_clk_pin rise edge)
                                                      0.000     0.000 r  
    BUFGCTRL_X0Y0        BUFG                         0.000     0.000 r  design_1_i/processing_system7_0/inst/buffer_fclk_clk_0.FCLK_CLK_0_BUFG/O
                         net (fo=6928, routed)        0.852     0.852    design_1_i/Conv_axis_vga_0/U0/clk
    SLICE_X36Y16         FDCE                                         r  design_1_i/Conv_axis_vga_0/U0/S_CTRL_H_reg[0]/C
                         clock pessimism             -0.233     0.619    
                         clock uncertainty            0.601     1.220    
    SLICE_X36Y16         FDCE (Remov_fdce_C_CLR)     -0.157     1.063    design_1_i/Conv_axis_vga_0/U0/S_CTRL_H_reg[0]
  -------------------------------------------------------------------
                         required time                         -1.063    
                         arrival time                           1.996    
  -------------------------------------------------------------------
                         slack                                  0.933    

Slack (MET) :             0.933ns  (arrival time - required time)
  Source:                 design_1_i/proc_sys_reset_0/U0/ACTIVE_LOW_PR_OUT_DFF[0].FDRE_PER_N/C
                            (rising edge-triggered cell FDRE clocked by clk_fpga_0  {rise@0.000ns fall@20.000ns period=40.000ns})
  Destination:            design_1_i/Conv_axis_vga_0/U0/S_CTRL_H_reg[1]/CLR
                            (removal check against rising-edge clock sys_clk_pin  {rise@0.000ns fall@4.000ns period=8.000ns})
  Path Group:             **async_default**
  Path Type:              Removal (Min at Fast Process Corner)
  Requirement:            0.000ns  (sys_clk_pin rise@0.000ns - clk_fpga_0 rise@0.000ns)
  Data Path Delay:        1.063ns  (logic 0.183ns (17.214%)  route 0.880ns (82.786%))
  Logic Levels:           1  (LUT1=1)
  Clock Path Skew:        -0.314ns (DCD - SCD - CPR)
    Destination Clock Delay (DCD):    0.852ns
    Source Clock Delay      (SCD):    0.933ns
    Clock Pessimism Removal (CPR):    0.233ns
  Clock Uncertainty:      0.601ns  ((TSJ^2 + TIJ^2)^1/2 + DJ) / 2 + PE
    Total System Jitter     (TSJ):    0.071ns
    Total Input Jitter      (TIJ):    1.200ns
    Discrete Jitter          (DJ):    0.000ns
    Phase Error              (PE):    0.000ns
  Clock Domain Crossing:  Inter clock paths are considered valid unless explicitly excluded by timing constraints such as set_clock_groups or set_false_path.

    Location             Delay type                Incr(ns)  Path(ns)    Netlist Resource(s)
  -------------------------------------------------------------------    -------------------
                         (clock clk_fpga_0 rise edge)
                                                      0.000     0.000 r  
    PS7_X0Y0             PS7                          0.000     0.000 r  design_1_i/processing_system7_0/inst/PS7_i/FCLKCLK[0]
                         net (fo=1, routed)           0.315     0.315    design_1_i/processing_system7_0/inst/FCLK_CLK_unbuffered[0]
    BUFGCTRL_X0Y0        BUFG (Prop_bufg_I_O)         0.026     0.341 r  design_1_i/processing_system7_0/inst/buffer_fclk_clk_0.FCLK_CLK_0_BUFG/O
                         net (fo=6928, routed)        0.592     0.933    design_1_i/proc_sys_reset_0/U0/slowest_sync_clk
    SLICE_X41Y46         FDRE                                         r  design_1_i/proc_sys_reset_0/U0/ACTIVE_LOW_PR_OUT_DFF[0].FDRE_PER_N/C
  -------------------------------------------------------------------    -------------------
    SLICE_X41Y46         FDRE (Prop_fdre_C_Q)         0.141     1.074 r  design_1_i/proc_sys_reset_0/U0/ACTIVE_LOW_PR_OUT_DFF[0].FDRE_PER_N/Q
                         net (fo=72, routed)          0.602     1.676    design_1_i/Conv_axis_vga_0/U0/resetn
    SLICE_X41Y16         LUT1 (Prop_lut1_I0_O)        0.042     1.718 f  design_1_i/Conv_axis_vga_0/U0/S_VGA_R[3]_i_2/O
                         net (fo=48, routed)          0.278     1.996    design_1_i/Conv_axis_vga_0/U0/S_VGA_R[3]_i_2_n_0
    SLICE_X36Y16         FDCE                                         f  design_1_i/Conv_axis_vga_0/U0/S_CTRL_H_reg[1]/CLR
  -------------------------------------------------------------------    -------------------

                         (clock sys_clk_pin rise edge)
                                                      0.000     0.000 r  
    BUFGCTRL_X0Y0        BUFG                         0.000     0.000 r  design_1_i/processing_system7_0/inst/buffer_fclk_clk_0.FCLK_CLK_0_BUFG/O
                         net (fo=6928, routed)        0.852     0.852    design_1_i/Conv_axis_vga_0/U0/clk
    SLICE_X36Y16         FDCE                                         r  design_1_i/Conv_axis_vga_0/U0/S_CTRL_H_reg[1]/C
                         clock pessimism             -0.233     0.619    
                         clock uncertainty            0.601     1.220    
    SLICE_X36Y16         FDCE (Remov_fdce_C_CLR)     -0.157     1.063    design_1_i/Conv_axis_vga_0/U0/S_CTRL_H_reg[1]
  -------------------------------------------------------------------
                         required time                         -1.063    
                         arrival time                           1.996    
  -------------------------------------------------------------------
                         slack                                  0.933    

Slack (MET) :             0.933ns  (arrival time - required time)
  Source:                 design_1_i/proc_sys_reset_0/U0/ACTIVE_LOW_PR_OUT_DFF[0].FDRE_PER_N/C
                            (rising edge-triggered cell FDRE clocked by clk_fpga_0  {rise@0.000ns fall@20.000ns period=40.000ns})
  Destination:            design_1_i/Conv_axis_vga_0/U0/S_CTRL_H_reg[2]/CLR
                            (removal check against rising-edge clock sys_clk_pin  {rise@0.000ns fall@4.000ns period=8.000ns})
  Path Group:             **async_default**
  Path Type:              Removal (Min at Fast Process Corner)
  Requirement:            0.000ns  (sys_clk_pin rise@0.000ns - clk_fpga_0 rise@0.000ns)
  Data Path Delay:        1.063ns  (logic 0.183ns (17.214%)  route 0.880ns (82.786%))
  Logic Levels:           1  (LUT1=1)
  Clock Path Skew:        -0.314ns (DCD - SCD - CPR)
    Destination Clock Delay (DCD):    0.852ns
    Source Clock Delay      (SCD):    0.933ns
    Clock Pessimism Removal (CPR):    0.233ns
  Clock Uncertainty:      0.601ns  ((TSJ^2 + TIJ^2)^1/2 + DJ) / 2 + PE
    Total System Jitter     (TSJ):    0.071ns
    Total Input Jitter      (TIJ):    1.200ns
    Discrete Jitter          (DJ):    0.000ns
    Phase Error              (PE):    0.000ns
  Clock Domain Crossing:  Inter clock paths are considered valid unless explicitly excluded by timing constraints such as set_clock_groups or set_false_path.

    Location             Delay type                Incr(ns)  Path(ns)    Netlist Resource(s)
  -------------------------------------------------------------------    -------------------
                         (clock clk_fpga_0 rise edge)
                                                      0.000     0.000 r  
    PS7_X0Y0             PS7                          0.000     0.000 r  design_1_i/processing_system7_0/inst/PS7_i/FCLKCLK[0]
                         net (fo=1, routed)           0.315     0.315    design_1_i/processing_system7_0/inst/FCLK_CLK_unbuffered[0]
    BUFGCTRL_X0Y0        BUFG (Prop_bufg_I_O)         0.026     0.341 r  design_1_i/processing_system7_0/inst/buffer_fclk_clk_0.FCLK_CLK_0_BUFG/O
                         net (fo=6928, routed)        0.592     0.933    design_1_i/proc_sys_reset_0/U0/slowest_sync_clk
    SLICE_X41Y46         FDRE                                         r  design_1_i/proc_sys_reset_0/U0/ACTIVE_LOW_PR_OUT_DFF[0].FDRE_PER_N/C
  -------------------------------------------------------------------    -------------------
    SLICE_X41Y46         FDRE (Prop_fdre_C_Q)         0.141     1.074 r  design_1_i/proc_sys_reset_0/U0/ACTIVE_LOW_PR_OUT_DFF[0].FDRE_PER_N/Q
                         net (fo=72, routed)          0.602     1.676    design_1_i/Conv_axis_vga_0/U0/resetn
    SLICE_X41Y16         LUT1 (Prop_lut1_I0_O)        0.042     1.718 f  design_1_i/Conv_axis_vga_0/U0/S_VGA_R[3]_i_2/O
                         net (fo=48, routed)          0.278     1.996    design_1_i/Conv_axis_vga_0/U0/S_VGA_R[3]_i_2_n_0
    SLICE_X36Y16         FDCE                                         f  design_1_i/Conv_axis_vga_0/U0/S_CTRL_H_reg[2]/CLR
  -------------------------------------------------------------------    -------------------

                         (clock sys_clk_pin rise edge)
                                                      0.000     0.000 r  
    BUFGCTRL_X0Y0        BUFG                         0.000     0.000 r  design_1_i/processing_system7_0/inst/buffer_fclk_clk_0.FCLK_CLK_0_BUFG/O
                         net (fo=6928, routed)        0.852     0.852    design_1_i/Conv_axis_vga_0/U0/clk
    SLICE_X36Y16         FDCE                                         r  design_1_i/Conv_axis_vga_0/U0/S_CTRL_H_reg[2]/C
                         clock pessimism             -0.233     0.619    
                         clock uncertainty            0.601     1.220    
    SLICE_X36Y16         FDCE (Remov_fdce_C_CLR)     -0.157     1.063    design_1_i/Conv_axis_vga_0/U0/S_CTRL_H_reg[2]
  -------------------------------------------------------------------
                         required time                         -1.063    
                         arrival time                           1.996    
  -------------------------------------------------------------------
                         slack                                  0.933    





